# 3ds Max Wavefront OBJ Exporter v0.99 - (c)2007 guruware
# File Created: 14.11.2024 11:51:24

mtllib hooty_owl_house.mtl

#
# object Casa_Cube
#

v  -0.7707 1.4984 2.3723
v  -0.7736 2.2738 2.5182
v  -0.7653 2.2738 0.3422
v  -0.7630 1.4984 0.3462
v  2.6972 1.4984 2.3855
v  2.7164 2.2738 2.5314
v  0.9714 2.2738 2.5248
v  0.9720 1.4984 2.3789
v  -0.7725 -0.8279 2.1786
v  -0.7656 -0.8279 0.3422
v  0.9797 -0.8279 0.3488
v  0.9727 -0.8279 2.1852
v  2.7246 3.4958 0.3555
v  2.7246 3.9031 0.3555
v  2.7231 3.9017 0.7687
v  2.7218 3.4947 1.0898
v  -0.7653 3.4958 0.3422
v  -0.7681 3.4947 1.0766
v  -0.7669 3.9017 0.7555
v  -0.7653 3.9031 0.3422
v  2.7049 1.4984 0.3554
v  2.7246 2.2738 0.3555
v  2.6456 -0.8279 0.3552
v  2.6386 -0.8279 2.1915
v  0.9726 -0.0525 2.2117
v  0.9724 0.7230 2.2705
v  -0.7745 0.7230 2.2639
v  -0.7737 -0.0525 2.2051
v  2.6583 -0.0525 2.2181
v  2.6653 -0.0525 0.3552
v  2.6851 0.7230 0.3553
v  2.6778 0.7230 2.2770
v  -0.7676 0.3575 0.3422
v  0.9846 0.3577 0.3489
v  0.9811 0.3576 1.2826
v  -0.7712 0.3575 1.2760
v  -0.7653 4.5993 0.3422
v  2.7246 4.5993 0.3555
v  -0.7653 2.6811 0.3422
v  -0.7714 2.6808 1.9357
v  -0.7695 3.0878 1.4533
v  -0.7653 3.0885 0.3422
v  2.7246 2.6811 0.3555
v  2.7246 3.0885 0.3555
v  2.7204 3.0878 1.4665
v  2.7186 2.6808 1.9490
v  0.9714 2.6757 2.5248
v  0.9691 2.3778 3.1376
v  2.8272 2.3778 3.1447
v  2.8295 2.6757 2.5319
v  -0.7672 0.7230 0.3422
v  -0.7636 -0.0360 -0.5722
v  0.9879 -0.0360 -0.5656
v  0.9882 0.3576 -0.5849
v  -0.7641 0.3575 -0.5915
v  -0.8845 3.0827 1.9353
v  -0.8867 2.6757 2.5178
v  0.9736 3.0827 1.9424
v  2.8317 3.0827 1.9494
v  0.9797 5.0970 0.3488
v  0.9781 4.3652 0.7621
v  2.8362 4.3652 0.7692
v  2.8378 5.0970 0.3559
v  -0.8784 5.0970 0.3418
v  -0.8800 4.3652 0.7550
v  0.9769 3.8967 1.0832
v  0.9754 3.4897 1.4599
v  2.8335 3.4897 1.4670
v  2.8350 3.8967 1.0903
v  -0.8812 3.8967 1.0762
v  -0.8826 3.4897 1.4529
v  2.8272 1.9759 3.1446
v  0.9691 1.9759 3.1376
v  -0.8890 2.3778 3.1306
v  -0.8890 1.9759 3.1305
v  -0.7570 2.2738 -1.8337
v  -0.7553 1.4984 -1.6878
v  0.9879 2.2738 -1.8271
v  2.7329 2.2738 -1.8205
v  2.7126 1.4984 -1.6747
v  0.9874 1.4984 -1.6812
v  -0.7586 -0.8279 -1.4941
v  0.9866 -0.8279 -1.4875
v  2.7262 3.9017 -0.0578
v  2.7274 3.4947 -0.3789
v  -0.7637 3.9017 -0.0710
v  -0.7625 3.4947 -0.3921
v  2.6525 -0.8279 -1.4812
v  -0.7599 0.7230 -1.5794
v  0.9870 0.7230 -1.5728
v  0.9867 -0.0525 -1.5141
v  -0.7595 -0.0525 -1.5207
v  2.6724 -0.0525 -1.5077
v  2.6924 0.7230 -1.5663
v  -0.7649 -0.4621 0.3422
v  0.9841 -0.4623 0.3489
v  0.9875 -0.4623 -0.5561
v  -0.7614 -0.4621 -0.5628
v  -0.7611 3.0878 -0.7688
v  -0.7593 2.6808 -1.2513
v  2.7288 3.0878 -0.7556
v  2.7307 2.6808 -1.2380
v  2.8483 2.3778 -2.4329
v  0.9902 2.3778 -2.4399
v  0.9879 2.6757 -1.8271
v  2.8460 2.6757 -1.8201
v  0.9809 -0.0360 1.2633
v  -0.7705 -0.0360 1.2567
v  -0.8702 2.6757 -1.8342
v  -0.8724 3.0827 -1.2517
v  0.9857 3.0827 -1.2447
v  2.8438 3.0827 -1.2376
v  2.8393 4.3652 -0.0574
v  0.9812 4.3652 -0.0644
v  -0.8769 4.3652 -0.0715
v  2.8420 3.4897 -0.7552
v  0.9839 3.4897 -0.7622
v  0.9824 3.8967 -0.3855
v  2.8405 3.8967 -0.3785
v  -0.8742 3.4897 -0.7693
v  -0.8756 3.8967 -0.3926
v  0.9902 1.9759 -2.4399
v  2.8483 1.9759 -2.4328
v  -0.8678 2.3778 -2.4470
v  -0.8678 1.9759 -2.4469
v  -0.7683 -0.4621 1.2472
v  0.9844 -0.0523 0.3489
v  0.9807 -0.4623 1.2538
v  2.8362 3.9017 0.7691
v  2.8350 3.4947 1.0902
v  2.8317 2.6808 1.9494
v  2.8295 2.2738 2.5318
v  -0.8826 3.0878 1.4529
v  -0.8845 2.6808 1.9353
v  -0.8812 3.4947 1.0761
v  -0.8784 4.5993 0.3418
v  -0.8800 3.9017 0.7550
v  2.8335 3.0878 1.4670
v  -0.8867 2.2738 2.5177
v  2.8378 4.5993 0.3559
v  2.8393 3.9017 -0.0573
v  2.8405 3.4947 -0.3784
v  2.8438 2.6808 -1.2376
v  2.8460 2.2738 -1.8200
v  -0.8742 3.0878 -0.7693
v  -0.8724 2.6808 -1.2517
v  -0.8756 3.4947 -0.3925
v  -0.8769 3.9017 -0.0714
v  2.8420 3.0878 -0.7552
v  -0.8702 2.2738 -1.8342
# 150 vertices

vn -1.0000 0.0008 -0.0038
vn -1.0000 -0.0021 -0.0038
vn -1.0000 -0.0015 -0.0038
vn -1.0000 0.0012 -0.0038
vn -0.0037 -0.1621 0.9868
vn -0.0037 -0.1849 0.9828
vn -0.0037 -0.1617 0.9868
vn 0.0000 -1.0000 -0.0000
vn 1.0000 0.0000 0.0038
vn -1.0000 0.0000 -0.0038
vn 0.9997 -0.0255 0.0038
vn 0.9999 -0.0127 0.0038
vn 0.9998 -0.0177 0.0038
vn -0.0038 -0.0549 0.9985
vn -0.0038 -0.1071 0.9943
vn -0.0038 -0.1070 0.9943
vn -0.0038 -0.0552 0.9985
vn -0.0038 -0.1076 0.9942
vn 0.0001 -1.0000 0.0000
vn -0.0019 0.8622 0.5066
vn -0.0017 0.8994 0.4372
vn -0.0017 0.8993 0.4372
vn -1.0000 0.0027 -0.0036
vn -1.0000 0.0033 -0.0038
vn -0.0038 0.0356 0.9994
vn -0.0038 0.0490 0.9988
vn -0.0038 -0.0342 0.9994
vn -0.0023 0.7929 0.6094
vn -0.0033 0.4918 0.8707
vn -0.0032 0.5290 0.8486
vn -0.0030 0.6240 0.7814
vn -0.0026 0.7232 0.6906
vn 0.0018 -0.8752 -0.4837
vn 0.0017 -0.8993 -0.4372
vn -0.0038 -0.0001 1.0000
vn 0.0037 -0.1849 -0.9828
vn 0.0037 -0.1621 -0.9868
vn 0.0037 -0.1617 -0.9868
vn 0.0038 -0.1070 -0.9943
vn 0.0038 -0.1071 -0.9943
vn 0.0038 -0.0549 -0.9985
vn 0.0038 -0.1076 -0.9942
vn 0.0038 -0.0552 -0.9985
vn 0.0001 1.0000 0.0000
vn 0.0017 0.8993 -0.4372
vn 0.0017 0.8994 -0.4372
vn 0.0019 0.8622 -0.5066
vn -1.0000 0.0027 -0.0040
vn 0.0038 0.0490 -0.9988
vn 0.0038 0.0356 -0.9994
vn 0.0038 -0.0342 -0.9994
vn 0.0023 0.7929 -0.6094
vn 0.0032 0.5290 -0.8486
vn 0.0033 0.4918 -0.8707
vn 0.0026 0.7232 -0.6906
vn 0.0030 0.6240 -0.7814
vn -0.0017 -0.8993 0.4372
vn -0.0018 -0.8752 0.4837
vn 0.0038 -0.0001 -1.0000
vn -1.0000 0.0000 -0.0041
vn -1.0000 0.0019 -0.0038
vn -1.0000 -0.0016 -0.0043
vn -1.0000 0.0003 -0.0035
vn -1.0000 -0.0019 -0.0038
vn -1.0000 -0.0018 -0.0038
vn -1.0000 0.0003 -0.0041
vn -1.0000 0.0000 -0.0035
vn -1.0000 -0.0016 -0.0033
vn -1.0000 0.0007 -0.0038
vn -0.0038 0.0222 0.9998
vn 0.0038 0.0222 -0.9998
vn 0.0031 -0.5658 -0.8245
vn 0.0029 -0.6499 -0.7600
vn 0.0023 -0.7929 -0.6094
vn 0.0019 -0.8622 -0.5066
vn 0.0026 -0.7232 -0.6906
vn 0.0033 -0.5097 -0.8604
vn -0.0029 -0.6499 0.7600
vn -0.0031 -0.5658 0.8245
vn -0.0019 -0.8622 0.5066
vn -0.0023 -0.7929 0.6094
vn -0.0026 -0.7232 0.6906
vn -0.0033 -0.5097 0.8604
# 83 vertex normals

vt 0.2723 0.2844 0.0000
vt 0.2806 0.3332 0.0000
vt 0.1571 0.3332 0.0000
vt 0.1574 0.2844 0.0000
vt 0.5152 0.8269 0.0000
vt 0.5142 0.7839 0.0000
vt 0.6005 0.7839 0.0000
vt 0.6005 0.8269 0.0000
vt 0.9706 0.5679 0.0000
vt 0.9706 0.6400 0.0000
vt 0.9021 0.6400 0.0000
vt 0.9021 0.5679 0.0000
vt 0.2937 0.6078 0.0000
vt 0.3196 0.6078 0.0000
vt 0.3195 0.6315 0.0000
vt 0.2937 0.6499 0.0000
vt 0.1571 0.4100 0.0000
vt 0.1988 0.4099 0.0000
vt 0.1806 0.4355 0.0000
vt 0.1571 0.4356 0.0000
vt 0.1668 0.7243 0.0000
vt 0.1668 0.6078 0.0000
vt 0.2161 0.6078 0.0000
vt 0.2161 0.7326 0.0000
vt 0.8367 0.6400 0.0000
vt 0.8367 0.5679 0.0000
vt 0.6867 0.7839 0.0000
vt 0.6866 0.8269 0.0000
vt 0.6005 0.9123 0.0000
vt 0.6005 0.8697 0.0000
vt 0.6868 0.8697 0.0000
vt 0.6868 0.9123 0.0000
vt 0.0682 0.7147 0.0000
vt 0.0682 0.6078 0.0000
vt 0.1175 0.6078 0.0000
vt 0.1175 0.7180 0.0000
vt 0.5171 0.9123 0.0000
vt 0.5162 0.8697 0.0000
vt 0.6952 0.7424 0.0000
vt 0.6954 0.6895 0.0000
vt 0.7236 0.6897 0.0000
vt 0.7233 0.7425 0.0000
vt 0.1571 0.4794 0.0000
vt 0.3639 0.6078 0.0000
vt 0.1571 0.3588 0.0000
vt 0.2476 0.3588 0.0000
vt 0.2202 0.3844 0.0000
vt 0.1571 0.3844 0.0000
vt 0.2420 0.6078 0.0000
vt 0.2679 0.6078 0.0000
vt 0.2678 0.6715 0.0000
vt 0.2420 0.6992 0.0000
vt 0.7961 0.8692 0.0000
vt 0.7577 0.8692 0.0000
vt 0.7562 0.7672 0.0000
vt 0.7944 0.7646 0.0000
vt 0.2662 0.2357 0.0000
vt 0.1571 0.2357 0.0000
vt 0.6149 0.6743 0.0000
vt 0.6678 0.6763 0.0000
vt 0.6673 0.6895 0.0000
vt 0.6144 0.6875 0.0000
vt 0.5181 0.9548 0.0000
vt 0.6005 0.9548 0.0000
vt 0.0189 0.7131 0.0000
vt 0.0189 0.6078 0.0000
vt 0.6867 0.9548 0.0000
vt 0.8370 0.9740 0.0000
vt 0.7952 0.9737 0.0000
vt 0.8370 0.8691 0.0000
vt 0.8361 0.7642 0.0000
vt 0.9897 0.8690 0.0000
vt 0.9400 0.8690 0.0000
vt 0.9417 0.7650 0.0000
vt 0.9920 0.7682 0.0000
vt 0.9920 0.9696 0.0000
vt 0.9424 0.9729 0.0000
vt 0.9063 0.8690 0.0000
vt 0.8737 0.8691 0.0000
vt 0.8735 0.7639 0.0000
vt 0.9070 0.7640 0.0000
vt 0.9079 0.9739 0.0000
vt 0.8745 0.9742 0.0000
vt 0.6940 0.7741 0.0000
vt 0.7319 0.7675 0.0000
vt 0.7332 0.8692 0.0000
vt 0.6950 0.8693 0.0000
vt 0.7565 0.9713 0.0000
vt 0.7322 0.9710 0.0000
vt 0.6943 0.9645 0.0000
vt 0.0336 0.3332 0.0000
vt 0.0419 0.2844 0.0000
vt 0.4050 0.9559 0.0000
vt 0.3180 0.9559 0.0000
vt 0.3190 0.9124 0.0000
vt 0.4050 0.9124 0.0000
vt 0.9706 0.7120 0.0000
vt 0.9021 0.7120 0.0000
vt 0.3195 0.5841 0.0000
vt 0.2937 0.5657 0.0000
vt 0.1337 0.4355 0.0000
vt 0.1155 0.4099 0.0000
vt 0.1668 0.4913 0.0000
vt 0.2161 0.4830 0.0000
vt 0.8367 0.7120 0.0000
vt 0.4919 0.9559 0.0000
vt 0.4918 0.9124 0.0000
vt 0.4920 0.8693 0.0000
vt 0.4050 0.8693 0.0000
vt 0.4050 0.8264 0.0000
vt 0.4920 0.8264 0.0000
vt 0.0682 0.5009 0.0000
vt 0.1175 0.4976 0.0000
vt 0.3200 0.8693 0.0000
vt 0.3210 0.8264 0.0000
vt 0.6958 0.6094 0.0000
vt 0.6956 0.6622 0.0000
vt 0.6683 0.6620 0.0000
vt 0.6685 0.6093 0.0000
vt 0.0941 0.3844 0.0000
vt 0.0667 0.3588 0.0000
vt 0.2678 0.5441 0.0000
vt 0.2420 0.5164 0.0000
vt 0.2450 0.7687 0.0000
vt 0.2434 0.8707 0.0000
vt 0.2050 0.8707 0.0000
vt 0.2067 0.7662 0.0000
vt 0.0481 0.2357 0.0000
vt 0.7765 0.6882 0.0000
vt 0.7232 0.6765 0.0000
vt 0.7761 0.6750 0.0000
vt 0.3220 0.7836 0.0000
vt 0.4050 0.7836 0.0000
vt 0.0189 0.5024 0.0000
vt 0.4920 0.7836 0.0000
vt 0.2059 0.9752 0.0000
vt 0.1641 0.9755 0.0000
vt 0.1642 0.8707 0.0000
vt 0.1650 0.7658 0.0000
vt 0.0594 0.7665 0.0000
vt 0.0611 0.8705 0.0000
vt 0.0114 0.8705 0.0000
vt 0.0091 0.7697 0.0000
vt 0.0587 0.9744 0.0000
vt 0.0091 0.9712 0.0000
vt 0.1276 0.7654 0.0000
vt 0.1274 0.8706 0.0000
vt 0.0948 0.8706 0.0000
vt 0.0941 0.7655 0.0000
vt 0.1266 0.9757 0.0000
vt 0.0932 0.9755 0.0000
vt 0.2679 0.8707 0.0000
vt 0.2693 0.7690 0.0000
vt 0.3071 0.7757 0.0000
vt 0.3061 0.8708 0.0000
vt 0.2446 0.9728 0.0000
vt 0.2689 0.9725 0.0000
vt 0.3069 0.9660 0.0000
vt 0.2085 0.1612 0.0000
vt 0.1571 0.1612 0.0000
vt 0.1571 0.1382 0.0000
vt 0.2613 0.1382 0.0000
vt 0.2101 0.2127 0.0000
vt 0.2090 0.1880 0.0000
vt 0.2629 0.1869 0.0000
vt 0.1571 0.2127 0.0000
vt 0.1041 0.2127 0.0000
vt 0.0514 0.1869 0.0000
vt 0.1052 0.1880 0.0000
vt 0.1058 0.1612 0.0000
vt 0.0529 0.1382 0.0000
vt 0.6955 0.6759 0.0000
vt 0.7229 0.6623 0.0000
vt 0.7231 0.6095 0.0000
vt 0.6671 0.7423 0.0000
vt 0.6155 0.6601 0.0000
vt 0.7756 0.6608 0.0000
vt 0.9177 0.7497 0.0000
vt 0.8876 0.7485 0.0000
vt 0.5555 0.7697 0.0000
vt 0.5857 0.7693 0.0000
vt 0.5858 0.7755 0.0000
vt 0.5556 0.7758 0.0000
vt 0.8203 0.7455 0.0000
vt 0.7804 0.7444 0.0000
vt 0.6538 0.7685 0.0000
vt 0.6939 0.7680 0.0000
vt 0.6538 0.7746 0.0000
vt 0.8570 0.9916 0.0000
vt 0.8214 0.9929 0.0000
vt 0.6540 0.9703 0.0000
vt 0.6180 0.9699 0.0000
vt 0.6180 0.9638 0.0000
vt 0.6541 0.9641 0.0000
vt 0.8887 0.9894 0.0000
vt 0.5859 0.9696 0.0000
vt 0.5860 0.9635 0.0000
vt 0.9666 0.9848 0.0000
vt 0.9186 0.9882 0.0000
vt 0.5557 0.9694 0.0000
vt 0.5079 0.9689 0.0000
vt 0.5080 0.9628 0.0000
vt 0.5558 0.9632 0.0000
vt 0.8559 0.7466 0.0000
vt 0.6178 0.7689 0.0000
vt 0.6178 0.7751 0.0000
vt 0.7812 0.9942 0.0000
vt 0.6942 0.9707 0.0000
vt 0.9661 0.7529 0.0000
vt 0.5078 0.7702 0.0000
vt 0.5079 0.7764 0.0000
vt 0.7437 0.9916 0.0000
vt 0.7434 0.7471 0.0000
vt 0.0834 0.7512 0.0000
vt 0.1135 0.7501 0.0000
vt 0.4154 0.7708 0.0000
vt 0.4456 0.7712 0.0000
vt 0.4455 0.7774 0.0000
vt 0.4153 0.7770 0.0000
vt 0.1808 0.7470 0.0000
vt 0.2207 0.7459 0.0000
vt 0.3072 0.7695 0.0000
vt 0.3474 0.7700 0.0000
vt 0.3473 0.7762 0.0000
vt 0.1441 0.9931 0.0000
vt 0.1798 0.9944 0.0000
vt 0.3831 0.9715 0.0000
vt 0.3471 0.9718 0.0000
vt 0.3470 0.9657 0.0000
vt 0.3831 0.9653 0.0000
vt 0.1124 0.9910 0.0000
vt 0.4152 0.9712 0.0000
vt 0.4151 0.9650 0.0000
vt 0.0346 0.9863 0.0000
vt 0.0825 0.9897 0.0000
vt 0.4932 0.9705 0.0000
vt 0.4454 0.9709 0.0000
vt 0.4453 0.9647 0.0000
vt 0.4931 0.9643 0.0000
vt 0.1452 0.7481 0.0000
vt 0.3834 0.7704 0.0000
vt 0.3833 0.7766 0.0000
vt 0.2199 0.9957 0.0000
vt 0.3069 0.9722 0.0000
vt 0.0350 0.7544 0.0000
vt 0.4933 0.7718 0.0000
vt 0.4933 0.7779 0.0000
vt 0.2574 0.9931 0.0000
vt 0.2577 0.7487 0.0000
# 249 texture coords

o Casa_Cube
g Casa_Cube
usemtl Hooty_owl_house_Checher
s 1
f 1/1/1 2/2/2 3/3/3 
f 3/3/3 4/4/4 1/1/1 
f 5/5/5 6/6/6 7/7/6 
f 7/7/6 8/8/7 5/5/5 
f 9/9/8 10/10/8 11/11/8 
f 11/11/8 12/12/8 9/9/8 
f 13/13/9 14/14/9 15/15/9 
f 15/15/9 16/16/9 13/13/9 
f 17/17/10 18/18/10 19/19/10 
f 19/19/10 20/20/10 17/17/10 
f 5/21/11 21/22/11 22/23/12 
f 22/23/12 6/24/13 5/21/11 
f 12/12/8 11/11/8 23/25/8 
f 23/25/8 24/26/8 12/12/8 
f 8/8/7 7/7/6 2/27/6 
f 2/27/6 1/28/7 8/8/7 
f 25/29/14 26/30/15 27/31/16 
f 27/31/16 28/32/14 25/29/14 
f 29/33/11 30/34/11 31/35/11 
f 31/35/11 32/36/11 29/33/11 
f 29/37/17 32/38/18 26/30/15 
f 26/30/15 25/29/14 29/37/17 
f 33/39/19 34/40/19 35/41/19 
f 35/41/19 36/42/19 33/39/19 
f 20/20/10 19/19/10 37/43/10 
f 15/15/9 14/14/9 38/44/9 
f 39/45/10 40/46/10 41/47/10 
f 41/47/10 42/48/10 39/45/10 
f 43/49/9 44/50/9 45/51/9 
f 45/51/9 46/52/9 43/49/9 
f 22/23/12 43/49/9 46/52/9 
f 46/52/9 6/24/13 22/23/12 
f 3/3/3 2/2/2 40/46/10 
f 40/46/10 39/45/10 3/3/3 
f 47/53/20 48/54/21 49/55/22 
f 49/55/22 50/56/20 47/53/20 
f 42/48/10 41/47/10 18/18/10 
f 18/18/10 17/17/10 42/48/10 
f 44/50/9 13/13/9 16/16/9 
f 16/16/9 45/51/9 44/50/9 
f 26/30/15 8/8/7 1/28/7 
f 1/28/7 27/31/16 26/30/15 
f 32/36/11 31/35/11 21/22/11 
f 21/22/11 5/21/11 32/36/11 
f 32/38/18 5/5/5 8/8/7 
f 8/8/7 26/30/15 32/38/18 
f 27/57/23 1/1/1 4/4/4 
f 4/4/4 51/58/24 27/57/23 
f 52/59/25 53/60/25 54/61/26 
f 54/61/26 55/62/26 52/59/25 
f 24/63/27 29/37/17 25/29/14 
f 25/29/14 12/64/27 24/63/27 
f 24/65/11 23/66/11 30/34/11 
f 30/34/11 29/33/11 24/65/11 
f 12/64/27 25/29/14 28/32/14 
f 28/32/14 9/67/27 12/64/27 
f 56/68/28 57/69/20 47/53/20 
f 47/53/20 58/70/28 56/68/28 
f 58/70/28 47/53/20 50/56/20 
f 50/56/20 59/71/28 58/70/28 
f 60/72/29 61/73/30 62/74/30 
f 62/74/30 63/75/29 60/72/29 
f 64/76/29 65/77/30 61/73/30 
f 61/73/30 60/72/29 64/76/29 
f 66/78/31 67/79/32 68/80/32 
f 68/80/32 69/81/31 66/78/31 
f 70/82/31 71/83/32 67/79/32 
f 67/79/32 66/78/31 70/82/31 
f 67/79/32 58/70/28 59/71/28 
f 59/71/28 68/80/32 67/79/32 
f 71/83/32 56/68/28 58/70/28 
f 58/70/28 67/79/32 71/83/32 
f 65/77/30 70/82/31 66/78/31 
f 66/78/31 61/73/30 65/77/30 
f 61/73/30 66/78/31 69/81/31 
f 69/81/31 62/74/30 61/73/30 
f 6/84/33 72/85/34 73/86/34 
f 73/86/34 7/87/34 6/84/33 
f 72/85/35 49/55/35 48/54/35 
f 48/54/35 73/86/35 72/85/35 
f 73/86/35 48/54/35 74/88/35 
f 74/88/35 75/89/35 73/86/35 
f 57/69/20 74/88/22 48/54/21 
f 48/54/21 47/53/20 57/69/20 
f 2/90/33 7/87/34 73/86/34 
f 73/86/34 75/89/34 2/90/33 
f 3/3/3 76/91/2 77/92/1 
f 77/92/1 4/4/4 3/3/3 
f 78/93/36 79/94/36 80/95/37 
f 80/95/37 81/96/38 78/93/36 
f 11/11/8 10/10/8 82/97/8 
f 82/97/8 83/98/8 11/11/8 
f 84/99/9 14/14/9 13/13/9 
f 13/13/9 85/100/9 84/99/9 
f 17/17/10 20/20/10 86/101/10 
f 86/101/10 87/102/10 17/17/10 
f 80/103/11 79/104/13 22/23/12 
f 22/23/12 21/22/11 80/103/11 
f 23/25/8 11/11/8 83/98/8 
f 83/98/8 88/105/8 23/25/8 
f 76/106/36 78/93/36 81/96/38 
f 81/96/38 77/107/38 76/106/36 
f 89/108/39 90/109/40 91/110/41 
f 91/110/41 92/111/41 89/108/39 
f 93/112/11 94/113/11 31/35/11 
f 31/35/11 30/34/11 93/112/11 
f 90/109/40 94/114/42 93/115/43 
f 93/115/43 91/110/41 90/109/40 
f 95/116/44 96/117/44 97/118/44 
f 97/118/44 98/119/44 95/116/44 
f 20/20/10 37/43/10 86/101/10 
f 84/99/9 38/44/9 14/14/9 
f 39/45/10 42/48/10 99/120/10 
f 99/120/10 100/121/10 39/45/10 
f 101/122/9 44/50/9 43/49/9 
f 43/49/9 102/123/9 101/122/9 
f 102/123/9 43/49/9 22/23/12 
f 22/23/12 79/104/13 102/123/9 
f 3/3/3 39/45/10 100/121/10 
f 100/121/10 76/91/2 3/3/3 
f 103/124/45 104/125/46 105/126/47 
f 105/126/47 106/127/47 103/124/45 
f 42/48/10 17/17/10 87/102/10 
f 87/102/10 99/120/10 42/48/10 
f 85/100/9 13/13/9 44/50/9 
f 44/50/9 101/122/9 85/100/9 
f 77/107/38 81/96/38 90/109/40 
f 90/109/40 89/108/39 77/107/38 
f 94/113/11 80/103/11 21/22/11 
f 21/22/11 31/35/11 94/113/11 
f 81/96/38 80/95/37 94/114/42 
f 94/114/42 90/109/40 81/96/38 
f 4/4/4 77/92/1 89/128/48 
f 89/128/48 51/58/24 4/4/4 
f 36/129/49 35/41/49 107/130/50 
f 107/130/50 108/131/50 36/129/49 
f 91/110/41 93/115/43 88/132/51 
f 88/132/51 83/133/51 91/110/41 
f 88/134/11 93/112/11 30/34/11 
f 30/34/11 23/66/11 88/134/11 
f 92/111/41 91/110/41 83/133/51 
f 83/133/51 82/135/51 92/111/41 
f 105/126/47 109/136/47 110/137/52 
f 110/137/52 111/138/52 105/126/47 
f 106/127/47 105/126/47 111/138/52 
f 111/138/52 112/139/52 106/127/47 
f 113/140/53 114/141/53 60/142/54 
f 60/142/54 63/143/54 113/140/53 
f 114/141/53 115/144/53 64/145/54 
f 64/145/54 60/142/54 114/141/53 
f 116/146/55 117/147/55 118/148/56 
f 118/148/56 119/149/56 116/146/55 
f 117/147/55 120/150/55 121/151/56 
f 121/151/56 118/148/56 117/147/55 
f 112/139/52 111/138/52 117/147/55 
f 117/147/55 116/146/55 112/139/52 
f 111/138/52 110/137/52 120/150/55 
f 120/150/55 117/147/55 111/138/52 
f 118/148/56 121/151/56 115/144/53 
f 115/144/53 114/141/53 118/148/56 
f 119/149/56 118/148/56 114/141/53 
f 114/141/53 113/140/53 119/149/56 
f 122/152/57 123/153/57 79/154/58 
f 79/154/58 78/155/57 122/152/57 
f 104/125/59 103/124/59 123/153/59 
f 123/153/59 122/152/59 104/125/59 
f 124/156/59 104/125/59 122/152/59 
f 122/152/59 125/157/59 124/156/59 
f 104/125/46 124/156/45 109/136/47 
f 109/136/47 105/126/47 104/125/46 
f 76/158/58 125/157/57 122/152/57 
f 122/152/57 78/155/57 76/158/58 
f 126/159/60 95/160/61 10/161/61 
f 10/161/61 9/162/62 126/159/60 
f 36/163/63 108/164/64 28/165/65 
f 28/165/65 27/57/23 36/163/63 
f 36/163/63 27/57/23 51/58/24 
f 51/58/24 33/166/4 36/163/63 
f 126/159/60 9/162/62 28/165/65 
f 28/165/65 108/164/64 126/159/60 
f 55/167/66 89/128/48 92/168/65 
f 92/168/65 52/169/64 55/167/66 
f 98/170/67 52/169/64 92/168/65 
f 92/168/65 82/171/68 98/170/67 
f 98/170/67 82/171/68 10/161/61 
f 10/161/61 95/160/61 98/170/67 
f 55/167/66 33/166/4 51/58/24 
f 51/58/24 89/128/48 55/167/66 
f 107/130/69 35/41/69 34/40/69 
f 34/40/69 127/172/69 107/130/69 
f 128/173/69 107/130/69 127/172/69 
f 127/172/69 96/117/69 128/173/69 
f 34/40/69 54/61/69 53/60/69 
f 53/60/69 127/172/69 34/40/69 
f 127/172/69 53/60/69 97/118/69 
f 97/118/69 96/117/69 127/172/69 
f 126/174/44 128/173/44 96/117/44 
f 96/117/44 95/116/44 126/174/44 
f 55/175/19 54/61/19 34/40/19 
f 34/40/19 33/39/19 55/175/19 
f 98/176/70 97/118/70 53/60/25 
f 53/60/25 52/59/25 98/176/70 
f 108/131/50 107/130/50 128/173/71 
f 128/173/71 126/177/71 108/131/50 
f 129/178/9 62/74/9 69/81/9 
f 69/81/9 130/179/9 129/178/9 
f 129/180/72 130/181/73 16/182/73 
f 16/182/73 15/183/72 129/180/72 
f 131/184/9 59/71/9 50/56/9 
f 50/56/9 132/185/9 131/184/9 
f 131/186/74 132/187/75 6/84/33 
f 6/84/33 46/188/74 131/186/74 
f 133/189/10 134/190/10 56/68/10 
f 56/68/10 71/83/10 133/189/10 
f 134/191/74 133/192/76 41/193/76 
f 41/193/76 40/194/74 134/191/74 
f 135/195/10 133/189/10 71/83/10 
f 71/83/10 70/82/10 135/195/10 
f 133/192/76 135/196/73 18/197/73 
f 18/197/73 41/193/76 133/192/76 
f 136/198/10 137/199/10 65/77/10 
f 65/77/10 64/76/10 136/198/10 
f 137/200/72 136/201/77 37/202/77 
f 37/202/77 19/203/72 137/200/72 
f 138/204/9 68/80/9 59/71/9 
f 59/71/9 131/184/9 138/204/9 
f 138/205/76 131/186/74 46/188/74 
f 46/188/74 45/206/76 138/205/76 
f 130/179/9 69/81/9 68/80/9 
f 68/80/9 138/204/9 130/179/9 
f 130/181/73 138/205/76 45/206/76 
f 45/206/76 16/182/73 130/181/73 
f 137/199/10 135/195/10 70/82/10 
f 70/82/10 65/77/10 137/199/10 
f 135/196/73 137/200/72 19/203/72 
f 19/203/72 18/197/73 135/196/73 
f 134/190/10 139/207/10 57/69/10 
f 57/69/10 56/68/10 134/190/10 
f 139/208/75 134/191/74 40/194/74 
f 40/194/74 2/90/33 139/208/75 
f 140/209/9 63/75/9 62/74/9 
f 62/74/9 129/178/9 140/209/9 
f 140/210/77 129/180/72 15/183/72 
f 15/183/72 38/211/77 140/210/77 
f 139/207/10 75/212/10 74/88/10 
f 74/88/10 57/69/10 139/207/10 
f 75/89/34 139/208/75 2/90/33 
f 132/185/9 50/56/9 49/55/9 
f 49/55/9 72/213/9 132/185/9 
f 6/84/33 132/187/75 72/85/34 
f 119/149/9 113/140/9 141/214/9 
f 141/214/9 142/215/9 119/149/9 
f 142/216/78 141/217/79 84/218/79 
f 84/218/79 85/219/78 142/216/78 
f 106/127/9 112/139/9 143/220/9 
f 143/220/9 144/221/9 106/127/9 
f 144/222/80 143/223/81 102/224/81 
f 102/224/81 79/154/58 144/222/80 
f 145/225/10 120/150/10 110/137/10 
f 110/137/10 146/226/10 145/225/10 
f 145/227/82 146/228/81 100/229/81 
f 100/229/81 99/230/82 145/227/82 
f 147/231/10 121/151/10 120/150/10 
f 120/150/10 145/225/10 147/231/10 
f 147/232/78 145/227/82 99/230/82 
f 99/230/82 87/233/78 147/232/78 
f 136/234/10 64/145/10 115/144/10 
f 115/144/10 148/235/10 136/234/10 
f 136/236/83 148/237/79 86/238/79 
f 86/238/79 37/239/83 136/236/83 
f 112/139/9 116/146/9 149/240/9 
f 149/240/9 143/220/9 112/139/9 
f 143/223/81 149/241/82 101/242/82 
f 101/242/82 102/224/81 143/223/81 
f 116/146/9 119/149/9 142/215/9 
f 142/215/9 149/240/9 116/146/9 
f 149/241/82 142/216/78 85/219/78 
f 85/219/78 101/242/82 149/241/82 
f 148/235/10 115/144/10 121/151/10 
f 121/151/10 147/231/10 148/235/10 
f 148/237/79 147/232/78 87/233/78 
f 87/233/78 86/238/79 148/237/79 
f 146/226/10 110/137/10 109/136/10 
f 109/136/10 150/243/10 146/226/10 
f 146/228/81 150/244/80 76/158/58 
f 76/158/58 100/229/81 146/228/81 
f 113/140/9 63/143/9 140/245/9 
f 140/245/9 141/214/9 113/140/9 
f 141/217/79 140/246/83 38/247/83 
f 38/247/83 84/218/79 141/217/79 
f 124/156/10 125/248/10 150/243/10 
f 150/243/10 109/136/10 124/156/10 
f 76/158/58 150/244/80 125/157/57 
f 144/221/9 123/249/9 103/124/9 
f 103/124/9 106/127/9 144/221/9 
f 123/153/57 144/222/80 79/154/58 
# 296 faces

#
# object Cintas_Plane
#

v  2.9162 2.4185 1.7075
v  2.5030 2.4185 1.7060
v  2.5053 2.4185 1.1063
v  2.9185 2.4185 1.1079
v  2.9880 2.3682 1.1146
v  2.9857 2.3682 1.7142
v  3.0446 2.2720 1.7144
v  3.0468 2.2720 1.1148
v  3.0682 2.1703 1.1149
v  3.0660 2.1703 1.7145
v  3.0716 2.0205 1.7200
v  3.0739 2.0205 1.1204
v  3.1003 1.7852 1.7545
v  3.1026 1.7852 1.1548
v  3.1203 1.6515 1.1859
v  3.1181 1.6515 1.7856
v  3.1468 1.4769 1.8371
v  3.1492 1.4769 1.2372
v  3.1774 1.3654 1.2770
v  3.1745 1.3654 1.8756
v  3.2208 1.2429 1.9141
v  3.2211 1.2429 1.3282
v  3.2966 0.9457 1.9950
v  3.3219 0.9457 1.4239
v  3.3889 0.7822 1.4669
v  3.3333 0.7822 2.0395
v  3.3400 0.6731 2.0646
v  3.4273 0.6708 1.4918
v  3.3503 0.6002 2.0812
v  3.4413 0.6002 1.5039
v  3.3644 0.5111 2.1039
v  3.4758 0.5111 1.5230
v  3.5400 0.3996 1.5533
v  3.3962 0.3996 2.1409
v  3.4427 0.3291 2.1855
v  3.6215 0.3291 1.5898
v  3.7754 0.1953 1.6755
v  3.5169 0.1953 2.2912
v  3.9231 0.1099 1.7835
v  3.5815 0.1099 2.4156
v  4.0082 0.0742 1.8622
v  3.6158 0.0742 2.5006
v  3.6825 0.0163 2.7272
v  4.1699 0.0163 2.1121
v  4.2589 -0.0105 2.3482
v  3.7563 -0.0105 2.8805
v  4.3476 -0.0105 2.6230
v  3.8402 -0.0105 3.0620
v  4.4408 -0.0060 2.9376
v  3.9274 -0.0060 3.2915
v  3.9712 -0.0327 3.4457
v  4.4905 -0.0327 3.1302
v  4.5136 -0.0595 3.2191
v  3.9911 -0.0595 3.5206
v  4.5571 -0.1397 3.3652
v  4.0292 -0.1397 3.6503
v  4.5936 -0.2066 3.4495
v  4.0642 -0.2066 3.7312
v  4.1103 -0.3002 3.8178
v  4.6397 -0.3002 3.5361
v  4.1279 -0.3888 3.8501
v  4.6572 -0.3888 3.5684
v  4.6548 -0.4635 3.5693
v  4.1255 -0.4635 3.8510
v  4.1061 -0.6523 3.8099
v  4.1271 -0.5721 3.8493
v  4.6564 -0.5721 3.5676
v  4.6355 -0.6523 3.5282
v  4.0684 -0.7281 3.7391
v  4.5978 -0.7281 3.4574
v  4.5467 -0.7771 3.3393
v  4.0193 -0.7771 3.6258
v  3.9744 -0.8039 3.4852
v  4.4969 -0.8039 3.1810
v  4.4489 -0.8262 2.9960
v  3.9321 -0.8262 3.3337
v  4.4143 -0.8306 2.8618
v  3.9008 -0.8306 3.2307
v  3.8432 -0.8306 3.0773
v  4.3526 -0.8306 2.6475
v  4.2766 -0.8262 2.3982
v  3.7711 -0.8262 2.9114
v  4.2046 -0.8217 2.1832
v  3.7040 -0.8217 2.7755
v  3.6591 -0.8173 2.6293
v  4.1184 -0.8173 2.0002
v  3.6175 -0.8173 2.5002
v  4.0203 -0.8173 1.8617
v  3.5844 -0.8039 2.4202
v  3.9420 -0.8039 1.7870
v  3.8121 -0.7593 1.6865
v  3.5239 -0.7593 2.3063
v  3.4581 -0.7147 2.2142
v  3.6850 -0.7147 1.6105
v  3.3502 -0.6568 2.1179
v  3.5090 -0.6568 1.5323
v  3.4092 -0.6256 1.4986
v  3.2835 -0.6256 2.0747
v  3.2267 -0.5855 1.4509
v  3.1517 -0.5855 2.0128
v  3.0719 -0.5676 1.4183
v  3.0297 -0.5676 1.9746
v  2.8386 -0.5543 1.9338
v  2.8518 -0.5543 1.3676
v  2.7029 -0.5498 1.9075
v  2.7118 -0.5498 1.3184
v  2.4846 -0.5275 1.8301
v  2.4884 -0.5275 1.2277
v  2.5053 2.4766 1.1063
v  2.5030 2.4766 1.7060
v  2.9162 2.4766 1.7075
v  2.9185 2.4766 1.1079
v  2.9857 2.4264 1.7142
v  2.9880 2.4264 1.1146
v  3.0446 2.3301 1.7144
v  3.0468 2.3301 1.1148
v  3.0660 2.2284 1.7145
v  3.0682 2.2284 1.1149
v  3.0739 2.0787 1.1204
v  3.0716 2.0787 1.7200
v  3.1003 1.8433 1.7545
v  3.1026 1.8433 1.1548
v  3.1181 1.7096 1.7856
v  3.1203 1.7096 1.1859
v  3.1492 1.5350 1.2372
v  3.1468 1.5350 1.8371
v  3.1745 1.4236 1.8756
v  3.1774 1.4236 1.2770
v  3.2208 1.3010 1.9141
v  3.2211 1.3010 1.3282
v  3.2966 1.0038 1.9950
v  3.3219 1.0038 1.4239
v  3.3889 0.8404 1.4669
v  3.3333 0.8404 2.0395
v  3.3490 0.7289 2.0674
v  3.4273 0.7289 1.4918
v  3.3503 0.6584 2.0812
v  3.4413 0.6584 1.5039
v  3.3644 0.5692 2.1039
v  3.4758 0.5692 1.5230
v  3.5400 0.4578 1.5533
v  3.3962 0.4578 2.1409
v  3.4427 0.3872 2.1855
v  3.6215 0.3872 1.5898
v  3.7754 0.2535 1.6755
v  3.5169 0.2535 2.2912
v  3.5815 0.1680 2.4156
v  3.9231 0.1680 1.7835
v  4.0082 0.1324 1.8622
v  3.6158 0.1324 2.5006
v  3.6825 0.0744 2.7272
v  4.1699 0.0744 2.1121
v  3.7563 0.0477 2.8805
v  4.2589 0.0477 2.3482
v  4.3476 0.0477 2.6230
v  3.8402 0.0477 3.0620
v  3.9274 0.0521 3.2915
v  4.4408 0.0521 2.9376
v  3.9712 0.0254 3.4457
v  4.4905 0.0254 3.1302
v  3.9911 -0.0014 3.5206
v  4.5136 -0.0014 3.2191
v  4.0292 -0.0816 3.6503
v  4.5571 -0.0816 3.3652
v  4.0642 -0.1485 3.7312
v  4.5936 -0.1485 3.4495
v  4.1103 -0.2421 3.8178
v  4.6397 -0.2421 3.5361
v  4.1371 -0.3801 3.8767
v  4.6664 -0.3801 3.5949
v  4.1371 -0.4603 3.8767
v  4.6664 -0.4603 3.5949
v  4.6487 -0.5515 3.5502
v  4.1194 -0.5515 3.8319
v  4.1061 -0.5942 3.8099
v  4.6355 -0.5942 3.5282
v  4.0684 -0.6700 3.7391
v  4.5978 -0.6700 3.4574
v  4.0193 -0.7190 3.6258
v  4.5467 -0.7190 3.3393
v  3.9744 -0.7458 3.4852
v  4.4969 -0.7458 3.1810
v  3.9321 -0.7681 3.3337
v  4.4489 -0.7681 2.9960
v  3.9008 -0.7725 3.2307
v  4.4143 -0.7725 2.8618
v  3.8432 -0.7725 3.0773
v  4.3526 -0.7725 2.6475
v  3.7711 -0.7681 2.9114
v  4.2766 -0.7681 2.3982
v  3.7040 -0.7636 2.7755
v  4.2046 -0.7636 2.1832
v  3.6591 -0.7591 2.6293
v  4.1184 -0.7591 2.0002
v  3.6175 -0.7591 2.5002
v  4.0203 -0.7591 1.8617
v  3.5844 -0.7458 2.4202
v  3.9420 -0.7458 1.7870
v  3.5239 -0.7012 2.3063
v  3.8121 -0.7012 1.6865
v  3.4581 -0.6566 2.2142
v  3.6850 -0.6566 1.6105
v  3.3502 -0.5987 2.1179
v  3.5090 -0.5987 1.5323
v  3.2835 -0.5675 2.0747
v  3.4092 -0.5675 1.4986
v  3.1517 -0.5273 2.0128
v  3.2267 -0.5273 1.4509
v  3.0297 -0.5095 1.9746
v  3.0719 -0.5095 1.4183
v  2.8386 -0.4961 1.9338
v  2.8518 -0.4961 1.3676
v  2.7029 -0.4917 1.9075
v  2.7118 -0.4917 1.3184
v  2.4846 -0.4694 1.8301
v  2.4884 -0.4694 1.2277
v  4.6519 -0.5163 3.5638
v  4.1225 -0.5163 3.8455
v  4.1337 -0.5238 3.8733
v  4.6630 -0.5238 3.5916
v  2.9242 2.4185 -0.3955
v  2.5110 2.4185 -0.3970
v  2.5133 2.4185 -0.9967
v  2.9265 2.4185 -0.9951
v  2.9938 2.3682 -0.4016
v  2.9960 2.3682 -1.0013
v  3.0549 2.2720 -1.0010
v  3.0526 2.2720 -0.4014
v  3.0763 2.1703 -1.0010
v  3.0740 2.1703 -0.4013
v  3.0820 2.0205 -1.0064
v  3.0797 2.0205 -0.4068
v  3.1109 1.7852 -1.0406
v  3.1086 1.7852 -0.4410
v  3.1289 1.6515 -1.0716
v  3.1266 1.6515 -0.4720
v  3.1580 1.4769 -1.1229
v  3.1559 1.4769 -0.5230
v  3.1860 1.3654 -1.1612
v  3.1844 1.3654 -0.5626
v  3.2326 1.2429 -1.1993
v  3.2285 1.2429 -0.6135
v  3.3090 0.9457 -1.2796
v  3.3300 0.9457 -0.7084
v  3.3461 0.7822 -1.3239
v  3.3973 0.7822 -0.7508
v  3.3620 0.6708 -1.3517
v  3.4253 0.6794 -0.7779
v  3.3634 0.6002 -1.3654
v  3.4500 0.6002 -0.7875
v  3.3777 0.5111 -1.3880
v  3.4846 0.5111 -0.8063
v  3.4097 0.3996 -1.4248
v  3.5490 0.3996 -0.8361
v  3.4565 0.3291 -1.4690
v  3.6309 0.3291 -0.8720
v  3.5316 0.1953 -1.5742
v  3.7854 0.1953 -0.9566
v  3.9339 0.1099 -1.0634
v  3.5971 0.1099 -1.6981
v  3.6320 0.0742 -1.7828
v  4.0196 0.0742 -1.1415
v  4.1832 0.0163 -1.3902
v  3.7005 0.0163 -2.0089
v  3.7754 -0.0105 -2.1617
v  4.2740 -0.0105 -1.6256
v  3.8607 -0.0105 -2.3425
v  4.3648 -0.0105 -1.8997
v  3.9497 -0.0060 -2.5714
v  4.4604 -0.0060 -2.2136
v  3.9946 -0.0327 -2.7252
v  4.5115 -0.0327 -2.4058
v  4.0151 -0.0595 -2.8000
v  4.5353 -0.0595 -2.4945
v  4.0542 -0.1397 -2.9293
v  4.5799 -0.1397 -2.6403
v  4.0898 -0.2066 -3.0100
v  4.6170 -0.2066 -2.7243
v  4.1366 -0.3002 -3.0962
v  4.6638 -0.3002 -2.8105
v  4.1544 -0.3888 -3.1284
v  4.6815 -0.3888 -2.8427
v  4.1520 -0.4635 -3.1293
v  4.6792 -0.4635 -2.8436
v  4.6808 -0.5721 -2.8419
v  4.1536 -0.5721 -3.1276
v  4.1323 -0.6523 -3.0884
v  4.6595 -0.6523 -2.8027
v  4.0941 -0.7281 -3.0179
v  4.6213 -0.7281 -2.7321
v  4.0441 -0.7771 -2.9050
v  4.5693 -0.7771 -2.6144
v  3.9981 -0.8039 -2.7647
v  4.5183 -0.8039 -2.4565
v  3.9547 -0.8262 -2.6135
v  4.4689 -0.8262 -2.2719
v  3.9226 -0.8306 -2.5107
v  4.4332 -0.8306 -2.1380
v  3.8638 -0.8306 -2.3578
v  4.3700 -0.8306 -1.9242
v  3.7904 -0.8262 -2.1924
v  4.2921 -0.8262 -1.6754
v  3.7224 -0.8217 -2.0570
v  4.2184 -0.8217 -1.4609
v  3.6764 -0.8173 -1.9112
v  4.1308 -0.8173 -1.2786
v  3.6338 -0.8173 -1.7824
v  4.0317 -0.8173 -1.1408
v  3.6000 -0.8039 -1.7027
v  3.9528 -0.8039 -1.0668
v  3.5387 -0.7593 -1.5893
v  3.8221 -0.7593 -0.9672
v  3.4722 -0.7147 -1.4976
v  3.6945 -0.7147 -0.8922
v  3.3636 -0.6568 -1.4022
v  3.5179 -0.6568 -0.8154
v  3.2965 -0.6256 -1.3595
v  3.4179 -0.6256 -0.7824
v  3.1643 -0.5855 -1.2986
v  3.2350 -0.5855 -0.7361
v  3.0420 -0.5676 -1.2613
v  3.0800 -0.5676 -0.7047
v  2.8505 -0.5543 -1.2219
v  2.8595 -0.5543 -0.6557
v  2.7147 -0.5498 -1.1967
v  2.7191 -0.5498 -0.6075
v  2.4959 -0.5275 -1.1209
v  2.4950 -0.5275 -0.5186
v  2.5133 2.4766 -0.9967
v  2.5110 2.4766 -0.3970
v  2.9242 2.4766 -0.3955
v  2.9265 2.4766 -0.9951
v  2.9938 2.4264 -0.4016
v  2.9960 2.4264 -1.0013
v  3.0526 2.3301 -0.4014
v  3.0549 2.3301 -1.0010
v  3.0740 2.2284 -0.4013
v  3.0763 2.2284 -1.0010
v  3.0797 2.0787 -0.4068
v  3.0820 2.0787 -1.0064
v  3.1086 1.8433 -0.4410
v  3.1109 1.8433 -1.0406
v  3.1266 1.7096 -0.4720
v  3.1289 1.7096 -1.0716
v  3.1559 1.5350 -0.5230
v  3.1580 1.5350 -1.1229
v  3.1844 1.4236 -0.5626
v  3.1860 1.4236 -1.1612
v  3.2285 1.3010 -0.6135
v  3.2326 1.3010 -1.1993
v  3.3300 1.0038 -0.7084
v  3.3090 1.0038 -1.2796
v  3.3973 0.8404 -0.7508
v  3.3461 0.8404 -1.3239
v  3.4359 0.7289 -0.7755
v  3.3620 0.7289 -1.3517
v  3.4500 0.6584 -0.7875
v  3.3634 0.6584 -1.3654
v  3.4846 0.5692 -0.8063
v  3.3777 0.5692 -1.3880
v  3.5490 0.4578 -0.8361
v  3.4097 0.4578 -1.4248
v  3.6309 0.3872 -0.8720
v  3.4565 0.3872 -1.4690
v  3.7854 0.2535 -0.9566
v  3.5316 0.2535 -1.5742
v  3.9339 0.1680 -1.0634
v  3.5971 0.1680 -1.6981
v  4.0196 0.1324 -1.1415
v  3.6320 0.1324 -1.7828
v  3.7005 0.0744 -2.0089
v  4.1832 0.0744 -1.3902
v  4.2740 0.0477 -1.6256
v  3.7754 0.0477 -2.1617
v  4.3648 0.0477 -1.8997
v  3.8607 0.0477 -2.3425
v  4.4604 0.0521 -2.2136
v  3.9497 0.0521 -2.5714
v  4.5115 0.0254 -2.4058
v  3.9946 0.0254 -2.7252
v  4.5353 -0.0014 -2.4945
v  4.0151 -0.0014 -2.8000
v  4.5799 -0.0816 -2.6403
v  4.0542 -0.0816 -2.9293
v  4.6170 -0.1485 -2.7243
v  4.0898 -0.1485 -3.0100
v  4.6638 -0.2421 -2.8105
v  4.1366 -0.2421 -3.0962
v  4.6910 -0.3801 -2.8692
v  4.1638 -0.3801 -3.1549
v  4.6910 -0.4603 -2.8692
v  4.1638 -0.4603 -3.1549
v  4.6729 -0.5515 -2.8245
v  4.6595 -0.5942 -2.8027
v  4.1323 -0.5942 -3.0884
v  4.1458 -0.5515 -3.1102
v  4.6213 -0.6700 -2.7321
v  4.0941 -0.6700 -3.0179
v  4.5693 -0.7190 -2.6144
v  4.0441 -0.7190 -2.9050
v  4.5183 -0.7458 -2.4565
v  3.9981 -0.7458 -2.7647
v  4.4689 -0.7681 -2.2719
v  3.9547 -0.7681 -2.6135
v  4.4332 -0.7725 -2.1380
v  3.9226 -0.7725 -2.5107
v  4.3700 -0.7725 -1.9242
v  3.8638 -0.7725 -2.3578
v  4.2921 -0.7681 -1.6754
v  3.7904 -0.7681 -2.1924
v  4.2184 -0.7636 -1.4609
v  3.7224 -0.7636 -2.0570
v  4.1308 -0.7591 -1.2786
v  3.6764 -0.7591 -1.9112
v  4.0317 -0.7591 -1.1408
v  3.6338 -0.7591 -1.7824
v  3.9528 -0.7458 -1.0668
v  3.6000 -0.7458 -1.7027
v  3.8221 -0.7012 -0.9672
v  3.5387 -0.7012 -1.5893
v  3.6945 -0.6566 -0.8922
v  3.4722 -0.6566 -1.4976
v  3.5179 -0.5987 -0.8154
v  3.3636 -0.5987 -1.4022
v  3.4179 -0.5675 -0.7824
v  3.2965 -0.5675 -1.3595
v  3.2350 -0.5273 -0.7361
v  3.1643 -0.5273 -1.2986
v  3.0800 -0.5095 -0.7047
v  3.0420 -0.5095 -1.2613
v  2.8595 -0.4961 -0.6557
v  2.8505 -0.4961 -1.2219
v  2.7191 -0.4917 -0.6075
v  2.7147 -0.4917 -1.1967
v  2.4950 -0.4694 -0.5186
v  2.4959 -0.4694 -1.1209
v  4.1490 -0.5163 -3.1239
v  4.6762 -0.5163 -2.8382
v  4.6875 -0.5238 -2.8658
v  4.1603 -0.5238 -3.1515
# 440 vertices

vn 0.0000 -1.0000 -0.0000
vn -0.5859 -0.8104 -0.0022
vn -0.7308 -0.6826 -0.0028
vn -0.7373 -0.6756 -0.0028
vn -0.9294 -0.3691 -0.0035
vn -0.9924 -0.1234 -0.0038
vn -0.9926 -0.1214 -0.0038
vn -0.9966 -0.0820 -0.0038
vn -0.9970 -0.0772 -0.0038
vn -0.9918 -0.1277 -0.0038
vn -0.9920 -0.1264 -0.0038
vn -0.9893 -0.1457 -0.0039
vn -0.9886 -0.1507 -0.0039
vn -0.9772 -0.2123 -0.0041
vn -0.9805 -0.1965 -0.0040
vn -0.9588 -0.2842 -0.0036
vn -0.9522 -0.3054 -0.0033
vn -0.9496 -0.3133 -0.0135
vn -0.9461 -0.3238 -0.0100
vn -0.9506 -0.3066 -0.0477
vn -0.9524 -0.3022 -0.0405
vn -0.9565 -0.2775 -0.0905
vn -0.9592 -0.2651 -0.0975
vn -0.9686 -0.2075 -0.1370
vn -0.9683 -0.2109 -0.1338
vn -0.9548 -0.2515 -0.1583
vn -0.9579 -0.2404 -0.1567
vn -0.9083 -0.3772 -0.1806
vn -0.9155 -0.3610 -0.1776
vn -0.7964 -0.5738 -0.1909
vn -0.7691 -0.6103 -0.1898
vn -0.6593 -0.7205 -0.2152
vn -0.6630 -0.7195 -0.2070
vn -0.5664 -0.7916 -0.2293
vn -0.5282 -0.8184 -0.2261
vn -0.3930 -0.8970 -0.2024
vn -0.3592 -0.9131 -0.1932
vn -0.2679 -0.9493 -0.1645
vn -0.2336 -0.9603 -0.1524
vn -0.1369 -0.9847 -0.1076
vn -0.1668 -0.9783 -0.1231
vn -0.0696 -0.9958 -0.0601
vn -0.0408 -0.9986 -0.0352
vn 0.0037 -1.0000 0.0048
vn 0.0061 -1.0000 0.0078
vn -0.0270 -0.9987 -0.0433
vn -0.0453 -0.9964 -0.0711
vn -0.1283 -0.9689 -0.2116
vn -0.1151 -0.9756 -0.1871
vn -0.1955 -0.9196 -0.3407
vn -0.2076 -0.9076 -0.3649
vn -0.2611 -0.8390 -0.4774
vn -0.2644 -0.8337 -0.4848
vn -0.3034 -0.7648 -0.5683
vn -0.3043 -0.7632 -0.5700
vn -0.3874 -0.5656 -0.7280
vn -0.3875 -0.5653 -0.7282
vn -0.4611 -0.1914 -0.8665
vn -0.4607 -0.1953 -0.8658
vn -0.4690 0.0602 -0.8812
vn -0.4690 0.0615 -0.8811
vn -0.3710 0.6135 -0.6971
vn -0.4107 0.4856 -0.7717
vn -0.2539 0.8423 -0.4755
vn -0.2502 0.8473 -0.4685
vn -0.1251 0.9654 -0.2289
vn -0.1328 0.9607 -0.2437
vn -0.0780 0.9879 -0.1339
vn -0.0758 0.9888 -0.1283
vn -0.0407 0.9971 -0.0638
vn -0.0501 0.9956 -0.0797
vn -0.0084 0.9999 -0.0121
vn -0.0128 0.9997 -0.0186
vn 0.0060 1.0000 0.0064
vn 0.0095 0.9999 0.0102
vn 0.0179 0.9997 0.0172
vn 0.0167 0.9997 0.0168
vn 0.0217 0.9996 0.0179
vn 0.0206 0.9996 0.0178
vn 0.0161 0.9998 0.0126
vn 0.0083 0.9999 0.0065
vn 0.0387 0.9990 0.0231
vn 0.0780 0.9959 0.0466
vn 0.1783 0.9790 0.0993
vn 0.2158 0.9695 0.1159
vn 0.3013 0.9434 0.1386
vn 0.2934 0.9455 0.1411
vn 0.3186 0.9399 0.1227
vn 0.3192 0.9404 0.1177
vn 0.3195 0.9429 0.0938
vn 0.3192 0.9434 0.0900
vn 0.2742 0.9599 0.0587
vn 0.2833 0.9570 0.0627
vn 0.1759 0.9840 0.0263
vn 0.1872 0.9819 0.0292
vn 0.0917 0.9958 0.0076
vn 0.0978 0.9952 0.0087
vn 0.0500 0.9987 0.0020
vn 0.0456 0.9990 0.0017
vn 0.0604 0.9982 0.0008
vn 0.0735 0.9973 0.0009
vn 0.1000 0.9950 0.0011
vn 0.0000 1.0000 -0.0000
vn 0.5859 0.8104 0.0022
vn 0.7373 0.6756 0.0028
vn 0.7308 0.6826 0.0028
vn 0.9294 0.3691 0.0035
vn 0.9926 0.1214 0.0038
vn 0.9924 0.1234 0.0038
vn 0.9970 0.0772 0.0038
vn 0.9966 0.0820 0.0038
vn 0.9918 0.1277 0.0038
vn 0.9920 0.1264 0.0038
vn 0.9886 0.1507 0.0039
vn 0.9893 0.1457 0.0039
vn 0.9805 0.1965 0.0040
vn 0.9772 0.2123 0.0041
vn 0.9522 0.3054 0.0033
vn 0.9588 0.2842 0.0036
vn 0.9496 0.3133 0.0135
vn 0.9461 0.3238 0.0100
vn 0.9506 0.3066 0.0477
vn 0.9524 0.3022 0.0405
vn 0.9524 0.2924 0.0868
vn 0.9542 0.2845 0.0928
vn 0.9735 0.1879 0.1303
vn 0.9711 0.2024 0.1267
vn 0.9618 0.2249 0.1561
vn 0.9661 0.2074 0.1539
vn 0.9083 0.3772 0.1806
vn 0.9155 0.3610 0.1776
vn 0.7964 0.5738 0.1909
vn 0.7691 0.6103 0.1898
vn 0.6593 0.7205 0.2152
vn 0.6630 0.7195 0.2070
vn 0.5664 0.7916 0.2293
vn 0.5282 0.8184 0.2261
vn 0.3592 0.9131 0.1932
vn 0.3930 0.8970 0.2024
vn 0.2679 0.9493 0.1645
vn 0.2336 0.9603 0.1524
vn 0.1369 0.9847 0.1076
vn 0.1668 0.9783 0.1231
vn 0.0408 0.9986 0.0352
vn 0.0696 0.9958 0.0601
vn -0.0037 1.0000 -0.0048
vn -0.0061 1.0000 -0.0078
vn 0.0453 0.9964 0.0711
vn 0.0270 0.9987 0.0433
vn 0.1283 0.9689 0.2116
vn 0.1151 0.9756 0.1871
vn 0.2076 0.9076 0.3649
vn 0.1955 0.9196 0.3407
vn 0.2644 0.8337 0.4848
vn 0.2611 0.8390 0.4774
vn 0.3043 0.7632 0.5700
vn 0.3034 0.7648 0.5683
vn 0.3820 0.5822 0.7178
vn 0.3811 0.5848 0.7161
vn 0.4588 0.2151 0.8621
vn 0.4584 0.2188 0.8613
vn 0.4695 -0.0362 0.8822
vn 0.4695 -0.0357 0.8822
vn 0.4220 -0.4397 0.7929
vn 0.4227 -0.4363 0.7943
vn 0.3658 -0.6275 0.6873
vn 0.3665 -0.6256 0.6887
vn 0.2539 -0.8423 0.4755
vn 0.2502 -0.8473 0.4685
vn 0.1328 -0.9607 0.2437
vn 0.1251 -0.9654 0.2289
vn 0.0780 -0.9879 0.1339
vn 0.0758 -0.9888 0.1283
vn 0.0501 -0.9956 0.0797
vn 0.0407 -0.9971 0.0638
vn 0.0128 -0.9997 0.0186
vn 0.0084 -0.9999 0.0121
vn -0.0060 -1.0000 -0.0064
vn -0.0095 -0.9999 -0.0102
vn -0.0167 -0.9997 -0.0168
vn -0.0179 -0.9997 -0.0172
vn -0.0206 -0.9996 -0.0178
vn -0.0217 -0.9996 -0.0179
vn -0.0161 -0.9998 -0.0126
vn -0.0083 -0.9999 -0.0065
vn -0.0387 -0.9990 -0.0231
vn -0.0780 -0.9959 -0.0466
vn -0.1783 -0.9790 -0.0993
vn -0.2158 -0.9695 -0.1159
vn -0.2934 -0.9455 -0.1411
vn -0.3013 -0.9434 -0.1386
vn -0.3186 -0.9399 -0.1227
vn -0.3192 -0.9404 -0.1177
vn -0.3195 -0.9429 -0.0938
vn -0.3192 -0.9434 -0.0900
vn -0.2833 -0.9570 -0.0627
vn -0.2742 -0.9599 -0.0587
vn -0.1872 -0.9819 -0.0292
vn -0.1759 -0.9840 -0.0263
vn -0.0978 -0.9952 -0.0087
vn -0.0917 -0.9958 -0.0076
vn -0.0500 -0.9987 -0.0020
vn -0.0456 -0.9990 -0.0017
vn -0.0604 -0.9982 -0.0008
vn -0.0735 -0.9973 -0.0009
vn -0.1000 -0.9950 -0.0011
vn 0.5399 0.0000 -0.8418
vn 0.5440 0.0000 -0.8390
vn 0.5613 0.0000 -0.8276
vn 0.6687 0.0000 -0.7436
vn 0.8426 0.0000 -0.5386
vn 0.8583 0.0000 -0.5132
vn 0.7621 0.0000 -0.6475
vn 0.7262 0.0000 -0.6874
vn -0.9090 0.0000 0.4169
vn -0.8933 0.0000 0.4495
vn -0.9142 -0.0197 0.4047
vn -0.8896 -0.0040 0.4567
vn -0.7344 0.0000 0.6787
vn -0.7666 0.0000 0.6420
vn -0.8207 0.0461 0.5695
vn -0.7765 0.0047 0.6301
vn -0.4504 0.0000 0.8928
vn -0.3557 0.0000 0.9347
vn -0.3714 0.0000 0.9285
vn -0.4705 0.0000 0.8824
vn 0.9261 0.0057 -0.3772
vn 0.9265 0.0032 -0.3762
vn 0.9142 0.0197 -0.4047
vn 0.8896 0.0040 -0.4567
vn 0.5547 0.0000 -0.8321
vn 0.6433 0.0000 -0.7657
vn 0.6210 0.0000 -0.7838
vn 0.5916 0.0000 -0.8063
vn -0.9265 -0.0032 0.3762
vn -0.9261 -0.0057 0.3772
vn -0.8257 0.0514 0.5617
vn -0.8259 0.0514 0.5614
vn -0.2812 0.0000 0.9596
vn -0.2920 0.0000 0.9564
vn 0.9248 -0.0182 -0.3799
vn 0.9238 -0.0186 -0.3825
vn 0.6356 0.0000 -0.7720
vn 0.4989 0.0000 -0.8667
vn 0.4971 0.0000 -0.8677
vn 0.4728 0.0000 -0.8811
vn -0.9238 0.0186 0.3825
vn -0.9248 0.0182 0.3799
vn -0.8476 0.0043 0.5305
vn -0.8280 0.0468 0.5588
vn -0.2271 0.0000 0.9738
vn -0.2319 0.0000 0.9727
vn 0.4736 0.0000 -0.8807
vn 0.4349 0.0000 -0.9005
vn 0.3706 0.0000 -0.9288
vn 0.3542 0.0000 -0.9352
vn 0.4387 -0.3582 0.8242
vn -0.7691 0.0000 0.6391
vn -0.8393 0.0000 0.5438
vn -0.2157 0.0000 0.9765
vn -0.2147 0.0000 0.9767
vn -0.8856 0.0122 0.4644
vn -0.8834 0.0029 0.4685
vn -0.9065 -0.0107 0.4220
vn -0.9167 -0.0257 0.3986
vn 0.4126 0.0000 -0.9109
vn 0.4223 0.0000 -0.9064
vn 0.2571 0.0000 -0.9664
vn 0.2511 0.0000 -0.9680
vn 0.8864 -0.0160 -0.4627
vn 0.8835 -0.0029 -0.4685
vn 0.8856 -0.0122 -0.4644
vn -0.7021 0.0000 0.7120
vn -0.7458 0.0000 0.6662
vn -0.2799 0.0000 0.9600
vn -0.2769 0.0000 0.9609
vn -0.8954 0.0000 0.4452
vn -0.9081 0.0000 0.4188
vn 0.4319 0.0000 -0.9020
vn 0.4645 0.0000 -0.8855
vn 0.1999 0.0000 -0.9798
vn 0.1993 0.0000 -0.9800
vn 0.9079 0.0000 -0.4192
vn 0.8952 0.0000 -0.4457
vn -0.7910 0.0000 0.6118
vn -0.7249 0.0000 0.6888
vn -0.3549 0.0000 0.9350
vn -0.3532 0.0000 0.9356
vn 0.0038 0.0000 -1.0000
vn 0.0384 0.0000 -0.9993
vn 0.0574 0.0000 -0.9984
vn -0.9343 0.0000 0.3567
vn -0.9403 0.0000 0.3404
vn 0.5224 0.0000 -0.8526
vn 0.5586 0.0000 -0.8295
vn 0.2600 0.0000 -0.9656
vn 0.2659 0.0000 -0.9640
vn 0.9395 0.0000 -0.3426
vn 0.9333 0.0000 -0.3593
vn -0.8409 0.0000 0.5413
vn -0.8708 0.0000 0.4918
vn -0.0384 0.0000 0.9993
vn -0.0038 0.0000 1.0000
vn -0.0574 0.0000 0.9984
vn -0.3759 0.0000 0.9267
vn -0.9607 0.0000 0.2779
vn -0.9618 0.0000 0.2736
vn 0.6256 0.0000 -0.7802
vn 0.6463 0.0000 -0.7631
vn 0.3344 0.0000 -0.9424
vn 0.0284 0.0000 -0.9996
vn 0.0774 0.0000 -0.9970
vn 0.9586 0.0000 -0.2849
vn 0.9575 0.0000 -0.2885
vn -0.9144 0.0000 0.4046
vn -0.9028 0.0000 0.4299
vn -0.0284 0.0000 0.9996
vn -0.0774 0.0000 0.9970
vn -0.9682 0.0000 0.2505
vn -0.9682 0.0000 0.2504
vn 0.7529 0.0000 -0.6581
vn 0.7782 0.0000 -0.6281
vn 0.9599 0.0000 -0.2806
vn 0.9602 0.0000 -0.2793
vn -0.9475 0.0000 0.3196
vn -0.9413 0.0000 0.3375
vn -0.9648 0.0000 0.2630
vn -0.9647 0.0000 0.2633
vn 0.8883 0.0000 -0.4593
vn 0.8974 0.0000 -0.4412
vn 0.9468 0.0000 -0.3219
vn 0.9470 0.0000 -0.3211
vn -0.9294 0.0000 0.3690
vn -0.9368 0.0000 0.3498
vn -0.9588 0.0000 0.2842
vn -0.9588 0.0000 0.2841
vn 0.9437 0.0000 -0.3308
vn 0.9443 0.0000 -0.3293
vn 0.7021 0.0000 -0.7120
vn 0.7674 0.0000 -0.6411
vn 0.6978 0.0000 -0.7163
vn 0.9270 0.0000 -0.3751
vn 0.9268 0.0000 -0.3755
vn -0.9046 0.0000 0.4263
vn -0.9042 0.0000 0.4270
vn -0.6978 0.0000 0.7163
vn -0.7674 0.0000 0.6411
vn -0.9524 0.0000 0.3048
vn -0.9525 0.0000 0.3045
vn 0.9553 0.0000 -0.2957
vn 0.9552 0.0000 -0.2958
vn 0.7776 0.0000 -0.6288
vn 0.8627 0.0000 -0.5056
vn 0.9075 0.0000 -0.4202
vn 0.9071 0.0000 -0.4209
vn -0.9217 0.0000 0.3879
vn -0.9219 0.0000 0.3875
vn -0.8627 0.0000 0.5056
vn -0.7776 0.0000 0.6288
vn -0.9283 0.0000 0.3717
vn -0.9277 0.0000 0.3732
vn 0.9635 0.0000 -0.2676
vn 0.9639 0.0000 -0.2663
vn 0.8685 0.0000 -0.4958
vn 0.8712 0.0000 -0.4911
vn 0.9288 0.0000 -0.3705
vn 0.9299 0.0000 -0.3677
vn -0.9499 0.0000 0.3126
vn -0.9486 0.0000 0.3165
vn -0.8732 0.0000 0.4875
vn -0.8687 0.0000 0.4954
vn -0.8634 0.0000 0.5044
vn -0.8641 0.0000 0.5033
vn 0.9681 0.0000 -0.2506
vn 0.9681 0.0000 -0.2508
vn 0.8648 0.0000 -0.5020
vn 0.8223 0.0000 -0.5691
vn 0.9538 0.0000 -0.3003
vn 0.9538 0.0000 -0.3005
vn -0.9646 0.0000 0.2635
vn -0.9639 0.0000 0.2662
vn -0.8183 0.0000 0.5748
vn -0.8664 0.0000 0.4993
vn -0.7542 0.0000 0.6566
vn -0.7592 0.0000 0.6508
vn 0.9645 0.0000 -0.2640
vn 0.9622 0.0000 -0.2722
vn 0.8077 0.0000 -0.5894
vn 0.7684 0.0000 -0.6399
vn 0.9393 0.0000 -0.3431
vn 0.9379 0.0000 -0.3468
vn -0.9621 0.0000 0.2726
vn -0.9641 0.0000 0.2654
vn -0.6642 0.0000 0.7476
vn -0.7896 0.0000 0.6135
vn -0.6472 0.0000 0.7623
vn -0.6569 0.0000 0.7540
vn 0.9471 0.0000 -0.3208
vn 0.9326 0.0000 -0.3609
vn 0.7509 0.0000 -0.6605
vn 0.7004 0.0000 -0.7137
vn 0.9080 0.0000 -0.4191
vn 0.9016 0.0000 -0.4325
vn -0.9325 0.0000 0.3612
vn -0.9482 0.0000 0.3177
vn -0.7176 0.0000 0.6964
vn -0.6506 0.0000 0.7594
vn -0.5550 0.0000 0.8319
vn -0.5724 0.0000 0.8199
vn 0.9088 0.0000 -0.4173
vn 0.8934 0.0000 -0.4493
vn 0.4536 -0.2608 0.8522
vn 0.4197 -0.4493 0.7886
vn 0.4523 -0.2703 0.8499
vn -0.4666 0.1173 -0.8767
vn 0.9189 -0.0202 -0.3940
vn -0.9329 -0.0521 0.3566
vn -0.9265 -0.0153 0.3760
vn -0.9266 -0.0159 0.3756
vn -0.9886 -0.1507 -0.0037
vn -0.9893 -0.1457 -0.0037
vn -0.9772 -0.2123 -0.0033
vn -0.9805 -0.1965 -0.0034
vn -0.9522 -0.3054 -0.0039
vn -0.9496 -0.3133 0.0063
vn -0.9461 -0.3238 0.0028
vn -0.9510 -0.3066 0.0405
vn -0.9526 -0.3022 0.0333
vn -0.9609 -0.2642 0.0822
vn -0.9576 -0.2777 0.0766
vn -0.9947 -0.1018 -0.0143
vn -0.9716 -0.2084 0.1119
vn -0.9728 -0.1364 -0.1871
vn -0.9605 -0.2391 0.1419
vn -0.9097 -0.3772 0.1737
vn -0.9169 -0.3610 0.1706
vn -0.7705 -0.6103 0.1840
vn -0.7978 -0.5738 0.1849
vn -0.6609 -0.7205 0.2102
vn -0.6646 -0.7195 0.2020
vn -0.5299 -0.8184 0.2221
vn -0.5682 -0.7916 0.2249
vn -0.3946 -0.8970 0.1994
vn -0.3606 -0.9131 0.1904
vn -0.2348 -0.9603 0.1506
vn -0.2691 -0.9493 0.1625
vn -0.1678 -0.9783 0.1219
vn -0.1377 -0.9847 0.1066
vn -0.0410 -0.9986 0.0348
vn -0.0700 -0.9958 0.0595
vn 0.0061 -1.0000 -0.0078
vn 0.0037 -1.0000 -0.0048
vn -0.0459 -0.9964 0.0707
vn -0.0274 -0.9987 0.0431
vn -0.1299 -0.9689 0.2106
vn -0.1165 -0.9756 0.1863
vn -0.2104 -0.9076 0.3633
vn -0.1981 -0.9196 0.3393
vn -0.2680 -0.8337 0.4828
vn -0.2647 -0.8390 0.4754
vn -0.3087 -0.7632 0.5676
vn -0.3078 -0.7648 0.5659
vn -0.3930 -0.5656 0.7250
vn -0.3931 -0.5653 0.7252
vn -0.4677 -0.1914 0.8629
vn -0.4673 -0.1953 0.8622
vn -0.4756 0.0615 0.8775
vn -0.4756 0.0602 0.8776
vn -0.4165 0.4856 0.7685
vn -0.3762 0.6135 0.6943
vn -0.2575 0.8423 0.4735
vn -0.2538 0.8473 0.4665
vn -0.1346 0.9607 0.2427
vn -0.1269 0.9654 0.2279
vn -0.0790 0.9879 0.1333
vn -0.0768 0.9888 0.1277
vn -0.0507 0.9956 0.0793
vn -0.0411 0.9971 0.0634
vn -0.0130 0.9997 0.0186
vn -0.0084 0.9999 0.0121
vn 0.0060 1.0000 -0.0064
vn 0.0095 0.9999 -0.0102
vn 0.0169 0.9997 -0.0166
vn 0.0181 0.9997 -0.0170
vn 0.0208 0.9996 -0.0176
vn 0.0219 0.9996 -0.0177
vn 0.0161 0.9998 -0.0124
vn 0.0083 0.9999 -0.0065
vn 0.0389 0.9990 -0.0229
vn 0.0784 0.9959 -0.0460
vn 0.1791 0.9790 -0.0979
vn 0.2166 0.9695 -0.1143
vn 0.2944 0.9455 -0.1389
vn 0.3023 0.9434 -0.1364
vn 0.3196 0.9399 -0.1203
vn 0.3200 0.9404 -0.1153
vn 0.3202 0.9429 -0.0914
vn 0.3198 0.9434 -0.0876
vn 0.2837 0.9570 -0.0605
vn 0.2746 0.9599 -0.0567
vn 0.1874 0.9819 -0.0278
vn 0.1761 0.9840 -0.0249
vn 0.0978 0.9952 -0.0079
vn 0.0917 0.9958 -0.0070
vn 0.0500 0.9987 -0.0016
vn 0.0456 0.9990 -0.0013
vn 0.0604 0.9982 -0.0004
vn 0.0735 0.9973 -0.0003
vn 0.1000 0.9950 -0.0003
vn 0.9893 0.1457 0.0037
vn 0.9886 0.1507 0.0037
vn 0.9805 0.1965 0.0034
vn 0.9772 0.2123 0.0033
vn 0.9522 0.3054 0.0039
vn 0.9461 0.3238 -0.0028
vn 0.9496 0.3133 -0.0063
vn 0.9526 0.3022 -0.0333
vn 0.9510 0.3066 -0.0405
vn 0.9530 0.2924 -0.0796
vn 0.9548 0.2845 -0.0856
vn 0.9721 0.2024 -0.1193
vn 0.9745 0.1879 -0.1229
vn 0.9673 0.2074 -0.1465
vn 0.9630 0.2249 -0.1487
vn 0.9169 0.3610 -0.1706
vn 0.9097 0.3772 -0.1737
vn 0.7978 0.5738 -0.1849
vn 0.7705 0.6103 -0.1840
vn 0.6646 0.7195 -0.2020
vn 0.6609 0.7205 -0.2102
vn 0.5682 0.7916 -0.2249
vn 0.5299 0.8184 -0.2221
vn 0.3946 0.8970 -0.1994
vn 0.3606 0.9131 -0.1904
vn 0.2691 0.9493 -0.1625
vn 0.2348 0.9603 -0.1506
vn 0.1377 0.9847 -0.1066
vn 0.1678 0.9783 -0.1219
vn 0.0700 0.9958 -0.0595
vn 0.0410 0.9986 -0.0348
vn -0.0037 1.0000 0.0048
vn -0.0061 1.0000 0.0078
vn 0.0274 0.9987 -0.0431
vn 0.0459 0.9964 -0.0707
vn 0.1165 0.9756 -0.1863
vn 0.1299 0.9689 -0.2106
vn 0.1981 0.9196 -0.3393
vn 0.2104 0.9076 -0.3633
vn 0.2647 0.8390 -0.4754
vn 0.2680 0.8337 -0.4828
vn 0.3078 0.7648 -0.5659
vn 0.3087 0.7632 -0.5676
vn 0.3865 0.5848 -0.7131
vn 0.3874 0.5822 -0.7148
vn 0.4650 0.2188 -0.8578
vn 0.4654 0.2151 -0.8586
vn 0.4761 -0.0357 -0.8786
vn 0.4761 -0.0362 -0.8786
vn 0.4280 -0.4397 -0.7897
vn 0.3717 -0.6256 -0.6859
vn 0.3710 -0.6275 -0.6845
vn 0.4287 -0.4363 -0.7911
vn 0.2538 -0.8473 -0.4665
vn 0.2575 -0.8423 -0.4735
vn 0.1269 -0.9654 -0.2279
vn 0.1346 -0.9607 -0.2427
vn 0.0768 -0.9888 -0.1277
vn 0.0790 -0.9879 -0.1333
vn 0.0411 -0.9971 -0.0634
vn 0.0507 -0.9956 -0.0793
vn 0.0084 -0.9999 -0.0121
vn 0.0130 -0.9997 -0.0186
vn -0.0095 -0.9999 0.0102
vn -0.0060 -1.0000 0.0064
vn -0.0181 -0.9997 0.0170
vn -0.0169 -0.9997 0.0166
vn -0.0219 -0.9996 0.0177
vn -0.0208 -0.9996 0.0176
vn -0.0083 -0.9999 0.0065
vn -0.0161 -0.9998 0.0124
vn -0.0784 -0.9959 0.0460
vn -0.0389 -0.9990 0.0229
vn -0.2166 -0.9695 0.1143
vn -0.1791 -0.9790 0.0979
vn -0.3023 -0.9434 0.1364
vn -0.2944 -0.9455 0.1389
vn -0.3200 -0.9404 0.1153
vn -0.3196 -0.9399 0.1203
vn -0.3198 -0.9434 0.0876
vn -0.3202 -0.9429 0.0914
vn -0.2746 -0.9599 0.0567
vn -0.2837 -0.9570 0.0605
vn -0.1761 -0.9840 0.0249
vn -0.1874 -0.9819 0.0278
vn -0.0917 -0.9958 0.0070
vn -0.0978 -0.9952 0.0079
vn -0.0456 -0.9990 0.0013
vn -0.0500 -0.9987 0.0016
vn -0.0735 -0.9973 0.0003
vn -0.0604 -0.9982 0.0004
vn -0.1000 -0.9950 0.0003
vn 0.4800 -0.0567 0.8754
vn 0.5253 -0.0084 0.8509
vn 0.6631 0.0000 0.7486
vn 0.5550 0.0000 0.8318
vn 0.8384 0.0000 0.5450
vn 0.7210 0.0000 0.6929
vn 0.7571 0.0000 0.6533
vn 0.8543 0.0000 0.5197
vn -0.8899 0.0000 -0.4563
vn -0.9058 0.0000 -0.4237
vn -0.8861 -0.0040 -0.4635
vn -0.9111 -0.0197 -0.4117
vn -0.7292 0.0000 -0.6843
vn -0.7766 0.0000 -0.6300
vn -0.8590 0.0000 -0.5121
vn -0.7617 0.0000 -0.6478
vn -0.3485 0.0000 -0.9373
vn -0.4436 0.0000 -0.8962
vn -0.4637 0.0000 -0.8860
vn -0.3644 0.0000 -0.9313
vn 0.9232 0.0057 0.3842
vn 0.8861 0.0040 0.4635
vn 0.9111 0.0197 0.4117
vn 0.9237 0.0032 0.3832
vn 0.3480 -0.0551 0.9358
vn 0.4510 -0.0642 0.8902
vn 0.5854 0.0000 0.8107
vn 0.6150 0.0000 0.7885
vn -0.9232 -0.0057 -0.3842
vn -0.9237 -0.0032 -0.3832
vn -0.8808 0.0000 -0.4733
vn -0.2848 0.0000 -0.9586
vn -0.2740 0.0000 -0.9617
vn 0.9219 -0.0182 0.3869
vn 0.9208 -0.0186 0.3895
vn 0.4610 -0.0056 0.8874
vn 0.3432 -0.0462 0.9381
vn 0.4661 0.0000 0.8847
vn 0.4905 0.0000 0.8715
vn -0.9219 0.0182 -0.3869
vn -0.9208 0.0186 -0.3895
vn -0.9896 0.0000 -0.1444
vn -0.2197 0.0000 -0.9755
vn -0.2245 0.0000 -0.9745
vn 0.4281 0.0000 0.9037
vn 0.4669 0.0000 0.8843
vn 0.3470 0.0000 0.9378
vn 0.3636 0.0000 0.9316
vn 0.4449 -0.3581 -0.8208
vn -0.8351 0.0000 -0.5502
vn -0.7643 0.0000 -0.6449
vn -0.2073 0.0000 -0.9783
vn -0.2083 0.0000 -0.9781
vn -0.8798 0.0029 -0.4752
vn -0.8820 0.0122 -0.4712
vn -0.9137 -0.0257 -0.4056
vn -0.9033 -0.0107 -0.4288
vn 0.4056 0.0000 0.9140
vn 0.4154 0.0000 0.9096
vn 0.2437 0.0000 0.9698
vn 0.2497 0.0000 0.9684
vn 0.8828 -0.0160 0.4695
vn 0.8820 -0.0122 0.4712
vn 0.8799 -0.0029 0.4752
vn -0.7408 0.0000 -0.6718
vn -0.6967 0.0000 -0.7174
vn -0.2696 0.0000 -0.9629
vn -0.2726 0.0000 -0.9621
vn -0.8920 0.0000 -0.4520
vn -0.9049 0.0000 -0.4256
vn 0.4577 0.0000 0.8890
vn 0.4251 0.0000 0.9052
vn 0.1919 0.0000 0.9814
vn 0.1925 0.0000 0.9813
vn 0.8918 0.0000 0.4525
vn 0.9047 0.0000 0.4260
vn -0.7197 0.0000 -0.6942
vn -0.7864 0.0000 -0.6178
vn -0.3477 0.0000 -0.9376
vn -0.3460 0.0000 -0.9382
vn 0.0498 0.0000 0.9988
vn 0.0308 0.0000 0.9995
vn -0.9315 0.0000 -0.3637
vn -0.9377 0.0000 -0.3476
vn 0.5522 0.0000 0.8337
vn 0.5160 0.0000 0.8566
vn 0.2585 0.0000 0.9660
vn 0.2526 0.0000 0.9676
vn 0.9305 0.0000 0.3663
vn 0.9369 0.0000 0.3498
vn -0.8367 0.0000 -0.5477
vn -0.8670 0.0000 -0.4984
vn -0.0308 0.0000 -0.9995
vn -0.0498 0.0000 -0.9988
vn -0.3689 0.0000 -0.9295
vn -0.9585 0.0000 -0.2851
vn -0.9597 0.0000 -0.2808
vn 0.6405 0.0000 0.7679
vn 0.6196 0.0000 0.7850
vn 0.3272 0.0000 0.9449
vn 0.0698 0.0000 0.9976
vn 0.0208 0.0000 0.9998
vn 0.9553 0.0000 0.2957
vn 0.9564 0.0000 0.2921
vn -0.9113 0.0000 -0.4116
vn -0.8995 0.0000 -0.4367
vn -0.0698 0.0000 -0.9976
vn -0.0208 0.0000 -0.9998
vn -0.9662 0.0000 -0.2579
vn -0.9662 0.0000 -0.2578
vn 0.7479 0.0000 0.6638
vn 0.7734 0.0000 0.6339
vn 0.9580 0.0000 0.2865
vn 0.9577 0.0000 0.2878
vn -0.9387 0.0000 -0.3447
vn -0.9451 0.0000 -0.3268
vn -0.9628 0.0000 -0.2704
vn -0.9627 0.0000 -0.2707
vn 0.8940 0.0000 0.4480
vn 0.8847 0.0000 0.4661
vn 0.9446 0.0000 0.3283
vn 0.9444 0.0000 0.3291
vn -0.9266 0.0000 -0.3760
vn -0.9342 0.0000 -0.3569
vn -0.9566 0.0000 -0.2914
vn -0.9566 0.0000 -0.2913
vn 0.9417 0.0000 0.3365
vn 0.9411 0.0000 0.3380
vn 0.7625 0.0000 0.6469
vn 0.6967 0.0000 0.7174
vn 0.6924 0.0000 0.7215
vn 0.9240 0.0000 0.3825
vn 0.9242 0.0000 0.3821
vn -0.9010 0.0000 -0.4338
vn -0.9014 0.0000 -0.4331
vn -0.6924 0.0000 -0.7215
vn -0.7625 0.0000 -0.6469
vn -0.9500 0.0000 -0.3120
vn -0.9501 0.0000 -0.3117
vn 0.9531 0.0000 0.3029
vn 0.9530 0.0000 0.3030
vn 0.8589 0.0000 0.5122
vn 0.7728 0.0000 0.6346
vn 0.9039 0.0000 0.4277
vn 0.9043 0.0000 0.4270
vn -0.9189 0.0000 -0.3945
vn -0.9187 0.0000 -0.3949
vn -0.7728 0.0000 -0.6346
vn -0.8590 0.0000 -0.5122
vn -0.9249 0.0000 -0.3802
vn -0.9255 0.0000 -0.3787
vn 0.9615 0.0000 0.2750
vn 0.9619 0.0000 0.2737
vn 0.8674 0.0000 0.4977
vn 0.8647 0.0000 0.5024
vn 0.9271 0.0000 0.3747
vn 0.9260 0.0000 0.3775
vn -0.9462 0.0000 -0.3237
vn -0.9475 0.0000 -0.3198
vn -0.8649 0.0000 -0.5020
vn -0.8694 0.0000 -0.4941
vn -0.8603 0.0000 -0.5099
vn -0.8596 0.0000 -0.5110
vn 0.9661 0.0000 0.2580
vn 0.9661 0.0000 0.2582
vn 0.8610 0.0000 0.5086
vn 0.8179 0.0000 0.5753
vn 0.9515 0.0000 0.3077
vn 0.9515 0.0000 0.3075
vn -0.9619 0.0000 -0.2736
vn -0.9626 0.0000 -0.2709
vn -0.8626 0.0000 -0.5059
vn -0.8139 0.0000 -0.5810
vn -0.7492 0.0000 -0.6623
vn -0.7542 0.0000 -0.6566
vn 0.9625 0.0000 0.2714
vn 0.9601 0.0000 0.2795
vn 0.7636 0.0000 0.6457
vn 0.8032 0.0000 0.5956
vn 0.9353 0.0000 0.3540
vn 0.9367 0.0000 0.3503
vn -0.9621 0.0000 -0.2728
vn -0.9600 0.0000 -0.2799
vn -0.7850 0.0000 -0.6195
vn -0.6585 0.0000 -0.7526
vn -0.6414 0.0000 -0.7672
vn -0.6511 0.0000 -0.7590
vn 0.9447 0.0000 0.3280
vn 0.9298 0.0000 0.3679
vn 0.6950 0.0000 0.7190
vn 0.7459 0.0000 0.6661
vn 0.8983 0.0000 0.4393
vn 0.9048 0.0000 0.4259
vn -0.9458 0.0000 -0.3249
vn -0.9297 0.0000 -0.3682
vn -0.6448 0.0000 -0.7644
vn -0.7123 0.0000 -0.7018
vn -0.5662 0.0000 -0.8243
vn -0.5486 0.0000 -0.8361
vn 0.9056 0.0000 0.4241
vn 0.8900 0.0000 0.4561
vn 0.4587 -0.2703 -0.8465
vn 0.4257 -0.4493 -0.7854
vn 0.4600 -0.2608 -0.8488
vn -0.4732 0.1173 0.8731
vn 0.9159 -0.0202 0.4010
vn -0.9301 -0.0521 -0.3636
vn -0.9237 -0.0153 -0.3830
vn -0.9238 -0.0159 -0.3827
# 810 vertex normals

vt 0.6584 0.2627 0.0000
vt 0.6191 0.2682 0.0000
vt 0.6136 0.2288 0.0000
vt 0.6530 0.2233 0.0000
vt 0.6604 0.2227 0.0000
vt 0.6659 0.2621 0.0000
vt 0.6743 0.2609 0.0000
vt 0.6689 0.2216 0.0000
vt 0.6758 0.2206 0.0000
vt 0.6813 0.2600 0.0000
vt 0.6912 0.2589 0.0000
vt 0.6857 0.2196 0.0000
vt 0.7072 0.2590 0.0000
vt 0.7017 0.2197 0.0000
vt 0.7110 0.2205 0.0000
vt 0.7164 0.2598 0.0000
vt 0.7287 0.2616 0.0000
vt 0.7232 0.2222 0.0000
vt 0.7314 0.2237 0.0000
vt 0.7368 0.2630 0.0000
vt 0.7464 0.2642 0.0000
vt 0.7409 0.2258 0.0000
vt 0.7679 0.2667 0.0000
vt 0.7636 0.2290 0.0000
vt 0.7764 0.2300 0.0000
vt 0.7796 0.2682 0.0000
vt 0.8068 0.1681 0.0000
vt 0.7999 0.1710 0.0000
vt 0.7777 0.1398 0.0000
vt 0.7852 0.1359 0.0000
vt 0.8114 0.1661 0.0000
vt 0.7895 0.1335 0.0000
vt 0.8172 0.1637 0.0000
vt 0.7955 0.1301 0.0000
vt 0.8039 0.1250 0.0000
vt 0.8250 0.1606 0.0000
vt 0.8317 0.1582 0.0000
vt 0.8119 0.1199 0.0000
vt 0.8277 0.1110 0.0000
vt 0.8448 0.1556 0.0000
vt 0.8430 0.1038 0.0000
vt 0.8566 0.1552 0.0000
vt 0.8524 0.1004 0.0000
vt 0.8635 0.1559 0.0000
vt 0.8798 0.1597 0.0000
vt 0.8754 0.0979 0.0000
vt 0.8931 0.1004 0.0000
vt 0.8924 0.1601 0.0000
vt 0.9128 0.1044 0.0000
vt 0.9068 0.1609 0.0000
vt 0.9349 0.1097 0.0000
vt 0.9241 0.1633 0.0000
vt 0.9349 0.1660 0.0000
vt 0.9481 0.1136 0.0000
vt 0.9544 0.1154 0.0000
vt 0.9403 0.1675 0.0000
vt 0.9659 0.1182 0.0000
vt 0.9508 0.1701 0.0000
vt 0.9738 0.1191 0.0000
vt 0.9585 0.1710 0.0000
vt 0.5793 0.3071 0.0000
vt 0.5884 0.3100 0.0000
vt 0.5927 0.2560 0.0000
vt 0.5836 0.2531 0.0000
vt 0.5730 0.3058 0.0000
vt 0.5773 0.2518 0.0000
vt 0.5723 0.2516 0.0000
vt 0.5681 0.3056 0.0000
vt 0.8881 0.4432 0.0000
vt 0.8819 0.4426 0.0000
vt 0.8780 0.3886 0.0000
vt 0.8842 0.3892 0.0000
vt 0.8958 0.4444 0.0000
vt 0.8919 0.3904 0.0000
vt 0.9016 0.3916 0.0000
vt 0.9052 0.4456 0.0000
vt 0.9156 0.4457 0.0000
vt 0.9133 0.3917 0.0000
vt 0.9265 0.3909 0.0000
vt 0.9265 0.4453 0.0000
vt 0.9360 0.3903 0.0000
vt 0.9340 0.4453 0.0000
vt 0.9456 0.4462 0.0000
vt 0.9513 0.3899 0.0000
vt 0.9694 0.3898 0.0000
vt 0.9585 0.4480 0.0000
vt 0.8105 0.2425 0.0000
vt 0.7859 0.1885 0.0000
vt 0.7992 0.1798 0.0000
vt 0.8206 0.2380 0.0000
vt 0.8293 0.2319 0.0000
vt 0.8125 0.1736 0.0000
vt 0.8371 0.2265 0.0000
vt 0.8253 0.1705 0.0000
vt 0.8426 0.2236 0.0000
vt 0.8344 0.1700 0.0000
vt 0.8488 0.1706 0.0000
vt 0.8519 0.2200 0.0000
vt 0.8610 0.2179 0.0000
vt 0.8623 0.1724 0.0000
vt 0.8738 0.2176 0.0000
vt 0.8799 0.1764 0.0000
vt 0.8896 0.1793 0.0000
vt 0.8811 0.2184 0.0000
vt 0.9066 0.1853 0.0000
vt 0.8944 0.2212 0.0000
vt 0.9207 0.1908 0.0000
vt 0.9059 0.2248 0.0000
vt 0.9232 0.2316 0.0000
vt 0.9408 0.1984 0.0000
vt 0.9354 0.2365 0.0000
vt 0.9541 0.2022 0.0000
vt 0.9563 0.2425 0.0000
vt 0.9758 0.2077 0.0000
vt 0.7653 0.0284 0.0000
vt 0.7599 0.0677 0.0000
vt 0.7205 0.0623 0.0000
vt 0.7260 0.0229 0.0000
vt 0.7130 0.0617 0.0000
vt 0.7185 0.0223 0.0000
vt 0.7046 0.0605 0.0000
vt 0.7101 0.0211 0.0000
vt 0.6976 0.0595 0.0000
vt 0.7031 0.0202 0.0000
vt 0.6932 0.0192 0.0000
vt 0.6877 0.0585 0.0000
vt 0.6717 0.0586 0.0000
vt 0.6772 0.0192 0.0000
vt 0.6625 0.0594 0.0000
vt 0.6680 0.0200 0.0000
vt 0.6557 0.0218 0.0000
vt 0.6502 0.0611 0.0000
vt 0.6421 0.0626 0.0000
vt 0.6475 0.0233 0.0000
vt 0.6326 0.0638 0.0000
vt 0.6380 0.0254 0.0000
vt 0.6110 0.0663 0.0000
vt 0.6154 0.0286 0.0000
vt 0.6025 0.0296 0.0000
vt 0.5994 0.0678 0.0000
vt 0.9758 0.0642 0.0000
vt 0.9536 0.0954 0.0000
vt 0.9465 0.0924 0.0000
vt 0.9683 0.0603 0.0000
vt 0.9421 0.0905 0.0000
vt 0.9640 0.0579 0.0000
vt 0.9363 0.0881 0.0000
vt 0.9580 0.0545 0.0000
vt 0.9496 0.0494 0.0000
vt 0.9286 0.0850 0.0000
vt 0.9219 0.0826 0.0000
vt 0.9416 0.0443 0.0000
vt 0.9258 0.0354 0.0000
vt 0.9087 0.0800 0.0000
vt 0.8970 0.0796 0.0000
vt 0.9105 0.0282 0.0000
vt 0.9011 0.0248 0.0000
vt 0.8900 0.0803 0.0000
vt 0.8737 0.0841 0.0000
vt 0.8782 0.0223 0.0000
vt 0.8612 0.0845 0.0000
vt 0.8604 0.0248 0.0000
vt 0.8407 0.0289 0.0000
vt 0.8467 0.0853 0.0000
vt 0.8294 0.0877 0.0000
vt 0.8186 0.0342 0.0000
vt 0.8186 0.0904 0.0000
vt 0.8054 0.0380 0.0000
vt 0.8132 0.0920 0.0000
vt 0.7991 0.0398 0.0000
vt 0.8027 0.0945 0.0000
vt 0.7876 0.0426 0.0000
vt 0.7950 0.0954 0.0000
vt 0.7797 0.0435 0.0000
vt 0.8456 0.3939 0.0000
vt 0.8495 0.4480 0.0000
vt 0.8586 0.4451 0.0000
vt 0.8547 0.3911 0.0000
vt 0.8687 0.4433 0.0000
vt 0.8648 0.3893 0.0000
vt 0.8740 0.4429 0.0000
vt 0.8701 0.3889 0.0000
vt 0.5663 0.2512 0.0000
vt 0.5620 0.3053 0.0000
vt 0.5586 0.3057 0.0000
vt 0.5629 0.2517 0.0000
vt 0.5509 0.3069 0.0000
vt 0.5552 0.2529 0.0000
vt 0.5415 0.3080 0.0000
vt 0.5454 0.2541 0.0000
vt 0.5311 0.3081 0.0000
vt 0.5338 0.2540 0.0000
vt 0.5202 0.3076 0.0000
vt 0.5206 0.2531 0.0000
vt 0.5127 0.3075 0.0000
vt 0.5111 0.2525 0.0000
vt 0.5011 0.3083 0.0000
vt 0.4957 0.2520 0.0000
vt 0.4882 0.3100 0.0000
vt 0.4776 0.2517 0.0000
vt 0.9733 0.2639 0.0000
vt 0.9488 0.3179 0.0000
vt 0.9387 0.3134 0.0000
vt 0.9601 0.2552 0.0000
vt 0.9300 0.3072 0.0000
vt 0.9468 0.2490 0.0000
vt 0.9222 0.3019 0.0000
vt 0.9340 0.2458 0.0000
vt 0.9167 0.2990 0.0000
vt 0.9249 0.2454 0.0000
vt 0.9074 0.2953 0.0000
vt 0.9104 0.2460 0.0000
vt 0.8983 0.2933 0.0000
vt 0.8970 0.2478 0.0000
vt 0.8855 0.2930 0.0000
vt 0.8793 0.2518 0.0000
vt 0.8782 0.2938 0.0000
vt 0.8697 0.2547 0.0000
vt 0.8649 0.2966 0.0000
vt 0.8527 0.2607 0.0000
vt 0.8534 0.3002 0.0000
vt 0.8386 0.2662 0.0000
vt 0.8361 0.3070 0.0000
vt 0.8185 0.2738 0.0000
vt 0.8239 0.3119 0.0000
vt 0.8052 0.2776 0.0000
vt 0.8030 0.3179 0.0000
vt 0.7835 0.2830 0.0000
vt 0.9782 0.5330 0.0000
vt 0.9811 0.5355 0.0000
vt 0.9683 0.5338 0.0000
vt 0.9654 0.5313 0.0000
vt 0.4847 0.5847 0.0000
vt 0.4853 0.5885 0.0000
vt 0.4761 0.5869 0.0000
vt 0.4755 0.5831 0.0000
vt 0.4868 0.5708 0.0000
vt 0.4890 0.5676 0.0000
vt 0.4865 0.5584 0.0000
vt 0.4843 0.5615 0.0000
vt 0.5292 0.5272 0.0000
vt 0.5262 0.5297 0.0000
vt 0.5149 0.5329 0.0000
vt 0.5179 0.5305 0.0000
vt 0.7578 0.5463 0.0000
vt 0.7759 0.5448 0.0000
vt 0.7754 0.5486 0.0000
vt 0.7573 0.5502 0.0000
vt 0.6665 0.5639 0.0000
vt 0.6644 0.5643 0.0000
vt 0.6649 0.5708 0.0000
vt 0.6667 0.5741 0.0000
vt 0.9725 0.4912 0.0000
vt 0.9664 0.4855 0.0000
vt 0.9651 0.4818 0.0000
vt 0.9713 0.4876 0.0000
vt 0.4634 0.5850 0.0000
vt 0.4629 0.5812 0.0000
vt 0.4875 0.5520 0.0000
vt 0.4856 0.5513 0.0000
vt 0.6661 0.4143 0.0000
vt 0.6712 0.4089 0.0000
vt 0.6700 0.4125 0.0000
vt 0.6642 0.4177 0.0000
vt 0.7859 0.5439 0.0000
vt 0.7854 0.5478 0.0000
vt 0.6639 0.5592 0.0000
vt 0.6620 0.5600 0.0000
vt 0.9634 0.4816 0.0000
vt 0.9622 0.4779 0.0000
vt 0.4562 0.5841 0.0000
vt 0.4556 0.5803 0.0000
vt 0.4904 0.5479 0.0000
vt 0.4885 0.5469 0.0000
vt 0.6749 0.4055 0.0000
vt 0.6730 0.4088 0.0000
vt 0.8039 0.5435 0.0000
vt 0.8035 0.5473 0.0000
vt 0.9582 0.4771 0.0000
vt 0.9570 0.4734 0.0000
vt 0.4426 0.5835 0.0000
vt 0.4420 0.5797 0.0000
vt 0.5688 0.2515 0.0000
vt 0.5645 0.3055 0.0000
vt 0.6797 0.4014 0.0000
vt 0.6777 0.4047 0.0000
vt 0.8190 0.5442 0.0000
vt 0.8185 0.5480 0.0000
vt 0.6550 0.5539 0.0000
vt 0.6531 0.5505 0.0000
vt 0.6586 0.5536 0.0000
vt 0.6580 0.5555 0.0000
vt 0.9485 0.4684 0.0000
vt 0.9497 0.4721 0.0000
vt 0.4305 0.5842 0.0000
vt 0.4299 0.5804 0.0000
vt 0.4944 0.5419 0.0000
vt 0.5001 0.5393 0.0000
vt 0.4979 0.5425 0.0000
vt 0.4948 0.5438 0.0000
vt 0.6868 0.3970 0.0000
vt 0.6848 0.4003 0.0000
vt 0.8404 0.5460 0.0000
vt 0.8399 0.5498 0.0000
vt 0.6474 0.5523 0.0000
vt 0.6455 0.5489 0.0000
vt 0.9404 0.4702 0.0000
vt 0.9392 0.4666 0.0000
vt 0.4120 0.5862 0.0000
vt 0.4114 0.5824 0.0000
vt 0.5078 0.5385 0.0000
vt 0.5057 0.5417 0.0000
vt 0.6938 0.3956 0.0000
vt 0.6918 0.3990 0.0000
vt 0.8542 0.5475 0.0000
vt 0.8537 0.5513 0.0000
vt 0.8351 0.5330 0.0000
vt 0.8611 0.5029 0.0000
vt 0.8640 0.5054 0.0000
vt 0.8381 0.5355 0.0000
vt 0.6377 0.5538 0.0000
vt 0.6358 0.5504 0.0000
vt 0.9226 0.4668 0.0000
vt 0.9214 0.4631 0.0000
vt 0.3990 0.5880 0.0000
vt 0.3984 0.5842 0.0000
vt 0.5170 0.5407 0.0000
vt 0.5149 0.5439 0.0000
vt 0.7050 0.3964 0.0000
vt 0.7069 0.3930 0.0000
vt 0.6325 0.4996 0.0000
vt 0.6575 0.5305 0.0000
vt 0.6545 0.5329 0.0000
vt 0.6295 0.5021 0.0000
vt 0.8761 0.5526 0.0000
vt 0.8765 0.5488 0.0000
vt 0.6267 0.5577 0.0000
vt 0.6248 0.5544 0.0000
vt 0.9057 0.4664 0.0000
vt 0.9045 0.4627 0.0000
vt 0.3774 0.5899 0.0000
vt 0.3768 0.5861 0.0000
vt 0.8709 0.5025 0.0000
vt 0.8680 0.5000 0.0000
vt 0.5265 0.5449 0.0000
vt 0.5244 0.5481 0.0000
vt 0.7187 0.3934 0.0000
vt 0.7167 0.3967 0.0000
vt 0.6227 0.4990 0.0000
vt 0.6257 0.4965 0.0000
vt 0.6144 0.5627 0.0000
vt 0.6126 0.5593 0.0000
vt 0.8957 0.4672 0.0000
vt 0.8945 0.4636 0.0000
vt 0.8765 0.4999 0.0000
vt 0.8794 0.5024 0.0000
vt 0.5364 0.5497 0.0000
vt 0.5342 0.5529 0.0000
vt 0.7255 0.3946 0.0000
vt 0.7236 0.3979 0.0000
vt 0.6142 0.4986 0.0000
vt 0.6171 0.4962 0.0000
vt 0.6059 0.5669 0.0000
vt 0.6041 0.5635 0.0000
vt 0.8729 0.4707 0.0000
vt 0.8717 0.4670 0.0000
vt 0.8858 0.5052 0.0000
vt 0.8829 0.5027 0.0000
vt 0.5428 0.5536 0.0000
vt 0.5406 0.5568 0.0000
vt 0.7416 0.3995 0.0000
vt 0.7396 0.4029 0.0000
vt 0.6076 0.5012 0.0000
vt 0.6106 0.4988 0.0000
vt 0.5924 0.5742 0.0000
vt 0.5905 0.5708 0.0000
vt 0.8554 0.4746 0.0000
vt 0.8542 0.4710 0.0000
vt 0.8909 0.5087 0.0000
vt 0.8938 0.5112 0.0000
vt 0.5524 0.5601 0.0000
vt 0.5503 0.5633 0.0000
vt 0.7532 0.4043 0.0000
vt 0.7512 0.4076 0.0000
vt 0.5995 0.5070 0.0000
vt 0.6025 0.5045 0.0000
vt 0.5766 0.5831 0.0000
vt 0.5747 0.5797 0.0000
vt 0.8363 0.4809 0.0000
vt 0.8351 0.4773 0.0000
vt 0.9050 0.5161 0.0000
vt 0.9080 0.5186 0.0000
vt 0.5631 0.5676 0.0000
vt 0.5609 0.5708 0.0000
vt 0.7657 0.4116 0.0000
vt 0.7638 0.4149 0.0000
vt 0.5851 0.5140 0.0000
vt 0.5881 0.5116 0.0000
vt 0.6926 0.5492 0.0000
vt 0.6768 0.5475 0.0000
vt 0.6773 0.5437 0.0000
vt 0.6931 0.5454 0.0000
vt 0.8148 0.4884 0.0000
vt 0.8136 0.4847 0.0000
vt 0.9135 0.5199 0.0000
vt 0.9164 0.5224 0.0000
vt 0.5317 0.5817 0.0000
vt 0.5323 0.5855 0.0000
vt 0.5213 0.5870 0.0000
vt 0.5207 0.5832 0.0000
vt 0.7806 0.4206 0.0000
vt 0.7786 0.4239 0.0000
vt 0.5766 0.5175 0.0000
vt 0.5796 0.5151 0.0000
vt 0.7077 0.5469 0.0000
vt 0.7073 0.5507 0.0000
vt 0.8013 0.4909 0.0000
vt 0.8001 0.4873 0.0000
vt 0.9251 0.5241 0.0000
vt 0.9281 0.5266 0.0000
vt 0.5107 0.5883 0.0000
vt 0.5101 0.5845 0.0000
vt 0.7910 0.4246 0.0000
vt 0.7891 0.4280 0.0000
vt 0.5648 0.5214 0.0000
vt 0.5678 0.5190 0.0000
vt 0.7208 0.5485 0.0000
vt 0.7203 0.5524 0.0000
vt 0.7947 0.4912 0.0000
vt 0.7935 0.4876 0.0000
vt 0.9332 0.5260 0.0000
vt 0.9361 0.5285 0.0000
vt 0.5014 0.5898 0.0000
vt 0.5008 0.5860 0.0000
vt 0.7965 0.4258 0.0000
vt 0.7946 0.4291 0.0000
vt 0.5567 0.5232 0.0000
vt 0.5597 0.5207 0.0000
vt 0.7299 0.5488 0.0000
vt 0.7294 0.5526 0.0000
vt 0.7830 0.4895 0.0000
vt 0.7818 0.4859 0.0000
vt 0.9429 0.5272 0.0000
vt 0.9458 0.5297 0.0000
vt 0.4951 0.5899 0.0000
vt 0.4945 0.5861 0.0000
vt 0.8073 0.4259 0.0000
vt 0.8053 0.4292 0.0000
vt 0.5472 0.5243 0.0000
vt 0.5502 0.5219 0.0000
vt 0.7443 0.5476 0.0000
vt 0.7438 0.5515 0.0000
vt 0.7754 0.4874 0.0000
vt 0.7742 0.4837 0.0000
vt 0.8150 0.4253 0.0000
vt 0.8131 0.4286 0.0000
vt 0.6615 0.5797 0.0000
vt 0.6634 0.5831 0.0000
vt 0.8782 0.4428 0.0000
vt 0.8743 0.3888 0.0000
vt 0.6600 0.5571 0.0000
vt 0.6616 0.5557 0.0000
vt 0.4912 0.5436 0.0000
vt 0.4927 0.5452 0.0000
vt 0.7340 0.1262 0.0000
vt 0.7733 0.1316 0.0000
vt 0.7679 0.1710 0.0000
vt 0.7285 0.1655 0.0000
vt 0.7265 0.1256 0.0000
vt 0.7210 0.1649 0.0000
vt 0.7126 0.1638 0.0000
vt 0.7181 0.1244 0.0000
vt 0.7056 0.1628 0.0000
vt 0.7111 0.1234 0.0000
vt 0.6957 0.1618 0.0000
vt 0.7012 0.1224 0.0000
vt 0.6797 0.1619 0.0000
vt 0.6852 0.1225 0.0000
vt 0.6705 0.1627 0.0000
vt 0.6760 0.1233 0.0000
vt 0.6582 0.1644 0.0000
vt 0.6637 0.1250 0.0000
vt 0.6501 0.1658 0.0000
vt 0.6555 0.1265 0.0000
vt 0.6406 0.1671 0.0000
vt 0.6460 0.1286 0.0000
vt 0.6190 0.1695 0.0000
vt 0.6234 0.1319 0.0000
vt 0.6074 0.1710 0.0000
vt 0.6105 0.1328 0.0000
vt 0.7660 0.3542 0.0000
vt 0.7470 0.3874 0.0000
vt 0.7396 0.3851 0.0000
vt 0.7589 0.3518 0.0000
vt 0.7350 0.3836 0.0000
vt 0.7537 0.3491 0.0000
vt 0.7291 0.3817 0.0000
vt 0.7475 0.3463 0.0000
vt 0.7210 0.3794 0.0000
vt 0.7386 0.3420 0.0000
vt 0.7141 0.3776 0.0000
vt 0.7302 0.3377 0.0000
vt 0.7008 0.3763 0.0000
vt 0.7136 0.3303 0.0000
vt 0.6977 0.3246 0.0000
vt 0.6891 0.3771 0.0000
vt 0.6823 0.3784 0.0000
vt 0.6880 0.3221 0.0000
vt 0.6649 0.3217 0.0000
vt 0.6663 0.3838 0.0000
vt 0.6539 0.3853 0.0000
vt 0.6475 0.3259 0.0000
vt 0.6396 0.3875 0.0000
vt 0.6282 0.3319 0.0000
vt 0.6226 0.3915 0.0000
vt 0.6067 0.3392 0.0000
vt 0.6121 0.3953 0.0000
vt 0.5940 0.3443 0.0000
vt 0.6068 0.3973 0.0000
vt 0.5879 0.3467 0.0000
vt 0.5967 0.4008 0.0000
vt 0.5767 0.3505 0.0000
vt 0.5892 0.1023 0.0000
vt 0.5869 0.1564 0.0000
vt 0.5793 0.1548 0.0000
vt 0.5815 0.1006 0.0000
vt 0.5701 0.1522 0.0000
vt 0.5723 0.0981 0.0000
vt 0.5637 0.1511 0.0000
vt 0.5659 0.0970 0.0000
vt 0.5588 0.1511 0.0000
vt 0.5609 0.0970 0.0000
vt 0.5267 0.1768 0.0000
vt 0.5287 0.2310 0.0000
vt 0.5349 0.2317 0.0000
vt 0.5329 0.1776 0.0000
vt 0.5425 0.2333 0.0000
vt 0.5405 0.1791 0.0000
vt 0.5519 0.2348 0.0000
vt 0.5502 0.1807 0.0000
vt 0.5623 0.2353 0.0000
vt 0.5619 0.1812 0.0000
vt 0.5732 0.2353 0.0000
vt 0.5751 0.1808 0.0000
vt 0.5807 0.2355 0.0000
vt 0.5846 0.1806 0.0000
vt 0.5922 0.2368 0.0000
vt 0.6000 0.1807 0.0000
vt 0.5834 0.0196 0.0000
vt 0.5806 0.0761 0.0000
vt 0.5676 0.0760 0.0000
vt 0.5655 0.0168 0.0000
vt 0.5565 0.0765 0.0000
vt 0.5497 0.0149 0.0000
vt 0.5460 0.0749 0.0000
vt 0.5350 0.0152 0.0000
vt 0.5366 0.0736 0.0000
vt 0.5222 0.0182 0.0000
vt 0.5304 0.0734 0.0000
vt 0.5139 0.0218 0.0000
vt 0.5204 0.0743 0.0000
vt 0.5012 0.0288 0.0000
vt 0.5114 0.0765 0.0000
vt 0.4899 0.0364 0.0000
vt 0.7406 0.2727 0.0000
vt 0.7305 0.3171 0.0000
vt 0.7181 0.3137 0.0000
vt 0.7224 0.2722 0.0000
vt 0.7109 0.3126 0.0000
vt 0.7124 0.2726 0.0000
vt 0.6973 0.3120 0.0000
vt 0.6944 0.2742 0.0000
vt 0.6853 0.3126 0.0000
vt 0.6794 0.2760 0.0000
vt 0.6668 0.3148 0.0000
vt 0.6581 0.2783 0.0000
vt 0.6537 0.3166 0.0000
vt 0.6442 0.2787 0.0000
vt 0.6321 0.3171 0.0000
vt 0.6218 0.2785 0.0000
vt 0.6191 0.2196 0.0000
vt 0.6136 0.1802 0.0000
vt 0.6530 0.1748 0.0000
vt 0.6584 0.2141 0.0000
vt 0.6604 0.1742 0.0000
vt 0.6659 0.2135 0.0000
vt 0.6689 0.1730 0.0000
vt 0.6743 0.2123 0.0000
vt 0.6758 0.1720 0.0000
vt 0.6813 0.2114 0.0000
vt 0.6857 0.1710 0.0000
vt 0.6912 0.2104 0.0000
vt 0.7017 0.1711 0.0000
vt 0.7072 0.2104 0.0000
vt 0.7110 0.1719 0.0000
vt 0.7164 0.2112 0.0000
vt 0.7232 0.1736 0.0000
vt 0.7287 0.2130 0.0000
vt 0.7314 0.1751 0.0000
vt 0.7368 0.2144 0.0000
vt 0.7409 0.1772 0.0000
vt 0.7464 0.2157 0.0000
vt 0.7636 0.1804 0.0000
vt 0.7679 0.2181 0.0000
vt 0.7764 0.1814 0.0000
vt 0.7796 0.2196 0.0000
vt 0.7879 0.3558 0.0000
vt 0.7954 0.3519 0.0000
vt 0.8171 0.3842 0.0000
vt 0.8099 0.3871 0.0000
vt 0.7998 0.3496 0.0000
vt 0.8215 0.3823 0.0000
vt 0.8058 0.3462 0.0000
vt 0.8273 0.3799 0.0000
vt 0.8142 0.3412 0.0000
vt 0.8351 0.3769 0.0000
vt 0.8222 0.3361 0.0000
vt 0.8418 0.3745 0.0000
vt 0.8381 0.3273 0.0000
vt 0.8549 0.3720 0.0000
vt 0.8535 0.3202 0.0000
vt 0.8667 0.3717 0.0000
vt 0.8629 0.3168 0.0000
vt 0.8736 0.3724 0.0000
vt 0.8899 0.3763 0.0000
vt 0.8858 0.3144 0.0000
vt 0.9036 0.3171 0.0000
vt 0.9025 0.3768 0.0000
vt 0.9233 0.3212 0.0000
vt 0.9169 0.3776 0.0000
vt 0.9453 0.3267 0.0000
vt 0.9342 0.3801 0.0000
vt 0.9585 0.3306 0.0000
vt 0.9450 0.3830 0.0000
vt 0.9648 0.3324 0.0000
vt 0.9504 0.3845 0.0000
vt 0.9763 0.3353 0.0000
vt 0.9608 0.3871 0.0000
vt 0.4864 0.1827 0.0000
vt 0.4942 0.1810 0.0000
vt 0.4961 0.2352 0.0000
vt 0.4886 0.2368 0.0000
vt 0.5034 0.1785 0.0000
vt 0.5053 0.2326 0.0000
vt 0.5135 0.1770 0.0000
vt 0.5155 0.2312 0.0000
vt 0.5189 0.1768 0.0000
vt 0.5208 0.2310 0.0000
vt 0.5549 0.0969 0.0000
vt 0.5515 0.0974 0.0000
vt 0.5493 0.1516 0.0000
vt 0.5527 0.1510 0.0000
vt 0.5439 0.0989 0.0000
vt 0.5417 0.1531 0.0000
vt 0.5342 0.1005 0.0000
vt 0.5324 0.1546 0.0000
vt 0.5225 0.1009 0.0000
vt 0.5219 0.1550 0.0000
vt 0.5093 0.1005 0.0000
vt 0.5110 0.1549 0.0000
vt 0.4998 0.1002 0.0000
vt 0.5035 0.1551 0.0000
vt 0.4844 0.1003 0.0000
vt 0.4920 0.1564 0.0000
vt 0.4638 0.3260 0.0000
vt 0.4816 0.3232 0.0000
vt 0.4795 0.3824 0.0000
vt 0.4665 0.3825 0.0000
vt 0.4974 0.3213 0.0000
vt 0.4906 0.3829 0.0000
vt 0.5121 0.3216 0.0000
vt 0.5011 0.3813 0.0000
vt 0.5249 0.3246 0.0000
vt 0.5105 0.3800 0.0000
vt 0.5333 0.3282 0.0000
vt 0.5167 0.3798 0.0000
vt 0.5460 0.3352 0.0000
vt 0.5267 0.3808 0.0000
vt 0.5572 0.3428 0.0000
vt 0.5357 0.3829 0.0000
vt 0.6448 0.0709 0.0000
vt 0.6630 0.0704 0.0000
vt 0.6673 0.1118 0.0000
vt 0.6549 0.1152 0.0000
vt 0.6730 0.0707 0.0000
vt 0.6745 0.1107 0.0000
vt 0.6910 0.0723 0.0000
vt 0.6881 0.1101 0.0000
vt 0.7060 0.0741 0.0000
vt 0.7001 0.1107 0.0000
vt 0.7273 0.0764 0.0000
vt 0.7186 0.1130 0.0000
vt 0.7412 0.0768 0.0000
vt 0.7317 0.1147 0.0000
vt 0.7636 0.0767 0.0000
vt 0.7533 0.1152 0.0000
vt 0.6719 0.5324 0.0000
vt 0.6748 0.5299 0.0000
vt 0.6877 0.5282 0.0000
vt 0.6847 0.5307 0.0000
vt 0.7554 0.6071 0.0000
vt 0.7463 0.6091 0.0000
vt 0.7467 0.6053 0.0000
vt 0.7558 0.6033 0.0000
vt 0.5987 0.6302 0.0000
vt 0.5991 0.6340 0.0000
vt 0.5913 0.6285 0.0000
vt 0.5909 0.6247 0.0000
vt 0.5754 0.4861 0.0000
vt 0.5872 0.4857 0.0000
vt 0.5908 0.4870 0.0000
vt 0.5790 0.4875 0.0000
vt 0.7884 0.5769 0.0000
vt 0.8064 0.5788 0.0000
vt 0.8068 0.5827 0.0000
vt 0.7888 0.5807 0.0000
vt 0.4686 0.4347 0.0000
vt 0.4659 0.4446 0.0000
vt 0.4685 0.4417 0.0000
vt 0.4704 0.4356 0.0000
vt 0.6477 0.4504 0.0000
vt 0.6476 0.4538 0.0000
vt 0.6415 0.4597 0.0000
vt 0.6427 0.4560 0.0000
vt 0.6527 0.4696 0.0000
vt 0.6652 0.4673 0.0000
vt 0.6648 0.4712 0.0000
vt 0.6522 0.4734 0.0000
vt 0.5857 0.6199 0.0000
vt 0.5876 0.6191 0.0000
vt 0.6290 0.4680 0.0000
vt 0.6266 0.4606 0.0000
vt 0.6266 0.4568 0.0000
vt 0.6290 0.4642 0.0000
vt 0.7788 0.5797 0.0000
vt 0.7784 0.5758 0.0000
vt 0.4721 0.4307 0.0000
vt 0.4738 0.4319 0.0000
vt 0.6517 0.4462 0.0000
vt 0.6505 0.4498 0.0000
vt 0.6725 0.4662 0.0000
vt 0.6720 0.4700 0.0000
vt 0.5852 0.6146 0.0000
vt 0.5872 0.6142 0.0000
vt 0.6256 0.4560 0.0000
vt 0.6256 0.4521 0.0000
vt 0.7604 0.5751 0.0000
vt 0.7608 0.5789 0.0000
vt 0.6569 0.4417 0.0000
vt 0.6557 0.4454 0.0000
vt 0.6860 0.4652 0.0000
vt 0.6856 0.4690 0.0000
vt 0.5552 0.1511 0.0000
vt 0.5574 0.0970 0.0000
vt 0.6236 0.4501 0.0000
vt 0.6236 0.4462 0.0000
vt 0.7457 0.5793 0.0000
vt 0.7453 0.5755 0.0000
vt 0.4846 0.4248 0.0000
vt 0.4820 0.4276 0.0000
vt 0.4787 0.4285 0.0000
vt 0.4786 0.4265 0.0000
vt 0.6654 0.4367 0.0000
vt 0.6642 0.4404 0.0000
vt 0.6981 0.4655 0.0000
vt 0.6976 0.4694 0.0000
vt 0.5880 0.6082 0.0000
vt 0.5896 0.6052 0.0000
vt 0.5892 0.6014 0.0000
vt 0.5865 0.6070 0.0000
vt 0.6196 0.4427 0.0000
vt 0.6196 0.4389 0.0000
vt 0.7243 0.5806 0.0000
vt 0.7239 0.5768 0.0000
vt 0.4898 0.4278 0.0000
vt 0.4924 0.4249 0.0000
vt 0.6747 0.4349 0.0000
vt 0.6735 0.4385 0.0000
vt 0.7167 0.4670 0.0000
vt 0.7162 0.4708 0.0000
vt 0.5950 0.5996 0.0000
vt 0.5946 0.5957 0.0000
vt 0.6142 0.4381 0.0000
vt 0.6142 0.4342 0.0000
vt 0.7100 0.5780 0.0000
vt 0.7104 0.5818 0.0000
vt 0.7891 0.5023 0.0000
vt 0.7920 0.4998 0.0000
vt 0.8179 0.5299 0.0000
vt 0.8150 0.5324 0.0000
vt 0.4989 0.4315 0.0000
vt 0.5014 0.4287 0.0000
vt 0.6926 0.4315 0.0000
vt 0.6913 0.4351 0.0000
vt 0.7298 0.4684 0.0000
vt 0.7293 0.4722 0.0000
vt 0.6035 0.5954 0.0000
vt 0.6031 0.5916 0.0000
vt 0.6042 0.4292 0.0000
vt 0.6042 0.4254 0.0000
vt 0.4582 0.5308 0.0000
vt 0.4546 0.5294 0.0000
vt 0.4687 0.4923 0.0000
vt 0.4723 0.4936 0.0000
vt 0.6881 0.5827 0.0000
vt 0.6877 0.5788 0.0000
vt 0.5087 0.4379 0.0000
vt 0.5113 0.4350 0.0000
vt 0.7095 0.4311 0.0000
vt 0.7082 0.4347 0.0000
vt 0.7514 0.4696 0.0000
vt 0.7509 0.4734 0.0000
vt 0.7851 0.4969 0.0000
vt 0.7822 0.4994 0.0000
vt 0.6135 0.5926 0.0000
vt 0.6131 0.5888 0.0000
vt 0.5938 0.4198 0.0000
vt 0.5938 0.4236 0.0000
vt 0.4742 0.4872 0.0000
vt 0.4778 0.4886 0.0000
vt 0.5195 0.4455 0.0000
vt 0.5220 0.4426 0.0000
vt 0.7182 0.4356 0.0000
vt 0.7194 0.4319 0.0000
vt 0.7766 0.4968 0.0000
vt 0.7736 0.4993 0.0000
vt 0.6242 0.5900 0.0000
vt 0.6238 0.5862 0.0000
vt 0.5873 0.4213 0.0000
vt 0.5873 0.4174 0.0000
vt 0.4821 0.4842 0.0000
vt 0.4857 0.4855 0.0000
vt 0.5268 0.4516 0.0000
vt 0.5293 0.4487 0.0000
vt 0.7422 0.4354 0.0000
vt 0.7410 0.4391 0.0000
vt 0.7701 0.4996 0.0000
vt 0.7672 0.5021 0.0000
vt 0.6316 0.5889 0.0000
vt 0.6312 0.5851 0.0000
vt 0.5709 0.4137 0.0000
vt 0.5709 0.4175 0.0000
vt 0.4892 0.4846 0.0000
vt 0.4928 0.4860 0.0000
vt 0.5383 0.4618 0.0000
vt 0.5409 0.4589 0.0000
vt 0.7597 0.4393 0.0000
vt 0.7585 0.4430 0.0000
vt 0.7592 0.5081 0.0000
vt 0.7622 0.5056 0.0000
vt 0.6431 0.5877 0.0000
vt 0.6427 0.5839 0.0000
vt 0.5585 0.4158 0.0000
vt 0.5585 0.4119 0.0000
vt 0.4987 0.4875 0.0000
vt 0.5023 0.4889 0.0000
vt 0.6789 0.4930 0.0000
vt 0.6608 0.4941 0.0000
vt 0.6605 0.4903 0.0000
vt 0.6786 0.4892 0.0000
vt 0.7776 0.4493 0.0000
vt 0.7788 0.4457 0.0000
vt 0.7451 0.5156 0.0000
vt 0.7480 0.5131 0.0000
vt 0.8159 0.6053 0.0000
vt 0.8154 0.6091 0.0000
vt 0.8025 0.6079 0.0000
vt 0.8029 0.6041 0.0000
vt 0.5440 0.4159 0.0000
vt 0.5440 0.4120 0.0000
vt 0.5145 0.4897 0.0000
vt 0.5181 0.4911 0.0000
vt 0.6947 0.4921 0.0000
vt 0.6944 0.4882 0.0000
vt 0.7991 0.4568 0.0000
vt 0.8003 0.4531 0.0000
vt 0.7366 0.5193 0.0000
vt 0.7395 0.5168 0.0000
vt 0.7914 0.6070 0.0000
vt 0.7918 0.6032 0.0000
vt 0.5266 0.4162 0.0000
vt 0.5266 0.4124 0.0000
vt 0.5238 0.4904 0.0000
vt 0.5274 0.4917 0.0000
vt 0.7091 0.4874 0.0000
vt 0.7094 0.4912 0.0000
vt 0.8126 0.4594 0.0000
vt 0.8138 0.4557 0.0000
vt 0.7279 0.5210 0.0000
vt 0.7250 0.5235 0.0000
vt 0.7808 0.6061 0.0000
vt 0.7812 0.6023 0.0000
vt 0.5155 0.4145 0.0000
vt 0.5155 0.4106 0.0000
vt 0.5362 0.4904 0.0000
vt 0.5398 0.4917 0.0000
vt 0.7226 0.4902 0.0000
vt 0.7223 0.4864 0.0000
vt 0.8192 0.4597 0.0000
vt 0.8204 0.4560 0.0000
vt 0.7169 0.5255 0.0000
vt 0.7198 0.5230 0.0000
vt 0.7714 0.6051 0.0000
vt 0.7719 0.6012 0.0000
vt 0.5102 0.4127 0.0000
vt 0.5102 0.4089 0.0000
vt 0.5444 0.4895 0.0000
vt 0.5480 0.4909 0.0000
vt 0.7316 0.4904 0.0000
vt 0.7313 0.4865 0.0000
vt 0.8308 0.4579 0.0000
vt 0.8321 0.4543 0.0000
vt 0.7072 0.5267 0.0000
vt 0.7101 0.5242 0.0000
vt 0.7652 0.6053 0.0000
vt 0.7656 0.6014 0.0000
vt 0.5008 0.4075 0.0000
vt 0.5008 0.4036 0.0000
vt 0.5538 0.4876 0.0000
vt 0.5574 0.4890 0.0000
vt 0.7457 0.4884 0.0000
vt 0.7460 0.4922 0.0000
vt 0.4672 0.4541 0.0000
vt 0.4691 0.4618 0.0000
vt 0.4717 0.4589 0.0000
vt 0.4697 0.4512 0.0000
vt 0.6055 0.6340 0.0000
vt 0.6058 0.6378 0.0000
vt 0.7594 0.4941 0.0000
vt 0.7591 0.4903 0.0000
vt 0.5231 0.1769 0.0000
vt 0.5251 0.2311 0.0000
vt 0.4764 0.4296 0.0000
vt 0.4752 0.4278 0.0000
vt 0.5851 0.6104 0.0000
vt 0.5873 0.6106 0.0000
# 936 texture coords

o Cintas_Plane
g Cintas_Plane
usemtl Hooty_owl_house_Checher
s 1
f 151/250/84 152/251/84 153/252/84 
f 153/252/84 154/253/84 151/250/84 
f 151/250/85 154/253/85 155/254/86 
f 155/254/86 156/255/87 151/250/85 
f 157/256/88 156/255/87 155/254/86 
f 155/254/86 158/257/88 157/256/88 
f 158/257/88 159/258/89 160/259/90 
f 160/259/90 157/256/88 158/257/88 
f 161/260/91 160/259/90 159/258/89 
f 159/258/89 162/261/92 161/260/91 
f 163/262/93 161/260/91 162/261/92 
f 162/261/92 164/263/94 163/262/93 
f 164/263/94 165/264/95 166/265/96 
f 166/265/96 163/262/93 164/263/94 
f 167/266/97 166/265/96 165/264/95 
f 165/264/95 168/267/98 167/266/97 
f 167/266/97 168/267/98 169/268/99 
f 169/268/99 170/269/100 167/266/97 
f 171/270/101 170/269/100 169/268/99 
f 169/268/99 172/271/102 171/270/101 
f 173/272/103 171/270/101 172/271/102 
f 172/271/102 174/273/104 173/272/103 
f 173/272/103 174/273/104 175/274/105 
f 175/274/105 176/275/106 173/272/103 
f 177/276/107 176/277/106 175/278/105 
f 175/278/105 178/279/108 177/276/107 
f 179/280/109 177/276/107 178/279/108 
f 178/279/108 180/281/110 179/280/109 
f 181/282/111 179/280/109 180/281/110 
f 180/281/110 182/283/112 181/282/111 
f 182/283/112 183/284/113 184/285/114 
f 184/285/114 181/282/111 182/283/112 
f 185/286/115 184/285/114 183/284/113 
f 183/284/113 186/287/116 185/286/115 
f 185/286/115 186/287/116 187/288/117 
f 187/288/117 188/289/118 185/286/115 
f 187/288/117 189/290/119 190/291/120 
f 190/291/120 188/289/118 187/288/117 
f 190/291/120 189/290/119 191/292/121 
f 191/292/121 192/293/122 190/291/120 
f 193/294/123 192/293/122 191/292/121 
f 191/292/121 194/295/124 193/294/123 
f 195/296/125 196/297/126 193/294/123 
f 193/294/123 194/295/124 195/296/125 
f 197/298/127 198/299/128 196/297/126 
f 196/297/126 195/296/125 197/298/127 
f 197/298/127 199/300/129 200/301/130 
f 200/301/130 198/299/128 197/298/127 
f 201/302/131 200/301/130 199/300/129 
f 199/300/129 202/303/132 201/302/131 
f 203/304/133 204/305/134 201/302/131 
f 201/302/131 202/303/132 203/304/133 
f 203/304/133 205/306/135 206/307/136 
f 206/307/136 204/305/134 203/304/133 
f 206/307/136 205/306/135 207/308/137 
f 207/308/137 208/309/138 206/307/136 
f 209/310/139 208/311/138 207/312/137 
f 207/312/137 210/313/140 209/310/139 
f 211/314/141 209/310/139 210/313/140 
f 210/313/140 212/315/142 211/314/141 
f 213/316/143 214/317/144 211/314/141 
f 211/314/141 212/315/142 213/316/143 
f 215/318/145 216/319/146 217/320/146 
f 217/320/146 218/321/145 215/318/145 
f 219/322/147 215/318/145 218/321/145 
f 218/321/145 220/323/148 219/322/147 
f 219/322/147 220/323/148 221/324/149 
f 221/324/149 222/325/150 219/322/147 
f 223/326/151 222/325/150 221/324/149 
f 221/324/149 224/327/152 223/326/151 
f 224/327/152 225/328/153 226/329/154 
f 226/329/154 223/326/151 224/327/152 
f 225/328/153 227/330/155 228/331/156 
f 228/331/156 226/329/154 225/328/153 
f 229/332/157 228/331/156 227/330/155 
f 227/330/155 230/333/158 229/332/157 
f 230/333/158 231/334/159 232/335/160 
f 232/335/160 229/332/157 230/333/158 
f 232/336/160 231/337/159 233/338/161 
f 233/338/161 234/339/162 232/336/160 
f 235/340/163 234/339/162 233/338/161 
f 233/338/161 236/341/164 235/340/163 
f 237/342/165 235/340/163 236/341/164 
f 236/341/164 238/343/166 237/342/165 
f 239/344/167 237/342/165 238/343/166 
f 238/343/166 240/345/168 239/344/167 
f 240/345/168 241/346/169 242/347/170 
f 242/347/170 239/344/167 240/345/168 
f 243/348/171 242/347/170 241/346/169 
f 241/346/169 244/349/172 243/348/171 
f 245/350/173 243/348/171 244/349/172 
f 244/349/172 246/351/174 245/350/173 
f 247/352/175 248/353/176 245/350/173 
f 245/350/173 246/351/174 247/352/175 
f 248/353/176 247/352/175 249/354/177 
f 249/354/177 250/355/178 248/353/176 
f 251/356/179 252/357/180 250/355/178 
f 250/355/178 249/354/177 251/356/179 
f 253/358/181 252/357/180 251/356/179 
f 251/356/179 254/359/182 253/358/181 
f 255/360/183 253/358/181 254/359/182 
f 254/359/182 256/361/184 255/360/183 
f 257/362/185 255/360/183 256/361/184 
f 256/361/184 258/363/185 257/362/185 
f 259/364/186 260/365/186 261/366/186 
f 261/366/186 262/367/186 259/364/186 
f 262/367/187 261/366/187 263/368/188 
f 263/368/188 264/369/189 262/367/187 
f 265/370/190 266/371/190 264/369/189 
f 264/369/189 263/368/188 265/370/190 
f 267/372/191 268/373/192 266/371/190 
f 266/371/190 265/370/190 267/372/191 
f 269/374/193 268/373/192 267/372/191 
f 267/372/191 270/375/194 269/374/193 
f 269/374/193 270/375/194 271/376/195 
f 271/376/195 272/377/196 269/374/193 
f 273/378/197 274/379/198 272/377/196 
f 272/377/196 271/376/195 273/378/197 
f 275/380/199 274/379/198 273/378/197 
f 273/378/197 276/381/200 275/380/199 
f 277/382/201 278/383/202 275/380/199 
f 275/380/199 276/381/200 277/382/201 
f 277/382/201 279/384/203 280/385/204 
f 280/385/204 278/383/202 277/382/201 
f 281/386/205 282/387/206 280/385/204 
f 280/385/204 279/384/203 281/386/205 
f 283/388/207 282/387/206 281/386/205 
f 281/386/205 284/389/208 283/388/207 
f 283/390/207 284/391/208 285/392/209 
f 285/392/209 286/393/210 283/390/207 
f 287/394/211 288/395/212 286/393/210 
f 286/393/210 285/392/209 287/394/211 
f 288/395/212 287/394/211 289/396/213 
f 289/396/213 290/397/214 288/395/212 
f 291/398/215 290/397/214 289/396/213 
f 289/396/213 292/399/216 291/398/215 
f 293/400/217 294/401/218 291/398/215 
f 291/398/215 292/399/216 293/400/217 
f 295/402/219 294/401/218 293/400/217 
f 293/400/217 296/403/220 295/402/219 
f 296/403/220 297/404/221 298/405/222 
f 298/405/222 295/402/219 296/403/220 
f 299/406/223 298/405/222 297/404/221 
f 297/404/221 300/407/224 299/406/223 
f 300/407/224 301/408/225 302/409/226 
f 302/409/226 299/406/223 300/407/224 
f 301/408/225 303/410/227 304/411/228 
f 304/411/228 302/409/226 301/408/225 
f 305/412/229 304/411/228 303/410/227 
f 303/410/227 306/413/230 305/412/229 
f 306/413/230 307/414/231 308/415/232 
f 308/415/232 305/412/229 306/413/230 
f 307/414/231 309/416/233 310/417/234 
f 310/417/234 308/415/232 307/414/231 
f 310/417/234 309/416/233 311/418/235 
f 311/418/235 312/419/236 310/417/234 
f 312/419/236 311/418/235 313/420/237 
f 313/420/237 314/421/238 312/419/236 
f 314/421/238 313/420/237 315/422/239 
f 315/422/239 316/423/240 314/421/238 
f 316/424/240 315/425/239 317/426/241 
f 317/426/241 318/427/242 316/424/240 
f 318/427/242 317/426/241 319/428/243 
f 319/428/243 320/429/244 318/427/242 
f 320/429/244 319/428/243 321/430/245 
f 321/430/245 322/431/246 320/429/244 
f 323/432/247 324/433/248 325/434/249 
f 325/434/249 326/435/250 323/432/247 
f 326/435/250 325/434/249 327/436/251 
f 327/436/251 328/437/252 326/435/250 
f 328/437/252 327/436/251 329/438/253 
f 329/438/253 330/439/254 328/437/252 
f 330/439/254 329/438/253 331/440/255 
f 331/440/255 332/441/256 330/439/254 
f 332/441/256 331/440/255 333/442/257 
f 333/442/257 334/443/258 332/441/256 
f 334/443/258 333/442/257 335/444/259 
f 335/444/259 336/445/260 334/443/258 
f 336/445/260 335/444/259 337/446/261 
f 337/446/261 338/447/262 336/445/260 
f 338/447/262 337/446/261 339/448/263 
f 339/448/263 340/449/264 338/447/262 
f 340/450/264 339/451/263 341/452/265 
f 341/452/265 342/453/266 340/450/264 
f 342/453/266 341/452/265 343/454/267 
f 343/454/267 344/455/268 342/453/266 
f 344/455/268 343/454/267 345/456/269 
f 345/456/269 346/457/270 344/455/268 
f 346/457/270 345/456/269 347/458/271 
f 347/458/271 348/459/272 346/457/270 
f 348/459/272 347/458/271 349/460/273 
f 349/460/273 350/461/274 348/459/272 
f 350/461/274 349/460/273 351/462/275 
f 351/462/275 352/463/276 350/461/274 
f 352/463/276 351/462/275 353/464/277 
f 353/464/277 354/465/278 352/463/276 
f 354/465/278 353/464/277 355/466/279 
f 355/466/279 356/467/280 354/465/278 
f 356/467/280 355/466/279 357/468/281 
f 357/468/281 358/469/282 356/467/280 
f 357/468/281 359/470/283 360/471/284 
f 360/471/284 358/469/282 357/468/281 
f 359/470/283 361/472/285 362/473/286 
f 362/473/286 360/471/284 359/470/283 
f 362/473/286 361/472/285 363/474/287 
f 363/474/287 364/475/288 362/473/286 
f 363/474/287 365/476/289 366/477/289 
f 366/477/289 364/475/288 363/474/287 
f 283/478/290 175/479/291 174/480/292 
f 174/480/292 282/481/293 283/478/290 
f 349/482/294 242/483/295 243/484/296 
f 243/484/296 351/485/297 349/482/294 
f 315/486/298 208/487/299 209/488/300 
f 209/488/300 317/489/301 315/486/298 
f 281/490/302 173/491/303 176/492/304 
f 176/492/304 284/493/305 281/490/302 
f 352/494/306 354/495/307 246/496/308 
f 246/496/308 244/497/309 352/494/306 
f 320/498/310 212/499/311 210/500/312 
f 210/500/312 318/501/313 320/498/310 
f 283/502/290 286/503/314 178/504/315 
f 178/504/315 175/505/291 283/502/290 
f 351/485/297 243/484/296 245/506/316 
f 245/506/316 353/507/317 351/485/297 
f 317/489/301 209/488/300 211/508/318 
f 211/508/318 319/509/319 317/489/301 
f 176/510/304 177/511/320 285/512/321 
f 285/512/321 284/513/305 176/510/304 
f 354/495/307 356/514/322 247/515/323 
f 247/515/323 246/496/308 354/495/307 
f 320/498/310 322/516/324 213/517/325 
f 213/517/325 212/499/311 320/498/310 
f 178/504/315 286/503/314 288/518/326 
f 288/518/326 180/519/327 178/504/315 
f 245/506/316 248/520/328 355/521/329 
f 355/521/329 353/507/317 245/506/316 
f 211/508/318 214/522/330 321/523/331 
f 321/523/331 319/509/319 211/508/318 
f 179/524/332 287/525/333 285/512/321 
f 285/512/321 177/511/320 179/524/332 
f 356/514/322 358/526/334 249/527/335 
f 249/527/335 247/515/323 356/514/322 
f 288/518/326 290/528/336 182/529/337 
f 182/529/337 180/519/327 288/518/326 
f 355/521/329 248/520/328 250/530/338 
f 250/530/338 357/531/339 355/521/329 
f 323/432/247 367/532/340 368/533/340 
f 368/533/340 324/433/248 323/432/247 
f 179/524/332 181/534/341 289/535/342 
f 289/535/342 287/525/333 179/524/332 
f 360/536/343 251/537/344 249/527/335 
f 249/527/335 358/526/334 360/536/343 
f 326/538/345 218/539/346 217/540/347 
f 217/540/347 323/541/348 326/538/345 
f 183/542/349 182/529/337 290/528/336 
f 290/528/336 291/543/350 183/542/349 
f 357/531/339 250/530/338 252/544/351 
f 252/544/351 359/545/352 357/531/339 
f 216/546/353 215/547/354 325/548/355 
f 325/548/355 324/549/353 216/546/353 
f 184/550/356 292/551/357 289/535/342 
f 289/535/342 181/534/341 184/550/356 
f 360/536/343 362/552/358 254/553/359 
f 254/553/359 251/537/344 360/536/343 
f 218/539/346 326/538/345 328/554/360 
f 328/554/360 220/555/361 218/539/346 
f 183/542/349 291/543/350 294/556/362 
f 294/556/362 186/557/363 183/542/349 
f 359/545/352 252/544/351 253/558/364 
f 253/558/364 361/559/365 359/545/352 
f 325/548/355 215/547/354 219/560/366 
f 219/560/366 327/561/367 325/548/355 
f 184/550/356 185/562/368 293/563/369 
f 293/563/369 292/551/357 184/550/356 
f 254/553/359 362/552/358 364/564/370 
f 364/564/370 256/565/371 254/553/359 
f 259/566/372 262/567/373 154/568/374 
f 154/568/374 153/569/372 259/566/372 
f 330/570/375 221/571/376 220/555/361 
f 220/555/361 328/554/360 330/570/375 
f 294/556/362 295/572/377 187/573/378 
f 187/573/378 186/557/363 294/556/362 
f 361/559/365 253/558/364 255/574/379 
f 255/574/379 363/575/380 361/559/365 
f 222/576/381 329/577/382 327/561/367 
f 327/561/367 219/560/366 222/576/381 
f 296/578/383 293/563/369 185/562/368 
f 185/562/368 188/579/384 296/578/383 
f 261/580/385 260/581/386 152/582/386 
f 152/582/386 151/583/387 261/580/385 
f 258/584/388 256/565/371 364/564/370 
f 364/564/370 366/585/388 258/584/388 
f 332/586/389 224/587/390 221/571/376 
f 221/571/376 330/570/375 332/586/389 
f 298/588/391 189/589/392 187/573/378 
f 187/573/378 295/572/377 298/588/391 
f 255/574/379 257/590/393 365/591/393 
f 365/591/393 363/575/380 255/574/379 
f 155/592/394 154/568/374 262/567/373 
f 262/567/373 264/593/395 155/592/394 
f 329/577/382 222/576/381 223/594/396 
f 223/594/396 331/595/397 329/577/382 
f 296/578/383 188/579/384 190/596/398 
f 190/596/398 297/597/399 296/578/383 
f 151/583/387 156/598/400 263/599/401 
f 263/599/401 261/580/385 151/583/387 
f 224/587/390 332/586/389 334/600/402 
f 334/600/402 225/601/403 224/587/390 
f 189/589/392 298/588/391 299/602/404 
f 299/602/404 191/603/405 189/589/392 
f 266/604/372 158/605/372 155/592/394 
f 155/592/394 264/593/395 266/604/372 
f 331/595/397 223/594/396 226/606/406 
f 226/606/406 333/607/407 331/595/397 
f 192/608/408 300/609/409 297/597/399 
f 297/597/399 190/596/398 192/608/408 
f 263/599/401 156/598/400 157/610/386 
f 157/610/386 265/611/386 263/599/401 
f 334/600/402 336/612/410 227/613/411 
f 227/613/411 225/601/403 334/600/402 
f 191/603/405 299/602/404 302/614/412 
f 302/614/412 194/615/413 191/603/405 
f 159/616/372 158/605/372 266/604/372 
f 266/604/372 268/617/372 159/616/372 
f 228/618/414 335/619/415 333/607/407 
f 333/607/407 226/606/406 228/618/414 
f 192/608/408 193/620/416 301/621/417 
f 301/621/417 300/609/409 192/608/408 
f 160/622/386 267/623/386 265/611/386 
f 265/611/386 157/610/386 160/622/386 
f 336/612/410 338/624/418 230/625/419 
f 230/625/419 227/613/411 336/612/410 
f 304/626/420 195/627/421 194/615/413 
f 194/615/413 302/614/412 304/626/420 
f 269/628/422 162/629/423 159/616/424 
f 159/616/424 268/617/424 269/628/422 
f 335/619/415 228/618/414 229/630/425 
f 229/630/425 337/631/426 335/619/415 
f 301/621/417 193/620/416 196/632/427 
f 196/632/427 303/633/428 301/621/417 
f 267/623/429 160/622/429 161/634/430 
f 161/634/430 270/635/356 267/623/429 
f 338/624/418 340/636/431 231/637/432 
f 231/637/432 230/625/419 338/624/418 
f 304/626/420 305/638/433 197/639/434 
f 197/639/434 195/627/421 304/626/420 
f 269/628/422 272/640/435 164/641/436 
f 164/641/436 162/629/423 269/628/422 
f 337/631/426 229/630/425 232/642/437 
f 232/642/437 339/643/438 337/631/426 
f 198/644/439 306/645/440 303/633/428 
f 303/633/428 196/632/427 198/644/439 
f 161/634/430 163/646/441 271/647/442 
f 271/647/442 270/635/356 161/634/430 
f 233/648/443 231/649/432 340/650/431 
f 340/650/431 342/651/444 233/648/443 
f 305/638/433 308/652/445 199/653/446 
f 199/653/446 197/639/434 305/638/433 
f 164/641/436 272/640/435 274/654/447 
f 274/654/447 165/655/448 164/641/436 
f 339/656/438 232/657/437 234/658/449 
f 234/658/449 341/659/450 339/656/438 
f 306/645/440 198/644/439 200/660/451 
f 200/660/451 307/661/452 306/645/440 
f 271/647/442 163/646/441 166/662/453 
f 166/662/453 273/663/454 271/647/442 
f 342/651/444 344/664/455 236/665/456 
f 236/665/456 233/648/443 342/651/444 
f 308/652/445 310/666/457 202/667/458 
f 202/667/458 199/653/446 308/652/445 
f 165/655/448 274/654/447 275/668/459 
f 275/668/459 168/669/460 165/655/448 
f 341/659/450 234/658/449 235/670/461 
f 235/670/461 343/671/462 341/659/450 
f 307/661/452 200/660/451 201/672/463 
f 201/672/463 309/673/464 307/661/452 
f 273/663/454 166/662/453 167/674/465 
f 167/674/465 276/675/466 273/663/454 
f 346/676/467 238/677/468 236/665/456 
f 236/665/456 344/664/455 346/676/467 
f 202/667/458 310/666/457 312/678/469 
f 312/678/469 203/679/470 202/667/458 
f 275/668/459 278/680/471 169/681/472 
f 169/681/472 168/669/460 275/668/459 
f 343/671/462 235/670/461 237/682/473 
f 237/682/473 345/683/474 343/671/462 
f 201/672/463 204/684/475 311/685/476 
f 311/685/476 309/673/464 201/672/463 
f 276/675/466 167/674/465 170/686/477 
f 170/686/477 277/687/478 276/675/466 
f 346/676/467 348/688/479 240/689/480 
f 240/689/480 238/677/468 346/676/467 
f 203/679/470 312/678/469 314/690/481 
f 314/690/481 205/691/482 203/679/470 
f 280/692/483 172/693/484 169/681/472 
f 169/681/472 278/680/471 280/692/483 
f 237/682/473 239/694/485 347/695/486 
f 347/695/486 345/683/474 237/682/473 
f 204/684/475 206/696/487 313/697/488 
f 313/697/488 311/685/476 204/684/475 
f 170/686/477 171/698/489 279/699/490 
f 279/699/490 277/687/478 170/686/477 
f 348/688/479 350/700/491 241/701/492 
f 241/701/492 240/689/480 348/688/479 
f 314/690/481 316/702/493 207/703/494 
f 207/703/494 205/691/482 314/690/481 
f 280/692/483 282/481/293 174/480/292 
f 174/480/292 172/693/484 280/692/483 
f 239/694/485 242/483/295 349/482/294 
f 349/482/294 347/695/486 239/694/485 
f 313/697/488 206/696/487 208/704/299 
f 208/704/299 315/705/298 313/697/488 
f 171/698/489 173/491/303 281/490/302 
f 281/490/302 279/699/490 171/698/489 
f 350/700/491 352/494/306 244/497/309 
f 244/497/309 241/701/492 350/700/491 
f 210/500/312 207/706/494 316/707/493 
f 316/707/493 318/501/313 210/500/312 
f 369/708/495 216/319/496 217/320/496 
f 217/320/496 370/709/497 369/708/495 
f 322/431/246 321/430/245 369/708/495 
f 369/708/495 370/709/497 322/431/246 
f 367/532/498 368/533/498 214/317/144 
f 214/317/144 213/316/143 367/532/498 
f 367/710/499 213/517/325 322/516/324 
f 322/516/324 370/711/499 367/710/499 
f 217/540/347 370/711/500 367/710/500 
f 367/710/500 323/541/348 217/540/347 
f 369/712/501 321/523/331 214/522/330 
f 214/522/330 368/713/502 369/712/501 
f 369/712/501 368/713/502 324/549/500 
f 324/549/500 216/546/500 369/712/501 
f 371/714/84 372/715/84 373/716/84 
f 373/716/84 374/717/84 371/714/84 
f 375/718/86 371/714/85 374/717/85 
f 374/717/85 376/719/87 375/718/86 
f 375/718/86 376/719/87 377/720/88 
f 377/720/88 378/721/88 375/718/86 
f 378/721/88 377/720/88 379/722/90 
f 379/722/90 380/723/89 378/721/88 
f 380/723/89 379/722/90 381/724/91 
f 381/724/91 382/725/92 380/723/89 
f 382/725/92 381/724/91 383/726/93 
f 383/726/93 384/727/94 382/725/92 
f 384/727/94 383/726/93 385/728/503 
f 385/728/503 386/729/504 384/727/94 
f 386/729/504 385/728/503 387/730/505 
f 387/730/505 388/731/506 386/729/504 
f 388/731/506 387/730/505 389/732/507 
f 389/732/507 390/733/99 388/731/506 
f 390/733/99 389/732/507 391/734/508 
f 391/734/508 392/735/509 390/733/99 
f 392/735/509 391/734/508 393/736/510 
f 393/736/510 394/737/511 392/735/509 
f 394/737/511 393/736/510 395/738/512 
f 395/738/512 396/739/513 394/737/511 
f 396/740/513 395/741/512 397/742/514 
f 397/742/514 398/743/515 396/740/513 
f 398/743/515 397/742/514 399/744/516 
f 399/744/516 400/745/517 398/743/515 
f 400/745/517 399/744/516 401/746/518 
f 401/746/518 402/747/519 400/745/517 
f 402/747/519 401/746/518 403/748/520 
f 403/748/520 404/749/521 402/747/519 
f 404/749/521 403/748/520 405/750/522 
f 405/750/522 406/751/523 404/749/521 
f 406/751/523 405/750/522 407/752/524 
f 407/752/524 408/753/525 406/751/523 
f 409/754/526 408/753/525 407/752/524 
f 407/752/524 410/755/527 409/754/526 
f 411/756/528 412/757/529 409/754/526 
f 409/754/526 410/755/527 411/756/528 
f 413/758/530 412/757/529 411/756/528 
f 411/756/528 414/759/531 413/758/530 
f 414/759/531 415/760/532 416/761/533 
f 416/761/533 413/758/530 414/759/531 
f 415/760/532 417/762/534 418/763/535 
f 418/763/535 416/761/533 415/760/532 
f 418/763/535 417/762/534 419/764/536 
f 419/764/536 420/765/537 418/763/535 
f 420/765/537 419/764/536 421/766/538 
f 421/766/538 422/767/539 420/765/537 
f 422/767/539 421/766/538 423/768/540 
f 423/768/540 424/769/541 422/767/539 
f 424/769/541 423/768/540 425/770/542 
f 425/770/542 426/771/543 424/769/541 
f 426/772/543 425/773/542 427/774/544 
f 427/774/544 428/775/545 426/772/543 
f 428/775/545 427/774/544 429/776/546 
f 429/776/546 430/777/547 428/775/545 
f 430/777/547 429/776/546 431/778/548 
f 431/778/548 432/779/549 430/777/547 
f 432/779/549 431/778/548 433/780/550 
f 433/780/550 434/781/551 432/779/549 
f 435/782/552 436/783/552 437/784/553 
f 437/784/553 438/785/553 435/782/552 
f 438/785/553 437/784/553 439/786/554 
f 439/786/554 440/787/555 438/785/553 
f 440/787/555 439/786/554 441/788/556 
f 441/788/556 442/789/557 440/787/555 
f 442/789/557 441/788/556 443/790/558 
f 443/790/558 444/791/559 442/789/557 
f 444/791/559 443/790/558 445/792/560 
f 445/792/560 446/793/561 444/791/559 
f 446/793/561 445/792/560 447/794/562 
f 447/794/562 448/795/563 446/793/561 
f 448/795/563 447/794/562 449/796/564 
f 449/796/564 450/797/565 448/795/563 
f 450/798/565 449/799/564 451/800/566 
f 451/800/566 452/801/567 450/798/565 
f 452/801/567 451/800/566 453/802/568 
f 453/802/568 454/803/569 452/801/567 
f 454/803/569 453/802/568 455/804/570 
f 455/804/570 456/805/571 454/803/569 
f 456/805/571 455/804/570 457/806/572 
f 457/806/572 458/807/573 456/805/571 
f 458/807/573 457/806/572 459/808/574 
f 459/808/574 460/809/575 458/807/573 
f 460/809/575 459/808/574 461/810/576 
f 461/810/576 462/811/577 460/809/575 
f 462/811/577 461/810/576 463/812/578 
f 463/812/578 464/813/579 462/811/577 
f 464/814/579 463/815/578 465/816/580 
f 465/816/580 466/817/581 464/814/579 
f 465/816/580 467/818/582 468/819/583 
f 468/819/583 466/817/581 465/816/580 
f 468/819/583 467/818/582 469/820/584 
f 469/820/584 470/821/585 468/819/583 
f 469/820/584 471/822/586 472/823/587 
f 472/823/587 470/821/585 469/820/584 
f 471/822/586 473/824/588 474/825/589 
f 474/825/589 472/823/587 471/822/586 
f 473/824/588 475/826/590 476/827/591 
f 476/827/591 474/825/589 473/824/588 
f 475/826/590 477/828/592 478/829/592 
f 478/829/592 476/827/591 475/826/590 
f 479/830/186 480/831/186 481/832/186 
f 481/832/186 482/833/186 479/830/186 
f 481/832/187 483/834/189 484/835/188 
f 484/835/188 482/833/187 481/832/187 
f 483/834/189 485/836/190 486/837/190 
f 486/837/190 484/835/188 483/834/189 
f 485/836/190 487/838/192 488/839/191 
f 488/839/191 486/837/190 485/836/190 
f 487/838/192 489/840/193 490/841/194 
f 490/841/194 488/839/191 487/838/192 
f 489/840/193 491/842/196 492/843/195 
f 492/843/195 490/841/194 489/840/193 
f 491/842/196 493/844/593 494/845/594 
f 494/845/594 492/843/195 491/842/196 
f 493/844/593 495/846/595 496/847/596 
f 496/847/596 494/845/594 493/844/593 
f 495/846/595 497/848/202 498/849/597 
f 498/849/597 496/847/596 495/846/595 
f 497/848/202 499/850/598 500/851/599 
f 500/851/599 498/849/597 497/848/202 
f 499/850/598 501/852/600 502/853/601 
f 502/853/601 500/851/599 499/850/598 
f 501/852/600 503/854/602 504/855/603 
f 504/855/603 502/853/601 501/852/600 
f 503/856/602 505/857/604 506/858/605 
f 506/858/605 504/859/603 503/856/602 
f 505/857/604 507/860/606 508/861/607 
f 508/861/607 506/858/605 505/857/604 
f 507/860/606 509/862/608 510/863/609 
f 510/863/609 508/861/607 507/860/606 
f 509/862/608 511/864/610 512/865/611 
f 512/865/611 510/863/609 509/862/608 
f 511/864/610 513/866/612 514/867/613 
f 514/867/613 512/865/611 511/864/610 
f 513/866/612 515/868/614 516/869/615 
f 516/869/615 514/867/613 513/866/612 
f 515/868/614 517/870/616 518/871/617 
f 518/871/617 516/869/615 515/868/614 
f 517/870/616 519/872/618 520/873/619 
f 520/873/619 518/871/617 517/870/616 
f 521/874/620 520/873/619 519/872/618 
f 519/872/618 522/875/621 521/874/620 
f 523/876/622 524/877/623 521/874/620 
f 521/874/620 522/875/621 523/876/622 
f 524/877/623 523/876/622 525/878/624 
f 525/878/624 526/879/625 524/877/623 
f 527/880/626 528/881/627 526/879/625 
f 526/879/625 525/878/624 527/880/626 
f 529/882/628 530/883/629 528/881/627 
f 528/881/627 527/880/626 529/882/628 
f 529/882/628 531/884/630 532/885/631 
f 532/885/631 530/883/629 529/882/628 
f 531/884/630 533/886/632 534/887/633 
f 534/887/633 532/885/631 531/884/630 
f 533/888/632 535/889/634 536/890/635 
f 536/890/635 534/891/633 533/888/632 
f 535/889/634 537/892/636 538/893/637 
f 538/893/637 536/890/635 535/889/634 
f 537/892/636 539/894/638 540/895/639 
f 540/895/639 538/893/637 537/892/636 
f 539/894/638 541/896/640 542/897/641 
f 542/897/641 540/895/639 539/894/638 
f 543/898/642 544/899/643 545/900/644 
f 545/900/644 546/901/645 543/898/642 
f 544/899/643 547/902/646 548/903/647 
f 548/903/647 545/900/644 544/899/643 
f 547/902/646 549/904/648 550/905/649 
f 550/905/649 548/903/647 547/902/646 
f 549/904/648 551/906/650 552/907/651 
f 552/907/651 550/905/649 549/904/648 
f 551/906/650 553/908/652 554/909/653 
f 554/909/653 552/907/651 551/906/650 
f 553/908/652 555/910/654 556/911/655 
f 556/911/655 554/909/653 553/908/652 
f 555/910/654 557/912/656 558/913/657 
f 558/913/657 556/911/655 555/910/654 
f 557/914/656 559/915/658 560/916/659 
f 560/916/659 558/917/657 557/914/656 
f 559/915/658 561/918/660 562/919/661 
f 562/919/661 560/916/659 559/915/658 
f 561/918/660 563/920/662 564/921/663 
f 564/921/663 562/919/661 561/918/660 
f 563/920/662 565/922/664 566/923/665 
f 566/923/665 564/921/663 563/920/662 
f 565/922/664 567/924/666 568/925/667 
f 568/925/667 566/923/665 565/922/664 
f 567/924/666 569/926/668 570/927/669 
f 570/927/669 568/925/667 567/924/666 
f 569/926/668 571/928/670 572/929/671 
f 572/929/671 570/927/669 569/926/668 
f 571/930/670 573/931/672 574/932/673 
f 574/932/673 572/933/671 571/930/670 
f 573/931/672 575/934/674 576/935/675 
f 576/935/675 574/932/673 573/931/672 
f 575/934/674 577/936/676 578/937/677 
f 578/937/677 576/935/675 575/934/674 
f 579/938/678 580/939/679 578/937/677 
f 578/937/677 577/936/676 579/938/678 
f 581/940/680 582/941/681 580/939/679 
f 580/939/679 579/938/678 581/940/680 
f 581/940/680 583/942/682 584/943/683 
f 584/943/683 582/941/681 581/940/680 
f 585/944/684 586/945/684 584/943/683 
f 584/943/683 583/942/682 585/944/684 
f 396/946/685 503/947/686 501/948/687 
f 501/948/687 394/949/688 396/946/685 
f 570/950/689 572/951/690 463/952/691 
f 463/952/691 461/953/692 570/950/689 
f 427/954/693 536/955/694 538/956/695 
f 538/956/695 429/957/696 427/954/693 
f 502/958/697 504/959/698 395/960/699 
f 395/960/699 393/961/700 502/958/697 
f 573/962/701 571/963/702 464/964/703 
f 464/964/703 466/965/704 573/962/701 
f 539/966/705 537/967/706 430/968/707 
f 430/968/707 432/969/708 539/966/705 
f 398/970/709 505/971/710 503/972/686 
f 503/972/686 396/973/685 398/970/709 
f 572/974/690 574/975/711 465/976/712 
f 465/976/712 463/977/691 572/974/690 
f 429/957/696 538/956/695 540/978/713 
f 540/978/713 431/979/714 429/957/696 
f 504/980/698 506/981/715 397/982/514 
f 397/982/514 395/983/699 504/980/698 
f 468/984/716 575/985/717 573/962/701 
f 573/962/701 466/965/704 468/984/716 
f 541/986/718 539/966/705 432/969/708 
f 432/969/708 434/987/719 541/986/718 
f 400/988/720 507/989/721 505/971/710 
f 505/971/710 398/970/709 400/988/720 
f 574/975/711 576/990/722 467/991/723 
f 467/991/723 465/976/712 574/975/711 
f 431/979/714 540/978/713 542/992/724 
f 542/992/724 433/993/725 431/979/714 
f 506/981/715 508/994/726 399/995/516 
f 399/995/516 397/982/514 506/981/715 
f 577/996/727 575/985/717 468/984/716 
f 468/984/716 470/997/728 577/996/727 
f 402/998/729 509/999/730 507/989/721 
f 507/989/721 400/988/720 402/998/729 
f 576/990/722 578/1000/731 469/1001/732 
f 469/1001/732 467/991/723 576/990/722 
f 587/1002/733 588/1003/733 543/898/642 
f 543/898/642 546/901/645 587/1002/733 
f 508/994/726 510/1004/734 401/1005/735 
f 401/1005/735 399/995/516 508/994/726 
f 472/1006/736 579/1007/737 577/996/727 
f 577/996/727 470/997/728 472/1006/736 
f 438/1008/738 544/1009/739 543/1010/740 
f 543/1010/740 435/1011/741 438/1008/738 
f 404/1012/742 511/1013/743 509/999/730 
f 509/999/730 402/998/729 404/1012/742 
f 578/1000/731 580/1014/744 471/1015/745 
f 471/1015/745 469/1001/732 578/1000/731 
f 546/1016/746 545/1017/747 437/1018/748 
f 437/1018/748 436/1019/746 546/1016/746 
f 510/1004/734 512/1020/749 403/1021/750 
f 403/1021/750 401/1005/735 510/1004/734 
f 474/1022/751 581/1023/752 579/1007/737 
f 579/1007/737 472/1006/736 474/1022/751 
f 547/1024/753 544/1009/739 438/1008/738 
f 438/1008/738 440/1025/754 547/1024/753 
f 406/1026/755 513/1027/756 511/1013/743 
f 511/1013/743 404/1012/742 406/1026/755 
f 580/1014/744 582/1028/757 473/1029/758 
f 473/1029/758 471/1015/745 580/1014/744 
f 545/1017/747 548/1030/759 439/1031/760 
f 439/1031/760 437/1018/748 545/1017/747 
f 512/1020/749 514/1032/761 405/1033/762 
f 405/1033/762 403/1021/750 512/1020/749 
f 583/1034/763 581/1023/752 474/1022/751 
f 474/1022/751 476/1035/764 583/1034/763 
f 371/1036/765 481/1037/766 480/1038/386 
f 480/1038/386 372/1039/386 371/1036/765 
f 549/1040/767 547/1024/753 440/1025/754 
f 440/1025/754 442/1041/768 549/1040/767 
f 408/1042/769 515/1043/770 513/1027/756 
f 513/1027/756 406/1026/755 408/1042/769 
f 582/1028/757 584/1044/771 475/1045/772 
f 475/1045/772 473/1029/758 582/1028/757 
f 439/1031/760 548/1030/759 550/1046/773 
f 550/1046/773 441/1047/774 439/1031/760 
f 514/1032/761 516/1048/775 407/1049/776 
f 407/1049/776 405/1033/762 514/1032/761 
f 373/1050/372 479/1051/372 482/1052/777 
f 482/1052/777 374/1053/778 373/1050/372 
f 478/1054/779 585/1055/779 583/1034/763 
f 583/1034/763 476/1035/764 478/1054/779 
f 551/1056/780 549/1040/767 442/1041/768 
f 442/1041/768 444/1057/781 551/1056/780 
f 408/1042/769 409/1058/782 517/1059/783 
f 517/1059/783 515/1043/770 408/1042/769 
f 584/1044/771 586/1060/784 477/1061/784 
f 477/1061/784 475/1045/772 584/1044/771 
f 483/1062/785 481/1037/766 371/1036/765 
f 371/1036/765 375/1063/786 483/1062/785 
f 441/1047/774 550/1046/773 552/1064/787 
f 552/1064/787 443/1065/788 441/1047/774 
f 410/1066/789 407/1049/776 516/1048/775 
f 516/1048/775 518/1067/790 410/1066/789 
f 482/1052/777 484/1068/791 376/1069/792 
f 376/1069/792 374/1053/778 482/1052/777 
f 553/1070/793 551/1056/780 444/1057/781 
f 444/1057/781 446/1071/794 553/1070/793 
f 519/1072/795 517/1059/783 409/1058/782 
f 409/1058/782 412/1073/796 519/1072/795 
f 485/1074/386 483/1062/785 375/1063/786 
f 375/1063/786 378/1075/386 485/1074/386 
f 443/1065/788 552/1064/787 554/1076/797 
f 554/1076/797 445/1077/798 443/1065/788 
f 518/1067/790 520/1078/799 411/1079/800 
f 411/1079/800 410/1066/789 518/1067/790 
f 376/1069/792 484/1068/791 486/1080/372 
f 486/1080/372 377/1081/372 376/1069/792 
f 555/1082/801 553/1070/793 446/1071/794 
f 446/1071/794 448/1083/802 555/1082/801 
f 413/1084/803 522/1085/804 519/1072/795 
f 519/1072/795 412/1073/796 413/1084/803 
f 487/1086/386 485/1074/386 378/1075/386 
f 378/1075/386 380/1087/386 487/1086/386 
f 445/1077/798 554/1076/797 556/1088/805 
f 556/1088/805 447/1089/806 445/1077/798 
f 414/1090/807 411/1079/800 520/1078/799 
f 520/1078/799 521/1091/808 414/1090/807 
f 486/1080/372 488/1092/372 379/1093/372 
f 379/1093/372 377/1081/372 486/1080/372 
f 557/1094/809 555/1082/801 448/1083/802 
f 448/1083/802 450/1095/810 557/1094/809 
f 416/1096/811 523/1097/812 522/1085/804 
f 522/1085/804 413/1084/803 416/1096/811 
f 382/1098/813 489/1099/814 487/1086/815 
f 487/1086/815 380/1087/815 382/1098/813 
f 447/1089/806 556/1088/805 558/1100/816 
f 558/1100/816 449/1101/817 447/1089/806 
f 521/1091/808 524/1102/818 415/1103/819 
f 415/1103/819 414/1090/807 521/1091/808 
f 488/1092/820 490/1104/750 381/1105/821 
f 381/1105/821 379/1093/820 488/1092/820 
f 559/1106/822 557/1107/809 450/1108/810 
f 450/1108/810 452/1109/823 559/1106/822 
f 525/1110/824 523/1097/812 416/1096/811 
f 416/1096/811 418/1111/825 525/1110/824 
f 384/1112/826 491/1113/827 489/1099/814 
f 489/1099/814 382/1098/813 384/1112/826 
f 449/1114/817 558/1115/816 560/1116/828 
f 560/1116/828 451/1117/829 449/1114/817 
f 415/1103/819 524/1102/818 526/1118/830 
f 526/1118/830 417/1119/831 415/1103/819 
f 490/1104/750 492/1120/832 383/1121/833 
f 383/1121/833 381/1105/821 490/1104/750 
f 561/1122/834 559/1106/822 452/1109/823 
f 452/1109/823 454/1123/835 561/1122/834 
f 527/1124/836 525/1110/824 418/1111/825 
f 418/1111/825 420/1125/837 527/1124/836 
f 386/1126/838 493/1127/839 491/1113/827 
f 491/1113/827 384/1112/826 386/1126/838 
f 451/1117/829 560/1116/828 562/1128/840 
f 562/1128/840 453/1129/841 451/1117/829 
f 417/1119/831 526/1118/830 528/1130/842 
f 528/1130/842 419/1131/843 417/1119/831 
f 492/1120/832 494/1132/844 385/1133/845 
f 385/1133/845 383/1121/833 492/1120/832 
f 456/1134/846 563/1135/847 561/1122/834 
f 561/1122/834 454/1123/835 456/1134/846 
f 529/1136/848 527/1124/836 420/1125/837 
f 420/1125/837 422/1137/849 529/1136/848 
f 495/1138/850 493/1127/839 386/1126/838 
f 386/1126/838 388/1139/851 495/1138/850 
f 453/1129/841 562/1128/840 564/1140/852 
f 564/1140/852 455/1141/853 453/1129/841 
f 419/1131/843 528/1130/842 530/1142/854 
f 530/1142/854 421/1143/855 419/1131/843 
f 494/1132/844 496/1144/856 387/1145/857 
f 387/1145/857 385/1133/845 494/1132/844 
f 565/1146/858 563/1135/847 456/1134/846 
f 456/1134/846 458/1147/859 565/1146/858 
f 531/1148/860 529/1136/848 422/1137/849 
f 422/1137/849 424/1149/861 531/1148/860 
f 390/1150/862 497/1151/863 495/1138/850 
f 495/1138/850 388/1139/851 390/1150/862 
f 455/1141/853 564/1140/852 566/1152/864 
f 566/1152/864 457/1153/865 455/1141/853 
f 421/1143/855 530/1142/854 532/1154/866 
f 532/1154/866 423/1155/867 421/1143/855 
f 496/1144/856 498/1156/868 389/1157/869 
f 389/1157/869 387/1145/857 496/1144/856 
f 567/1158/870 565/1146/858 458/1147/859 
f 458/1147/859 460/1159/871 567/1158/870 
f 533/1160/872 531/1148/860 424/1149/861 
f 424/1149/861 426/1161/873 533/1160/872 
f 392/1162/874 499/1163/875 497/1151/863 
f 497/1151/863 390/1150/862 392/1162/874 
f 566/1152/864 568/1164/876 459/1165/877 
f 459/1165/877 457/1153/865 566/1152/864 
f 423/1155/867 532/1154/866 534/1166/878 
f 534/1166/878 425/1167/879 423/1155/867 
f 498/1156/868 500/1168/880 391/1169/881 
f 391/1169/881 389/1157/869 498/1156/868 
f 462/1170/882 569/1171/883 567/1158/870 
f 567/1158/870 460/1159/871 462/1170/882 
f 535/1172/884 533/1173/872 426/1174/873 
f 426/1174/873 428/1175/885 535/1172/884 
f 394/949/688 501/948/687 499/1163/875 
f 499/1163/875 392/1162/874 394/949/688 
f 568/1164/876 570/950/689 461/953/692 
f 461/953/692 459/1165/877 568/1164/876 
f 425/1176/879 534/1177/878 536/955/694 
f 536/955/694 427/954/693 425/1176/879 
f 500/1168/880 502/958/697 393/961/700 
f 393/961/700 391/1169/881 500/1168/880 
f 571/1178/702 569/1171/883 462/1170/882 
f 462/1170/882 464/1179/703 571/1178/702 
f 537/967/706 535/1172/884 428/1175/885 
f 428/1175/885 430/968/707 537/967/706 
f 589/1180/886 435/782/887 436/783/887 
f 436/783/887 590/1181/888 589/1180/886 
f 541/896/640 589/1180/886 590/1181/888 
f 590/1181/888 542/897/641 541/896/640 
f 433/780/550 587/1002/889 588/1003/889 
f 588/1003/889 434/781/551 433/780/550 
f 541/986/718 434/987/719 588/1182/890 
f 588/1182/890 589/1183/890 541/986/718 
f 589/1183/891 435/1011/741 543/1010/740 
f 543/1010/740 588/1182/891 589/1183/891 
f 542/992/724 590/1184/892 587/1185/893 
f 587/1185/893 433/993/725 542/992/724 
f 590/1184/892 436/1019/891 546/1016/891 
f 546/1016/891 587/1185/893 590/1184/892 
# 864 faces

#
# object Cone_Cone_001
#

v  -1.0566 1.6012 0.4640
v  -1.0592 1.6921 0.3411
v  -1.1935 1.4867 0.3406
v  -1.0559 1.5403 0.3854
v  -1.1413 1.5356 0.3408
v  -1.0563 1.5485 0.3411
v  -1.0556 1.5102 0.4209
v  -0.7604 1.5322 0.5938
v  -0.7576 1.7325 0.5463
v  -0.7568 1.8775 0.3423
v  -1.0557 1.6012 0.2182
v  -1.0556 1.5402 0.2967
v  -1.0550 1.5102 0.2614
v  -0.7594 1.5706 0.3422
v  -0.7599 1.5486 0.4819
v  -0.7560 1.7325 0.1382
v  -0.7585 1.5322 0.0907
v  -1.0552 1.5153 0.2748
v  -0.7586 1.5322 0.1330
v  -0.7589 1.5486 0.2022
v  -0.7602 1.5322 0.5514
v  -1.0557 1.5154 0.4074
v  -1.1675 1.4894 0.3407
# 23 vertices

vn -0.6057 0.2143 0.7662
vn -0.6612 0.7501 -0.0025
vn -0.8532 -0.5216 -0.0034
vn 0.2629 -0.8624 -0.4325
vn 0.6330 -0.7741 0.0023
vn 0.1135 -0.9935 0.0006
vn -0.1691 -0.8702 0.4628
vn -0.2801 -0.5278 0.8018
vn -0.4295 0.5319 0.7298
vn -0.5297 0.8481 -0.0020
vn -0.5999 0.2143 -0.7708
vn 0.2601 -0.8621 0.4349
vn -0.1656 -0.8701 -0.4641
vn 0.0776 -0.9970 0.0002
vn 0.1527 -0.9390 -0.3082
vn -0.4239 0.5319 -0.7330
vn -0.2740 -0.5278 -0.8039
vn 0.2807 -0.8919 0.3545
vn 0.1465 -0.9669 0.2087
vn 0.1509 -0.9387 0.3099
vn 0.1479 -0.9670 -0.2072
vn 0.2831 -0.8920 -0.3522
vn 0.3558 -0.9345 0.0012
# 23 vertex normals

vt 0.0377 0.4229 0.0000
vt 0.0378 0.4150 0.0000
vt 0.0523 0.4218 0.0000
vt 0.0432 0.4299 0.0000
vt 0.0501 0.4271 0.0000
vt 0.0450 0.4320 0.0000
vt 0.0414 0.4276 0.0000
vt 0.0172 0.4351 0.0000
vt 0.0135 0.4213 0.0000
vt 0.0154 0.4045 0.0000
vt 0.0438 0.4099 0.0000
vt 0.0527 0.4095 0.0000
vt 0.0555 0.4097 0.0000
vt 0.0550 0.4167 0.0000
vt 0.0497 0.4097 0.0000
vt 0.0269 0.4470 0.0000
vt 0.0216 0.4403 0.0000
vt 0.0271 0.3923 0.0000
vt 0.0402 0.3863 0.0000
vt 0.0506 0.4097 0.0000
vt 0.0426 0.3864 0.0000
vt 0.0468 0.3863 0.0000
vt 0.0189 0.4370 0.0000
vt 0.0420 0.4282 0.0000
vt 0.0528 0.4197 0.0000
vt 0.0510 0.4235 0.0000
vt 0.0555 0.3862 0.0000
# 27 texture coords

o Cone_Cone_001
g Cone_Cone_001
usemtl Hooty_owl_house_Checher
s 1
f 591/1186/894 592/1187/895 593/1188/896 
f 594/1189/897 595/1190/898 596/1191/899 
f 597/1192/900 591/1186/894 593/1188/896 
f 591/1186/894 598/1193/901 599/1194/902 
f 591/1186/894 597/1192/900 598/1193/901 
f 599/1194/902 600/1195/903 592/1187/895 
f 592/1187/895 591/1186/894 599/1194/902 
f 601/1196/904 593/1188/896 592/1187/895 
f 602/1197/905 596/1198/899 595/1199/898 
f 603/1200/906 593/1188/896 601/1196/904 
f 596/1191/899 604/1201/907 605/1202/908 
f 605/1202/908 594/1189/897 596/1191/899 
f 601/1196/904 606/1203/909 607/1204/910 
f 601/1196/904 607/1204/910 603/1200/906 
f 606/1203/909 601/1196/904 592/1187/895 
f 592/1187/895 600/1195/903 606/1203/909 
f 602/1197/905 608/1205/911 609/1206/912 
f 609/1206/912 610/1207/913 602/1197/905 
f 594/1189/897 605/1202/908 611/1208/914 
f 611/1208/914 612/1209/915 594/1189/897 
f 613/1210/916 608/1205/911 602/1197/905 
f 602/1197/905 595/1199/898 613/1210/916 
f 595/1190/898 594/1189/897 612/1209/915 
f 612/1209/915 613/1211/916 595/1190/898 
f 604/1212/907 596/1198/899 602/1197/905 
f 602/1197/905 610/1207/913 604/1212/907 
f 597/1192/900 593/1188/896 613/1211/916 
f 613/1211/916 612/1209/915 597/1192/900 
f 603/1200/906 608/1205/911 613/1210/916 
f 613/1210/916 593/1188/896 603/1200/906 
f 597/1192/900 612/1209/915 611/1208/914 
f 611/1208/914 598/1193/901 597/1192/900 
f 603/1200/906 607/1204/910 609/1206/912 
f 609/1206/912 608/1205/911 603/1200/906 
# 34 faces

#
# object Cone_001_Cone_003
#

v  -0.9798 1.4703 0.2199
v  -0.9828 1.3934 0.3413
v  -1.1492 1.5412 0.3407
v  -0.9797 1.5218 0.2976
v  -1.0912 1.5137 0.3409
v  -0.9804 1.5149 0.3413
v  -0.9792 1.5334 0.2625
v  -0.7601 1.5592 0.1336
v  -0.7580 1.3826 0.1730
v  -0.7587 1.2599 0.3422
v  -0.9807 1.4703 0.4628
v  -0.9800 1.5218 0.3852
v  -0.9798 1.5334 0.4202
v  -0.7609 1.5405 0.3422
v  -0.7604 1.5592 0.2264
v  -0.7593 1.3826 0.5114
v  -0.7617 1.5592 0.5508
v  -0.7613 1.5592 0.4583
# 18 vertices

vn -0.5540 -0.1950 -0.8093
vn -0.5678 -0.8231 -0.0022
vn -0.8747 0.4846 -0.0034
vn 0.0146 0.9630 0.2693
vn 0.2310 0.9729 0.0008
vn -0.0631 0.9980 -0.0004
vn -0.2401 0.9178 -0.3160
vn -0.3538 0.5738 -0.7385
vn -0.3848 -0.5467 -0.7436
vn -0.4954 -0.8686 -0.0019
vn -0.5602 -0.1950 0.8051
vn 0.0168 0.9629 -0.2693
vn -0.2425 0.9178 0.3142
vn -0.1167 0.9932 -0.0003
vn -0.1076 0.9874 0.1159
vn -0.3905 -0.5467 0.7406
vn -0.3593 0.5738 0.7359
vn -0.1066 0.9874 -0.1166
# 18 vertex normals

vt 0.0836 0.4420 0.0000
vt 0.0816 0.4524 0.0000
vt 0.0630 0.4426 0.0000
vt 0.0793 0.4341 0.0000
vt 0.0676 0.4380 0.0000
vt 0.0773 0.4313 0.0000
vt 0.0810 0.4364 0.0000
vt 0.1057 0.4314 0.0000
vt 0.1071 0.4473 0.0000
vt 0.1040 0.4642 0.0000
vt 0.0741 0.4599 0.0000
vt 0.0652 0.4608 0.0000
vt 0.0618 0.4608 0.0000
vt 0.0618 0.4490 0.0000
vt 0.0681 0.4609 0.0000
vt 0.0967 0.4183 0.0000
vt 0.1019 0.4257 0.0000
vt 0.0918 0.4763 0.0000
vt 0.0779 0.4842 0.0000
vt 0.0710 0.4842 0.0000
vt 0.0620 0.4841 0.0000
# 21 texture coords

o Cone_001_Cone_003
g Cone_001_Cone_003
usemtl Hooty_owl_house_Checher
s 1
f 614/1213/917 615/1214/918 616/1215/919 
f 617/1216/920 618/1217/921 619/1218/922 
f 620/1219/923 614/1213/917 616/1215/919 
f 614/1213/917 621/1220/924 622/1221/925 
f 614/1213/917 620/1219/923 621/1220/924 
f 622/1221/925 623/1222/926 615/1214/918 
f 615/1214/918 614/1213/917 622/1221/925 
f 624/1223/927 616/1215/919 615/1214/918 
f 625/1224/928 619/1225/922 618/1226/921 
f 626/1227/929 616/1215/919 624/1223/927 
f 619/1218/922 627/1228/930 628/1229/931 
f 628/1229/931 617/1216/920 619/1218/922 
f 624/1223/927 629/1230/932 630/1231/933 
f 624/1223/927 630/1231/933 626/1227/929 
f 629/1230/932 624/1223/927 615/1214/918 
f 615/1214/918 623/1222/926 629/1230/932 
f 631/1232/934 625/1224/928 626/1227/929 
f 626/1227/929 630/1231/933 631/1232/934 
f 620/1219/923 617/1216/920 628/1229/931 
f 628/1229/931 621/1220/924 620/1219/923 
f 618/1226/921 616/1215/919 626/1227/929 
f 626/1227/929 625/1224/928 618/1226/921 
f 620/1219/923 616/1215/919 618/1217/921 
f 618/1217/921 617/1216/920 620/1219/923 
f 627/1233/930 619/1225/922 625/1224/928 
f 625/1224/928 631/1232/934 627/1233/930 
# 26 faces

#
# object Hooty_Cylinder_002
#

v  -0.7691 0.7994 -0.2893
v  -0.7233 0.7963 -0.2913
v  -0.7240 0.6903 -0.1011
v  -0.7699 0.6938 -0.0997
v  -0.7706 0.6270 0.1068
v  -0.7248 0.6233 0.1062
v  -0.7858 0.6530 0.1124
v  -0.7850 0.7182 -0.0892
v  -0.7843 0.8213 -0.2742
v  -0.8562 1.5451 0.3389
v  -0.8563 1.5702 0.3117
v  -0.8548 1.4721 0.2904
v  -0.8550 1.4643 0.3375
v  -0.8552 1.4704 0.3849
v  -0.8565 1.5692 0.3671
v  -0.8572 1.7089 0.3419
v  -0.7256 0.5981 0.3225
v  -0.7715 0.6019 0.3224
v  -0.7265 0.6155 0.5396
v  -0.7723 0.6193 0.5388
v  -0.7866 0.6285 0.3228
v  -0.7874 0.6454 0.5340
v  -0.8564 1.5564 0.4019
v  -0.8553 1.4813 0.4314
v  -0.8555 1.5050 0.4729
v  -0.8567 1.5895 0.4186
v  -0.7273 0.6751 0.7491
v  -0.7731 0.6786 0.7475
v  -0.7280 0.7742 0.9430
v  -0.7738 0.7774 0.9408
v  -0.7889 0.7998 0.9264
v  -0.7882 0.7034 0.7377
v  -0.8556 1.5329 0.5117
v  -0.8566 1.5910 0.4557
v  -0.8568 1.6280 0.4585
v  -0.8558 1.5707 0.5410
v  -0.7286 0.9094 1.1138
v  -0.7745 0.9122 1.1110
v  -0.7750 1.0774 1.2517
v  -0.7292 1.0753 1.2550
v  -0.7900 1.0926 1.2298
v  -0.7895 0.9313 1.0924
v  -0.8559 1.6113 0.5662
v  -0.8568 1.6435 0.4921
v  -0.8559 1.6574 0.5787
v  -0.8569 1.6788 0.4806
v  -0.7296 1.2655 1.3610
v  -0.7754 1.2670 1.3574
v  -0.7756 1.4735 1.4241
v  -0.7298 1.4727 1.4280
v  -0.7907 1.4792 1.3981
v  -0.7904 1.2776 1.3329
v  -0.8568 1.7060 0.5057
v  -0.8559 1.7046 0.5865
v  -0.8559 1.7520 0.5804
v  -0.8569 1.7341 0.4816
v  -0.7299 1.6891 1.4532
v  -0.7757 1.6891 1.4492
v  -0.7757 1.9055 1.4319
v  -0.7299 1.9062 1.4358
v  -0.7907 1.9008 1.4056
v  -0.7908 1.6896 1.4225
v  -0.8568 1.7689 0.4944
v  -0.8559 1.7985 0.5695
v  -0.8558 1.8400 0.5458
v  -0.8568 1.7857 0.4613
v  -0.7296 2.1157 1.3762
v  -0.7755 2.1143 1.3725
v  -0.7751 2.3075 1.2737
v  -0.7293 2.3096 1.2771
v  -0.7905 2.1045 1.3477
v  -0.7901 2.2932 1.2513
v  -0.8566 1.8227 0.4598
v  -0.8557 1.8788 0.5179
v  -0.8555 1.9080 0.4801
v  -0.8567 1.8255 0.4228
v  -0.7287 2.4803 1.1419
v  -0.7746 2.4777 1.1390
v  -0.7739 2.6184 0.9737
v  -0.7281 2.6216 0.9760
v  -0.7896 2.4592 1.1198
v  -0.7890 2.5966 0.9585
v  -0.8564 1.8592 0.4073
v  -0.8554 1.9332 0.4395
v  -0.8552 1.9458 0.3934
v  -0.8565 1.8476 0.3721
v  -0.7274 2.7276 0.7858
v  -0.7732 2.7241 0.7841
v  -0.7724 2.7909 0.5776
v  -0.7266 2.7946 0.5786
v  -0.7875 2.7649 0.5719
v  -0.7883 2.6997 0.7734
v  -0.8562 1.8728 0.3448
v  -0.8550 1.9535 0.3463
v  -0.8549 1.9475 0.2989
v  -0.8563 1.8486 0.3167
v  -0.7258 2.8197 0.3622
v  -0.7716 2.8159 0.3620
v  -0.7708 2.7986 0.1456
v  -0.7250 2.8023 0.1451
v  -0.7867 2.7893 0.3615
v  -0.7859 2.7724 0.1503
v  -0.8547 1.9366 0.2523
v  -0.8560 1.8614 0.2819
v  -0.8545 1.9128 0.2108
v  -0.8561 1.8283 0.2651
v  -0.7242 2.7428 -0.0644
v  -0.7700 2.7392 -0.0631
v  -0.7693 2.6404 -0.2564
v  -0.7234 2.6436 -0.2583
v  -0.7852 2.7145 -0.0535
v  -0.7845 2.6180 -0.2421
v  -0.8544 1.8850 0.1720
v  -0.8557 1.8269 0.2281
v  -0.8543 1.8472 0.1428
v  -0.8559 1.7899 0.2253
v  -0.7228 2.5084 -0.4290
v  -0.7686 2.5057 -0.4266
v  -0.7681 2.3404 -0.5673
v  -0.7222 2.3426 -0.5702
v  -0.7838 2.4866 -0.4082
v  -0.7833 2.3253 -0.5455
v  -0.8541 1.8066 0.1176
v  -0.8556 1.7743 0.1916
v  -0.8541 1.7605 0.1050
v  -0.8559 1.7391 0.2032
v  -0.7218 2.1524 -0.6763
v  -0.7677 2.1508 -0.6730
v  -0.7674 1.9443 -0.7397
v  -0.7216 1.9451 -0.7433
v  -0.7829 2.1402 -0.6486
v  -0.7827 1.9387 -0.7138
v  -0.8541 1.7133 0.0973
v  -0.8556 1.7119 0.1780
v  -0.8541 1.6659 0.1033
v  -0.8559 1.6837 0.2022
v  -0.7215 1.7288 -0.7684
v  -0.7673 1.7287 -0.7648
v  -0.7674 1.5124 -0.7475
v  -0.7216 1.5117 -0.7510
v  -0.7826 1.7282 -0.7383
v  -0.7826 1.5171 -0.7213
v  -0.8541 1.6194 0.1142
v  -0.8556 1.6489 0.1894
v  -0.8542 1.5779 0.1380
v  -0.8559 1.6322 0.2225
v  -0.7218 1.3022 -0.6915
v  -0.7676 1.3036 -0.6881
v  -0.7222 1.1083 -0.5923
v  -0.7680 1.1103 -0.5893
v  -0.7829 1.3133 -0.6634
v  -0.7832 1.1247 -0.5670
v  -0.8543 1.5391 0.1658
v  -0.8557 1.5951 0.2239
v  -0.8545 1.5098 0.2036
v  -0.8561 1.5923 0.2609
v  -0.7227 0.9375 -0.4571
v  -0.7685 0.9402 -0.4546
v  -0.7837 0.9586 -0.4355
v  -0.7999 0.7170 0.1263
v  -0.8151 0.8084 0.1461
v  -0.8144 0.8639 -0.0258
v  -0.7992 0.7782 -0.0631
v  -0.7986 0.8751 -0.2369
v  -0.8138 0.9519 -0.1836
v  -0.8007 0.6940 0.3239
v  -0.8014 0.7099 0.5223
v  -0.8164 0.8019 0.5056
v  -0.8158 0.7875 0.3256
v  -0.8028 0.8549 0.8909
v  -0.8177 0.9336 0.8403
v  -0.8171 0.8513 0.6794
v  -0.8022 0.7643 0.7137
v  -0.8039 1.1299 1.1760
v  -0.8187 1.1833 1.0991
v  -0.8183 1.0457 0.9819
v  -0.8034 0.9784 1.0469
v  -0.8043 1.3038 1.2728
v  -0.8045 1.4931 1.3340
v  -0.8192 1.5130 1.2426
v  -0.8190 1.3411 1.1870
v  -0.8046 1.6908 1.3570
v  -0.8045 1.8892 1.3411
v  -0.8193 1.8725 1.2490
v  -0.8193 1.6925 1.2635
v  -0.8040 2.2578 1.1961
v  -0.8188 2.2072 1.1174
v  -0.8191 2.0463 1.1996
v  -0.8043 2.0806 1.2867
v  -0.8030 2.5428 0.9211
v  -0.8178 2.4660 0.8677
v  -0.8183 2.3488 1.0052
v  -0.8035 2.4138 1.0726
v  -0.8023 2.6397 0.7472
v  -0.8016 2.7009 0.5579
v  -0.8166 2.6095 0.5380
v  -0.8172 2.5539 0.7099
v  -0.8001 2.7080 0.1619
v  -0.8152 2.6159 0.1784
v  -0.8159 2.6304 0.3585
v  -0.8008 2.7239 0.3602
v  -0.7993 2.6536 -0.0295
v  -0.7987 2.5630 -0.2067
v  -0.8139 2.4843 -0.1562
v  -0.8145 2.5665 0.0046
v  -0.7976 2.2879 -0.4918
v  -0.8129 2.2346 -0.4150
v  -0.8134 2.3721 -0.2979
v  -0.7981 2.4394 -0.3628
v  -0.7972 2.1141 -0.5886
v  -0.7970 1.9247 -0.6499
v  -0.8124 1.9049 -0.5585
v  -0.8126 2.0768 -0.5030
v  -0.7970 1.5287 -0.6570
v  -0.8124 1.5453 -0.5650
v  -0.8123 1.7254 -0.5794
v  -0.7969 1.7271 -0.6728
v  -0.7975 1.1601 -0.5119
v  -0.8129 1.2107 -0.4333
v  -0.8126 1.3715 -0.5156
v  -0.7972 1.3373 -0.6025
v  -0.8133 1.0690 -0.3212
v  -0.7980 1.0041 -0.3884
v  -0.8273 0.9122 0.1687
v  -0.8365 1.0225 0.1926
v  -0.8360 1.0649 0.0616
v  -0.8267 0.9614 0.0166
v  -0.8262 1.0392 -0.1230
v  -0.8355 1.1319 -0.0587
v  -0.8285 0.9065 0.4867
v  -0.8375 1.0176 0.4667
v  -0.8370 1.0066 0.3294
v  -0.8279 0.8938 0.3274
v  -0.8296 1.0230 0.7828
v  -0.8385 1.1180 0.7217
v  -0.8380 1.0553 0.5991
v  -0.8291 0.9502 0.6405
v  -0.8305 1.2439 1.0117
v  -0.8393 1.3083 0.9190
v  -0.8389 1.2035 0.8297
v  -0.8301 1.1222 0.9081
v  -0.8310 1.5356 1.1387
v  -0.8397 1.5596 1.0283
v  -0.8395 1.4286 0.9860
v  -0.8308 1.3835 1.0895
v  -0.8310 1.8537 1.1444
v  -0.8397 1.8336 1.0332
v  -0.8397 1.6964 1.0442
v  -0.8311 1.6944 1.1571
v  -0.8306 2.1497 1.0279
v  -0.8393 2.0887 0.9329
v  -0.8396 1.9661 0.9956
v  -0.8308 2.0074 1.1007
v  -0.8297 2.3787 0.8070
v  -0.8386 2.2859 0.7426
v  -0.8390 2.1967 0.8474
v  -0.8302 2.2750 0.9287
v  -0.8376 2.3953 0.4913
v  -0.8381 2.3530 0.6223
v  -0.8292 2.4565 0.6674
v  -0.8286 2.5056 0.5153
v  -0.8274 2.5113 0.1972
v  -0.8366 2.4002 0.2172
v  -0.8371 2.4112 0.3545
v  -0.8280 2.5241 0.3566
v  -0.8263 2.3949 -0.0988
v  -0.8356 2.2999 -0.0378
v  -0.8361 2.3626 0.0848
v  -0.8268 2.4676 0.0435
v  -0.8254 2.1740 -0.3277
v  -0.8349 2.1096 -0.2351
v  -0.8352 2.2144 -0.1458
v  -0.8258 2.2956 -0.2241
v  -0.8249 1.8823 -0.4547
v  -0.8345 1.8583 -0.3444
v  -0.8346 1.9893 -0.3021
v  -0.8251 2.0343 -0.4055
v  -0.8344 1.5842 -0.3493
v  -0.8344 1.7215 -0.3603
v  -0.8249 1.7235 -0.4732
v  -0.8249 1.5642 -0.4604
v  -0.8348 1.3292 -0.2490
v  -0.8346 1.4518 -0.3117
v  -0.8251 1.4104 -0.4167
v  -0.8254 1.2681 -0.3439
v  -0.8257 1.1428 -0.2447
v  -0.8351 1.2212 -0.1635
v  -0.8430 1.1712 0.1079
v  -0.8434 1.1359 0.2172
v  -0.8486 1.2506 0.2422
v  -0.8482 1.2789 0.1547
v  -0.8479 1.3236 0.0744
v  -0.8426 1.2272 0.0074
v  -0.8443 1.1318 0.4460
v  -0.8493 1.2473 0.4252
v  -0.8489 1.2400 0.3335
v  -0.8439 1.1226 0.3314
v  -0.8451 1.2156 0.6590
v  -0.8499 1.3143 0.5955
v  -0.8496 1.2725 0.5136
v  -0.8447 1.1632 0.5566
v  -0.8454 1.2869 0.7491
v  -0.8457 1.3744 0.8237
v  -0.8504 1.4414 0.7272
v  -0.8502 1.3714 0.6676
v  -0.8461 1.5843 0.9150
v  -0.8507 1.6092 0.8003
v  -0.8506 1.5217 0.7720
v  -0.8459 1.4749 0.8796
v  -0.8461 1.8130 0.9191
v  -0.8507 1.7922 0.8035
v  -0.8507 1.7005 0.8109
v  -0.8461 1.6984 0.9283
v  -0.8460 1.9236 0.8876
v  -0.8458 2.0260 0.8353
v  -0.8504 1.9625 0.7365
v  -0.8506 1.8807 0.7784
v  -0.8452 2.1907 0.6764
v  -0.8500 2.0942 0.6094
v  -0.8502 2.0346 0.6794
v  -0.8455 2.1161 0.7639
v  -0.8448 2.2466 0.5760
v  -0.8444 2.2820 0.4666
v  -0.8493 2.1673 0.4416
v  -0.8496 2.1390 0.5291
v  -0.8435 2.2861 0.2378
v  -0.8486 2.1706 0.2586
v  -0.8490 2.1779 0.3503
v  -0.8439 2.2953 0.3524
v  -0.8427 2.2023 0.0249
v  -0.8480 2.1035 0.0883
v  -0.8483 2.1454 0.1702
v  -0.8431 2.2547 0.1272
v  -0.8421 2.0434 -0.1398
v  -0.8475 1.9765 -0.0434
v  -0.8477 2.0465 0.0162
v  -0.8423 2.1309 -0.0653
v  -0.8418 1.9430 -0.1958
v  -0.8417 1.8336 -0.2311
v  -0.8472 1.8087 -0.1164
v  -0.8473 1.8961 -0.0882
v  -0.8417 1.6048 -0.2352
v  -0.8472 1.6257 -0.1197
v  -0.8472 1.7173 -0.1271
v  -0.8417 1.7194 -0.2444
v  -0.8420 1.3919 -0.1515
v  -0.8474 1.4553 -0.0527
v  -0.8473 1.5372 -0.0946
v  -0.8418 1.4942 -0.2038
v  -0.8477 1.3832 0.0044
v  -0.8423 1.3017 -0.0801
v  -0.8523 1.3646 0.2670
v  -0.8546 1.4846 0.2442
v  -0.8521 1.3856 0.2011
v  -0.8518 1.4194 0.1409
v  -0.8528 1.3621 0.4045
v  -0.8526 1.3563 0.3356
v  -0.8533 1.4124 0.5324
v  -0.8531 1.3807 0.4710
v  -0.8535 1.4551 0.5868
v  -0.8537 1.5079 0.6314
v  -0.8539 1.6340 0.6863
v  -0.8538 1.5682 0.6653
v  -0.8539 1.7715 0.6887
v  -0.8539 1.7026 0.6945
v  -0.8537 1.8995 0.6384
v  -0.8538 1.8381 0.6701
v  -0.8536 1.9538 0.5957
v  -0.8534 1.9984 0.5429
v  -0.8531 2.0323 0.4827
v  -0.8529 2.0533 0.4168
v  -0.8524 2.0558 0.2793
v  -0.8526 2.0616 0.3482
v  -0.8521 2.0371 0.2128
v  -0.8519 2.0054 0.1514
v  -0.8515 1.9099 0.0524
v  -0.8517 1.9627 0.0970
v  -0.8513 1.7839 -0.0025
v  -0.8514 1.8497 0.0185
v  -0.8513 1.6464 -0.0049
v  -0.8513 1.7152 -0.0107
v  -0.8513 1.5798 0.0137
v  -0.8515 1.5184 0.0454
v  -0.8516 1.4640 0.0881
v  -0.8559 1.5587 0.2765
v  -0.6269 0.9375 -0.4568
v  -0.6264 1.1083 -0.5919
v  -0.5306 1.1083 -0.5916
v  -0.5311 0.9375 -0.4564
v  -0.5317 0.7963 -0.2906
v  -0.6275 0.7963 -0.2909
v  -0.6258 1.5117 -0.7507
v  -0.5300 1.5117 -0.7503
v  -0.5302 1.3022 -0.6907
v  -0.6260 1.3022 -0.6911
v  -0.6258 1.9451 -0.7429
v  -0.5300 1.9451 -0.7425
v  -0.5299 1.7288 -0.7677
v  -0.6257 1.7288 -0.7681
v  -0.6265 2.3426 -0.5699
v  -0.5307 2.3426 -0.5695
v  -0.5303 2.1524 -0.6755
v  -0.6261 2.1524 -0.6759
v  -0.6276 2.6436 -0.2579
v  -0.5319 2.6436 -0.2576
v  -0.5312 2.5084 -0.4283
v  -0.6270 2.5084 -0.4287
v  -0.6292 2.8023 0.1455
v  -0.5334 2.8023 0.1459
v  -0.5326 2.7428 -0.0636
v  -0.6284 2.7428 -0.0640
v  -0.6308 2.7946 0.5789
v  -0.5350 2.7946 0.5793
v  -0.5342 2.8197 0.3630
v  -0.6300 2.8197 0.3626
v  -0.6316 2.7276 0.7862
v  -0.6323 2.6216 0.9764
v  -0.5365 2.6216 0.9768
v  -0.5358 2.7276 0.7865
v  -0.6330 2.4803 1.1422
v  -0.6335 2.3096 1.2774
v  -0.5377 2.3096 1.2778
v  -0.5372 2.4803 1.1426
v  -0.6338 2.1157 1.3766
v  -0.6341 1.9062 1.4361
v  -0.5383 1.9062 1.4365
v  -0.5381 2.1157 1.3769
v  -0.6341 1.6891 1.4535
v  -0.6340 1.4727 1.4284
v  -0.5383 1.4727 1.4287
v  -0.5384 1.6891 1.4539
v  -0.5376 1.0753 1.2557
v  -0.5380 1.2655 1.3617
v  -0.6338 1.2655 1.3614
v  -0.6334 1.0753 1.2554
v  -0.6329 0.9094 1.1141
v  -0.6322 0.7742 0.9434
v  -0.5364 0.7742 0.9438
v  -0.5371 0.9094 1.1145
v  -0.5349 0.6155 0.5403
v  -0.5357 0.6751 0.7498
v  -0.6315 0.6751 0.7495
v  -0.6307 0.6155 0.5400
v  -0.5332 0.6233 0.1069
v  -0.5341 0.5981 0.3232
v  -0.6298 0.5981 0.3229
v  -0.6290 0.6233 0.1065
v  -0.5325 0.6903 -0.1003
v  -0.6282 0.6903 -0.1007
v  -0.4864 0.7963 -0.2904
v  -0.4747 0.7963 -0.2904
v  -0.4754 0.6903 -0.1001
v  -0.4871 0.6903 -0.1002
v  -0.4762 0.6233 0.1071
v  -0.4879 0.6233 0.1071
v  -0.4770 0.5981 0.3235
v  -0.4887 0.5981 0.3234
v  -0.4778 0.6155 0.5406
v  -0.4895 0.6155 0.5405
v  -0.4786 0.6751 0.7501
v  -0.4903 0.6751 0.7500
v  -0.4794 0.7742 0.9440
v  -0.4911 0.7742 0.9439
v  -0.4800 0.9094 1.1147
v  -0.4917 0.9094 1.1147
v  -0.4805 1.0753 1.2559
v  -0.4923 1.0753 1.2559
v  -0.4927 1.2655 1.3619
v  -0.4809 1.2655 1.3620
v  -0.4812 1.4727 1.4290
v  -0.4929 1.4727 1.4289
v  -0.4813 1.6891 1.4541
v  -0.4930 1.6891 1.4541
v  -0.4929 1.9062 1.4367
v  -0.4812 1.9062 1.4367
v  -0.4927 2.1157 1.3771
v  -0.4810 2.1157 1.3772
v  -0.4806 2.3096 1.2780
v  -0.4923 2.3096 1.2780
v  -0.4801 2.4803 1.1428
v  -0.4918 2.4803 1.1428
v  -0.4912 2.6216 0.9769
v  -0.4795 2.6216 0.9770
v  -0.4905 2.7276 0.7867
v  -0.4788 2.7276 0.7867
v  -0.4780 2.7946 0.5795
v  -0.4897 2.7946 0.5795
v  -0.4772 2.8197 0.3632
v  -0.4889 2.8197 0.3631
v  -0.4880 2.8023 0.1460
v  -0.4763 2.8023 0.1461
v  -0.4755 2.7428 -0.0634
v  -0.4873 2.7428 -0.0635
v  -0.4865 2.6436 -0.2574
v  -0.4748 2.6436 -0.2573
v  -0.4741 2.5084 -0.4281
v  -0.4859 2.5084 -0.4281
v  -0.4736 2.3426 -0.5693
v  -0.4853 2.3426 -0.5693
v  -0.4732 2.1524 -0.6753
v  -0.4849 2.1524 -0.6754
v  -0.4847 1.9451 -0.7424
v  -0.4730 1.9451 -0.7423
v  -0.4729 1.7288 -0.7675
v  -0.4846 1.7288 -0.7675
v  -0.4846 1.5117 -0.7501
v  -0.4729 1.5117 -0.7501
v  -0.4732 1.3022 -0.6905
v  -0.4849 1.3022 -0.6906
v  -0.4852 1.1083 -0.5914
v  -0.4735 1.1083 -0.5914
v  -0.4740 0.9375 -0.4562
v  -0.4858 0.9375 -0.4562
# 513 vertices

vn -0.5234 -0.6990 -0.4873
vn -0.0390 -0.8207 -0.5700
vn -0.0397 -0.9161 -0.3990
vn -0.5240 -0.7802 -0.3416
vn -0.5245 -0.8315 -0.1829
vn -0.0404 -0.9763 -0.2126
vn -0.9308 -0.3564 -0.0810
vn -0.9305 -0.3344 -0.1491
vn -0.9303 -0.2996 -0.2115
vn -0.9999 -0.0118 -0.0040
vn -0.9999 -0.0086 -0.0057
vn -0.9998 -0.0179 -0.0077
vn -0.9998 -0.0184 -0.0041
vn -0.9998 -0.0180 -0.0006
vn -0.9999 -0.0086 -0.0022
vn -1.0000 0.0000 -0.0038
vn -0.0411 -0.9990 -0.0181
vn -0.5252 -0.8508 -0.0172
vn -0.0419 -0.9833 0.1772
vn -0.5258 -0.8374 0.1491
vn -0.9311 -0.3647 -0.0100
vn -0.9313 -0.3590 0.0612
vn -0.9999 -0.0110 0.0005
vn -0.9998 -0.0171 0.0029
vn -0.9998 -0.0154 0.0061
vn -0.9999 -0.0074 0.0009
vn -0.0426 -0.9298 0.3656
vn -0.5265 -0.7918 0.3095
vn -0.0433 -0.8405 0.5399
vn -0.5269 -0.7159 0.4580
vn -0.9318 -0.3068 0.1937
vn -0.9316 -0.3394 0.1300
vn -0.9998 -0.0132 0.0090
vn -0.9999 -0.0085 0.0044
vn -0.9999 -0.0050 0.0034
vn -0.9998 -0.0104 0.0112
vn -0.0438 -0.7190 0.6935
vn -0.5275 -0.6123 0.5888
vn -0.5278 -0.4853 0.6970
vn -0.0443 -0.5698 0.8205
vn -0.9322 -0.2080 0.2961
vn -0.9321 -0.2625 0.2497
vn -0.9999 -0.0073 0.0130
vn -0.9999 -0.0047 0.0070
vn -0.9999 -0.0039 0.0141
vn -0.9999 -0.0019 0.0048
vn -0.0447 -0.3988 0.9159
vn -0.5283 -0.3396 0.7782
vn -0.5284 -0.1809 0.8295
vn -0.0449 -0.2124 0.9761
vn -0.9324 -0.0775 0.3529
vn -0.9324 -0.1456 0.3309
vn -0.9999 -0.0002 0.0080
vn -0.9999 -0.0003 0.0146
vn -0.9999 0.0032 0.0142
vn -0.9999 0.0016 0.0048
vn -0.0450 -0.0179 0.9988
vn -0.5285 -0.0152 0.8488
vn -0.5284 0.1511 0.8354
vn -0.0449 0.1774 0.9831
vn -0.9325 0.0647 0.3555
vn -0.9325 -0.0065 0.3612
vn -0.9999 0.0043 0.0072
vn -0.9999 0.0067 0.0133
vn -0.9999 0.0099 0.0116
vn -0.9999 0.0047 0.0036
vn -0.0447 0.3658 0.9296
vn -0.5283 0.3115 0.7898
vn -0.5279 0.4600 0.7139
vn -0.0444 0.5401 0.8403
vn -0.9324 0.1335 0.3359
vn -0.9323 0.1972 0.3034
vn -0.9999 0.0082 0.0047
vn -0.9998 0.0128 0.0094
vn -0.9998 0.0150 0.0066
vn -0.9999 0.0072 0.0012
vn -0.0439 0.6937 0.7188
vn -0.5276 0.5908 0.6103
vn -0.5270 0.6990 0.4833
vn -0.0434 0.8207 0.5696
vn -0.9321 0.2532 0.2590
vn -0.9319 0.2996 0.2045
vn -0.9999 0.0108 0.0009
vn -0.9998 0.0168 0.0035
vn -0.9998 0.0179 0.0001
vn -0.9999 0.0086 -0.0019
vn -0.0427 0.9161 0.3986
vn -0.5266 0.7802 0.3376
vn -0.5259 0.8315 0.1789
vn -0.0420 0.9763 0.2122
vn -0.9314 0.3564 0.0740
vn -0.9316 0.3344 0.1421
vn -0.9999 0.0118 -0.0036
vn -0.9998 0.0184 -0.0035
vn -0.9998 0.0180 -0.0070
vn -0.9999 0.0086 -0.0054
vn -0.0413 0.9990 0.0177
vn -0.5254 0.8508 0.0132
vn -0.5246 0.8374 -0.1531
vn -0.0405 0.9833 -0.1776
vn -0.9311 0.3647 0.0030
vn -0.9308 0.3590 -0.0682
vn -0.9998 0.0171 -0.0105
vn -0.9999 0.0110 -0.0081
vn -0.9998 0.0154 -0.0137
vn -0.9999 0.0074 -0.0085
vn -0.0398 0.9298 -0.3660
vn -0.5241 0.7918 -0.3135
vn -0.5234 0.7159 -0.4620
vn -0.0391 0.8405 -0.5403
vn -0.9306 0.3394 -0.1370
vn -0.9303 0.3069 -0.2007
vn -0.9997 0.0132 -0.0166
vn -0.9999 0.0085 -0.0120
vn -0.9997 0.0104 -0.0188
vn -0.9999 0.0050 -0.0110
vn -0.0386 0.7190 -0.6939
vn -0.5231 0.6123 -0.5928
vn -0.5225 0.4853 -0.7010
vn -0.0381 0.5698 -0.8209
vn -0.9301 0.2625 -0.2567
vn -0.9300 0.2080 -0.3031
vn -0.9997 0.0073 -0.0206
vn -0.9999 0.0047 -0.0146
vn -0.9997 0.0039 -0.0217
vn -0.9999 0.0019 -0.0124
vn -0.0377 0.3988 -0.9162
vn -0.5223 0.3396 -0.7822
vn -0.5220 0.1809 -0.8335
vn -0.0375 0.2124 -0.9764
vn -0.9298 0.1456 -0.3379
vn -0.9297 0.0775 -0.3599
vn -0.9997 0.0003 -0.0222
vn -0.9998 0.0002 -0.0156
vn -0.9997 -0.0032 -0.0218
vn -0.9999 -0.0016 -0.0124
vn -0.0374 0.0179 -0.9991
vn -0.5221 0.0152 -0.8528
vn -0.5220 -0.1511 -0.8394
vn -0.0375 -0.1774 -0.9834
vn -0.9297 0.0065 -0.3682
vn -0.9297 -0.0647 -0.3625
vn -0.9997 -0.0067 -0.0209
vn -0.9999 -0.0043 -0.0148
vn -0.9997 -0.0099 -0.0192
vn -0.9999 -0.0047 -0.0112
vn -0.0377 -0.3658 -0.9299
vn -0.5223 -0.3115 -0.7938
vn -0.0380 -0.5401 -0.8407
vn -0.5225 -0.4600 -0.7179
vn -0.9298 -0.1335 -0.3429
vn -0.9299 -0.1972 -0.3104
vn -0.9997 -0.0128 -0.0170
vn -0.9999 -0.0082 -0.0123
vn -0.9998 -0.0150 -0.0142
vn -0.9999 -0.0072 -0.0088
vn -0.0385 -0.6937 -0.7192
vn -0.5230 -0.5908 -0.6143
vn -0.9301 -0.2532 -0.2660
vn -0.9823 -0.1820 -0.0433
vn -0.9903 -0.1346 -0.0331
vn -0.9902 -0.1263 -0.0588
vn -0.9822 -0.1708 -0.0780
vn -0.9821 -0.1530 -0.1099
vn -0.9901 -0.1131 -0.0824
vn -0.9825 -0.1863 -0.0070
vn -0.9826 -0.1833 0.0294
vn -0.9905 -0.1355 0.0206
vn -0.9904 -0.1377 -0.0062
vn -0.9829 -0.1567 0.0970
vn -0.9907 -0.1159 0.0707
vn -0.9906 -0.1282 0.0466
vn -0.9828 -0.1733 0.0645
vn -0.9831 -0.1062 0.1493
vn -0.9908 -0.0786 0.1093
vn -0.9908 -0.0991 0.0918
vn -0.9830 -0.1341 0.1256
vn -0.9831 -0.0743 0.1671
vn -0.9832 -0.0396 0.1783
vn -0.9909 -0.0293 0.1308
vn -0.9909 -0.0550 0.1225
vn -0.9832 -0.0033 0.1826
vn -0.9832 0.0331 0.1796
vn -0.9909 0.0244 0.1317
vn -0.9909 -0.0024 0.1339
vn -0.9831 0.1007 0.1530
vn -0.9908 0.0745 0.1121
vn -0.9909 0.0504 0.1244
vn -0.9832 0.0682 0.1696
vn -0.9829 0.1530 0.1025
vn -0.9907 0.1131 0.0748
vn -0.9908 0.0956 0.0953
vn -0.9830 0.1293 0.1304
vn -0.9828 0.1708 0.0706
vn -0.9826 0.1820 0.0359
vn -0.9905 0.1346 0.0255
vn -0.9906 0.1263 0.0512
vn -0.9824 0.1833 -0.0368
vn -0.9903 0.1355 -0.0282
vn -0.9904 0.1377 -0.0014
vn -0.9825 0.1863 -0.0004
vn -0.9822 0.1733 -0.0719
vn -0.9821 0.1567 -0.1044
vn -0.9901 0.1159 -0.0783
vn -0.9902 0.1282 -0.0542
vn -0.9819 0.1062 -0.1567
vn -0.9900 0.0786 -0.1169
vn -0.9900 0.0991 -0.0994
vn -0.9820 0.1341 -0.1330
vn -0.9818 0.0743 -0.1745
vn -0.9818 0.0396 -0.1857
vn -0.9899 0.0293 -0.1384
vn -0.9899 0.0550 -0.1301
vn -0.9818 -0.0331 -0.1870
vn -0.9899 -0.0244 -0.1393
vn -0.9899 0.0024 -0.1415
vn -0.9818 0.0033 -0.1900
vn -0.9819 -0.1007 -0.1604
vn -0.9900 -0.0745 -0.1197
vn -0.9899 -0.0504 -0.1320
vn -0.9818 -0.0682 -0.1770
vn -0.9900 -0.0956 -0.1029
vn -0.9820 -0.1293 -0.1378
vn -0.9951 -0.0957 -0.0246
vn -0.9974 -0.0686 -0.0187
vn -0.9974 -0.0644 -0.0318
vn -0.9950 -0.0898 -0.0429
vn -0.9950 -0.0805 -0.0597
vn -0.9973 -0.0576 -0.0438
vn -0.9953 -0.0964 0.0136
vn -0.9975 -0.0691 0.0087
vn -0.9975 -0.0702 -0.0051
vn -0.9952 -0.0980 -0.0055
vn -0.9954 -0.0824 0.0491
vn -0.9976 -0.0591 0.0341
vn -0.9976 -0.0653 0.0219
vn -0.9953 -0.0912 0.0321
vn -0.9955 -0.0559 0.0767
vn -0.9977 -0.0400 0.0538
vn -0.9977 -0.0505 0.0449
vn -0.9955 -0.0705 0.0642
vn -0.9956 -0.0208 0.0919
vn -0.9978 -0.0149 0.0648
vn -0.9977 -0.0280 0.0606
vn -0.9955 -0.0391 0.0860
vn -0.9956 0.0174 0.0926
vn -0.9978 0.0125 0.0653
vn -0.9978 -0.0013 0.0664
vn -0.9956 -0.0017 0.0942
vn -0.9955 0.0529 0.0786
vn -0.9977 0.0379 0.0553
vn -0.9977 0.0257 0.0615
vn -0.9955 0.0359 0.0874
vn -0.9954 0.0805 0.0521
vn -0.9976 0.0576 0.0362
vn -0.9977 0.0487 0.0467
vn -0.9955 0.0680 0.0667
vn -0.9975 0.0686 0.0111
vn -0.9976 0.0644 0.0242
vn -0.9953 0.0898 0.0353
vn -0.9953 0.0957 0.0170
vn -0.9951 0.0964 -0.0212
vn -0.9974 0.0691 -0.0163
vn -0.9975 0.0702 -0.0025
vn -0.9952 0.0980 -0.0021
vn -0.9950 0.0824 -0.0567
vn -0.9973 0.0591 -0.0417
vn -0.9974 0.0653 -0.0295
vn -0.9951 0.0912 -0.0397
vn -0.9949 0.0559 -0.0843
vn -0.9973 0.0400 -0.0614
vn -0.9973 0.0505 -0.0525
vn -0.9949 0.0705 -0.0718
vn -0.9948 0.0208 -0.0995
vn -0.9972 0.0149 -0.0724
vn -0.9972 0.0280 -0.0682
vn -0.9949 0.0391 -0.0936
vn -0.9972 -0.0125 -0.0729
vn -0.9972 0.0013 -0.0740
vn -0.9948 0.0017 -0.1018
vn -0.9948 -0.0174 -0.1002
vn -0.9973 -0.0379 -0.0629
vn -0.9972 -0.0257 -0.0691
vn -0.9948 -0.0359 -0.0950
vn -0.9949 -0.0529 -0.0862
vn -0.9949 -0.0680 -0.0743
vn -0.9973 -0.0487 -0.0543
vn -0.9986 -0.0470 -0.0243
vn -0.9987 -0.0501 -0.0147
vn -0.9993 -0.0367 -0.0118
vn -0.9992 -0.0344 -0.0188
vn -0.9992 -0.0308 -0.0252
vn -0.9986 -0.0421 -0.0331
vn -0.9987 -0.0505 0.0053
vn -0.9993 -0.0369 0.0029
vn -0.9993 -0.0375 -0.0044
vn -0.9987 -0.0513 -0.0047
vn -0.9988 -0.0432 0.0239
vn -0.9994 -0.0316 0.0165
vn -0.9993 -0.0349 0.0099
vn -0.9988 -0.0477 0.0150
vn -0.9988 -0.0369 0.0318
vn -0.9989 -0.0293 0.0383
vn -0.9994 -0.0214 0.0270
vn -0.9994 -0.0270 0.0222
vn -0.9989 -0.0109 0.0463
vn -0.9994 -0.0080 0.0329
vn -0.9994 -0.0150 0.0306
vn -0.9989 -0.0205 0.0432
vn -0.9989 0.0091 0.0467
vn -0.9994 0.0067 0.0331
vn -0.9994 -0.0006 0.0337
vn -0.9989 -0.0009 0.0475
vn -0.9989 0.0188 0.0439
vn -0.9989 0.0277 0.0394
vn -0.9994 0.0203 0.0278
vn -0.9994 0.0137 0.0311
vn -0.9988 0.0421 0.0255
vn -0.9994 0.0308 0.0176
vn -0.9994 0.0260 0.0232
vn -0.9988 0.0356 0.0331
vn -0.9988 0.0470 0.0167
vn -0.9987 0.0501 0.0071
vn -0.9993 0.0367 0.0042
vn -0.9993 0.0344 0.0112
vn -0.9987 0.0505 -0.0129
vn -0.9993 0.0369 -0.0105
vn -0.9993 0.0375 -0.0032
vn -0.9987 0.0513 -0.0029
vn -0.9986 0.0432 -0.0315
vn -0.9992 0.0316 -0.0241
vn -0.9992 0.0349 -0.0175
vn -0.9986 0.0477 -0.0226
vn -0.9985 0.0293 -0.0459
vn -0.9992 0.0214 -0.0346
vn -0.9992 0.0270 -0.0298
vn -0.9986 0.0369 -0.0394
vn -0.9985 0.0205 -0.0508
vn -0.9985 0.0109 -0.0539
vn -0.9992 0.0080 -0.0405
vn -0.9992 0.0150 -0.0382
vn -0.9985 -0.0091 -0.0543
vn -0.9992 -0.0067 -0.0407
vn -0.9992 0.0006 -0.0413
vn -0.9985 0.0009 -0.0551
vn -0.9985 -0.0277 -0.0470
vn -0.9992 -0.0203 -0.0354
vn -0.9992 -0.0137 -0.0387
vn -0.9985 -0.0188 -0.0515
vn -0.9992 -0.0260 -0.0308
vn -0.9986 -0.0356 -0.0407
vn -0.9996 -0.0264 -0.0095
vn -0.9998 -0.0168 -0.0111
vn -0.9996 -0.0248 -0.0146
vn -0.9995 -0.0222 -0.0192
vn -0.9996 -0.0266 0.0010
vn -0.9996 -0.0270 -0.0043
vn -0.9996 -0.0227 0.0108
vn -0.9996 -0.0251 0.0061
vn -0.9997 -0.0194 0.0150
vn -0.9997 -0.0154 0.0184
vn -0.9997 -0.0057 0.0226
vn -0.9997 -0.0108 0.0210
vn -0.9997 0.0048 0.0228
vn -0.9997 -0.0005 0.0232
vn -0.9997 0.0146 0.0189
vn -0.9997 0.0099 0.0213
vn -0.9997 0.0188 0.0156
vn -0.9997 0.0222 0.0116
vn -0.9996 0.0248 0.0070
vn -0.9996 0.0264 0.0019
vn -0.9996 0.0266 -0.0086
vn -0.9996 0.0270 -0.0033
vn -0.9996 0.0251 -0.0137
vn -0.9995 0.0227 -0.0184
vn -0.9995 0.0154 -0.0260
vn -0.9995 0.0194 -0.0226
vn -0.9995 0.0057 -0.0302
vn -0.9995 0.0108 -0.0286
vn -0.9995 -0.0048 -0.0304
vn -0.9995 0.0005 -0.0308
vn -0.9995 -0.0099 -0.0289
vn -0.9995 -0.0146 -0.0265
vn -0.9995 -0.0188 -0.0232
vn -0.9999 -0.0108 -0.0085
vn 0.0027 -0.6943 -0.7196
vn 0.0032 -0.5406 -0.8412
vn 0.0022 -0.8214 -0.5703
vn 0.0037 -0.1775 -0.9841
vn 0.0035 -0.3661 -0.9306
vn 0.0037 0.2126 -0.9771
vn 0.0038 0.0179 -0.9998
vn 0.0031 0.5703 -0.8214
vn 0.0035 0.3991 -0.9169
vn 0.0021 0.8412 -0.5406
vn 0.0026 0.7196 -0.6943
vn 0.0007 0.9841 -0.1775
vn 0.0014 0.9306 -0.3661
vn -0.0008 0.9771 0.2126
vn -0.0001 0.9998 0.0179
vn -0.0015 0.9169 0.3991
vn -0.0022 0.8214 0.5703
vn -0.0027 0.6943 0.7196
vn -0.0032 0.5406 0.8412
vn -0.0035 0.3661 0.9306
vn -0.0037 0.1775 0.9841
vn -0.0038 -0.0179 0.9998
vn -0.0037 -0.2126 0.9771
vn -0.0031 -0.5703 0.8214
vn -0.0035 -0.3991 0.9169
vn -0.0026 -0.7196 0.6943
vn -0.0021 -0.8412 0.5406
vn -0.0007 -0.9841 0.1775
vn -0.0014 -0.9306 0.3661
vn 0.0008 -0.9771 -0.2126
vn 0.0001 -0.9998 -0.0179
vn 0.0015 -0.9169 -0.3991
vn 0.0014 0.9305 -0.3661
# 418 vertex normals

vt 0.3880 0.1234 0.0000
vt 0.3880 0.1053 0.0000
vt 0.3999 0.1053 0.0000
vt 0.3999 0.1234 0.0000
vt 0.4118 0.1234 0.0000
vt 0.4118 0.1053 0.0000
vt 0.4118 0.1281 0.0000
vt 0.3999 0.1281 0.0000
vt 0.3880 0.1281 0.0000
vt 0.3782 0.2256 0.0000
vt 0.3764 0.2272 0.0000
vt 0.3752 0.2207 0.0000
vt 0.3783 0.2202 0.0000
vt 0.3814 0.2207 0.0000
vt 0.3800 0.2272 0.0000
vt 0.3781 0.2363 0.0000
vt 0.4237 0.1068 0.0000
vt 0.4237 0.1238 0.0000
vt 0.4356 0.1232 0.0000
vt 0.4356 0.1257 0.0000
vt 0.4237 0.1281 0.0000
vt 0.4356 0.1281 0.0000
vt 0.3823 0.2264 0.0000
vt 0.3844 0.2216 0.0000
vt 0.3871 0.2232 0.0000
vt 0.3834 0.2287 0.0000
vt 0.0546 0.1232 0.0000
vt 0.0665 0.1068 0.0000
vt 0.0665 0.1238 0.0000
vt 0.0546 0.1257 0.0000
vt 0.0784 0.1053 0.0000
vt 0.0784 0.1234 0.0000
vt 0.0784 0.1281 0.0000
vt 0.0665 0.1281 0.0000
vt 0.0546 0.1281 0.0000
vt 0.3896 0.2251 0.0000
vt 0.3858 0.2288 0.0000
vt 0.3859 0.2313 0.0000
vt 0.3914 0.2276 0.0000
vt 0.0903 0.1053 0.0000
vt 0.0903 0.1234 0.0000
vt 0.1022 0.1234 0.0000
vt 0.1022 0.1053 0.0000
vt 0.1022 0.1281 0.0000
vt 0.0903 0.1281 0.0000
vt 0.3930 0.2304 0.0000
vt 0.3881 0.2323 0.0000
vt 0.3937 0.2334 0.0000
vt 0.3872 0.2346 0.0000
vt 0.1141 0.1053 0.0000
vt 0.1141 0.1234 0.0000
vt 0.1260 0.1234 0.0000
vt 0.1260 0.1053 0.0000
vt 0.1260 0.1281 0.0000
vt 0.1141 0.1281 0.0000
vt 0.3888 0.2365 0.0000
vt 0.3942 0.2365 0.0000
vt 0.3937 0.2396 0.0000
vt 0.3872 0.2383 0.0000
vt 0.1379 0.1053 0.0000
vt 0.1379 0.1234 0.0000
vt 0.1498 0.1234 0.0000
vt 0.1498 0.1053 0.0000
vt 0.1498 0.1281 0.0000
vt 0.1379 0.1281 0.0000
vt 0.3880 0.2406 0.0000
vt 0.3929 0.2427 0.0000
vt 0.3912 0.2453 0.0000
vt 0.3858 0.2416 0.0000
vt 0.1617 0.1053 0.0000
vt 0.1617 0.1234 0.0000
vt 0.1736 0.1234 0.0000
vt 0.1736 0.1053 0.0000
vt 0.1617 0.1281 0.0000
vt 0.1736 0.1281 0.0000
vt 0.3856 0.2440 0.0000
vt 0.3893 0.2478 0.0000
vt 0.3868 0.2497 0.0000
vt 0.3832 0.2441 0.0000
vt 0.1855 0.1053 0.0000
vt 0.1855 0.1234 0.0000
vt 0.1974 0.1234 0.0000
vt 0.1974 0.1053 0.0000
vt 0.1855 0.1281 0.0000
vt 0.1974 0.1281 0.0000
vt 0.3821 0.2463 0.0000
vt 0.3840 0.2512 0.0000
vt 0.3810 0.2520 0.0000
vt 0.3798 0.2455 0.0000
vt 0.2094 0.1053 0.0000
vt 0.2094 0.1234 0.0000
vt 0.2213 0.1234 0.0000
vt 0.2213 0.1053 0.0000
vt 0.2213 0.1281 0.0000
vt 0.2094 0.1281 0.0000
vt 0.3779 0.2471 0.0000
vt 0.3779 0.2524 0.0000
vt 0.3748 0.2519 0.0000
vt 0.3762 0.2454 0.0000
vt 0.2332 0.1053 0.0000
vt 0.2332 0.1234 0.0000
vt 0.2451 0.1234 0.0000
vt 0.2451 0.1053 0.0000
vt 0.2332 0.1281 0.0000
vt 0.2451 0.1281 0.0000
vt 0.3717 0.2511 0.0000
vt 0.3738 0.2462 0.0000
vt 0.3691 0.2494 0.0000
vt 0.3728 0.2440 0.0000
vt 0.2570 0.1053 0.0000
vt 0.2570 0.1234 0.0000
vt 0.2689 0.1234 0.0000
vt 0.2689 0.1053 0.0000
vt 0.2570 0.1281 0.0000
vt 0.2689 0.1281 0.0000
vt 0.3666 0.2475 0.0000
vt 0.3704 0.2438 0.0000
vt 0.3647 0.2450 0.0000
vt 0.3703 0.2414 0.0000
vt 0.2808 0.1053 0.0000
vt 0.2808 0.1234 0.0000
vt 0.2927 0.1234 0.0000
vt 0.2927 0.1053 0.0000
vt 0.2808 0.1281 0.0000
vt 0.2927 0.1281 0.0000
vt 0.3632 0.2423 0.0000
vt 0.3681 0.2403 0.0000
vt 0.3624 0.2392 0.0000
vt 0.3689 0.2380 0.0000
vt 0.3046 0.1053 0.0000
vt 0.3046 0.1234 0.0000
vt 0.3165 0.1234 0.0000
vt 0.3165 0.1053 0.0000
vt 0.3046 0.1281 0.0000
vt 0.3165 0.1281 0.0000
vt 0.3620 0.2361 0.0000
vt 0.3673 0.2362 0.0000
vt 0.3625 0.2330 0.0000
vt 0.3690 0.2344 0.0000
vt 0.3284 0.1053 0.0000
vt 0.3284 0.1234 0.0000
vt 0.3403 0.1234 0.0000
vt 0.3403 0.1053 0.0000
vt 0.3284 0.1281 0.0000
vt 0.3403 0.1281 0.0000
vt 0.3633 0.2300 0.0000
vt 0.3682 0.2321 0.0000
vt 0.3650 0.2273 0.0000
vt 0.3704 0.2311 0.0000
vt 0.3522 0.1053 0.0000
vt 0.3522 0.1234 0.0000
vt 0.3641 0.1053 0.0000
vt 0.3641 0.1234 0.0000
vt 0.3522 0.1281 0.0000
vt 0.3641 0.1281 0.0000
vt 0.3669 0.2248 0.0000
vt 0.3706 0.2286 0.0000
vt 0.3694 0.2230 0.0000
vt 0.3730 0.2285 0.0000
vt 0.3761 0.1053 0.0000
vt 0.3761 0.1234 0.0000
vt 0.3761 0.1281 0.0000
vt 0.3629 0.1590 0.0000
vt 0.3653 0.1703 0.0000
vt 0.3526 0.1741 0.0000
vt 0.3481 0.1636 0.0000
vt 0.3345 0.1707 0.0000
vt 0.3410 0.1802 0.0000
vt 0.3264 0.1590 0.0000
vt 0.3432 0.1521 0.0000
vt 0.3599 0.1451 0.0000
vt 0.3783 0.1577 0.0000
vt 0.3936 0.1591 0.0000
vt 0.3915 0.1704 0.0000
vt 0.3784 0.1691 0.0000
vt 0.3781 0.1451 0.0000
vt 0.3962 0.1451 0.0000
vt 0.4220 0.1709 0.0000
vt 0.4157 0.1806 0.0000
vt 0.4041 0.1743 0.0000
vt 0.4083 0.1637 0.0000
vt 0.4130 0.1521 0.0000
vt 0.4298 0.1590 0.0000
vt 0.4437 0.1927 0.0000
vt 0.4342 0.1992 0.0000
vt 0.4258 0.1890 0.0000
vt 0.4338 0.1808 0.0000
vt 0.4426 0.1718 0.0000
vt 0.4554 0.1847 0.0000
vt 0.4508 0.2064 0.0000
vt 0.4554 0.2211 0.0000
vt 0.4441 0.2235 0.0000
vt 0.4403 0.2109 0.0000
vt 0.4624 0.2014 0.0000
vt 0.4693 0.2182 0.0000
vt 0.4568 0.2365 0.0000
vt 0.4553 0.2519 0.0000
vt 0.4440 0.2497 0.0000
vt 0.4453 0.2366 0.0000
vt 0.4693 0.2363 0.0000
vt 0.4693 0.2545 0.0000
vt 0.4435 0.2802 0.0000
vt 0.4338 0.2739 0.0000
vt 0.4401 0.2623 0.0000
vt 0.4507 0.2666 0.0000
vt 0.4624 0.2712 0.0000
vt 0.4554 0.2880 0.0000
vt 0.4217 0.3019 0.0000
vt 0.4152 0.2924 0.0000
vt 0.4254 0.2841 0.0000
vt 0.4336 0.2921 0.0000
vt 0.4426 0.3008 0.0000
vt 0.4298 0.3136 0.0000
vt 0.4080 0.3091 0.0000
vt 0.3933 0.3136 0.0000
vt 0.3909 0.3023 0.0000
vt 0.4035 0.2986 0.0000
vt 0.4130 0.3206 0.0000
vt 0.3962 0.3275 0.0000
vt 0.3625 0.3135 0.0000
vt 0.3647 0.3022 0.0000
vt 0.3778 0.3036 0.0000
vt 0.3779 0.3150 0.0000
vt 0.3781 0.3275 0.0000
vt 0.3599 0.3275 0.0000
vt 0.3478 0.3089 0.0000
vt 0.3342 0.3017 0.0000
vt 0.3405 0.2921 0.0000
vt 0.3521 0.2983 0.0000
vt 0.3432 0.3206 0.0000
vt 0.3264 0.3136 0.0000
vt 0.3125 0.2799 0.0000
vt 0.3220 0.2734 0.0000
vt 0.3303 0.2836 0.0000
vt 0.3223 0.2918 0.0000
vt 0.3136 0.3008 0.0000
vt 0.3008 0.2880 0.0000
vt 0.3053 0.2663 0.0000
vt 0.3008 0.2515 0.0000
vt 0.3121 0.2491 0.0000
vt 0.3159 0.2618 0.0000
vt 0.2938 0.2712 0.0000
vt 0.2869 0.2545 0.0000
vt 0.3009 0.2208 0.0000
vt 0.3122 0.2229 0.0000
vt 0.3109 0.2360 0.0000
vt 0.2994 0.2362 0.0000
vt 0.2869 0.2363 0.0000
vt 0.2869 0.2182 0.0000
vt 0.3127 0.1924 0.0000
vt 0.3224 0.1987 0.0000
vt 0.3161 0.2103 0.0000
vt 0.3055 0.2061 0.0000
vt 0.2938 0.2014 0.0000
vt 0.3008 0.1847 0.0000
vt 0.3308 0.1886 0.0000
vt 0.3226 0.1806 0.0000
vt 0.3136 0.1718 0.0000
vt 0.3673 0.1802 0.0000
vt 0.3691 0.1892 0.0000
vt 0.3601 0.1918 0.0000
vt 0.3566 0.1834 0.0000
vt 0.3467 0.1886 0.0000
vt 0.3518 0.1962 0.0000
vt 0.3896 0.1804 0.0000
vt 0.3879 0.1893 0.0000
vt 0.3785 0.1883 0.0000
vt 0.3785 0.1792 0.0000
vt 0.4101 0.1890 0.0000
vt 0.4051 0.1967 0.0000
vt 0.3968 0.1922 0.0000
vt 0.4003 0.1837 0.0000
vt 0.4258 0.2049 0.0000
vt 0.4182 0.2100 0.0000
vt 0.4123 0.2027 0.0000
vt 0.4187 0.1962 0.0000
vt 0.4342 0.2256 0.0000
vt 0.4252 0.2274 0.0000
vt 0.4226 0.2183 0.0000
vt 0.4310 0.2148 0.0000
vt 0.4340 0.2478 0.0000
vt 0.4251 0.2461 0.0000
vt 0.4261 0.2367 0.0000
vt 0.4352 0.2367 0.0000
vt 0.4254 0.2684 0.0000
vt 0.4177 0.2633 0.0000
vt 0.4222 0.2551 0.0000
vt 0.4307 0.2585 0.0000
vt 0.4095 0.2840 0.0000
vt 0.4044 0.2764 0.0000
vt 0.4117 0.2705 0.0000
vt 0.4182 0.2770 0.0000
vt 0.3870 0.2835 0.0000
vt 0.3961 0.2808 0.0000
vt 0.3996 0.2892 0.0000
vt 0.3888 0.2924 0.0000
vt 0.3666 0.2923 0.0000
vt 0.3683 0.2833 0.0000
vt 0.3777 0.2843 0.0000
vt 0.3777 0.2934 0.0000
vt 0.3460 0.2836 0.0000
vt 0.3511 0.2760 0.0000
vt 0.3593 0.2805 0.0000
vt 0.3559 0.2889 0.0000
vt 0.3304 0.2677 0.0000
vt 0.3380 0.2626 0.0000
vt 0.3439 0.2699 0.0000
vt 0.3374 0.2764 0.0000
vt 0.3220 0.2471 0.0000
vt 0.3309 0.2453 0.0000
vt 0.3336 0.2543 0.0000
vt 0.3252 0.2578 0.0000
vt 0.3311 0.2265 0.0000
vt 0.3301 0.2359 0.0000
vt 0.3210 0.2359 0.0000
vt 0.3221 0.2248 0.0000
vt 0.3384 0.2093 0.0000
vt 0.3339 0.2176 0.0000
vt 0.3255 0.2141 0.0000
vt 0.3308 0.2043 0.0000
vt 0.3380 0.1957 0.0000
vt 0.3445 0.2021 0.0000
vt 0.3634 0.1998 0.0000
vt 0.3708 0.1976 0.0000
vt 0.3723 0.2057 0.0000
vt 0.3665 0.2074 0.0000
vt 0.3611 0.2102 0.0000
vt 0.3565 0.2033 0.0000
vt 0.3862 0.1978 0.0000
vt 0.3845 0.2058 0.0000
vt 0.3784 0.2052 0.0000
vt 0.3785 0.1969 0.0000
vt 0.4003 0.2038 0.0000
vt 0.3957 0.2106 0.0000
vt 0.3903 0.2077 0.0000
vt 0.3935 0.2001 0.0000
vt 0.4062 0.2088 0.0000
vt 0.4111 0.2148 0.0000
vt 0.4042 0.2193 0.0000
vt 0.4004 0.2145 0.0000
vt 0.4168 0.2290 0.0000
vt 0.4087 0.2306 0.0000
vt 0.4070 0.2247 0.0000
vt 0.4146 0.2216 0.0000
vt 0.4166 0.2444 0.0000
vt 0.4086 0.2427 0.0000
vt 0.4093 0.2367 0.0000
vt 0.4175 0.2367 0.0000
vt 0.4143 0.2518 0.0000
vt 0.4106 0.2585 0.0000
vt 0.4038 0.2539 0.0000
vt 0.4067 0.2486 0.0000
vt 0.3996 0.2693 0.0000
vt 0.3951 0.2624 0.0000
vt 0.3999 0.2586 0.0000
vt 0.4057 0.2645 0.0000
vt 0.3928 0.2729 0.0000
vt 0.3854 0.2750 0.0000
vt 0.3838 0.2670 0.0000
vt 0.3897 0.2653 0.0000
vt 0.3700 0.2749 0.0000
vt 0.3717 0.2668 0.0000
vt 0.3777 0.2675 0.0000
vt 0.3777 0.2757 0.0000
vt 0.3559 0.2689 0.0000
vt 0.3605 0.2620 0.0000
vt 0.3658 0.2650 0.0000
vt 0.3626 0.2726 0.0000
vt 0.3451 0.2579 0.0000
vt 0.3520 0.2533 0.0000
vt 0.3558 0.2581 0.0000
vt 0.3499 0.2639 0.0000
vt 0.3415 0.2510 0.0000
vt 0.3394 0.2436 0.0000
vt 0.3474 0.2421 0.0000
vt 0.3492 0.2479 0.0000
vt 0.3395 0.2282 0.0000
vt 0.3476 0.2299 0.0000
vt 0.3469 0.2360 0.0000
vt 0.3387 0.2359 0.0000
vt 0.3456 0.2141 0.0000
vt 0.3524 0.2187 0.0000
vt 0.3494 0.2241 0.0000
vt 0.3418 0.2209 0.0000
vt 0.3563 0.2140 0.0000
vt 0.3505 0.2082 0.0000
vt 0.3738 0.2135 0.0000
vt 0.3721 0.2214 0.0000
vt 0.3694 0.2147 0.0000
vt 0.3654 0.2168 0.0000
vt 0.3829 0.2136 0.0000
vt 0.3784 0.2130 0.0000
vt 0.3912 0.2171 0.0000
vt 0.3873 0.2149 0.0000
vt 0.3947 0.2201 0.0000
vt 0.3976 0.2236 0.0000
vt 0.4009 0.2321 0.0000
vt 0.3997 0.2277 0.0000
vt 0.4008 0.2411 0.0000
vt 0.4014 0.2366 0.0000
vt 0.3973 0.2495 0.0000
vt 0.3995 0.2455 0.0000
vt 0.3943 0.2530 0.0000
vt 0.3908 0.2558 0.0000
vt 0.3867 0.2579 0.0000
vt 0.3823 0.2592 0.0000
vt 0.3733 0.2591 0.0000
vt 0.3778 0.2596 0.0000
vt 0.3689 0.2577 0.0000
vt 0.3649 0.2555 0.0000
vt 0.3586 0.2490 0.0000
vt 0.3614 0.2526 0.0000
vt 0.3552 0.2406 0.0000
vt 0.3565 0.2450 0.0000
vt 0.3553 0.2315 0.0000
vt 0.3548 0.2360 0.0000
vt 0.3567 0.2272 0.0000
vt 0.3589 0.2232 0.0000
vt 0.3618 0.2197 0.0000
vt 0.3741 0.2263 0.0000
vt 0.3761 0.0671 0.0000
vt 0.3641 0.0671 0.0000
vt 0.3641 0.0288 0.0000
vt 0.3761 0.0288 0.0000
vt 0.3880 0.0288 0.0000
vt 0.3880 0.0671 0.0000
vt 0.3403 0.0671 0.0000
vt 0.3403 0.0288 0.0000
vt 0.3522 0.0288 0.0000
vt 0.3522 0.0671 0.0000
vt 0.3165 0.0671 0.0000
vt 0.3165 0.0288 0.0000
vt 0.3284 0.0288 0.0000
vt 0.3284 0.0671 0.0000
vt 0.2927 0.0671 0.0000
vt 0.2927 0.0288 0.0000
vt 0.3046 0.0288 0.0000
vt 0.3046 0.0671 0.0000
vt 0.2689 0.0671 0.0000
vt 0.2689 0.0288 0.0000
vt 0.2808 0.0288 0.0000
vt 0.2808 0.0671 0.0000
vt 0.2451 0.0671 0.0000
vt 0.2451 0.0288 0.0000
vt 0.2570 0.0288 0.0000
vt 0.2570 0.0671 0.0000
vt 0.2213 0.0671 0.0000
vt 0.2213 0.0288 0.0000
vt 0.2332 0.0288 0.0000
vt 0.2332 0.0671 0.0000
vt 0.2094 0.0671 0.0000
vt 0.1974 0.0671 0.0000
vt 0.1974 0.0288 0.0000
vt 0.2094 0.0288 0.0000
vt 0.1855 0.0671 0.0000
vt 0.1736 0.0671 0.0000
vt 0.1736 0.0288 0.0000
vt 0.1855 0.0288 0.0000
vt 0.1617 0.0671 0.0000
vt 0.1498 0.0671 0.0000
vt 0.1498 0.0288 0.0000
vt 0.1617 0.0288 0.0000
vt 0.1379 0.0671 0.0000
vt 0.1260 0.0671 0.0000
vt 0.1260 0.0288 0.0000
vt 0.1379 0.0288 0.0000
vt 0.1022 0.0288 0.0000
vt 0.1141 0.0288 0.0000
vt 0.1141 0.0671 0.0000
vt 0.1022 0.0671 0.0000
vt 0.0903 0.0671 0.0000
vt 0.0784 0.0671 0.0000
vt 0.0784 0.0288 0.0000
vt 0.0903 0.0288 0.0000
vt 0.0546 0.0109 0.0000
vt 0.0665 0.0273 0.0000
vt 0.0665 0.0671 0.0000
vt 0.0546 0.0671 0.0000
vt 0.4118 0.0288 0.0000
vt 0.4237 0.0273 0.0000
vt 0.4237 0.0671 0.0000
vt 0.4118 0.0671 0.0000
vt 0.4356 0.0109 0.0000
vt 0.4356 0.0671 0.0000
vt 0.3999 0.0288 0.0000
vt 0.3999 0.0671 0.0000
vt 0.3880 0.0107 0.0000
vt 0.3880 0.0060 0.0000
vt 0.3999 0.0060 0.0000
vt 0.3999 0.0107 0.0000
vt 0.4118 0.0060 0.0000
vt 0.4118 0.0107 0.0000
vt 0.4237 0.0060 0.0000
vt 0.4237 0.0104 0.0000
vt 0.4356 0.0060 0.0000
vt 0.4356 0.0085 0.0000
vt 0.0546 0.0060 0.0000
vt 0.0665 0.0060 0.0000
vt 0.0665 0.0104 0.0000
vt 0.0546 0.0085 0.0000
vt 0.0784 0.0060 0.0000
vt 0.0784 0.0107 0.0000
vt 0.0903 0.0060 0.0000
vt 0.0903 0.0107 0.0000
vt 0.1022 0.0060 0.0000
vt 0.1022 0.0107 0.0000
vt 0.1141 0.0107 0.0000
vt 0.1141 0.0060 0.0000
vt 0.1260 0.0060 0.0000
vt 0.1260 0.0107 0.0000
vt 0.1379 0.0060 0.0000
vt 0.1379 0.0107 0.0000
vt 0.1498 0.0107 0.0000
vt 0.1498 0.0060 0.0000
vt 0.1617 0.0107 0.0000
vt 0.1617 0.0060 0.0000
vt 0.1736 0.0060 0.0000
vt 0.1736 0.0107 0.0000
vt 0.1855 0.0060 0.0000
vt 0.1855 0.0107 0.0000
vt 0.1974 0.0107 0.0000
vt 0.1974 0.0060 0.0000
vt 0.2094 0.0107 0.0000
vt 0.2094 0.0060 0.0000
vt 0.2213 0.0060 0.0000
vt 0.2213 0.0107 0.0000
vt 0.2332 0.0060 0.0000
vt 0.2332 0.0107 0.0000
vt 0.2451 0.0107 0.0000
vt 0.2451 0.0060 0.0000
vt 0.2570 0.0060 0.0000
vt 0.2570 0.0107 0.0000
vt 0.2689 0.0107 0.0000
vt 0.2689 0.0060 0.0000
vt 0.2808 0.0060 0.0000
vt 0.2808 0.0107 0.0000
vt 0.2927 0.0060 0.0000
vt 0.2927 0.0107 0.0000
vt 0.3046 0.0060 0.0000
vt 0.3046 0.0107 0.0000
vt 0.3165 0.0107 0.0000
vt 0.3165 0.0060 0.0000
vt 0.3284 0.0060 0.0000
vt 0.3284 0.0107 0.0000
vt 0.3403 0.0107 0.0000
vt 0.3403 0.0060 0.0000
vt 0.3522 0.0060 0.0000
vt 0.3522 0.0107 0.0000
vt 0.3641 0.0107 0.0000
vt 0.3641 0.0060 0.0000
vt 0.3761 0.0060 0.0000
vt 0.3761 0.0107 0.0000
# 552 texture coords

o Hooty_Cylinder_002
g Hooty_Cylinder_002
usemtl Hooty_owl_house_Checher
s 1
f 632/1234/935 633/1235/936 634/1236/937 
f 634/1236/937 635/1237/938 632/1234/935 
f 636/1238/939 635/1237/938 634/1236/937 
f 634/1236/937 637/1239/940 636/1238/939 
f 636/1238/939 638/1240/941 639/1241/942 
f 639/1241/942 635/1237/938 636/1238/939 
f 635/1237/938 639/1241/942 640/1242/943 
f 640/1242/943 632/1234/935 635/1237/938 
f 641/1243/944 642/1244/945 643/1245/946 
f 643/1245/946 644/1246/947 641/1243/944 
f 641/1243/944 644/1246/947 645/1247/948 
f 645/1247/948 646/1248/949 641/1243/944 
f 642/1244/945 641/1243/944 646/1248/949 
f 646/1248/949 647/1249/950 642/1244/945 
f 637/1239/940 648/1250/951 649/1251/952 
f 649/1251/952 636/1238/939 637/1239/940 
f 649/1251/952 648/1250/951 650/1252/953 
f 650/1252/953 651/1253/954 649/1251/952 
f 652/1254/955 649/1251/952 651/1253/954 
f 651/1253/954 653/1255/956 652/1254/955 
f 636/1238/939 649/1251/952 652/1254/955 
f 652/1254/955 638/1240/941 636/1238/939 
f 654/1256/957 646/1248/949 645/1247/948 
f 645/1247/948 655/1257/958 654/1256/957 
f 654/1256/957 655/1257/958 656/1258/959 
f 656/1258/959 657/1259/960 654/1256/957 
f 646/1248/949 654/1256/957 657/1259/960 
f 657/1259/960 647/1249/950 646/1248/949 
f 650/1260/953 658/1261/961 659/1262/962 
f 659/1262/962 651/1263/954 650/1260/953 
f 660/1264/963 661/1265/964 659/1262/962 
f 659/1262/962 658/1261/961 660/1264/963 
f 662/1266/965 663/1267/966 659/1262/962 
f 659/1262/962 661/1265/964 662/1266/965 
f 663/1267/966 653/1268/956 651/1263/954 
f 651/1263/954 659/1262/962 663/1267/966 
f 656/1258/959 664/1269/967 665/1270/968 
f 665/1270/968 657/1259/960 656/1258/959 
f 666/1271/969 665/1270/968 664/1269/967 
f 664/1269/967 667/1272/970 666/1271/969 
f 666/1271/969 647/1249/950 657/1259/960 
f 657/1259/960 665/1270/968 666/1271/969 
f 668/1273/971 669/1274/972 661/1265/964 
f 661/1265/964 660/1264/963 668/1273/971 
f 670/1275/973 669/1274/972 668/1273/971 
f 668/1273/971 671/1276/974 670/1275/973 
f 669/1274/972 670/1275/973 672/1277/975 
f 672/1277/975 673/1278/976 669/1274/972 
f 673/1278/976 662/1266/965 661/1265/964 
f 661/1265/964 669/1274/972 673/1278/976 
f 674/1279/977 675/1280/978 666/1271/969 
f 666/1271/969 667/1272/970 674/1279/977 
f 674/1279/977 676/1281/979 677/1282/980 
f 677/1282/980 675/1280/978 674/1279/977 
f 675/1280/978 677/1282/980 647/1249/950 
f 647/1249/950 666/1271/969 675/1280/978 
f 671/1276/974 678/1283/981 679/1284/982 
f 679/1284/982 670/1275/973 671/1276/974 
f 680/1285/983 679/1284/982 678/1283/981 
f 678/1283/981 681/1286/984 680/1285/983 
f 680/1285/983 682/1287/985 683/1288/986 
f 683/1288/986 679/1284/982 680/1285/983 
f 683/1288/986 672/1277/975 670/1275/973 
f 670/1275/973 679/1284/982 683/1288/986 
f 684/1289/987 677/1282/980 676/1281/979 
f 676/1281/979 685/1290/988 684/1289/987 
f 685/1290/988 686/1291/989 687/1292/990 
f 687/1292/990 684/1289/987 685/1290/988 
f 677/1282/980 684/1289/987 687/1292/990 
f 687/1292/990 647/1249/950 677/1282/980 
f 681/1286/984 688/1293/991 689/1294/992 
f 689/1294/992 680/1285/983 681/1286/984 
f 690/1295/993 689/1294/992 688/1293/991 
f 688/1293/991 691/1296/994 690/1295/993 
f 692/1297/995 693/1298/996 689/1294/992 
f 689/1294/992 690/1295/993 692/1297/995 
f 693/1298/996 682/1287/985 680/1285/983 
f 680/1285/983 689/1294/992 693/1298/996 
f 694/1299/997 687/1292/990 686/1291/989 
f 686/1291/989 695/1300/998 694/1299/997 
f 694/1299/997 695/1300/998 696/1301/999 
f 696/1301/999 697/1302/1000 694/1299/997 
f 697/1302/1000 647/1249/950 687/1292/990 
f 687/1292/990 694/1299/997 697/1302/1000 
f 690/1295/993 691/1296/994 698/1303/1001 
f 698/1303/1001 699/1304/1002 690/1295/993 
f 700/1305/1003 699/1304/1002 698/1303/1001 
f 698/1303/1001 701/1306/1004 700/1305/1003 
f 702/1307/1005 699/1304/1002 700/1305/1003 
f 700/1305/1003 703/1308/1006 702/1307/1005 
f 702/1307/1005 692/1297/995 690/1295/993 
f 690/1295/993 699/1304/1002 702/1307/1005 
f 704/1309/1007 697/1302/1000 696/1301/999 
f 696/1301/999 705/1310/1008 704/1309/1007 
f 704/1309/1007 705/1310/1008 706/1311/1009 
f 706/1311/1009 707/1312/1010 704/1309/1007 
f 707/1312/1010 647/1249/950 697/1302/1000 
f 697/1302/1000 704/1309/1007 707/1312/1010 
f 700/1305/1003 701/1306/1004 708/1313/1011 
f 708/1313/1011 709/1314/1012 700/1305/1003 
f 710/1315/1013 709/1314/1012 708/1313/1011 
f 708/1313/1011 711/1316/1014 710/1315/1013 
f 712/1317/1015 709/1314/1012 710/1315/1013 
f 710/1315/1013 713/1318/1016 712/1317/1015 
f 712/1317/1015 703/1308/1006 700/1305/1003 
f 700/1305/1003 709/1314/1012 712/1317/1015 
f 714/1319/1017 707/1312/1010 706/1311/1009 
f 706/1311/1009 715/1320/1018 714/1319/1017 
f 714/1319/1017 715/1320/1018 716/1321/1019 
f 716/1321/1019 717/1322/1020 714/1319/1017 
f 717/1322/1020 647/1249/950 707/1312/1010 
f 707/1312/1010 714/1319/1017 717/1322/1020 
f 711/1316/1014 718/1323/1021 719/1324/1022 
f 719/1324/1022 710/1315/1013 711/1316/1014 
f 720/1325/1023 719/1324/1022 718/1323/1021 
f 718/1323/1021 721/1326/1024 720/1325/1023 
f 720/1325/1023 722/1327/1025 723/1328/1026 
f 723/1328/1026 719/1324/1022 720/1325/1023 
f 710/1315/1013 719/1324/1022 723/1328/1026 
f 723/1328/1026 713/1318/1016 710/1315/1013 
f 724/1329/1027 717/1322/1020 716/1321/1019 
f 716/1321/1019 725/1330/1028 724/1329/1027 
f 725/1330/1028 726/1331/1029 727/1332/1030 
f 727/1332/1030 724/1329/1027 725/1330/1028 
f 717/1322/1020 724/1329/1027 727/1332/1030 
f 727/1332/1030 647/1249/950 717/1322/1020 
f 721/1326/1024 728/1333/1031 729/1334/1032 
f 729/1334/1032 720/1325/1023 721/1326/1024 
f 730/1335/1033 729/1334/1032 728/1333/1031 
f 728/1333/1031 731/1336/1034 730/1335/1033 
f 732/1337/1035 729/1334/1032 730/1335/1033 
f 730/1335/1033 733/1338/1036 732/1337/1035 
f 732/1337/1035 722/1327/1025 720/1325/1023 
f 720/1325/1023 729/1334/1032 732/1337/1035 
f 734/1339/1037 735/1340/1038 727/1332/1030 
f 727/1332/1030 726/1331/1029 734/1339/1037 
f 734/1339/1037 736/1341/1039 737/1342/1040 
f 737/1342/1040 735/1340/1038 734/1339/1037 
f 737/1342/1040 647/1249/950 727/1332/1030 
f 727/1332/1030 735/1340/1038 737/1342/1040 
f 730/1335/1033 731/1336/1034 738/1343/1041 
f 738/1343/1041 739/1344/1042 730/1335/1033 
f 740/1345/1043 739/1344/1042 738/1343/1041 
f 738/1343/1041 741/1346/1044 740/1345/1043 
f 742/1347/1045 739/1344/1042 740/1345/1043 
f 740/1345/1043 743/1348/1046 742/1347/1045 
f 742/1347/1045 733/1338/1036 730/1335/1033 
f 730/1335/1033 739/1344/1042 742/1347/1045 
f 737/1342/1040 736/1341/1039 744/1349/1047 
f 744/1349/1047 745/1350/1048 737/1342/1040 
f 745/1350/1048 744/1349/1047 746/1351/1049 
f 746/1351/1049 747/1352/1050 745/1350/1048 
f 747/1352/1050 647/1249/950 737/1342/1040 
f 737/1342/1040 745/1350/1048 747/1352/1050 
f 741/1346/1044 748/1353/1051 749/1354/1052 
f 749/1354/1052 740/1345/1043 741/1346/1044 
f 750/1355/1053 749/1354/1052 748/1353/1051 
f 748/1353/1051 751/1356/1054 750/1355/1053 
f 752/1357/1055 749/1354/1052 750/1355/1053 
f 750/1355/1053 753/1358/1056 752/1357/1055 
f 752/1357/1055 743/1348/1046 740/1345/1043 
f 740/1345/1043 749/1354/1052 752/1357/1055 
f 754/1359/1057 755/1360/1058 747/1352/1050 
f 747/1352/1050 746/1351/1049 754/1359/1057 
f 754/1359/1057 756/1361/1059 757/1362/1060 
f 757/1362/1060 755/1360/1058 754/1359/1057 
f 757/1362/1060 647/1249/950 747/1352/1050 
f 747/1352/1050 755/1360/1058 757/1362/1060 
f 750/1355/1053 751/1356/1054 758/1363/1061 
f 758/1363/1061 759/1364/1062 750/1355/1053 
f 760/1365/1063 759/1364/1062 758/1363/1061 
f 758/1363/1061 761/1366/1064 760/1365/1063 
f 762/1367/1065 759/1364/1062 760/1365/1063 
f 760/1365/1063 763/1368/1066 762/1367/1065 
f 762/1367/1065 753/1358/1056 750/1355/1053 
f 750/1355/1053 759/1364/1062 762/1367/1065 
f 756/1361/1059 764/1369/1067 765/1370/1068 
f 765/1370/1068 757/1362/1060 756/1361/1059 
f 764/1369/1067 766/1371/1069 767/1372/1070 
f 767/1372/1070 765/1370/1068 764/1369/1067 
f 767/1372/1070 647/1249/950 757/1362/1060 
f 757/1362/1060 765/1370/1068 767/1372/1070 
f 760/1365/1063 761/1366/1064 768/1373/1071 
f 768/1373/1071 769/1374/1072 760/1365/1063 
f 770/1375/1073 769/1374/1072 768/1373/1071 
f 768/1373/1071 771/1376/1074 770/1375/1073 
f 772/1377/1075 769/1374/1072 770/1375/1073 
f 770/1375/1073 773/1378/1076 772/1377/1075 
f 772/1377/1075 763/1368/1066 760/1365/1063 
f 760/1365/1063 769/1374/1072 772/1377/1075 
f 767/1372/1070 766/1371/1069 774/1379/1077 
f 774/1379/1077 775/1380/1078 767/1372/1070 
f 775/1380/1078 774/1379/1077 776/1381/1079 
f 776/1381/1079 777/1382/1080 775/1380/1078 
f 777/1382/1080 647/1249/950 767/1372/1070 
f 767/1372/1070 775/1380/1078 777/1382/1080 
f 770/1375/1073 771/1376/1074 778/1383/1081 
f 778/1383/1081 779/1384/1082 770/1375/1073 
f 779/1384/1082 778/1383/1081 780/1385/1083 
f 780/1385/1083 781/1386/1084 779/1384/1082 
f 782/1387/1085 779/1384/1082 781/1386/1084 
f 781/1386/1084 783/1388/1086 782/1387/1085 
f 782/1387/1085 773/1378/1076 770/1375/1073 
f 770/1375/1073 779/1384/1082 782/1387/1085 
f 777/1382/1080 776/1381/1079 784/1389/1087 
f 784/1389/1087 785/1390/1088 777/1382/1080 
f 785/1390/1088 784/1389/1087 786/1391/1089 
f 786/1391/1089 787/1392/1090 785/1390/1088 
f 777/1382/1080 785/1390/1088 787/1392/1090 
f 787/1392/1090 647/1249/950 777/1382/1080 
f 781/1386/1084 780/1385/1083 788/1393/1091 
f 788/1393/1091 789/1394/1092 781/1386/1084 
f 788/1393/1091 633/1235/936 632/1234/935 
f 632/1234/935 789/1394/1092 788/1393/1091 
f 790/1395/1093 789/1394/1092 632/1234/935 
f 632/1234/935 640/1242/943 790/1395/1093 
f 790/1395/1093 783/1388/1086 781/1386/1084 
f 781/1386/1084 789/1394/1092 790/1395/1093 
f 791/1396/1094 792/1397/1095 793/1398/1096 
f 793/1398/1096 794/1399/1097 791/1396/1094 
f 795/1400/1098 794/1399/1097 793/1398/1096 
f 793/1398/1096 796/1401/1099 795/1400/1098 
f 794/1399/1097 795/1400/1098 640/1402/943 
f 640/1402/943 639/1403/942 794/1399/1097 
f 638/1404/941 791/1396/1094 794/1399/1097 
f 794/1399/1097 639/1403/942 638/1404/941 
f 797/1405/1100 798/1406/1101 799/1407/1102 
f 799/1407/1102 800/1408/1103 797/1405/1100 
f 791/1396/1094 797/1405/1100 800/1408/1103 
f 800/1408/1103 792/1397/1095 791/1396/1094 
f 638/1404/941 652/1409/955 797/1405/1100 
f 797/1405/1100 791/1396/1094 638/1404/941 
f 797/1405/1100 652/1409/955 653/1410/956 
f 653/1410/956 798/1406/1101 797/1405/1100 
f 801/1411/1104 802/1412/1105 803/1413/1106 
f 803/1413/1106 804/1414/1107 801/1411/1104 
f 798/1406/1101 804/1414/1107 803/1413/1106 
f 803/1413/1106 799/1407/1102 798/1406/1101 
f 798/1406/1101 653/1410/956 663/1415/966 
f 663/1415/966 804/1414/1107 798/1406/1101 
f 801/1411/1104 804/1414/1107 663/1415/966 
f 663/1415/966 662/1416/965 801/1411/1104 
f 805/1417/1108 806/1418/1109 807/1419/1110 
f 807/1419/1110 808/1420/1111 805/1417/1108 
f 801/1411/1104 808/1420/1111 807/1419/1110 
f 807/1419/1110 802/1412/1105 801/1411/1104 
f 808/1420/1111 801/1411/1104 662/1416/965 
f 662/1416/965 673/1421/976 808/1420/1111 
f 672/1422/975 805/1417/1108 808/1420/1111 
f 808/1420/1111 673/1421/976 672/1422/975 
f 809/1423/1112 810/1424/1113 811/1425/1114 
f 811/1425/1114 812/1426/1115 809/1423/1112 
f 805/1417/1108 809/1423/1112 812/1426/1115 
f 812/1426/1115 806/1418/1109 805/1417/1108 
f 809/1423/1112 805/1417/1108 672/1422/975 
f 672/1422/975 683/1427/986 809/1423/1112 
f 810/1424/1113 809/1423/1112 683/1427/986 
f 683/1427/986 682/1428/985 810/1424/1113 
f 813/1429/1116 814/1430/1117 815/1431/1118 
f 815/1431/1118 816/1432/1119 813/1429/1116 
f 810/1424/1113 813/1429/1116 816/1432/1119 
f 816/1432/1119 811/1425/1114 810/1424/1113 
f 693/1433/996 813/1429/1116 810/1424/1113 
f 810/1424/1113 682/1428/985 693/1433/996 
f 814/1430/1117 813/1429/1116 693/1433/996 
f 693/1433/996 692/1434/995 814/1430/1117 
f 817/1435/1120 818/1436/1121 819/1437/1122 
f 819/1437/1122 820/1438/1123 817/1435/1120 
f 814/1430/1117 820/1438/1123 819/1437/1122 
f 819/1437/1122 815/1431/1118 814/1430/1117 
f 814/1430/1117 692/1434/995 702/1439/1005 
f 702/1439/1005 820/1438/1123 814/1430/1117 
f 702/1439/1005 703/1440/1006 817/1435/1120 
f 817/1435/1120 820/1438/1123 702/1439/1005 
f 821/1441/1124 822/1442/1125 823/1443/1126 
f 823/1443/1126 824/1444/1127 821/1441/1124 
f 817/1435/1120 824/1444/1127 823/1443/1126 
f 823/1443/1126 818/1436/1121 817/1435/1120 
f 712/1445/1015 824/1444/1127 817/1435/1120 
f 817/1435/1120 703/1440/1006 712/1445/1015 
f 712/1445/1015 713/1446/1016 821/1441/1124 
f 821/1441/1124 824/1444/1127 712/1445/1015 
f 825/1447/1128 826/1448/1129 827/1449/1130 
f 827/1449/1130 828/1450/1131 825/1447/1128 
f 821/1441/1124 825/1447/1128 828/1450/1131 
f 828/1450/1131 822/1442/1125 821/1441/1124 
f 723/1451/1026 825/1447/1128 821/1441/1124 
f 821/1441/1124 713/1446/1016 723/1451/1026 
f 826/1448/1129 825/1447/1128 723/1451/1026 
f 723/1451/1026 722/1452/1025 826/1448/1129 
f 829/1453/1132 830/1454/1133 831/1455/1134 
f 831/1455/1134 832/1456/1135 829/1453/1132 
f 826/1448/1129 832/1456/1135 831/1455/1134 
f 831/1455/1134 827/1449/1130 826/1448/1129 
f 732/1457/1035 832/1456/1135 826/1448/1129 
f 826/1448/1129 722/1452/1025 732/1457/1035 
f 732/1457/1035 733/1458/1036 829/1453/1132 
f 829/1453/1132 832/1456/1135 732/1457/1035 
f 833/1459/1136 834/1460/1137 835/1461/1138 
f 835/1461/1138 836/1462/1139 833/1459/1136 
f 829/1453/1132 833/1459/1136 836/1462/1139 
f 836/1462/1139 830/1454/1133 829/1453/1132 
f 742/1463/1045 833/1459/1136 829/1453/1132 
f 829/1453/1132 733/1458/1036 742/1463/1045 
f 742/1463/1045 743/1464/1046 834/1460/1137 
f 834/1460/1137 833/1459/1136 742/1463/1045 
f 837/1465/1140 838/1466/1141 839/1467/1142 
f 839/1467/1142 840/1468/1143 837/1465/1140 
f 834/1460/1137 840/1468/1143 839/1467/1142 
f 839/1467/1142 835/1461/1138 834/1460/1137 
f 752/1469/1055 840/1468/1143 834/1460/1137 
f 834/1460/1137 743/1464/1046 752/1469/1055 
f 752/1469/1055 753/1470/1056 837/1465/1140 
f 837/1465/1140 840/1468/1143 752/1469/1055 
f 841/1471/1144 842/1472/1145 843/1473/1146 
f 843/1473/1146 844/1474/1147 841/1471/1144 
f 837/1465/1140 841/1471/1144 844/1474/1147 
f 844/1474/1147 838/1466/1141 837/1465/1140 
f 762/1475/1065 841/1471/1144 837/1465/1140 
f 837/1465/1140 753/1470/1056 762/1475/1065 
f 762/1475/1065 763/1476/1066 842/1472/1145 
f 842/1472/1145 841/1471/1144 762/1475/1065 
f 845/1477/1148 846/1478/1149 847/1479/1150 
f 847/1479/1150 848/1480/1151 845/1477/1148 
f 842/1472/1145 848/1480/1151 847/1479/1150 
f 847/1479/1150 843/1473/1146 842/1472/1145 
f 772/1481/1075 848/1480/1151 842/1472/1145 
f 842/1472/1145 763/1476/1066 772/1481/1075 
f 772/1481/1075 773/1482/1076 845/1477/1148 
f 845/1477/1148 848/1480/1151 772/1481/1075 
f 849/1483/1152 850/1484/1153 851/1485/1154 
f 851/1485/1154 852/1486/1155 849/1483/1152 
f 845/1477/1148 852/1486/1155 851/1485/1154 
f 851/1485/1154 846/1478/1149 845/1477/1148 
f 782/1487/1085 852/1486/1155 845/1477/1148 
f 845/1477/1148 773/1482/1076 782/1487/1085 
f 782/1487/1085 783/1488/1086 849/1483/1152 
f 849/1483/1152 852/1486/1155 782/1487/1085 
f 796/1401/1099 853/1489/1156 854/1490/1157 
f 854/1490/1157 795/1400/1098 796/1401/1099 
f 849/1483/1152 854/1490/1157 853/1489/1156 
f 853/1489/1156 850/1484/1153 849/1483/1152 
f 790/1491/1093 854/1490/1157 849/1483/1152 
f 849/1483/1152 783/1488/1086 790/1491/1093 
f 790/1491/1093 640/1402/943 795/1400/1098 
f 795/1400/1098 854/1490/1157 790/1491/1093 
f 855/1492/1158 856/1493/1159 857/1494/1160 
f 857/1494/1160 858/1495/1161 855/1492/1158 
f 859/1496/1162 858/1495/1161 857/1494/1160 
f 857/1494/1160 860/1497/1163 859/1496/1162 
f 793/1398/1096 858/1495/1161 859/1496/1162 
f 859/1496/1162 796/1401/1099 793/1398/1096 
f 793/1398/1096 792/1397/1095 855/1492/1158 
f 855/1492/1158 858/1495/1161 793/1398/1096 
f 861/1498/1164 862/1499/1165 863/1500/1166 
f 863/1500/1166 864/1501/1167 861/1498/1164 
f 855/1492/1158 864/1501/1167 863/1500/1166 
f 863/1500/1166 856/1493/1159 855/1492/1158 
f 800/1408/1103 864/1501/1167 855/1492/1158 
f 855/1492/1158 792/1397/1095 800/1408/1103 
f 800/1408/1103 799/1407/1102 861/1498/1164 
f 861/1498/1164 864/1501/1167 800/1408/1103 
f 865/1502/1168 866/1503/1169 867/1504/1170 
f 867/1504/1170 868/1505/1171 865/1502/1168 
f 861/1498/1164 868/1505/1171 867/1504/1170 
f 867/1504/1170 862/1499/1165 861/1498/1164 
f 803/1413/1106 868/1505/1171 861/1498/1164 
f 861/1498/1164 799/1407/1102 803/1413/1106 
f 803/1413/1106 802/1412/1105 865/1502/1168 
f 865/1502/1168 868/1505/1171 803/1413/1106 
f 869/1506/1172 870/1507/1173 871/1508/1174 
f 871/1508/1174 872/1509/1175 869/1506/1172 
f 865/1502/1168 872/1509/1175 871/1508/1174 
f 871/1508/1174 866/1503/1169 865/1502/1168 
f 807/1419/1110 872/1509/1175 865/1502/1168 
f 865/1502/1168 802/1412/1105 807/1419/1110 
f 807/1419/1110 806/1418/1109 869/1506/1172 
f 869/1506/1172 872/1509/1175 807/1419/1110 
f 873/1510/1176 874/1511/1177 875/1512/1178 
f 875/1512/1178 876/1513/1179 873/1510/1176 
f 869/1506/1172 876/1513/1179 875/1512/1178 
f 875/1512/1178 870/1507/1173 869/1506/1172 
f 812/1426/1115 876/1513/1179 869/1506/1172 
f 869/1506/1172 806/1418/1109 812/1426/1115 
f 812/1426/1115 811/1425/1114 873/1510/1176 
f 873/1510/1176 876/1513/1179 812/1426/1115 
f 877/1514/1180 878/1515/1181 879/1516/1182 
f 879/1516/1182 880/1517/1183 877/1514/1180 
f 873/1510/1176 880/1517/1183 879/1516/1182 
f 879/1516/1182 874/1511/1177 873/1510/1176 
f 811/1425/1114 816/1432/1119 880/1517/1183 
f 880/1517/1183 873/1510/1176 811/1425/1114 
f 816/1432/1119 815/1431/1118 877/1514/1180 
f 877/1514/1180 880/1517/1183 816/1432/1119 
f 881/1518/1184 882/1519/1185 883/1520/1186 
f 883/1520/1186 884/1521/1187 881/1518/1184 
f 877/1514/1180 884/1521/1187 883/1520/1186 
f 883/1520/1186 878/1515/1181 877/1514/1180 
f 819/1437/1122 884/1521/1187 877/1514/1180 
f 877/1514/1180 815/1431/1118 819/1437/1122 
f 819/1437/1122 818/1436/1121 881/1518/1184 
f 881/1518/1184 884/1521/1187 819/1437/1122 
f 885/1522/1188 886/1523/1189 887/1524/1190 
f 887/1524/1190 888/1525/1191 885/1522/1188 
f 881/1518/1184 888/1525/1191 887/1524/1190 
f 887/1524/1190 882/1519/1185 881/1518/1184 
f 823/1443/1126 888/1525/1191 881/1518/1184 
f 881/1518/1184 818/1436/1121 823/1443/1126 
f 823/1443/1126 822/1442/1125 885/1522/1188 
f 885/1522/1188 888/1525/1191 823/1443/1126 
f 889/1526/1192 890/1527/1193 891/1528/1194 
f 891/1528/1194 892/1529/1195 889/1526/1192 
f 885/1522/1188 891/1528/1194 890/1527/1193 
f 890/1527/1193 886/1523/1189 885/1522/1188 
f 828/1450/1131 891/1528/1194 885/1522/1188 
f 885/1522/1188 822/1442/1125 828/1450/1131 
f 828/1450/1131 827/1449/1130 892/1529/1195 
f 892/1529/1195 891/1528/1194 828/1450/1131 
f 893/1530/1196 894/1531/1197 895/1532/1198 
f 895/1532/1198 896/1533/1199 893/1530/1196 
f 892/1529/1195 896/1533/1199 895/1532/1198 
f 895/1532/1198 889/1526/1192 892/1529/1195 
f 831/1455/1134 896/1533/1199 892/1529/1195 
f 892/1529/1195 827/1449/1130 831/1455/1134 
f 831/1455/1134 830/1454/1133 893/1530/1196 
f 893/1530/1196 896/1533/1199 831/1455/1134 
f 897/1534/1200 898/1535/1201 899/1536/1202 
f 899/1536/1202 900/1537/1203 897/1534/1200 
f 893/1530/1196 900/1537/1203 899/1536/1202 
f 899/1536/1202 894/1531/1197 893/1530/1196 
f 836/1462/1139 900/1537/1203 893/1530/1196 
f 893/1530/1196 830/1454/1133 836/1462/1139 
f 836/1462/1139 835/1461/1138 897/1534/1200 
f 897/1534/1200 900/1537/1203 836/1462/1139 
f 901/1538/1204 902/1539/1205 903/1540/1206 
f 903/1540/1206 904/1541/1207 901/1538/1204 
f 897/1534/1200 904/1541/1207 903/1540/1206 
f 903/1540/1206 898/1535/1201 897/1534/1200 
f 839/1467/1142 904/1541/1207 897/1534/1200 
f 897/1534/1200 835/1461/1138 839/1467/1142 
f 839/1467/1142 838/1466/1141 901/1538/1204 
f 901/1538/1204 904/1541/1207 839/1467/1142 
f 905/1542/1208 906/1543/1209 907/1544/1210 
f 907/1544/1210 908/1545/1211 905/1542/1208 
f 901/1538/1204 908/1545/1211 907/1544/1210 
f 907/1544/1210 902/1539/1205 901/1538/1204 
f 844/1474/1147 908/1545/1211 901/1538/1204 
f 901/1538/1204 838/1466/1141 844/1474/1147 
f 844/1474/1147 843/1473/1146 905/1542/1208 
f 905/1542/1208 908/1545/1211 844/1474/1147 
f 909/1546/1212 910/1547/1213 911/1548/1214 
f 911/1548/1214 912/1549/1215 909/1546/1212 
f 905/1542/1208 911/1548/1214 910/1547/1213 
f 910/1547/1213 906/1543/1209 905/1542/1208 
f 847/1479/1150 911/1548/1214 905/1542/1208 
f 905/1542/1208 843/1473/1146 847/1479/1150 
f 847/1479/1150 846/1478/1149 912/1549/1215 
f 912/1549/1215 911/1548/1214 847/1479/1150 
f 913/1550/1216 914/1551/1217 915/1552/1218 
f 915/1552/1218 916/1553/1219 913/1550/1216 
f 912/1549/1215 915/1552/1218 914/1551/1217 
f 914/1551/1217 909/1546/1212 912/1549/1215 
f 851/1485/1154 915/1552/1218 912/1549/1215 
f 912/1549/1215 846/1478/1149 851/1485/1154 
f 851/1485/1154 850/1484/1153 916/1553/1219 
f 916/1553/1219 915/1552/1218 851/1485/1154 
f 917/1554/1220 859/1496/1162 860/1497/1163 
f 860/1497/1163 918/1555/1221 917/1554/1220 
f 916/1553/1219 917/1554/1220 918/1555/1221 
f 918/1555/1221 913/1550/1216 916/1553/1219 
f 853/1489/1156 917/1554/1220 916/1553/1219 
f 916/1553/1219 850/1484/1153 853/1489/1156 
f 853/1489/1156 796/1401/1099 859/1496/1162 
f 859/1496/1162 917/1554/1220 853/1489/1156 
f 919/1556/1222 920/1557/1223 921/1558/1224 
f 921/1558/1224 922/1559/1225 919/1556/1222 
f 922/1559/1225 923/1560/1226 924/1561/1227 
f 924/1561/1227 919/1556/1222 922/1559/1225 
f 857/1494/1160 919/1556/1222 924/1561/1227 
f 924/1561/1227 860/1497/1163 857/1494/1160 
f 857/1494/1160 856/1493/1159 920/1557/1223 
f 920/1557/1223 919/1556/1222 857/1494/1160 
f 925/1562/1228 926/1563/1229 927/1564/1230 
f 927/1564/1230 928/1565/1231 925/1562/1228 
f 920/1557/1223 928/1565/1231 927/1564/1230 
f 927/1564/1230 921/1558/1224 920/1557/1223 
f 863/1500/1166 928/1565/1231 920/1557/1223 
f 920/1557/1223 856/1493/1159 863/1500/1166 
f 863/1500/1166 862/1499/1165 925/1562/1228 
f 925/1562/1228 928/1565/1231 863/1500/1166 
f 929/1566/1232 930/1567/1233 931/1568/1234 
f 931/1568/1234 932/1569/1235 929/1566/1232 
f 925/1562/1228 932/1569/1235 931/1568/1234 
f 931/1568/1234 926/1563/1229 925/1562/1228 
f 867/1504/1170 932/1569/1235 925/1562/1228 
f 925/1562/1228 862/1499/1165 867/1504/1170 
f 867/1504/1170 866/1503/1169 929/1566/1232 
f 929/1566/1232 932/1569/1235 867/1504/1170 
f 933/1570/1236 934/1571/1237 935/1572/1238 
f 935/1572/1238 936/1573/1239 933/1570/1236 
f 929/1566/1232 933/1570/1236 936/1573/1239 
f 936/1573/1239 930/1567/1233 929/1566/1232 
f 871/1508/1174 933/1570/1236 929/1566/1232 
f 929/1566/1232 866/1503/1169 871/1508/1174 
f 871/1508/1174 870/1507/1173 934/1571/1237 
f 934/1571/1237 933/1570/1236 871/1508/1174 
f 937/1574/1240 938/1575/1241 939/1576/1242 
f 939/1576/1242 940/1577/1243 937/1574/1240 
f 934/1571/1237 940/1577/1243 939/1576/1242 
f 939/1576/1242 935/1572/1238 934/1571/1237 
f 875/1512/1178 940/1577/1243 934/1571/1237 
f 934/1571/1237 870/1507/1173 875/1512/1178 
f 875/1512/1178 874/1511/1177 937/1574/1240 
f 937/1574/1240 940/1577/1243 875/1512/1178 
f 941/1578/1244 942/1579/1245 943/1580/1246 
f 943/1580/1246 944/1581/1247 941/1578/1244 
f 937/1574/1240 944/1581/1247 943/1580/1246 
f 943/1580/1246 938/1575/1241 937/1574/1240 
f 879/1516/1182 944/1581/1247 937/1574/1240 
f 937/1574/1240 874/1511/1177 879/1516/1182 
f 879/1516/1182 878/1515/1181 941/1578/1244 
f 941/1578/1244 944/1581/1247 879/1516/1182 
f 945/1582/1248 946/1583/1249 947/1584/1250 
f 947/1584/1250 948/1585/1251 945/1582/1248 
f 941/1578/1244 945/1582/1248 948/1585/1251 
f 948/1585/1251 942/1579/1245 941/1578/1244 
f 883/1520/1186 945/1582/1248 941/1578/1244 
f 941/1578/1244 878/1515/1181 883/1520/1186 
f 883/1520/1186 882/1519/1185 946/1583/1249 
f 946/1583/1249 945/1582/1248 883/1520/1186 
f 949/1586/1252 950/1587/1253 951/1588/1254 
f 951/1588/1254 952/1589/1255 949/1586/1252 
f 946/1583/1249 952/1589/1255 951/1588/1254 
f 951/1588/1254 947/1584/1250 946/1583/1249 
f 946/1583/1249 882/1519/1185 887/1524/1190 
f 887/1524/1190 952/1589/1255 946/1583/1249 
f 949/1586/1252 952/1589/1255 887/1524/1190 
f 887/1524/1190 886/1523/1189 949/1586/1252 
f 953/1590/1256 954/1591/1257 955/1592/1258 
f 955/1592/1258 956/1593/1259 953/1590/1256 
f 956/1593/1259 950/1587/1253 949/1586/1252 
f 949/1586/1252 953/1590/1256 956/1593/1259 
f 886/1523/1189 890/1527/1193 953/1590/1256 
f 953/1590/1256 949/1586/1252 886/1523/1189 
f 889/1526/1192 954/1591/1257 953/1590/1256 
f 953/1590/1256 890/1527/1193 889/1526/1192 
f 957/1594/1260 958/1595/1261 959/1596/1262 
f 959/1596/1262 960/1597/1263 957/1594/1260 
f 954/1591/1257 960/1597/1263 959/1596/1262 
f 959/1596/1262 955/1592/1258 954/1591/1257 
f 960/1597/1263 954/1591/1257 889/1526/1192 
f 889/1526/1192 895/1532/1198 960/1597/1263 
f 895/1532/1198 894/1531/1197 957/1594/1260 
f 957/1594/1260 960/1597/1263 895/1532/1198 
f 961/1598/1264 962/1599/1265 963/1600/1266 
f 963/1600/1266 964/1601/1267 961/1598/1264 
f 964/1601/1267 963/1600/1266 958/1595/1261 
f 958/1595/1261 957/1594/1260 964/1601/1267 
f 899/1536/1202 964/1601/1267 957/1594/1260 
f 957/1594/1260 894/1531/1197 899/1536/1202 
f 961/1598/1264 964/1601/1267 899/1536/1202 
f 899/1536/1202 898/1535/1201 961/1598/1264 
f 965/1602/1268 966/1603/1269 967/1604/1270 
f 967/1604/1270 968/1605/1271 965/1602/1268 
f 961/1598/1264 968/1605/1271 967/1604/1270 
f 967/1604/1270 962/1599/1265 961/1598/1264 
f 898/1535/1201 903/1540/1206 968/1605/1271 
f 968/1605/1271 961/1598/1264 898/1535/1201 
f 965/1602/1268 968/1605/1271 903/1540/1206 
f 903/1540/1206 902/1539/1205 965/1602/1268 
f 969/1606/1272 970/1607/1273 971/1608/1274 
f 971/1608/1274 972/1609/1275 969/1606/1272 
f 965/1602/1268 969/1606/1272 972/1609/1275 
f 972/1609/1275 966/1603/1269 965/1602/1268 
f 907/1544/1210 969/1606/1272 965/1602/1268 
f 965/1602/1268 902/1539/1205 907/1544/1210 
f 907/1544/1210 906/1543/1209 970/1607/1273 
f 970/1607/1273 969/1606/1272 907/1544/1210 
f 973/1610/1276 974/1611/1277 975/1612/1278 
f 975/1612/1278 976/1613/1279 973/1610/1276 
f 970/1607/1273 976/1613/1279 975/1612/1278 
f 975/1612/1278 971/1608/1274 970/1607/1273 
f 970/1607/1273 906/1543/1209 910/1547/1213 
f 910/1547/1213 976/1613/1279 970/1607/1273 
f 973/1610/1276 976/1613/1279 910/1547/1213 
f 910/1547/1213 909/1546/1212 973/1610/1276 
f 977/1614/1280 978/1615/1281 979/1616/1282 
f 979/1616/1282 980/1617/1283 977/1614/1280 
f 979/1616/1282 974/1611/1277 973/1610/1276 
f 973/1610/1276 980/1617/1283 979/1616/1282 
f 914/1551/1217 980/1617/1283 973/1610/1276 
f 973/1610/1276 909/1546/1212 914/1551/1217 
f 913/1550/1216 977/1614/1280 980/1617/1283 
f 980/1617/1283 914/1551/1217 913/1550/1216 
f 924/1561/1227 923/1560/1226 981/1618/1284 
f 981/1618/1284 982/1619/1285 924/1561/1227 
f 982/1619/1285 981/1618/1284 978/1615/1281 
f 978/1615/1281 977/1614/1280 982/1619/1285 
f 982/1619/1285 977/1614/1280 913/1550/1216 
f 913/1550/1216 918/1555/1221 982/1619/1285 
f 918/1555/1221 860/1497/1163 924/1561/1227 
f 924/1561/1227 982/1619/1285 918/1555/1221 
f 983/1620/1286 643/1245/946 984/1621/1287 
f 984/1621/1287 985/1622/1288 983/1620/1286 
f 986/1623/1289 985/1622/1288 984/1621/1287 
f 984/1621/1287 786/1391/1089 986/1623/1289 
f 922/1559/1225 985/1622/1288 986/1623/1289 
f 986/1623/1289 923/1560/1226 922/1559/1225 
f 922/1559/1225 921/1558/1224 983/1620/1286 
f 983/1620/1286 985/1622/1288 922/1559/1225 
f 987/1624/1290 645/1247/948 644/1246/947 
f 644/1246/947 988/1625/1291 987/1624/1290 
f 983/1620/1286 988/1625/1291 644/1246/947 
f 644/1246/947 643/1245/946 983/1620/1286 
f 927/1564/1230 988/1625/1291 983/1620/1286 
f 983/1620/1286 921/1558/1224 927/1564/1230 
f 987/1624/1290 988/1625/1291 927/1564/1230 
f 927/1564/1230 926/1563/1229 987/1624/1290 
f 989/1626/1292 656/1258/959 655/1257/958 
f 655/1257/958 990/1627/1293 989/1626/1292 
f 987/1624/1290 990/1627/1293 655/1257/958 
f 655/1257/958 645/1247/948 987/1624/1290 
f 987/1624/1290 926/1563/1229 931/1568/1234 
f 931/1568/1234 990/1627/1293 987/1624/1290 
f 990/1627/1293 931/1568/1234 930/1567/1233 
f 930/1567/1233 989/1626/1292 990/1627/1293 
f 991/1628/1294 992/1629/1295 667/1272/970 
f 667/1272/970 664/1269/967 991/1628/1294 
f 989/1626/1292 991/1628/1294 664/1269/967 
f 664/1269/967 656/1258/959 989/1626/1292 
f 936/1573/1239 991/1628/1294 989/1626/1292 
f 989/1626/1292 930/1567/1233 936/1573/1239 
f 936/1573/1239 935/1572/1238 992/1629/1295 
f 992/1629/1295 991/1628/1294 936/1573/1239 
f 993/1630/1296 676/1281/979 674/1279/977 
f 674/1279/977 994/1631/1297 993/1630/1296 
f 992/1629/1295 994/1631/1297 674/1279/977 
f 674/1279/977 667/1272/970 992/1629/1295 
f 939/1576/1242 994/1631/1297 992/1629/1295 
f 992/1629/1295 935/1572/1238 939/1576/1242 
f 939/1576/1242 938/1575/1241 993/1630/1296 
f 993/1630/1296 994/1631/1297 939/1576/1242 
f 995/1632/1298 686/1291/989 685/1290/988 
f 685/1290/988 996/1633/1299 995/1632/1298 
f 993/1630/1296 996/1633/1299 685/1290/988 
f 685/1290/988 676/1281/979 993/1630/1296 
f 943/1580/1246 996/1633/1299 993/1630/1296 
f 993/1630/1296 938/1575/1241 943/1580/1246 
f 942/1579/1245 995/1632/1298 996/1633/1299 
f 996/1633/1299 943/1580/1246 942/1579/1245 
f 997/1634/1300 696/1301/999 695/1300/998 
f 695/1300/998 998/1635/1301 997/1634/1300 
f 995/1632/1298 998/1635/1301 695/1300/998 
f 695/1300/998 686/1291/989 995/1632/1298 
f 948/1585/1251 998/1635/1301 995/1632/1298 
f 995/1632/1298 942/1579/1245 948/1585/1251 
f 947/1584/1250 997/1634/1300 998/1635/1301 
f 998/1635/1301 948/1585/1251 947/1584/1250 
f 999/1636/1302 1000/1637/1303 706/1311/1009 
f 706/1311/1009 705/1310/1008 999/1636/1302 
f 997/1634/1300 999/1636/1302 705/1310/1008 
f 705/1310/1008 696/1301/999 997/1634/1300 
f 951/1588/1254 999/1636/1302 997/1634/1300 
f 997/1634/1300 947/1584/1250 951/1588/1254 
f 951/1588/1254 950/1587/1253 1000/1637/1303 
f 1000/1637/1303 999/1636/1302 951/1588/1254 
f 1001/1638/1304 1002/1639/1305 716/1321/1019 
f 716/1321/1019 715/1320/1018 1001/1638/1304 
f 1000/1637/1303 1001/1638/1304 715/1320/1018 
f 715/1320/1018 706/1311/1009 1000/1637/1303 
f 956/1593/1259 1001/1638/1304 1000/1637/1303 
f 1000/1637/1303 950/1587/1253 956/1593/1259 
f 955/1592/1258 1002/1639/1305 1001/1638/1304 
f 1001/1638/1304 956/1593/1259 955/1592/1258 
f 1003/1640/1306 726/1331/1029 725/1330/1028 
f 725/1330/1028 1004/1641/1307 1003/1640/1306 
f 1002/1639/1305 1004/1641/1307 725/1330/1028 
f 725/1330/1028 716/1321/1019 1002/1639/1305 
f 959/1596/1262 1004/1641/1307 1002/1639/1305 
f 1002/1639/1305 955/1592/1258 959/1596/1262 
f 958/1595/1261 1003/1640/1306 1004/1641/1307 
f 1004/1641/1307 959/1596/1262 958/1595/1261 
f 1005/1642/1308 1006/1643/1309 736/1341/1039 
f 736/1341/1039 734/1339/1037 1005/1642/1308 
f 734/1339/1037 726/1331/1029 1003/1640/1306 
f 1003/1640/1306 1005/1642/1308 734/1339/1037 
f 963/1600/1266 1005/1642/1308 1003/1640/1306 
f 1003/1640/1306 958/1595/1261 963/1600/1266 
f 963/1600/1266 962/1599/1265 1006/1643/1309 
f 1006/1643/1309 1005/1642/1308 963/1600/1266 
f 1007/1644/1310 746/1351/1049 744/1349/1047 
f 744/1349/1047 1008/1645/1311 1007/1644/1310 
f 1006/1643/1309 1008/1645/1311 744/1349/1047 
f 744/1349/1047 736/1341/1039 1006/1643/1309 
f 967/1604/1270 1008/1645/1311 1006/1643/1309 
f 1006/1643/1309 962/1599/1265 967/1604/1270 
f 966/1603/1269 1007/1644/1310 1008/1645/1311 
f 1008/1645/1311 967/1604/1270 966/1603/1269 
f 1009/1646/1312 756/1361/1059 754/1359/1057 
f 754/1359/1057 1010/1647/1313 1009/1646/1312 
f 1007/1644/1310 1010/1647/1313 754/1359/1057 
f 754/1359/1057 746/1351/1049 1007/1644/1310 
f 972/1609/1275 1010/1647/1313 1007/1644/1310 
f 1007/1644/1310 966/1603/1269 972/1609/1275 
f 971/1608/1274 1009/1646/1312 1010/1647/1313 
f 1010/1647/1313 972/1609/1275 971/1608/1274 
f 1011/1648/1314 766/1371/1069 764/1369/1067 
f 764/1369/1067 1012/1649/1315 1011/1648/1314 
f 1009/1646/1312 1012/1649/1315 764/1369/1067 
f 764/1369/1067 756/1361/1059 1009/1646/1312 
f 975/1612/1278 1012/1649/1315 1009/1646/1312 
f 1009/1646/1312 971/1608/1274 975/1612/1278 
f 975/1612/1278 974/1611/1277 1011/1648/1314 
f 1011/1648/1314 1012/1649/1315 975/1612/1278 
f 1013/1650/1316 1014/1651/1317 776/1381/1079 
f 776/1381/1079 774/1379/1077 1013/1650/1316 
f 774/1379/1077 766/1371/1069 1011/1648/1314 
f 1011/1648/1314 1013/1650/1316 774/1379/1077 
f 979/1616/1282 1013/1650/1316 1011/1648/1314 
f 1011/1648/1314 974/1611/1277 979/1616/1282 
f 979/1616/1282 978/1615/1281 1014/1651/1317 
f 1014/1651/1317 1013/1650/1316 979/1616/1282 
f 1015/1652/1318 986/1623/1289 786/1391/1089 
f 786/1391/1089 784/1389/1087 1015/1652/1318 
f 1014/1651/1317 1015/1652/1318 784/1389/1087 
f 784/1389/1087 776/1381/1079 1014/1651/1317 
f 1015/1652/1318 1014/1651/1317 978/1615/1281 
f 978/1615/1281 981/1618/1284 1015/1652/1318 
f 981/1618/1284 923/1560/1226 986/1623/1289 
f 986/1623/1289 1015/1652/1318 981/1618/1284 
f 1016/1653/1319 787/1392/1090 786/1391/1089 
f 786/1391/1089 984/1621/1287 1016/1653/1319 
f 1016/1653/1319 984/1621/1287 643/1245/946 
f 643/1245/946 642/1244/945 1016/1653/1319 
f 787/1392/1090 1016/1653/1319 642/1244/945 
f 642/1244/945 647/1249/950 787/1392/1090 
f 1017/1654/1320 1018/1655/1321 1019/1656/1321 
f 1019/1656/1321 1020/1657/1320 1017/1654/1320 
f 1020/1657/1320 1021/1658/1322 1022/1659/1322 
f 1022/1659/1322 1017/1654/1320 1020/1657/1320 
f 633/1235/936 788/1393/1091 1017/1654/1320 
f 1017/1654/1320 1022/1659/1322 633/1235/936 
f 788/1393/1091 780/1385/1083 1018/1655/1321 
f 1018/1655/1321 1017/1654/1320 788/1393/1091 
f 1023/1660/1323 1024/1661/1323 1025/1662/1324 
f 1025/1662/1324 1026/1663/1324 1023/1660/1323 
f 1025/1662/1324 1019/1656/1321 1018/1655/1321 
f 1018/1655/1321 1026/1663/1324 1025/1662/1324 
f 778/1383/1081 1026/1663/1324 1018/1655/1321 
f 1018/1655/1321 780/1385/1083 778/1383/1081 
f 771/1376/1074 1023/1660/1323 1026/1663/1324 
f 1026/1663/1324 778/1383/1081 771/1376/1074 
f 1027/1664/1325 1028/1665/1325 1029/1666/1326 
f 1029/1666/1326 1030/1667/1326 1027/1664/1325 
f 1023/1660/1323 1030/1667/1326 1029/1666/1326 
f 1029/1666/1326 1024/1661/1323 1023/1660/1323 
f 768/1373/1071 1030/1667/1326 1023/1660/1323 
f 1023/1660/1323 771/1376/1074 768/1373/1071 
f 768/1373/1071 761/1366/1064 1027/1664/1325 
f 1027/1664/1325 1030/1667/1326 768/1373/1071 
f 1031/1668/1327 1032/1669/1327 1033/1670/1328 
f 1033/1670/1328 1034/1671/1328 1031/1668/1327 
f 1027/1664/1325 1034/1671/1328 1033/1670/1328 
f 1033/1670/1328 1028/1665/1325 1027/1664/1325 
f 1034/1671/1328 1027/1664/1325 761/1366/1064 
f 761/1366/1064 758/1363/1061 1034/1671/1328 
f 758/1363/1061 751/1356/1054 1031/1668/1327 
f 1031/1668/1327 1034/1671/1328 758/1363/1061 
f 1035/1672/1329 1036/1673/1329 1037/1674/1330 
f 1037/1674/1330 1038/1675/1330 1035/1672/1329 
f 1031/1668/1327 1038/1675/1330 1037/1674/1330 
f 1037/1674/1330 1032/1669/1327 1031/1668/1327 
f 1038/1675/1330 1031/1668/1327 751/1356/1054 
f 751/1356/1054 748/1353/1051 1038/1675/1330 
f 748/1353/1051 741/1346/1044 1035/1672/1329 
f 1035/1672/1329 1038/1675/1330 748/1353/1051 
f 1039/1676/1331 1040/1677/1331 1041/1678/1332 
f 1041/1678/1332 1042/1679/1332 1039/1676/1331 
f 1035/1672/1329 1042/1679/1332 1041/1678/1332 
f 1041/1678/1332 1036/1673/1329 1035/1672/1329 
f 1042/1679/1332 1035/1672/1329 741/1346/1044 
f 741/1346/1044 738/1343/1041 1042/1679/1332 
f 738/1343/1041 731/1336/1034 1039/1676/1331 
f 1039/1676/1331 1042/1679/1332 738/1343/1041 
f 1043/1680/1333 1044/1681/1333 1045/1682/1334 
f 1045/1682/1334 1046/1683/1334 1043/1680/1333 
f 1039/1676/1331 1046/1683/1334 1045/1682/1334 
f 1045/1682/1334 1040/1677/1331 1039/1676/1331 
f 1046/1683/1334 1039/1676/1331 731/1336/1034 
f 731/1336/1034 728/1333/1031 1046/1683/1334 
f 728/1333/1031 721/1326/1024 1043/1680/1333 
f 1043/1680/1333 1046/1683/1334 728/1333/1031 
f 1047/1684/1335 1048/1685/1336 1049/1686/1336 
f 1049/1686/1336 1050/1687/1335 1047/1684/1335 
f 1047/1684/1335 1050/1687/1335 1044/1681/1333 
f 1044/1681/1333 1043/1680/1333 1047/1684/1335 
f 1047/1684/1335 1043/1680/1333 721/1326/1024 
f 721/1326/1024 718/1323/1021 1047/1684/1335 
f 718/1323/1021 711/1316/1014 1048/1685/1336 
f 1048/1685/1336 1047/1684/1335 718/1323/1021 
f 1051/1688/1337 1052/1689/1338 1053/1690/1338 
f 1053/1690/1338 1054/1691/1337 1051/1688/1337 
f 1051/1688/1337 1054/1691/1337 1049/1686/1336 
f 1049/1686/1336 1048/1685/1336 1051/1688/1337 
f 1051/1688/1337 1048/1685/1336 711/1316/1014 
f 711/1316/1014 708/1313/1011 1051/1688/1337 
f 708/1313/1011 701/1306/1004 1052/1689/1338 
f 1052/1689/1338 1051/1688/1337 708/1313/1011 
f 1055/1692/1339 1056/1693/1340 1057/1694/1340 
f 1057/1694/1340 1058/1695/1339 1055/1692/1339 
f 1055/1692/1339 1058/1695/1339 1053/1690/1338 
f 1053/1690/1338 1052/1689/1338 1055/1692/1339 
f 1055/1692/1339 1052/1689/1338 701/1306/1004 
f 701/1306/1004 698/1303/1001 1055/1692/1339 
f 698/1303/1001 691/1296/994 1056/1693/1340 
f 1056/1693/1340 1055/1692/1339 698/1303/1001 
f 1059/1696/1341 1060/1697/1342 1061/1698/1342 
f 1061/1698/1342 1062/1699/1341 1059/1696/1341 
f 1059/1696/1341 1062/1699/1341 1057/1694/1340 
f 1057/1694/1340 1056/1693/1340 1059/1696/1341 
f 1059/1696/1341 1056/1693/1340 691/1296/994 
f 691/1296/994 688/1293/991 1059/1696/1341 
f 688/1293/991 681/1286/984 1060/1697/1342 
f 1060/1697/1342 1059/1696/1341 688/1293/991 
f 1063/1700/1343 1064/1701/1344 1065/1702/1344 
f 1065/1702/1344 1066/1703/1343 1063/1700/1343 
f 1061/1698/1342 1060/1697/1342 1065/1702/1344 
f 1065/1702/1344 1064/1701/1344 1061/1698/1342 
f 1065/1702/1344 1060/1697/1342 681/1286/984 
f 681/1286/984 678/1283/981 1065/1702/1344 
f 678/1283/981 671/1276/974 1066/1703/1343 
f 1066/1703/1343 1065/1702/1344 678/1283/981 
f 1067/1704/1345 1068/1705/1346 1069/1706/1346 
f 1069/1706/1346 1070/1707/1345 1067/1704/1345 
f 1067/1704/1345 1070/1707/1345 1063/1700/1343 
f 1063/1700/1343 1066/1703/1343 1067/1704/1345 
f 1067/1704/1345 1066/1703/1343 671/1276/974 
f 671/1276/974 668/1273/971 1067/1704/1345 
f 668/1273/971 660/1264/963 1068/1705/1346 
f 1068/1705/1346 1067/1704/1345 668/1273/971 
f 1071/1708/1347 1072/1709/1348 1073/1710/1348 
f 1073/1710/1348 1074/1711/1347 1071/1708/1347 
f 1069/1706/1346 1068/1705/1346 1073/1710/1348 
f 1073/1710/1348 1072/1709/1348 1069/1706/1346 
f 1073/1710/1348 1068/1705/1346 660/1264/963 
f 660/1264/963 658/1261/961 1073/1710/1348 
f 658/1261/961 650/1260/953 1074/1711/1347 
f 1074/1711/1347 1073/1710/1348 658/1261/961 
f 1075/1712/1349 1076/1713/1350 1077/1714/1350 
f 1077/1714/1350 1078/1715/1349 1075/1712/1349 
f 1077/1714/1350 1076/1713/1350 1071/1716/1347 
f 1071/1716/1347 1074/1717/1347 1077/1714/1350 
f 1077/1714/1350 1074/1717/1347 650/1252/953 
f 650/1252/953 648/1250/951 1077/1714/1350 
f 648/1250/951 637/1239/940 1078/1715/1349 
f 1078/1715/1349 1077/1714/1350 648/1250/951 
f 1022/1659/1322 1021/1658/1322 1079/1718/1351 
f 1079/1718/1351 1080/1719/1351 1022/1659/1322 
f 1078/1715/1349 1080/1719/1351 1079/1718/1351 
f 1079/1718/1351 1075/1712/1349 1078/1715/1349 
f 1080/1719/1351 1078/1715/1349 637/1239/940 
f 637/1239/940 634/1236/937 1080/1719/1351 
f 634/1236/937 633/1235/936 1022/1659/1322 
f 1022/1659/1322 1080/1719/1351 634/1236/937 
f 1081/1720/1322 1082/1721/1322 1083/1722/1351 
f 1083/1722/1351 1084/1723/1351 1081/1720/1322 
f 1085/1724/1349 1086/1725/1349 1084/1723/1351 
f 1084/1723/1351 1083/1722/1351 1085/1724/1349 
f 1079/1718/1351 1084/1723/1351 1086/1725/1349 
f 1086/1725/1349 1075/1712/1349 1079/1718/1351 
f 1079/1718/1351 1021/1658/1322 1081/1720/1322 
f 1081/1720/1322 1084/1723/1351 1079/1718/1351 
f 1087/1726/1350 1088/1727/1350 1086/1725/1349 
f 1086/1725/1349 1085/1724/1349 1087/1726/1350 
f 1087/1726/1350 1089/1728/1347 1090/1729/1347 
f 1090/1729/1347 1088/1727/1350 1087/1726/1350 
f 1090/1729/1347 1071/1716/1347 1076/1713/1350 
f 1076/1713/1350 1088/1727/1350 1090/1729/1347 
f 1086/1725/1349 1088/1727/1350 1076/1713/1350 
f 1076/1713/1350 1075/1712/1349 1086/1725/1349 
f 1089/1730/1347 1091/1731/1348 1092/1732/1348 
f 1092/1732/1348 1090/1733/1347 1089/1730/1347 
f 1093/1734/1346 1094/1735/1346 1092/1732/1348 
f 1092/1732/1348 1091/1731/1348 1093/1734/1346 
f 1094/1735/1346 1069/1706/1346 1072/1709/1348 
f 1072/1709/1348 1092/1732/1348 1094/1735/1346 
f 1090/1733/1347 1092/1732/1348 1072/1709/1348 
f 1072/1709/1348 1071/1708/1347 1090/1733/1347 
f 1093/1734/1346 1095/1736/1345 1096/1737/1345 
f 1096/1737/1345 1094/1735/1346 1093/1734/1346 
f 1096/1737/1345 1095/1736/1345 1097/1738/1343 
f 1097/1738/1343 1098/1739/1343 1096/1737/1345 
f 1098/1739/1343 1063/1700/1343 1070/1707/1345 
f 1070/1707/1345 1096/1737/1345 1098/1739/1343 
f 1096/1737/1345 1070/1707/1345 1069/1706/1346 
f 1069/1706/1346 1094/1735/1346 1096/1737/1345 
f 1099/1740/1344 1098/1739/1343 1097/1738/1343 
f 1097/1738/1343 1100/1741/1344 1099/1740/1344 
f 1101/1742/1342 1102/1743/1342 1099/1740/1344 
f 1099/1740/1344 1100/1741/1344 1101/1742/1342 
f 1102/1743/1342 1061/1698/1342 1064/1701/1344 
f 1064/1701/1344 1099/1740/1344 1102/1743/1342 
f 1098/1739/1343 1099/1740/1344 1064/1701/1344 
f 1064/1701/1344 1063/1700/1343 1098/1739/1343 
f 1103/1744/1341 1104/1745/1341 1102/1743/1342 
f 1102/1743/1342 1101/1742/1342 1103/1744/1341 
f 1105/1746/1340 1104/1745/1341 1103/1744/1341 
f 1103/1744/1341 1106/1747/1340 1105/1746/1340 
f 1104/1745/1341 1105/1746/1340 1057/1694/1340 
f 1057/1694/1340 1062/1699/1341 1104/1745/1341 
f 1061/1698/1342 1102/1743/1342 1104/1745/1341 
f 1104/1745/1341 1062/1699/1341 1061/1698/1342 
f 1107/1748/1339 1105/1746/1340 1106/1747/1340 
f 1106/1747/1340 1108/1749/1339 1107/1748/1339 
f 1108/1749/1339 1109/1750/1338 1110/1751/1338 
f 1110/1751/1338 1107/1748/1339 1108/1749/1339 
f 1107/1748/1339 1110/1751/1338 1053/1690/1338 
f 1053/1690/1338 1058/1695/1339 1107/1748/1339 
f 1107/1748/1339 1058/1695/1339 1057/1694/1340 
f 1057/1694/1340 1105/1746/1340 1107/1748/1339 
f 1111/1752/1337 1112/1753/1337 1110/1751/1338 
f 1110/1751/1338 1109/1750/1338 1111/1752/1337 
f 1113/1754/1336 1112/1753/1337 1111/1752/1337 
f 1111/1752/1337 1114/1755/1336 1113/1754/1336 
f 1112/1753/1337 1113/1754/1336 1049/1686/1336 
f 1049/1686/1336 1054/1691/1337 1112/1753/1337 
f 1112/1753/1337 1054/1691/1337 1053/1690/1338 
f 1053/1690/1338 1110/1751/1338 1112/1753/1337 
f 1115/1756/1335 1113/1754/1336 1114/1755/1336 
f 1114/1755/1336 1116/1757/1335 1115/1756/1335 
f 1116/1757/1335 1117/1758/1333 1118/1759/1333 
f 1118/1759/1333 1115/1756/1335 1116/1757/1335 
f 1115/1756/1335 1118/1759/1333 1044/1681/1333 
f 1044/1681/1333 1050/1687/1335 1115/1756/1335 
f 1115/1756/1335 1050/1687/1335 1049/1686/1336 
f 1049/1686/1336 1113/1754/1336 1115/1756/1335 
f 1119/1760/1334 1120/1761/1334 1118/1759/1333 
f 1118/1759/1333 1117/1758/1333 1119/1760/1334 
f 1121/1762/1331 1120/1761/1334 1119/1760/1334 
f 1119/1760/1334 1122/1763/1331 1121/1762/1331 
f 1120/1761/1334 1121/1762/1331 1040/1677/1331 
f 1040/1677/1331 1045/1682/1334 1120/1761/1334 
f 1118/1759/1333 1120/1761/1334 1045/1682/1334 
f 1045/1682/1334 1044/1681/1333 1118/1759/1333 
f 1121/1762/1331 1122/1763/1331 1123/1764/1352 
f 1123/1764/1352 1124/1765/1332 1121/1762/1331 
f 1125/1766/1329 1124/1765/1332 1123/1764/1352 
f 1123/1764/1352 1126/1767/1329 1125/1766/1329 
f 1124/1765/1332 1125/1766/1329 1036/1673/1329 
f 1036/1673/1329 1041/1678/1332 1124/1765/1332 
f 1124/1765/1332 1041/1678/1332 1040/1677/1331 
f 1040/1677/1331 1121/1762/1331 1124/1765/1332 
f 1125/1766/1329 1126/1767/1329 1127/1768/1330 
f 1127/1768/1330 1128/1769/1330 1125/1766/1329 
f 1127/1768/1330 1129/1770/1327 1130/1771/1327 
f 1130/1771/1327 1128/1769/1330 1127/1768/1330 
f 1130/1771/1327 1032/1669/1327 1037/1674/1330 
f 1037/1674/1330 1128/1769/1330 1130/1771/1327 
f 1125/1766/1329 1128/1769/1330 1037/1674/1330 
f 1037/1674/1330 1036/1673/1329 1125/1766/1329 
f 1131/1772/1328 1132/1773/1328 1130/1771/1327 
f 1130/1771/1327 1129/1770/1327 1131/1772/1328 
f 1133/1774/1325 1132/1773/1328 1131/1772/1328 
f 1131/1772/1328 1134/1775/1325 1133/1774/1325 
f 1132/1773/1328 1133/1774/1325 1028/1665/1325 
f 1028/1665/1325 1033/1670/1328 1132/1773/1328 
f 1132/1773/1328 1033/1670/1328 1032/1669/1327 
f 1032/1669/1327 1130/1771/1327 1132/1773/1328 
f 1133/1774/1325 1134/1775/1325 1135/1776/1326 
f 1135/1776/1326 1136/1777/1326 1133/1774/1325 
f 1137/1778/1323 1136/1777/1326 1135/1776/1326 
f 1135/1776/1326 1138/1779/1323 1137/1778/1323 
f 1029/1666/1326 1136/1777/1326 1137/1778/1323 
f 1137/1778/1323 1024/1661/1323 1029/1666/1326 
f 1029/1666/1326 1028/1665/1325 1133/1774/1325 
f 1133/1774/1325 1136/1777/1326 1029/1666/1326 
f 1137/1778/1323 1138/1779/1323 1139/1780/1324 
f 1139/1780/1324 1140/1781/1324 1137/1778/1323 
f 1141/1782/1321 1140/1781/1324 1139/1780/1324 
f 1139/1780/1324 1142/1783/1321 1141/1782/1321 
f 1140/1781/1324 1141/1782/1321 1019/1656/1321 
f 1019/1656/1321 1025/1662/1324 1140/1781/1324 
f 1024/1661/1323 1137/1778/1323 1140/1781/1324 
f 1140/1781/1324 1025/1662/1324 1024/1661/1323 
f 1141/1782/1321 1142/1783/1321 1143/1784/1320 
f 1143/1784/1320 1144/1785/1320 1141/1782/1321 
f 1143/1784/1320 1082/1721/1322 1081/1720/1322 
f 1081/1720/1322 1144/1785/1320 1143/1784/1320 
f 1144/1785/1320 1081/1720/1322 1021/1658/1322 
f 1021/1658/1322 1020/1657/1320 1144/1785/1320 
f 1144/1785/1320 1020/1657/1320 1019/1656/1321 
f 1019/1656/1321 1141/1782/1321 1144/1785/1320 
# 992 faces

#
# object Calaix_Cube_003
#

v  -0.7606 -0.0523 0.3422
v  -0.7603 0.3577 0.3422
v  -0.7639 0.3576 1.2760
v  -0.7640 -0.0360 1.2567
v  -0.7609 -0.4623 0.3422
v  -0.7643 -0.4623 1.2472
v  -0.7571 -0.0360 -0.5722
v  -0.7568 0.3576 -0.5915
v  -0.7574 -0.4623 -0.5627
v  0.9809 -0.0371 1.2633
v  0.9811 0.3565 1.2826
v  0.9846 0.3565 0.3489
v  0.9844 -0.0535 0.3489
v  0.9841 -0.4634 0.3489
v  0.9807 -0.4634 1.2538
v  0.9882 0.3565 -0.5849
v  0.9879 -0.0371 -0.5656
v  0.9875 -0.4634 -0.5561
v  -0.6546 -0.3697 0.3426
v  -0.6577 -0.3697 1.1702
v  -0.6573 0.3576 1.1702
v  -0.6541 0.3576 0.3426
v  0.8748 -0.3707 1.1760
v  0.8780 -0.3707 0.3485
v  0.8785 0.3566 0.3485
v  0.8753 0.3566 1.1760
v  -0.6510 0.3576 -0.4849
v  0.8816 0.3566 -0.4791
v  -0.6515 -0.3697 -0.4849
v  0.8811 -0.3707 -0.4791
# 30 vertices

vn 1.0000 -0.0007 0.0038
vn -1.0000 0.0007 -0.0038
vn 0.0038 0.0222 -0.9998
vn 0.0038 0.0490 -0.9988
vn 0.0007 1.0000 0.0000
vn -0.0038 0.0490 0.9988
vn -0.0038 0.0222 0.9998
vn -0.0007 -1.0000 -0.0000
vn 0.0038 0.0000 -1.0000
vn -0.0038 0.0000 1.0000
# 10 vertex normals

vt 0.3020 0.4618 0.0000
vt 0.2808 0.4618 0.0000
vt 0.2808 0.4182 0.0000
vt 0.3012 0.4191 0.0000
vt 0.3232 0.4618 0.0000
vt 0.3232 0.4196 0.0000
vt 0.3012 0.5045 0.0000
vt 0.2808 0.5054 0.0000
vt 0.3232 0.5040 0.0000
vt 0.4267 0.4191 0.0000
vt 0.4470 0.4182 0.0000
vt 0.4470 0.4618 0.0000
vt 0.4258 0.4618 0.0000
vt 0.4046 0.4618 0.0000
vt 0.4046 0.4196 0.0000
vt 0.4470 0.5054 0.0000
vt 0.4267 0.5045 0.0000
vt 0.4046 0.5040 0.0000
vt 0.4046 0.3975 0.0000
vt 0.3232 0.3975 0.0000
vt 0.3232 0.3772 0.0000
vt 0.4046 0.3772 0.0000
vt 0.4046 0.5261 0.0000
vt 0.4046 0.5464 0.0000
vt 0.3232 0.5464 0.0000
vt 0.3232 0.5261 0.0000
vt 0.5391 0.6814 0.0000
vt 0.5391 0.6491 0.0000
vt 0.5706 0.6491 0.0000
vt 0.5706 0.6814 0.0000
vt 0.4792 0.6491 0.0000
vt 0.4792 0.6814 0.0000
vt 0.4478 0.6814 0.0000
vt 0.4478 0.6491 0.0000
vt 0.2759 0.4618 0.0000
vt 0.2759 0.4232 0.0000
vt 0.2759 0.5004 0.0000
vt 0.4520 0.4232 0.0000
vt 0.4520 0.4618 0.0000
vt 0.4520 0.5004 0.0000
vt 0.3282 0.3722 0.0000
vt 0.3997 0.3722 0.0000
vt 0.3282 0.5514 0.0000
vt 0.3997 0.5514 0.0000
vt 0.5391 0.7138 0.0000
vt 0.4792 0.7138 0.0000
vt 0.5391 0.7452 0.0000
vt 0.4792 0.7452 0.0000
vt 0.4478 0.7138 0.0000
vt 0.5706 0.7138 0.0000
vt 0.4792 0.6176 0.0000
vt 0.5391 0.6176 0.0000
# 52 texture coords

o Calaix_Cube_003
g Calaix_Cube_003
usemtl Hooty_owl_house_Checher
s off
f 1145/1786/1353 1146/1787/1353 1147/1788/1353 
f 1147/1788/1353 1148/1789/1353 1145/1786/1353 
f 1149/1790/1353 1145/1786/1353 1148/1789/1353 
f 1148/1789/1353 1150/1791/1353 1149/1790/1353 
f 1146/1787/1353 1145/1786/1353 1151/1792/1353 
f 1151/1792/1353 1152/1793/1353 1146/1787/1353 
f 1149/1790/1353 1153/1794/1353 1151/1792/1353 
f 1151/1792/1353 1145/1786/1353 1149/1790/1353 
f 1154/1795/1354 1155/1796/1354 1156/1797/1354 
f 1156/1797/1354 1157/1798/1354 1154/1795/1354 
f 1157/1798/1354 1158/1799/1354 1159/1800/1354 
f 1159/1800/1354 1154/1795/1354 1157/1798/1354 
f 1156/1797/1354 1160/1801/1354 1161/1802/1354 
f 1161/1802/1354 1157/1798/1354 1156/1797/1354 
f 1161/1802/1354 1162/1803/1354 1158/1799/1354 
f 1158/1799/1354 1157/1798/1354 1161/1802/1354 
f 1154/1804/1355 1159/1800/1355 1150/1791/1355 
f 1150/1791/1355 1148/1805/1355 1154/1804/1355 
f 1147/1806/1356 1155/1807/1356 1154/1804/1356 
f 1154/1804/1356 1148/1805/1356 1147/1806/1356 
f 1158/1799/1357 1162/1803/1357 1153/1794/1357 
f 1153/1794/1357 1149/1790/1357 1158/1799/1357 
f 1161/1808/1358 1160/1809/1358 1152/1810/1358 
f 1152/1810/1358 1151/1811/1358 1161/1808/1358 
f 1163/1812/1354 1164/1813/1354 1165/1814/1354 
f 1165/1814/1354 1166/1815/1354 1163/1812/1354 
f 1158/1799/1357 1149/1790/1357 1150/1791/1357 
f 1150/1791/1357 1159/1800/1357 1158/1799/1357 
f 1167/1816/1353 1168/1817/1353 1169/1818/1353 
f 1169/1818/1353 1170/1819/1353 1167/1816/1353 
f 1153/1794/1359 1162/1803/1359 1161/1808/1359 
f 1161/1808/1359 1151/1811/1359 1153/1794/1359 
f 1147/1788/1360 1146/1787/1360 1166/1820/1360 
f 1166/1820/1360 1165/1821/1360 1147/1788/1360 
f 1166/1820/1360 1146/1787/1360 1152/1793/1360 
f 1152/1793/1360 1171/1822/1360 1166/1820/1360 
f 1170/1823/1360 1169/1824/1360 1156/1797/1360 
f 1156/1797/1360 1155/1796/1360 1170/1823/1360 
f 1172/1825/1360 1160/1801/1360 1156/1797/1360 
f 1156/1797/1360 1169/1824/1360 1172/1825/1360 
f 1155/1807/1360 1147/1806/1360 1165/1826/1360 
f 1165/1826/1360 1170/1827/1360 1155/1807/1360 
f 1171/1828/1360 1152/1810/1360 1160/1809/1360 
f 1160/1809/1360 1172/1829/1360 1171/1828/1360 
f 1168/1817/1360 1167/1816/1360 1164/1813/1360 
f 1164/1813/1360 1163/1812/1360 1168/1817/1360 
f 1173/1830/1360 1174/1831/1360 1168/1817/1360 
f 1168/1817/1360 1163/1812/1360 1173/1830/1360 
f 1174/1831/1361 1173/1830/1361 1171/1832/1361 
f 1171/1832/1361 1172/1833/1361 1174/1831/1361 
f 1174/1831/1353 1172/1834/1353 1169/1818/1353 
f 1169/1818/1353 1168/1817/1353 1174/1831/1353 
f 1173/1830/1354 1163/1812/1354 1166/1815/1354 
f 1166/1815/1354 1171/1835/1354 1173/1830/1354 
f 1164/1813/1362 1167/1816/1362 1170/1836/1362 
f 1170/1836/1362 1165/1837/1362 1164/1813/1362 
# 56 faces

#
# object Cylinder_Cylinder_001
#

v  -0.7049 -0.0819 0.5188
v  -0.7049 -0.0475 0.5155
v  -0.8279 -0.0475 0.5150
v  -0.8279 -0.0819 0.5184
v  -0.7049 -0.0144 0.5054
v  -0.8279 -0.0144 0.5050
v  -0.7048 0.0161 0.4891
v  -0.8278 0.0161 0.4887
v  -0.7047 0.0428 0.4672
v  -0.8277 0.0428 0.4667
v  -0.7046 0.0648 0.4405
v  -0.8276 0.0648 0.4400
v  -0.8275 0.0811 0.4095
v  -0.7045 0.0811 0.4100
v  -0.7044 0.0911 0.3769
v  -0.8274 0.0911 0.3764
v  -0.7043 0.0945 0.3425
v  -0.8272 0.0945 0.3420
v  -0.8271 0.0911 0.3076
v  -0.7041 0.0911 0.3080
v  -0.8270 0.0811 0.2745
v  -0.7040 0.0811 0.2750
v  -0.7039 0.0648 0.2445
v  -0.8269 0.0648 0.2440
v  -0.7038 0.0428 0.2177
v  -0.8268 0.0428 0.2173
v  -0.8267 0.0161 0.1953
v  -0.7037 0.0161 0.1958
v  -0.7036 -0.0144 0.1795
v  -0.8266 -0.0144 0.1790
v  -0.8266 -0.0475 0.1690
v  -0.7036 -0.0475 0.1695
v  -0.7036 -0.0819 0.1661
v  -0.8266 -0.0819 0.1656
v  -0.8266 -0.1163 0.1690
v  -0.7036 -0.1163 0.1695
v  -0.8266 -0.1494 0.1790
v  -0.7036 -0.1494 0.1795
v  -0.7037 -0.1799 0.1958
v  -0.8267 -0.1799 0.1953
v  -0.8268 -0.2066 0.2173
v  -0.7038 -0.2066 0.2177
v  -0.7039 -0.2286 0.2445
v  -0.8269 -0.2286 0.2440
v  -0.7040 -0.2449 0.2750
v  -0.8270 -0.2449 0.2745
v  -0.7041 -0.2549 0.3080
v  -0.8271 -0.2549 0.3076
v  -0.7043 -0.2583 0.3425
v  -0.8272 -0.2583 0.3420
v  -0.8274 -0.2549 0.3764
v  -0.7044 -0.2549 0.3769
v  -0.7045 -0.2449 0.4100
v  -0.8275 -0.2449 0.4095
v  -0.7046 -0.2286 0.4405
v  -0.8276 -0.2286 0.4400
v  -0.8277 -0.2066 0.4667
v  -0.7047 -0.2066 0.4672
v  -0.7048 -0.1799 0.4891
v  -0.8278 -0.1799 0.4887
v  -0.8279 -0.1494 0.5050
v  -0.7049 -0.1494 0.5054
v  -0.7049 -0.1163 0.5155
v  -0.8279 -0.1163 0.5150
# 64 vertices

vn -0.0038 0.0980 0.9952
vn -0.0036 0.2903 0.9569
vn -0.0033 0.4714 0.8819
vn -0.0029 0.6344 0.7730
vn -0.0024 0.7730 0.6344
vn -0.0018 0.8819 0.4714
vn -0.0011 0.9569 0.2903
vn -0.0004 0.9952 0.0980
vn 0.0004 0.9952 -0.0980
vn 0.0011 0.9569 -0.2903
vn 0.0018 0.8819 -0.4714
vn 0.0024 0.7730 -0.6344
vn 0.0029 0.6344 -0.7730
vn 0.0033 0.4714 -0.8819
vn 0.0036 0.2903 -0.9569
vn 0.0038 0.0980 -0.9952
vn 0.0038 -0.0980 -0.9952
vn 0.0036 -0.2903 -0.9569
vn 0.0033 -0.4714 -0.8819
vn 0.0029 -0.6344 -0.7730
vn 0.0024 -0.7730 -0.6344
vn 0.0018 -0.8819 -0.4714
vn 0.0011 -0.9569 -0.2903
vn 0.0004 -0.9952 -0.0980
vn -0.0004 -0.9952 0.0980
vn -0.0011 -0.9569 0.2903
vn -0.0018 -0.8819 0.4714
vn -0.0024 -0.7730 0.6344
vn -0.0029 -0.6344 0.7730
vn -0.0033 -0.4714 0.8819
vn 1.0000 0.0000 0.0038
vn -0.0036 -0.2903 0.9569
vn -0.0038 -0.0980 0.9952
vn -1.0000 0.0000 -0.0038
# 34 vertex normals

vt 0.3421 0.7259 0.0000
vt 0.3459 0.7237 0.0000
vt 0.3543 0.7365 0.0000
vt 0.3480 0.7401 0.0000
vt 0.3492 0.7208 0.0000
vt 0.3599 0.7319 0.0000
vt 0.3520 0.7173 0.0000
vt 0.3646 0.7263 0.0000
vt 0.3541 0.7132 0.0000
vt 0.3681 0.7201 0.0000
vt 0.3555 0.7087 0.0000
vt 0.3705 0.7134 0.0000
vt 0.3720 0.7066 0.0000
vt 0.3559 0.7037 0.0000
vt 0.3550 0.6983 0.0000
vt 0.3728 0.6997 0.0000
vt 0.3527 0.6931 0.0000
vt 0.3639 0.6837 0.0000
vt 0.3676 0.6885 0.0000
vt 0.3598 0.6789 0.0000
vt 0.3500 0.6891 0.0000
vt 0.3549 0.6745 0.0000
vt 0.3467 0.6859 0.0000
vt 0.3430 0.6836 0.0000
vt 0.3493 0.6709 0.0000
vt 0.3391 0.6821 0.0000
vt 0.3431 0.6683 0.0000
vt 0.3363 0.6668 0.0000
vt 0.3349 0.6814 0.0000
vt 0.3306 0.6815 0.0000
vt 0.3292 0.6668 0.0000
vt 0.3222 0.6681 0.0000
vt 0.3264 0.6824 0.0000
vt 0.3225 0.6842 0.0000
vt 0.3155 0.6707 0.0000
vt 0.3094 0.6747 0.0000
vt 0.3188 0.6867 0.0000
vt 0.3041 0.6797 0.0000
vt 0.3157 0.6899 0.0000
vt 0.3130 0.6935 0.0000
vt 0.2999 0.6856 0.0000
vt 0.2967 0.6922 0.0000
vt 0.3111 0.6975 0.0000
vt 0.3101 0.7018 0.0000
vt 0.2949 0.6993 0.0000
vt 0.3099 0.7062 0.0000
vt 0.2945 0.7067 0.0000
vt 0.3105 0.7105 0.0000
vt 0.2955 0.7140 0.0000
vt 0.3121 0.7146 0.0000
vt 0.2980 0.7210 0.0000
vt 0.3017 0.7274 0.0000
vt 0.3144 0.7184 0.0000
vt 0.3174 0.7216 0.0000
vt 0.3066 0.7329 0.0000
vt 0.3209 0.7244 0.0000
vt 0.3125 0.7374 0.0000
vt 0.3192 0.7408 0.0000
vt 0.3249 0.7264 0.0000
vt 0.3291 0.7276 0.0000
vt 0.3263 0.7427 0.0000
vt 0.3337 0.7433 0.0000
vt 0.3335 0.7279 0.0000
vt 0.3379 0.7273 0.0000
vt 0.3410 0.7424 0.0000
vt 0.3612 0.6783 0.0000
vt 0.3596 0.6724 0.0000
vt 0.3722 0.6925 0.0000
vt 0.3775 0.6955 0.0000
vt 0.3592 0.6664 0.0000
vt 0.3600 0.6603 0.0000
vt 0.3833 0.6975 0.0000
vt 0.3619 0.6546 0.0000
vt 0.3893 0.6982 0.0000
vt 0.3649 0.6493 0.0000
vt 0.3953 0.6978 0.0000
vt 0.3689 0.6447 0.0000
vt 0.4012 0.6962 0.0000
vt 0.4066 0.6935 0.0000
vt 0.3737 0.6410 0.0000
vt 0.3791 0.6383 0.0000
vt 0.4114 0.6898 0.0000
vt 0.3850 0.6367 0.0000
vt 0.4154 0.6852 0.0000
vt 0.3911 0.6363 0.0000
vt 0.4185 0.6799 0.0000
vt 0.3971 0.6370 0.0000
vt 0.4204 0.6742 0.0000
vt 0.4028 0.6390 0.0000
vt 0.4211 0.6681 0.0000
vt 0.4081 0.6420 0.0000
vt 0.4207 0.6621 0.0000
vt 0.4127 0.6460 0.0000
vt 0.4191 0.6562 0.0000
vt 0.4164 0.6508 0.0000
# 95 texture coords

o Cylinder_Cylinder_001
g Cylinder_Cylinder_001
usemtl Hooty_owl_house_Checher
s off
f 1175/1838/1363 1176/1839/1363 1177/1840/1363 
f 1177/1840/1363 1178/1841/1363 1175/1838/1363 
f 1176/1839/1364 1179/1842/1364 1180/1843/1364 
f 1180/1843/1364 1177/1840/1364 1176/1839/1364 
f 1181/1844/1365 1182/1845/1365 1180/1843/1365 
f 1180/1843/1365 1179/1842/1365 1181/1844/1365 
f 1182/1845/1366 1181/1844/1366 1183/1846/1366 
f 1183/1846/1366 1184/1847/1366 1182/1845/1366 
f 1184/1847/1367 1183/1846/1367 1185/1848/1367 
f 1185/1848/1367 1186/1849/1367 1184/1847/1367 
f 1187/1850/1368 1186/1849/1368 1185/1848/1368 
f 1185/1848/1368 1188/1851/1368 1187/1850/1368 
f 1189/1852/1369 1190/1853/1369 1187/1850/1369 
f 1187/1850/1369 1188/1851/1369 1189/1852/1369 
f 1191/1854/1370 1192/1855/1370 1190/1856/1370 
f 1190/1856/1370 1189/1852/1370 1191/1854/1370 
f 1193/1857/1371 1192/1855/1371 1191/1854/1371 
f 1191/1854/1371 1194/1858/1371 1193/1857/1371 
f 1195/1859/1372 1193/1857/1372 1194/1858/1372 
f 1194/1858/1372 1196/1860/1372 1195/1859/1372 
f 1195/1859/1373 1196/1860/1373 1197/1861/1373 
f 1197/1861/1373 1198/1862/1373 1195/1859/1373 
f 1199/1863/1374 1200/1864/1374 1198/1862/1374 
f 1198/1862/1374 1197/1861/1374 1199/1863/1374 
f 1201/1865/1375 1200/1864/1375 1199/1863/1375 
f 1199/1863/1375 1202/1866/1375 1201/1865/1375 
f 1203/1867/1376 1204/1868/1376 1201/1865/1376 
f 1201/1865/1376 1202/1866/1376 1203/1867/1376 
f 1205/1869/1377 1204/1868/1377 1203/1867/1377 
f 1203/1867/1377 1206/1870/1377 1205/1869/1377 
f 1207/1871/1378 1208/1872/1378 1205/1869/1378 
f 1205/1869/1378 1206/1870/1378 1207/1871/1378 
f 1209/1873/1379 1208/1872/1379 1207/1871/1379 
f 1207/1871/1379 1210/1874/1379 1209/1873/1379 
f 1211/1875/1380 1209/1873/1380 1210/1874/1380 
f 1210/1874/1380 1212/1876/1380 1211/1875/1380 
f 1213/1877/1381 1214/1878/1381 1211/1875/1381 
f 1211/1875/1381 1212/1876/1381 1213/1877/1381 
f 1215/1879/1382 1214/1878/1382 1213/1877/1382 
f 1213/1877/1382 1216/1880/1382 1215/1879/1382 
f 1217/1881/1383 1218/1882/1383 1215/1879/1383 
f 1215/1879/1383 1216/1880/1383 1217/1881/1383 
f 1217/1881/1384 1219/1883/1384 1220/1884/1384 
f 1220/1884/1384 1218/1882/1384 1217/1881/1384 
f 1219/1883/1385 1221/1885/1385 1222/1886/1385 
f 1222/1886/1385 1220/1884/1385 1219/1883/1385 
f 1222/1886/1386 1221/1885/1386 1223/1887/1386 
f 1223/1887/1386 1224/1888/1386 1222/1886/1386 
f 1225/1889/1387 1224/1888/1387 1223/1887/1387 
f 1223/1887/1387 1226/1890/1387 1225/1889/1387 
f 1226/1890/1388 1227/1891/1388 1228/1892/1388 
f 1228/1892/1388 1225/1889/1388 1226/1890/1388 
f 1229/1893/1389 1230/1894/1389 1228/1892/1389 
f 1228/1892/1389 1227/1891/1389 1229/1893/1389 
f 1231/1895/1390 1230/1894/1390 1229/1893/1390 
f 1229/1893/1390 1232/1896/1390 1231/1895/1390 
f 1233/1897/1391 1234/1898/1391 1231/1895/1391 
f 1231/1895/1391 1232/1896/1391 1233/1897/1391 
f 1235/1899/1392 1234/1898/1392 1233/1897/1392 
f 1233/1897/1392 1236/1900/1392 1235/1899/1392 
f 1175/1838/1393 1237/1901/1393 1236/1900/1393 
f 1236/1900/1393 1233/1897/1393 1232/1896/1393 
f 1175/1838/1393 1236/1900/1393 1232/1896/1393 
f 1227/1891/1393 1226/1890/1393 1223/1887/1393 
f 1229/1893/1393 1227/1891/1393 1223/1887/1393 
f 1223/1887/1393 1221/1885/1393 1219/1883/1393 
f 1219/1883/1393 1217/1881/1393 1216/1880/1393 
f 1223/1887/1393 1219/1883/1393 1216/1880/1393 
f 1229/1893/1393 1223/1887/1393 1216/1880/1393 
f 1229/1893/1393 1216/1880/1393 1213/1877/1393 
f 1213/1877/1393 1212/1876/1393 1210/1874/1393 
f 1210/1874/1393 1207/1871/1393 1206/1870/1393 
f 1210/1874/1393 1206/1870/1393 1203/1867/1393 
f 1213/1877/1393 1210/1874/1393 1203/1867/1393 
f 1229/1893/1393 1213/1877/1393 1203/1867/1393 
f 1232/1896/1393 1229/1893/1393 1203/1867/1393 
f 1232/1896/1393 1203/1867/1393 1202/1866/1393 
f 1232/1896/1393 1202/1866/1393 1199/1863/1393 
f 1232/1896/1393 1199/1863/1393 1197/1861/1393 
f 1232/1896/1393 1197/1861/1393 1196/1860/1393 
f 1232/1896/1393 1196/1860/1393 1194/1858/1393 
f 1175/1838/1393 1232/1896/1393 1194/1858/1393 
f 1175/1838/1393 1194/1858/1393 1191/1854/1393 
f 1188/1851/1393 1185/1848/1393 1183/1846/1393 
f 1189/1852/1393 1188/1851/1393 1183/1846/1393 
f 1189/1852/1393 1183/1846/1393 1181/1844/1393 
f 1191/1854/1393 1189/1852/1393 1181/1844/1393 
f 1175/1838/1393 1191/1854/1393 1181/1844/1393 
f 1176/1839/1393 1175/1838/1393 1181/1844/1393 
f 1176/1839/1393 1181/1844/1393 1179/1842/1393 
f 1236/1900/1394 1237/1901/1394 1238/1902/1394 
f 1238/1902/1394 1235/1899/1394 1236/1900/1394 
f 1237/1901/1395 1175/1838/1395 1178/1841/1395 
f 1178/1841/1395 1238/1902/1395 1237/1901/1395 
f 1192/1855/1396 1193/1903/1396 1190/1856/1396 
f 1190/1856/1396 1193/1903/1396 1195/1904/1396 
f 1195/1904/1396 1187/1905/1396 1190/1856/1396 
f 1186/1906/1396 1187/1905/1396 1195/1904/1396 
f 1195/1904/1396 1198/1907/1396 1186/1906/1396 
f 1186/1906/1396 1198/1907/1396 1200/1908/1396 
f 1200/1908/1396 1184/1909/1396 1186/1906/1396 
f 1200/1908/1396 1201/1910/1396 1182/1911/1396 
f 1182/1911/1396 1184/1909/1396 1200/1908/1396 
f 1201/1910/1396 1204/1912/1396 1180/1913/1396 
f 1180/1913/1396 1182/1911/1396 1201/1910/1396 
f 1180/1913/1396 1204/1912/1396 1205/1914/1396 
f 1205/1914/1396 1177/1915/1396 1180/1913/1396 
f 1178/1916/1396 1177/1915/1396 1205/1914/1396 
f 1205/1914/1396 1208/1917/1396 1178/1916/1396 
f 1209/1918/1396 1238/1919/1396 1178/1916/1396 
f 1178/1916/1396 1208/1917/1396 1209/1918/1396 
f 1211/1920/1396 1235/1921/1396 1238/1919/1396 
f 1238/1919/1396 1209/1918/1396 1211/1920/1396 
f 1214/1922/1396 1234/1923/1396 1235/1921/1396 
f 1235/1921/1396 1211/1920/1396 1214/1922/1396 
f 1215/1924/1396 1231/1925/1396 1234/1923/1396 
f 1234/1923/1396 1214/1922/1396 1215/1924/1396 
f 1215/1924/1396 1218/1926/1396 1230/1927/1396 
f 1230/1927/1396 1231/1925/1396 1215/1924/1396 
f 1230/1927/1396 1218/1926/1396 1220/1928/1396 
f 1220/1928/1396 1228/1929/1396 1230/1927/1396 
f 1222/1930/1396 1225/1931/1396 1228/1929/1396 
f 1228/1929/1396 1220/1928/1396 1222/1930/1396 
f 1224/1932/1396 1225/1931/1396 1222/1930/1396 
# 124 faces

