# 3ds Max Wavefront OBJ Exporter v0.99 - (c)2007 guruware
# File Created: 08.11.2024 16:45:08

mtllib mate.mtl

#
# object mesh_2_
#

v  -0.8660 2.4880 19.2733
v  -3.4575 1.8559 19.6441
v  -0.8660 1.9170 19.8484
v  -4.0163 2.3077 19.1361
v  -0.8660 3.0766 18.4213
v  -4.8242 3.0473 18.2917
v  -5.0281 2.1998 18.8553
v  -4.7855 1.8423 18.9176
v  -5.2095 1.7769 18.8872
v  -4.9119 1.7042 18.8397
v  -4.9283 1.5458 18.7780
v  -5.2012 1.5214 18.7927
v  -5.1458 1.2380 18.7338
v  -4.8804 1.3545 18.6880
v  -4.7888 0.7117 18.7112
v  -4.7465 1.5598 18.7419
v  -3.2339 0.3483 18.7795
v  -3.5843 -0.0194 18.6397
v  -1.9625 -0.6331 18.8161
v  -1.9354 -0.3944 18.9850
v  -0.8660 -0.6733 18.8296
v  -0.8660 -0.4331 18.9763
v  -0.8660 1.6849 19.8918
v  1.7255 1.8559 19.6441
v  1.4686 1.7115 19.7290
v  3.0145 1.5598 18.7419
v  2.3770 1.4947 19.0276
v  -3.2007 1.7115 19.7290
v  -4.1090 1.4947 19.0276
v  -3.1395 -0.1811 16.4901
v  -4.1921 1.4099 18.9460
v  -3.1310 0.4457 18.6190
v  -3.7154 1.1309 16.4890
v  1.9834 1.1309 16.4890
v  1.4075 -0.1811 16.4901
v  2.4601 1.4099 18.9460
v  1.3990 0.4457 18.6190
v  -6.0548 2.6237 18.3651
v  -5.4518 1.8607 18.7787
v  -6.9570 2.2609 18.1432
v  -5.5178 1.5090 18.6820
v  -7.0249 1.1841 18.1444
v  -6.7392 0.5729 18.1821
v  -7.6783 0.8282 17.9705
v  -7.6313 -2.6363 17.9041
v  -8.1143 -0.2623 17.3483
v  -8.2692 2.5539 17.4458
v  -7.7320 2.5098 17.9352
v  -8.6561 3.3474 17.9944
v  -7.7057 2.8563 17.9957
v  -6.4649 3.0137 18.1030
v  -6.7440 3.3179 17.9972
v  -6.3155 3.6299 18.0007
v  -5.8960 3.3593 18.0658
v  -0.8660 3.3928 18.0667
v  4.1640 3.3593 18.0658
v  3.0922 3.0473 18.2917
v  2.2843 2.3077 19.1361
v  3.0535 1.8423 18.9176
v  3.2961 2.1998 18.8553
v  3.4775 1.7769 18.8872
v  3.1799 1.7042 18.8397
v  3.1963 1.5458 18.7780
v  3.4692 1.5214 18.7927
v  3.4137 1.2380 18.7338
v  3.1484 1.3545 18.6880
v  3.0568 0.7121 18.7112
v  1.5019 0.3483 18.7795
v  1.8522 -0.0194 18.6397
v  2.3852 -1.0840 18.3435
v  0.2979 -1.6087 18.4560
v  0.2305 -0.6331 18.8161
v  -0.8660 -1.6578 18.4258
v  0.4591 -2.6341 17.9998
v  2.9434 -2.6352 17.9998
v  4.1204 -0.1069 18.3136
v  4.4941 -2.6363 17.9998
v  5.0072 0.5729 18.1821
v  3.7377 1.1197 18.5979
v  3.7858 1.5090 18.6820
v  5.2929 1.1841 18.1444
v  5.2250 2.2609 18.1432
v  5.9463 0.8282 17.9705
v  6.0000 2.5098 17.9352
v  6.5371 2.5539 17.4458
v  6.9240 3.3474 17.9944
v  5.9737 2.8563 17.9957
v  4.7329 3.0137 18.1030
v  5.0119 3.3179 17.9972
v  4.5835 3.6299 18.0007
v  4.3227 2.6237 18.3651
v  3.7197 1.8607 18.7787
v  -5.4698 1.1197 18.5979
v  -5.8524 -0.1069 18.3136
v  -4.1173 -1.0840 18.3435
v  -2.0299 -1.6087 18.4560
v  -2.1911 -2.6341 17.9998
v  -4.6754 -2.6352 17.9998
v  -6.2261 -2.6363 17.9998
v  -8.0937 -2.8804 17.2692
v  -1.8796 -0.2567 18.8703
v  -0.8660 -0.3253 18.8909
v  0.1476 -0.2567 18.8703
v  0.2034 -0.3944 18.9850
v  -0.8660 -1.5712 18.9060
v  -0.8660 -1.5712 18.5073
v  -3.6951 -1.5712 18.9007
v  1.9631 -1.5712 18.9007
v  1.9284 -1.5712 18.5026
v  4.4454 -1.5728 18.7206
v  4.3953 -1.5728 18.3231
v  6.0070 -1.5733 18.4680
v  5.9494 -1.5733 18.0710
v  6.2368 -1.5733 17.9205
v  6.4516 -1.5733 18.2716
v  -3.6604 -1.5712 18.5026
v  -6.1775 -1.5728 18.7206
v  -6.1274 -1.5728 18.3231
v  -7.7390 -1.5733 18.4680
v  -7.6814 -1.5733 18.0710
v  -7.9689 -1.5733 17.9205
v  -8.1837 -1.5733 18.2716
v  -0.8660 -3.0268 18.9060
v  -3.6951 -3.0268 18.9008
v  -0.8660 -3.0268 18.5073
v  1.9631 -3.0268 18.9008
v  1.9284 -3.0268 18.5026
v  4.4454 -3.0278 18.7206
v  4.3953 -3.0278 18.3231
v  6.0070 -3.0284 18.4680
v  5.9494 -3.0284 18.0710
v  6.4516 -3.0284 18.2716
v  6.2368 -3.0284 17.9205
v  -3.6604 -3.0268 18.5026
v  -6.1775 -3.0278 18.7206
v  -6.1274 -3.0278 18.3231
v  -7.7390 -3.0284 18.4680
v  -7.6814 -3.0284 18.0710
v  -8.1837 -3.0284 18.2716
v  -7.9689 -3.0284 17.9205
v  -3.2623 0.3646 17.2336
v  -3.3788 0.3596 16.6087
v  -3.2932 -0.7761 17.2442
v  -3.0417 0.4093 16.4420
v  -2.9553 0.4010 17.1491
v  -3.3788 -0.7761 16.6087
v  -2.9804 0.3469 17.8887
v  -3.0089 -0.7761 17.9373
v  -2.7870 0.3952 17.7860
v  -2.5772 0.3212 18.2679
v  -2.6142 -0.7761 18.3153
v  -2.3451 0.3846 18.1701
v  -2.2365 -0.7762 18.0696
v  -1.7567 0.3224 18.4483
v  -2.4168 0.3224 18.3129
v  -1.7737 -0.7763 18.5046
v  -2.4505 0.3841 18.0970
v  -1.6189 0.3849 18.2676
v  -1.5878 -0.7763 18.1644
v  -2.4338 -0.7763 18.3692
v  -2.4194 -0.7763 17.9937
v  -0.9572 0.3224 18.5143
v  -1.5582 0.3224 18.5167
v  -0.9572 -0.7763 18.5639
v  -1.6430 0.3841 18.4018
v  -0.8857 0.3849 18.3987
v  -0.8857 -0.7763 18.3383
v  -1.5582 -0.7763 18.5664
v  -1.6430 -0.7763 18.3414
v  1.5303 0.3646 17.2336
v  1.5611 -0.7761 17.2442
v  1.6006 0.3596 16.5420
v  1.2260 0.4093 16.5086
v  1.2232 0.4010 17.1491
v  1.6006 -0.7761 16.5420
v  1.2484 0.3469 17.8887
v  1.2769 -0.7761 17.9373
v  1.0550 0.3952 17.7860
v  0.8451 0.3212 18.2679
v  0.8822 -0.7761 18.3153
v  0.6130 0.3846 18.1701
v  0.5045 -0.7762 18.0696
v  0.0247 0.3224 18.4483
v  0.0417 -0.7763 18.5046
v  0.6848 0.3224 18.3129
v  0.7185 0.3841 18.0970
v  -0.1132 0.3849 18.2676
v  -0.1443 -0.7763 18.1644
v  0.7017 -0.7763 18.3692
v  0.6874 -0.7763 17.9937
v  -0.7748 0.3224 18.5143
v  -0.7748 -0.7763 18.5639
v  -0.1738 0.3224 18.5167
v  -0.0890 0.3841 18.4018
v  -0.8463 0.3849 18.3987
v  -0.8463 -0.7763 18.3383
v  -0.1738 -0.7763 18.5664
v  -0.0890 -0.7763 18.3414
v  -2.9491 0.7989 18.8385
v  -2.9817 1.5675 18.9105
v  -3.3787 0.8558 18.4770
v  -3.2659 0.7196 18.2957
v  -2.7246 0.6413 18.7925
v  -2.8947 1.6325 18.9039
v  -3.3247 1.6130 18.6219
v  -3.3270 1.6964 18.4987
v  -3.3920 0.8695 18.3544
v  -3.3920 1.6227 18.4732
v  -3.6282 0.9547 17.8140
v  -3.3676 0.8979 17.6663
v  -3.0499 0.7906 18.3473
v  -3.0499 1.7001 18.4906
v  -3.6282 1.7079 17.9327
v  -3.3676 1.8074 17.8096
v  -3.7204 0.9303 17.7084
v  -3.7204 1.6835 17.8271
v  -3.8835 1.0155 17.1679
v  -3.6145 0.9633 16.9910
v  -3.3054 0.8560 17.6719
v  -3.3054 1.7654 17.8153
v  -3.8835 1.7687 17.2867
v  -3.6145 1.8728 17.1343
v  -1.2699 -0.0470 19.3984
v  -1.0866 0.5822 19.4576
v  -2.5834 -0.0370 19.1824
v  -2.7005 -0.2524 18.8637
v  -1.0687 -0.2648 19.1320
v  -0.8409 0.6056 19.2097
v  -0.9985 2.0677 19.2512
v  -1.2135 1.8264 19.4941
v  -2.7668 0.5950 19.1813
v  -2.9283 0.6214 18.8663
v  -2.6399 1.8372 19.2595
v  -2.7706 2.0811 18.9597
v  1.2171 0.7989 18.8385
v  1.6467 0.8558 18.4770
v  1.2497 1.5675 18.9105
v  1.5339 0.7196 18.2957
v  0.9926 0.6413 18.7925
v  1.1627 1.6325 18.9039
v  1.5927 1.6130 18.6219
v  1.5949 1.6964 18.4987
v  1.6600 0.8695 18.3544
v  1.8961 0.9547 17.8140
v  1.6600 1.6227 18.4732
v  1.6356 0.8979 17.6663
v  1.3179 0.7906 18.3473
v  1.3179 1.7001 18.4906
v  1.8961 1.7079 17.9327
v  1.6356 1.8074 17.8096
v  1.9883 0.9303 17.7084
v  2.1515 1.0155 17.1679
v  1.9883 1.6835 17.8271
v  1.8825 0.9633 16.9910
v  1.5734 0.8560 17.6719
v  1.5734 1.7654 17.8153
v  2.1515 1.7687 17.2867
v  1.8825 1.8728 17.1343
v  -0.4621 -0.0470 19.3984
v  0.8514 -0.0370 19.1824
v  -0.6455 0.5822 19.4576
v  0.9684 -0.2524 18.8637
v  -0.6633 -0.2648 19.1320
v  -0.8911 0.6056 19.2097
v  -0.7335 2.0677 19.2512
v  -0.5186 1.8264 19.4941
v  1.0347 0.5950 19.1813
v  1.1962 0.6214 18.8663
v  0.9079 1.8372 19.2595
v  1.0386 2.0811 18.9597
v  -0.8660 11.1912 8.7113
v  -0.8660 13.0866 8.3265
v  -1.0714 11.1037 8.7112
v  -0.6312 11.0820 8.7196
v  1.9029 12.9386 8.2404
v  0.9983 11.1448 8.6143
v  2.8308 10.8778 8.5735
v  4.1447 12.8562 8.0732
v  4.2533 10.0021 8.4089
v  -3.6350 12.9386 8.2404
v  -5.8768 12.8562 8.0732
v  -4.5628 11.0466 8.5651
v  -2.7303 11.3135 8.6060
v  -5.9853 10.0886 8.4303
v  3.2057 3.2258 10.9309
v  1.6560 4.2773 10.9309
v  3.5714 3.6684 11.1764
v  2.3968 4.6146 11.1764
v  -4.8521 -2.7845 16.4590
v  -4.8521 1.2439 15.6876
v  -4.8521 -2.4593 -14.5206
v  -4.8521 1.0587 -14.5206
v  3.1200 -2.7845 16.4590
v  3.1200 -2.4593 -14.5206
v  3.1200 1.2439 15.6876
v  3.1200 1.0587 -14.5206
v  0.3232 13.3966 5.3564
v  0.3389 13.6431 5.3833
v  0.4899 13.3694 5.1293
v  0.2709 13.8053 5.8812
v  0.2486 13.4624 5.9045
v  0.2850 13.9280 6.5521
v  0.2642 13.5488 6.6182
v  0.4899 13.9678 6.6090
v  0.4899 13.5599 6.7112
v  0.4899 13.8855 5.8781
v  0.4899 13.7306 5.4150
v  0.4899 13.5909 5.1770
v  0.6565 13.3966 5.3564
v  0.6408 13.6431 5.3833
v  0.7089 13.8053 5.8812
v  0.7311 13.4624 5.9045
v  0.6947 13.9280 6.5521
v  0.7156 13.5488 6.6182
v  3.2443 13.1358 4.7387
v  3.0659 13.1170 4.5117
v  3.2393 13.3827 4.7656
v  3.3133 13.5416 5.2635
v  3.3206 13.1980 5.2868
v  3.3045 13.6649 5.9345
v  3.3090 13.2851 6.0006
v  3.0913 13.7147 5.9913
v  3.0740 13.3073 6.0936
v  2.8747 13.6851 5.9345
v  2.8380 13.3072 6.0006
v  2.8555 13.5631 5.2635
v  2.8190 13.2217 5.2868
v  2.9157 13.3980 4.7656
v  2.8897 13.1525 4.7387
v  3.0753 13.3382 4.5594
v  3.0812 13.4778 4.7973
v  3.0878 13.6325 5.2604
v  -2.1440 13.3966 5.3564
v  -2.3106 13.3694 5.1293
v  -2.1597 13.6431 5.3833
v  -2.0916 13.8053 5.8812
v  -2.0694 13.4624 5.9045
v  -2.1058 13.9280 6.5521
v  -2.0849 13.5488 6.6182
v  -2.3106 13.9678 6.6090
v  -2.3106 13.5599 6.7112
v  -2.3106 13.8855 5.8781
v  -2.3106 13.7306 5.4150
v  -2.3106 13.5909 5.1770
v  -2.4773 13.3966 5.3564
v  -2.4615 13.6431 5.3833
v  -2.5296 13.8053 5.8812
v  -2.5519 13.4624 5.9045
v  -2.5154 13.9280 6.5521
v  -2.5363 13.5488 6.6182
v  -5.0651 13.1358 4.7387
v  -5.0601 13.3827 4.7656
v  -4.8866 13.1170 4.5117
v  -5.1340 13.5416 5.2635
v  -5.1413 13.1980 5.2868
v  -5.1253 13.6649 5.9345
v  -5.1297 13.2851 6.0006
v  -4.9121 13.7147 5.9913
v  -4.8947 13.3073 6.0936
v  -4.6955 13.6851 5.9345
v  -4.6588 13.3072 6.0006
v  -4.6763 13.5631 5.2635
v  -4.6398 13.2217 5.2868
v  -4.7364 13.3980 4.7656
v  -4.7104 13.1525 4.7387
v  -4.8960 13.3382 4.5594
v  -4.9020 13.4778 4.7973
v  -4.9086 13.6325 5.2604
v  -3.4008 4.8527 12.2200
v  -3.4008 5.8784 12.2200
v  -2.3220 4.8527 11.1671
v  -3.7956 5.8784 13.6582
v  -3.7956 4.8527 13.6582
v  -3.4008 5.8784 15.0963
v  -3.4008 4.8527 15.0963
v  -2.3220 5.8784 16.1491
v  -2.3220 4.8527 16.1491
v  -0.8660 5.8784 16.5345
v  -0.8660 4.8527 16.5345
v  0.5900 4.8527 16.1491
v  0.5900 5.8784 16.1491
v  1.6688 4.8527 15.0963
v  1.6688 5.8784 15.0963
v  2.0636 4.8527 13.6582
v  2.0636 5.8784 13.6582
v  1.6688 4.8527 12.2200
v  1.6688 5.8784 12.2200
v  0.5900 4.8527 11.1671
v  0.5900 5.8784 11.1671
v  -0.8660 4.8527 10.7818
v  -0.8660 5.8784 10.7818
v  -2.3220 5.8784 11.1671
v  -3.1495 6.2018 12.3615
v  -0.8660 6.2018 13.6582
v  -2.1769 6.2018 11.4124
v  -3.5055 6.2018 13.6582
v  -3.1495 6.2018 14.9547
v  -2.1769 6.2018 15.9039
v  -0.8660 6.2018 16.2513
v  0.4449 6.2018 15.9039
v  1.4175 6.2018 14.9547
v  1.7734 6.2018 13.6582
v  1.4175 6.2018 12.3615
v  0.4449 6.2018 11.4124
v  -0.8660 6.2018 11.0650
v  -1.9305 3.4938 14.5029
v  -1.9305 5.7944 14.5029
v  -1.9305 3.4938 12.7053
v  -1.9305 5.7944 12.7053
v  0.1984 3.4938 14.5029
v  0.1984 5.7944 14.5029
v  0.1984 3.4938 12.7053
v  0.1984 5.7944 12.7053
v  -5.3034 3.6684 15.5959
v  -4.1289 4.6146 15.5959
v  -5.3034 3.6684 11.1764
v  -4.1289 4.6146 11.1764
v  -0.8660 4.0918 10.8430
v  -3.3881 4.2773 10.9309
v  -0.8660 4.0918 15.9293
v  -3.3881 4.2773 15.8414
v  -4.8252 2.6898 15.9293
v  -4.9377 3.2258 15.8414
v  -4.9377 3.2258 10.9309
v  -0.9647 2.6898 15.9293
v  -2.1402 0.9853 15.9293
v  -1.0862 0.9853 15.9293
v  3.5714 3.6684 15.5959
v  2.3968 4.6146 15.5959
v  1.6560 4.2773 15.8414
v  3.0932 2.6898 15.9293
v  3.2057 3.2258 15.8414
v  -0.7673 2.6898 15.9293
v  0.4082 0.9853 15.9293
v  -0.6459 0.9853 15.9293
v  -4.7295 1.3732 17.1782
v  -4.7295 4.1988 17.1782
v  -4.7295 1.3732 16.3992
v  -4.7295 4.1988 16.3992
v  -4.0424 4.3682 17.1012
v  -4.0424 4.3682 16.4762
v  -0.8660 4.3682 16.4762
v  -0.8660 4.3682 17.1012
v  2.3103 4.3682 17.1012
v  2.3103 4.3682 16.4762
v  2.9975 4.1988 16.3992
v  2.9975 4.1988 17.1782
v  -0.8660 4.1988 17.1782
v  -0.8660 4.1988 16.3992
v  -0.8660 1.3732 16.3992
v  2.9975 1.3732 16.3992
v  -0.8660 1.3732 17.1782
v  2.9975 1.3732 17.1782
v  -1.2255 4.3972 16.6144
v  -1.2255 4.5307 16.6144
v  -0.8660 4.3972 16.3993
v  -0.8660 4.5307 16.3993
v  -0.8660 4.3972 17.2465
v  -0.8660 4.5307 17.2465
v  -1.2217 4.3972 17.0380
v  -1.2217 4.5307 17.0380
v  -0.8660 4.5307 16.8229
v  -0.5103 4.5307 17.0380
v  -0.5066 4.5307 16.6144
v  -0.5066 4.3972 16.6144
v  -0.5103 4.3972 17.0380
v  -3.5838 7.3730 8.0729
v  -0.8660 7.3808 8.0719
v  -3.5278 12.9519 7.2919
v  -5.9760 12.9526 7.3874
v  -5.9230 7.3626 8.0743
v  -0.8660 12.9517 7.2663
v  1.8518 7.3730 8.0729
v  1.7958 12.9519 7.2919
v  4.2439 12.9526 7.3874
v  4.1910 7.3626 8.0743
v  -8.2144 -0.3251 9.9033
v  -8.4659 3.3300 9.2384
v  -8.2046 -0.3751 9.1591
v  -8.2144 0.5741 10.7867
v  -8.2144 1.2777 11.8932
v  -8.2702 2.5529 16.1666
v  -8.9597 4.3461 9.2483
v  -8.9597 4.3461 17.9944
v  -8.7947 5.3236 9.2902
v  -8.7947 5.3233 17.9944
v  -8.1956 5.6753 9.4480
v  -8.7947 5.3190 1.4835
v  -8.1935 5.6721 1.5063
v  -7.3470 5.8484 1.5379
v  -7.3639 5.8645 8.9559
v  -7.0864 5.7471 10.4238
v  -8.1956 5.6751 17.9944
v  -7.0855 5.6669 17.9944
v  -6.5002 4.4594 18.0020
v  -6.6482 4.4506 18.0411
v  -6.8721 5.4244 17.9944
v  -6.9161 5.3789 18.0411
v  -6.8591 3.5073 18.0411
v  -7.7086 3.0956 18.0411
v  -8.6373 3.3708 18.0411
v  -8.9338 4.3466 18.0411
v  -8.7727 5.2850 18.0411
v  -8.1916 5.6296 18.0411
v  -7.1108 5.6104 18.0411
v  -6.8344 5.3746 10.4246
v  -6.4673 4.4563 10.5607
v  -6.4336 3.9289 17.5978
v  -6.3782 3.7904 10.5721
v  -6.2667 3.9225 17.1655
v  -8.2144 -0.3992 16.1726
v  -8.2144 1.2494 14.2777
v  -8.2144 0.5553 15.3180
v  -8.2610 -1.8504 16.4692
v  -0.8660 3.9289 17.6032
v  -0.8660 3.4021 17.8062
v  -6.3016 3.6295 17.7714
v  -6.0428 3.3685 17.7505
v  -0.8660 4.3977 10.6895
v  -0.8660 5.6122 10.6776
v  -6.3798 5.5723 10.6818
v  -6.3077 6.4496 10.6789
v  -5.4072 7.2417 10.6776
v  -0.8660 7.2472 10.6776
v  3.6752 7.2417 10.6776
v  4.5757 6.4496 10.6789
v  4.6478 5.5723 10.6818
v  4.7352 4.4563 10.5607
v  4.6462 3.7904 10.5721
v  -0.8660 3.7904 10.5709
v  4.3107 3.3685 17.7505
v  -6.3454 7.4653 8.9755
v  -6.3188 7.4653 10.4188
v  -0.8660 7.5783 9.0277
v  -0.8660 7.5783 10.4188
v  -7.1137 6.7408 9.0348
v  -7.1134 6.7408 1.5989
v  -6.3534 7.4574 1.6536
v  -6.3542 7.4631 0.9811
v  -7.0892 6.7408 0.8448
v  -6.6289 6.7408 0.4565
v  -7.2192 5.8484 0.7879
v  -7.0056 6.7408 10.4188
v  -6.4318 7.4265 8.5426
v  -6.3848 5.5703 10.4230
v  -6.3151 6.4484 10.4201
v  -5.4251 7.2412 10.4188
v  -0.8660 7.2472 10.4188
v  3.6931 7.2412 10.4188
v  4.5868 7.4653 10.4188
v  5.2735 6.7408 10.4188
v  4.5831 6.4484 10.4201
v  4.6528 5.5703 10.4230
v  5.3543 5.7471 10.4238
v  5.1024 5.3746 10.4246
v  -8.2144 -1.6697 9.0579
v  -8.4051 -1.7145 9.3643
v  -8.4051 -0.4887 10.0946
v  -8.4051 -1.8416 9.6977
v  -8.4051 -0.7148 10.3632
v  -8.4051 0.3657 10.9216
v  -8.4051 0.0757 11.1108
v  -8.4051 1.0191 11.9647
v  -8.4051 0.9925 14.2041
v  -8.4051 0.6572 12.0649
v  -8.4051 0.6330 14.1011
v  -8.4051 0.3492 15.1850
v  -8.4051 0.0624 14.9984
v  -8.4051 -0.5584 15.9848
v  -8.3932 -1.8088 16.2553
v  -8.4051 -0.7782 15.7213
v  -8.3932 -1.9060 15.9459
v  -8.3574 -2.6040 16.5244
v  -8.4051 -2.5852 16.0811
v  -8.4051 -2.8359 16.4562
v  -0.8660 3.8481 17.1560
v  -4.2560 0.4643 10.4914
v  -0.8660 0.4643 10.4927
v  2.5240 0.4643 10.4914
v  -6.0870 12.3313 8.0639
v  -5.8447 12.8452 8.3565
v  -5.9663 13.0643 8.2279
v  -5.9334 12.3401 8.2798
v  -6.1372 8.0120 8.8442
v  -5.9148 7.8471 8.8697
v  -0.8660 7.8624 8.8398
v  -5.1692 13.1078 8.5047
v  -5.8727 13.3572 8.1092
v  -4.9356 13.4953 8.4602
v  -3.4824 13.1982 8.7041
v  -3.4838 13.5405 8.6629
v  -0.8660 13.6231 8.7430
v  -0.8660 13.2811 8.7935
v  -0.8660 13.9135 8.3847
v  -3.6316 13.8337 8.3051
v  -4.8257 13.7209 8.1958
v  -5.5992 13.5228 7.8965
v  -0.8660 13.7112 7.4920
v  -4.1383 13.6209 7.4273
v  -0.8660 13.5617 6.2605
v  -4.2329 13.4986 6.3700
v  -0.8660 13.1991 1.1381
v  -4.2335 13.1254 1.2611
v  -5.6446 13.2932 6.4953
v  -8.5535 3.3300 1.3690
v  -8.9597 4.3456 1.4354
v  -8.5736 5.3047 0.3770
v  -8.7064 4.3456 0.2699
v  -8.3149 3.3300 0.3661
v  -8.2651 -0.4511 1.2530
v  -8.1389 -1.6764 1.3298
v  -8.1066 -1.6903 0.5008
v  -8.0663 -0.4511 0.3417
v  -5.9657 12.8904 7.1206
v  -6.1286 12.1350 1.2718
v  -6.1456 12.0246 2.2983
v  -6.1612 11.7933 1.9409
v  -6.3241 7.9578 1.1182
v  -6.3242 8.1164 1.7045
v  -5.8479 13.1487 6.5519
v  -5.6529 12.8930 1.3275
v  -5.8347 12.7550 1.3588
v  -5.9509 12.4031 1.3390
v  -0.8660 13.0614 8.4452
v  -3.6060 12.9529 8.4007
v  -4.3640 0.6058 16.7153
v  -6.3377 7.8959 1.9037
v  -6.4555 7.7549 8.1535
v  -6.1817 12.1171 7.7018
v  6.6731 -0.7148 10.3632
v  6.6731 -1.8416 9.6977
v  6.6731 0.0757 11.1108
v  6.6731 0.6330 14.1011
v  6.6731 0.6572 12.0649
v  6.6731 0.0624 14.9984
v  6.6731 -2.8359 16.4562
v  6.6731 -2.5852 16.0811
v  -8.4051 -1.9283 9.1359
v  -8.3427 -1.9283 0.4035
v  -7.6411 -1.7408 -0.1540
v  -8.3427 -2.2161 0.4710
v  -8.4051 -2.2161 9.3467
v  -8.0325 5.6569 0.6309
v  -6.6934 5.8484 0.3939
v  -7.4348 5.6569 -0.0402
v  -7.8040 5.3047 -0.4505
v  -7.8799 4.3456 -0.5887
v  -7.5837 3.3760 -0.3651
v  -7.2945 -0.4511 -0.2103
v  -7.8786 -2.2161 -0.0896
v  6.6731 -0.7782 15.7213
v  -0.8660 9.7697 0.3514
v  4.1828 7.8471 8.8697
v  6.6611 -1.9060 15.9459
v  6.4824 -0.3251 9.9033
v  6.4725 -0.3751 9.1591
v  6.7339 3.3300 9.2384
v  6.4824 0.5741 10.7867
v  6.4824 1.2777 11.8932
v  6.5382 2.5529 16.1666
v  7.2276 4.3461 9.2483
v  7.2276 4.3456 1.4354
v  7.0627 5.3190 1.4835
v  7.0627 5.3236 9.2902
v  7.2276 4.3461 17.9944
v  7.0627 5.3233 17.9944
v  6.4636 5.6753 9.4480
v  6.4615 5.6721 1.5063
v  5.6150 5.8484 1.5379
v  5.6319 5.8645 8.9559
v  6.4636 5.6751 17.9944
v  5.3535 5.6669 17.9944
v  5.8993 -2.6363 17.9041
v  6.3823 -0.2623 17.3483
v  6.3617 -2.8804 17.2692
v  4.7682 4.4594 18.0020
v  5.8099 4.7687 17.6863
v  5.6801 4.4264 17.6863
v  6.1030 4.8629 17.6863
v  6.3790 4.7258 17.6863
v  6.4741 4.4264 17.6863
v  6.3436 4.1176 17.6863
v  6.0514 3.9898 17.6863
v  5.7742 4.1177 17.6863
v  4.9149 4.4506 18.0788
v  5.1401 5.4244 17.9944
v  5.1828 5.3789 18.0788
v  5.3775 5.6104 18.0788
v  6.4584 5.6296 18.0788
v  7.0394 5.2850 18.0788
v  7.2005 4.3466 18.0788
v  6.9040 3.3708 18.0788
v  5.9754 3.0956 18.0788
v  5.1258 3.5073 18.0788
v  4.7016 3.9289 17.5978
v  4.5347 3.9225 17.1655
v  6.4824 -0.3992 16.1726
v  6.5289 -1.8504 16.4692
v  4.5696 3.6295 17.7714
v  4.6134 7.4653 8.9755
v  5.3817 6.7408 9.0348
v  5.3813 6.7408 1.5989
v  4.6214 7.4574 1.6536
v  4.6998 7.4265 8.5426
v  6.4824 -1.6697 9.0579
v  6.5331 -0.4511 1.2530
v  6.8215 3.3300 1.3690
v  6.9743 4.3456 0.2699
v  6.8415 5.3047 0.3770
v  6.3005 5.6569 0.6309
v  5.4871 5.8484 0.7879
v  4.9613 5.8484 0.3939
v  5.7027 5.6569 -0.0402
v  6.0720 5.3047 -0.4505
v  6.1478 4.3456 -0.5887
v  6.5829 3.3300 0.3661
v  6.3343 -0.4511 0.3417
v  6.3612 -1.6633 0.4608
v  5.5624 -0.4511 -0.2103
v  5.8517 3.3760 -0.3651
v  6.8916 4.4099 18.1623
v  6.6334 3.7773 18.1623
v  6.0269 3.5161 18.1623
v  5.4513 3.7774 18.1623
v  5.2668 4.4419 18.1623
v  5.4873 5.2027 18.1623
v  6.1312 5.3558 18.1623
v  6.6599 5.1505 18.1623
v  4.3550 12.3313 8.0639
v  4.2342 13.0643 8.2279
v  4.1127 12.8452 8.3565
v  4.2013 12.3401 8.2798
v  4.4052 8.0120 8.8442
v  3.4371 13.1078 8.5047
v  4.1407 13.3572 8.1092
v  3.2035 13.4953 8.4602
v  3.0937 13.7209 8.1958
v  1.7518 13.5405 8.6629
v  1.7504 13.1982 8.7041
v  1.8995 13.8337 8.3051
v  2.4062 13.6209 7.4273
v  3.8672 13.5228 7.8965
v  3.9126 13.2932 6.4953
v  2.5008 13.4986 6.3700
v  2.5015 13.1254 1.2611
v  6.4069 -1.6764 1.3298
v  6.6731 -1.9283 9.1359
v  6.6731 -1.7145 9.3643
v  6.6731 -0.4887 10.0946
v  6.6731 0.3657 10.9216
v  6.6731 1.0191 11.9647
v  6.6731 0.9925 14.2041
v  6.6731 0.3492 15.1850
v  6.6731 -0.5584 15.9848
v  6.6731 -1.7619 16.2452
v  6.4824 0.5553 15.3180
v  6.4824 1.2494 14.2777
v  5.3572 6.7408 0.8448
v  4.6221 7.4631 0.9811
v  4.8968 6.7408 0.4565
v  4.2337 12.8904 7.1206
v  4.3965 12.1350 1.2718
v  4.4135 12.0246 2.2983
v  4.4292 11.7933 1.9409
v  4.5921 7.9578 1.1182
v  4.5921 8.1164 1.7045
v  4.1158 13.1487 6.5519
v  3.9209 12.8930 1.3275
v  4.1027 12.7550 1.3588
v  4.2188 12.4031 1.3390
v  1.8740 12.9529 8.4007
v  2.6319 0.6058 16.7153
v  4.6057 7.8959 1.9037
v  4.7235 7.7549 8.1535
v  4.4496 12.1171 7.7018
v  6.6254 -2.6040 16.5244
v  6.6491 -1.8557 16.2655
v  6.6731 -2.2161 9.3467
v  6.6107 -1.9283 0.4035
v  5.9091 -1.7107 -0.1540
v  6.6107 -2.2161 0.4710
v  6.1466 -2.2161 -0.0896
v  -8.9350 4.3466 18.4556
v  -8.6261 4.4099 18.1421
v  -8.7739 5.2850 18.4556
v  -8.3679 3.7773 18.1421
v  -8.6384 3.3708 18.4556
v  -7.7614 3.5161 18.1421
v  -7.7099 3.0956 18.4556
v  -7.1858 3.7774 18.1421
v  -6.8603 3.5073 18.4556
v  -7.0013 4.4419 18.1421
v  -6.6494 4.4506 18.4556
v  -6.9173 5.3789 18.4556
v  -7.2218 5.2027 18.1421
v  -7.1120 5.6104 18.4556
v  -7.8657 5.3558 18.1422
v  -8.1928 5.6296 18.4556
v  -8.3944 5.1505 18.1421
v  -7.8114 4.4294 18.5130
v  -8.1901 7.7291 7.5678
v  -5.9781 7.3292 7.5678
v  -8.2214 7.5779 7.7331
v  -8.1587 7.8802 7.7331
v  -5.9763 7.4944 7.7331
v  -8.1901 7.7291 7.8983
v  -5.9781 7.3292 7.8983
v  -8.6173 7.8340 7.8983
v  -8.5298 7.9498 7.7331
v  -8.7078 8.0510 7.8983
v  -8.5804 8.1211 7.7331
v  -8.7732 8.7037 7.8983
v  -8.9210 8.6758 7.7331
v  -8.8352 7.9809 7.7331
v  -8.7078 8.0510 7.5678
v  -8.7732 8.7037 7.5678
v  -8.6254 8.7316 7.7331
v  -8.8656 10.1363 7.8983
v  -8.7119 10.1341 7.7331
v  -8.9638 11.5688 7.8983
v  -9.1073 11.6029 7.7331
v  -9.0192 10.1384 7.7331
v  -8.8656 10.1363 7.5678
v  -8.9638 11.5688 7.5678
v  -8.8203 11.5346 7.7331
v  -8.9745 12.2623 7.8983
v  -8.8594 12.1813 7.7331
v  -8.8867 12.4239 7.8983
v  -8.8178 12.2966 7.7331
v  -8.3496 12.2729 7.7331
v  -8.3643 12.4286 7.8983
v  -5.7079 12.3737 7.8983
v  -5.7105 12.2085 7.7331
v  -5.9798 7.1640 7.7331
v  -8.7047 7.7182 7.7331
v  -8.6173 7.8340 7.5678
v  -8.8867 12.4239 7.5678
v  -8.3643 12.4286 7.5678
v  -8.3789 12.5843 7.7331
v  -8.9745 12.2623 7.5678
v  -9.0897 12.3431 7.7331
v  -8.9556 12.5512 7.7331
v  -5.7079 12.3737 7.5678
v  -5.7054 12.5390 7.7331
v  -7.8229 8.2267 7.7108
v  -7.8779 12.1213 7.7108
v  -9.8926 8.2235 7.7108
v  -9.9475 12.1180 7.7108
v  -7.8779 12.1213 7.4211
v  -9.9475 12.1180 7.4211
v  -7.8229 8.2267 7.4211
v  -9.8926 8.2235 7.4211
v  6.4580 7.7291 7.5678
v  6.4894 7.5779 7.7331
v  4.2460 7.3292 7.5678
v  6.4267 7.8802 7.7331
v  6.8852 7.8340 7.5678
v  6.9727 7.7182 7.7331
v  7.1031 7.9809 7.7331
v  6.9758 8.0510 7.5678
v  7.1890 8.6758 7.7331
v  7.0412 8.7037 7.5678
v  6.8933 8.7316 7.7331
v  7.1335 10.1363 7.5678
v  7.2872 10.1384 7.7331
v  7.3753 11.6029 7.7331
v  7.2318 11.5688 7.5678
v  7.0883 11.5346 7.7331
v  7.2425 12.2623 7.5678
v  7.3576 12.3431 7.7331
v  7.2235 12.5512 7.7331
v  7.1546 12.4239 7.5678
v  6.6469 12.5843 7.7331
v  6.6322 12.4286 7.5678
v  6.6175 12.2729 7.7331
v  3.9784 12.2085 7.7331
v  3.9759 12.3737 7.5678
v  3.9733 12.5390 7.7331
v  6.6322 12.4286 7.8983
v  3.9759 12.3737 7.8983
v  7.1546 12.4239 7.8983
v  7.2425 12.2623 7.8983
v  7.2318 11.5688 7.8983
v  7.1335 10.1363 7.8983
v  7.0412 8.7037 7.8983
v  6.9758 8.0510 7.8983
v  6.8852 7.8340 7.8983
v  6.4580 7.7291 7.8983
v  4.2460 7.3292 7.8983
v  4.2478 7.1640 7.7331
v  4.2442 7.4944 7.7331
v  6.7978 7.9498 7.7331
v  6.8484 8.1211 7.7331
v  6.9798 10.1341 7.7331
v  7.1274 12.1813 7.7331
v  7.0857 12.2966 7.7331
v  6.3641 8.3115 7.7108
v  8.4151 8.5884 7.7108
v  5.8913 12.1777 7.7108
v  7.9424 12.4546 7.7108
v  5.8913 12.1777 7.4211
v  7.9424 12.4546 7.4211
v  6.3641 8.3115 7.4211
v  8.4151 8.5884 7.4211
v  -0.8660 7.8001 8.7612
v  -0.8660 8.0335 8.7125
v  -2.6611 8.2102 8.7231
v  -2.6611 7.7946 8.7718
v  4.3027 7.7848 8.7910
v  4.3032 8.0183 8.7423
v  2.6773 7.7893 8.7821
v  2.6773 8.2050 8.7334
v  0.9291 7.7946 8.7718
v  0.9291 8.2102 8.7231
v  -6.0348 7.7848 8.7910
v  -4.4094 7.7893 8.7821
v  -6.0353 8.0183 8.7423
v  -4.4094 8.2050 8.7334
# 918 vertices

vn -0.0000 0.7455 0.6665
vn -0.2619 0.5614 0.7851
vn 0.0000 0.7097 0.7045
vn -0.2051 0.4120 0.8878
vn -0.1176 0.5980 0.7928
vn -0.2490 0.2652 0.9315
vn -0.0550 -0.2875 0.9562
vn -0.1855 -0.1125 0.9762
vn 0.0671 -0.3312 0.9412
vn 0.1663 -0.3410 0.9252
vn -0.1133 -0.2836 0.9522
vn -0.0736 -0.1786 0.9812
vn 0.0463 -0.1548 0.9869
vn -0.1498 -0.1537 0.9767
vn -0.0705 -0.2594 0.9632
vn -0.1903 -0.2548 0.9481
vn -0.1391 -0.2468 0.9590
vn -0.2114 -0.4352 0.8751
vn -0.1523 -0.5406 0.8274
vn -0.0215 -0.5484 0.8359
vn -0.0119 -0.5211 0.8534
vn 0.0000 0.2770 0.9609
vn -0.2798 -0.1276 0.9515
vn 0.2798 -0.1276 0.9515
vn 0.4287 -0.5052 0.7490
vn -0.4287 -0.5052 0.7490
vn 0.6562 -0.6089 0.4457
vn 0.9406 -0.1662 0.2962
vn 0.5682 -0.7907 0.2280
vn 0.9130 -0.0245 0.4071
vn 0.6165 0.7546 -0.2246
vn 0.3667 -0.9060 0.2115
vn 0.0000 -0.9848 0.1736
vn -0.3667 -0.9060 0.2115
vn -0.5682 -0.7907 0.2280
vn -0.9406 -0.1662 0.2962
vn -0.6562 -0.6089 0.4457
vn -0.9130 -0.0245 0.4071
vn -0.6165 0.7546 -0.2246
vn -0.2433 0.3061 0.9204
vn -0.3695 0.0548 0.9276
vn -0.3219 0.0287 0.9463
vn -0.3317 -0.1599 0.9297
vn -0.2878 -0.0256 0.9574
vn -0.2274 -0.1022 0.9684
vn -0.4729 -0.0258 0.8808
vn -0.4085 -0.0429 0.9118
vn -0.9233 -0.0236 0.3833
vn -0.8796 -0.3213 0.3509
vn -0.3440 -0.0666 0.9366
vn -0.7456 -0.4437 0.4972
vn -0.0889 -0.0656 0.9939
vn -0.1385 0.2416 0.9604
vn -0.0619 0.0721 0.9955
vn -0.0411 0.0922 0.9949
vn -0.0741 0.4252 0.9021
vn 0.0000 0.6643 0.7475
vn 0.0741 0.4252 0.9021
vn 0.1176 0.5980 0.7928
vn 0.2051 0.4121 0.8878
vn 0.2619 0.5614 0.7850
vn 0.0705 -0.2594 0.9632
vn 0.0550 -0.2874 0.9562
vn 0.2490 0.2652 0.9315
vn 0.1761 -0.1210 0.9769
vn -0.0672 -0.3312 0.9412
vn -0.1662 -0.3410 0.9253
vn 0.1133 -0.2836 0.9522
vn 0.0736 -0.1787 0.9812
vn -0.0463 -0.1548 0.9869
vn 0.1499 -0.1537 0.9767
vn 0.1903 -0.2548 0.9481
vn 0.1391 -0.2467 0.9591
vn 0.1019 -0.2468 0.9637
vn 0.0987 -0.3314 0.9383
vn 0.1240 -0.3360 0.9337
vn 0.0081 -0.3622 0.9321
vn -0.0080 -0.3795 0.9252
vn 0.0732 -0.3017 0.9506
vn 0.0385 -0.1719 0.9844
vn 0.1498 -0.1537 0.9767
vn 0.0604 -0.0995 0.9932
vn 0.2274 -0.1022 0.9684
vn 0.2632 -0.2014 0.9435
vn 0.3317 -0.1599 0.9297
vn 0.2878 -0.0256 0.9574
vn 0.3212 0.0355 0.9464
vn 0.4729 -0.0258 0.8808
vn 0.3440 -0.0666 0.9366
vn 0.8796 -0.3213 0.3509
vn 0.7608 -0.4742 0.4431
vn 0.0889 -0.0656 0.9939
vn 0.1385 0.2416 0.9604
vn 0.0619 0.0721 0.9955
vn 0.0411 0.0922 0.9949
vn 0.2433 0.3061 0.9204
vn 0.3695 0.0548 0.9276
vn -0.2632 -0.2013 0.9435
vn -0.1019 -0.2468 0.9637
vn -0.0987 -0.3314 0.9383
vn -0.1240 -0.3360 0.9337
vn -0.0081 -0.3622 0.9321
vn 0.0080 -0.3795 0.9252
vn -0.0732 -0.3017 0.9506
vn -0.0385 -0.1719 0.9844
vn -0.0603 -0.0995 0.9932
vn -0.9247 -0.0049 0.3807
vn -0.4093 -0.3917 0.8241
vn 0.2475 0.9003 0.3580
vn 0.2008 0.9775 -0.0654
vn 0.3344 0.6216 0.7084
vn 0.0000 0.9353 0.3538
vn -0.2008 0.9775 -0.0654
vn -0.2475 0.9003 0.3580
vn -0.3344 0.6216 0.7084
vn 0.2474 0.9003 0.3580
vn 0.0279 0.6279 0.7778
vn 0.1389 0.6490 0.7480
vn 0.0949 0.2494 0.9637
vn -0.0826 -0.2269 0.9704
vn -0.0827 -0.2269 0.9704
vn -0.0000 0.9353 0.3538
vn -0.0279 0.6279 0.7778
vn -0.2474 0.9003 0.3580
vn -0.1389 0.6490 0.7480
vn -0.0949 0.2495 0.9637
vn 0.0826 -0.2269 0.9704
vn 0.0827 -0.2269 0.9704
vn 0.0119 -0.5211 0.8534
vn 0.0215 -0.5484 0.8359
vn 0.1523 -0.5406 0.8274
vn 0.2114 -0.4352 0.8751
vn 0.0000 1.0000 -0.0000
vn -0.0003 1.0000 -0.0000
vn -0.0000 1.0000 -0.0000
vn 0.0003 1.0000 -0.0000
vn 0.0002 1.0000 -0.0000
vn 0.0001 1.0000 -0.0000
vn -0.0002 1.0000 -0.0000
vn -0.0001 1.0000 -0.0000
vn 0.0000 -1.0000 0.0000
vn 0.0002 -1.0000 0.0000
vn 0.0001 -1.0000 0.0000
vn -0.0000 -1.0000 0.0000
vn -0.0001 -1.0000 0.0000
vn 0.0004 -1.0000 0.0000
vn 0.0000 0.0000 1.0000
vn -0.0254 0.0000 0.9997
vn 0.0254 0.0000 0.9997
vn 0.0489 -0.0000 0.9988
vn 0.1016 0.0000 0.9948
vn 0.1162 0.0000 0.9932
vn 0.2841 0.0000 0.9588
vn 0.4039 0.0000 0.9148
vn -0.0489 0.0000 0.9988
vn -0.1016 -0.0000 0.9948
vn -0.1162 0.0000 0.9932
vn -0.2841 0.0000 0.9588
vn -0.4039 0.0000 0.9148
vn 0.4094 -0.3920 0.8239
vn -0.7361 0.6663 0.1190
vn -0.9873 0.0141 0.1583
vn -0.1243 0.9920 0.0214
vn -0.1242 0.9920 0.0214
vn -0.6890 0.6622 0.2947
vn -0.9213 0.0343 0.3873
vn -0.1420 0.9876 0.0674
vn -0.1419 0.9876 0.0674
vn -0.1653 0.4810 0.8610
vn -0.5182 0.6280 0.5806
vn -0.1214 0.0290 0.9922
vn -0.1522 0.9648 0.2144
vn 0.2278 0.6450 0.7294
vn 0.4934 0.0000 0.8698
vn -0.6866 0.0516 0.7252
vn 0.2763 0.4704 0.8381
vn -0.6094 0.4857 0.6267
vn 0.3956 0.0291 0.9180
vn -0.7264 0.6521 0.2171
vn 0.5344 0.6429 0.5487
vn 0.8495 -0.0056 0.5275
vn -0.7647 0.0296 0.6437
vn -0.9995 -0.0069 0.0320
vn 0.4080 0.4061 0.8177
vn -0.3853 0.4000 0.8316
vn 0.5558 0.0260 0.8309
vn -0.5747 0.5649 0.5921
vn 0.6006 0.5711 0.5595
vn 0.9247 -0.0049 0.3807
vn -0.5246 0.0253 0.8510
vn -0.8950 -0.0021 0.4461
vn 0.7428 0.6670 0.0582
vn 0.9969 0.0132 0.0774
vn 0.1206 0.9927 -0.0000
vn 0.9969 0.0132 0.0775
vn 0.6890 0.6622 0.2947
vn 0.9213 0.0343 0.3873
vn 0.1419 0.9876 0.0674
vn 0.1653 0.4810 0.8610
vn 0.1214 0.0290 0.9922
vn 0.5182 0.6280 0.5806
vn 0.1522 0.9648 0.2144
vn -0.2278 0.6450 0.7294
vn -0.4934 0.0000 0.8698
vn 0.6866 0.0516 0.7252
vn -0.2763 0.4704 0.8381
vn -0.3956 0.0291 0.9180
vn 0.6094 0.4857 0.6267
vn 0.7264 0.6521 0.2172
vn -0.5344 0.6429 0.5487
vn -0.8495 -0.0056 0.5275
vn 0.7647 0.0296 0.6437
vn 0.9995 -0.0069 0.0320
vn -0.4080 0.4061 0.8177
vn -0.5558 0.0260 0.8309
vn 0.3853 0.4000 0.8316
vn 0.5747 0.5649 0.5921
vn -0.6006 0.5711 0.5595
vn 0.5246 0.0253 0.8510
vn 0.8950 -0.0021 0.4461
vn -0.3779 -0.3927 0.8384
vn -0.2784 -0.1013 0.9551
vn -0.8702 -0.3602 0.3361
vn -0.8809 -0.4730 0.0187
vn -0.1852 -0.5387 0.8219
vn 0.1406 -0.0865 0.9863
vn -0.9687 -0.0194 0.2476
vn -0.9341 0.0665 -0.3507
vn -0.5465 -0.5580 0.6245
vn -0.5558 -0.1295 0.8212
vn -0.8405 -0.4661 -0.2764
vn -0.4888 -0.5850 -0.6472
vn -0.1656 -0.7576 0.6313
vn -0.0155 -0.1556 0.9877
vn -0.9429 0.0519 -0.3290
vn -0.4655 0.1378 -0.8742
vn -0.5501 -0.5862 0.5949
vn -0.5737 -0.1275 0.8091
vn -0.8402 -0.4418 -0.3145
vn -0.5064 -0.5847 -0.6338
vn -0.0995 -0.7750 0.6241
vn 0.0588 -0.1554 0.9861
vn -0.9348 0.0553 -0.3508
vn -0.5268 0.1323 -0.8396
vn 0.1642 -0.4330 0.8863
vn 0.3028 -0.0809 0.9496
vn -0.4410 -0.4260 0.7899
vn -0.5500 -0.5862 0.5949
vn 0.3315 -0.6034 0.7252
vn 0.7061 -0.0986 0.7013
vn 0.7132 0.0549 0.6988
vn 0.3108 0.0053 0.9505
vn -0.5843 -0.0736 0.8082
vn -0.8860 -0.0864 0.4556
vn -0.5907 0.0110 0.8068
vn -0.8899 0.0650 0.4516
vn 0.3779 -0.3927 0.8384
vn 0.8702 -0.3602 0.3361
vn 0.2783 -0.1013 0.9551
vn 0.8809 -0.4729 0.0187
vn 0.1852 -0.5387 0.8219
vn -0.1406 -0.0865 0.9863
vn 0.9687 -0.0194 0.2476
vn 0.9341 0.0665 -0.3507
vn 0.5465 -0.5580 0.6245
vn 0.8405 -0.4661 -0.2764
vn 0.5558 -0.1294 0.8212
vn 0.4888 -0.5850 -0.6472
vn 0.1656 -0.7576 0.6313
vn 0.0154 -0.1556 0.9877
vn 0.9429 0.0519 -0.3290
vn 0.4655 0.1378 -0.8742
vn 0.5501 -0.5862 0.5949
vn 0.8402 -0.4418 -0.3145
vn 0.5737 -0.1275 0.8091
vn 0.5064 -0.5847 -0.6338
vn 0.0995 -0.7750 0.6241
vn -0.0588 -0.1554 0.9861
vn 0.9348 0.0553 -0.3508
vn 0.5268 0.1323 -0.8396
vn -0.1642 -0.4330 0.8863
vn 0.4410 -0.4260 0.7899
vn -0.3028 -0.0808 0.9496
vn 0.5500 -0.5862 0.5949
vn -0.3315 -0.6034 0.7252
vn -0.7061 -0.0986 0.7013
vn -0.7132 0.0549 0.6988
vn -0.3108 0.0053 0.9505
vn 0.5843 -0.0736 0.8082
vn 0.8860 -0.0864 0.4556
vn 0.5907 0.0110 0.8068
vn 0.8899 0.0650 0.4516
vn -0.0135 0.1989 0.9799
vn -0.0567 0.1985 0.9785
vn 0.0582 0.1882 0.9804
vn 0.0581 0.1882 0.9804
vn 0.0473 0.1852 0.9816
vn 0.1056 0.1658 0.9805
vn 0.1342 0.1583 0.9782
vn 0.1877 0.1218 0.9746
vn -0.0567 0.1986 0.9784
vn -0.1313 0.1701 0.9766
vn -0.1043 0.1778 0.9785
vn -0.0447 0.1944 0.9799
vn -0.1818 0.1328 0.9743
vn 0.2113 0.2882 -0.9340
vn -1.0000 0.0000 -0.0000
vn 1.0000 0.0000 -0.0000
vn 0.0000 -0.9999 -0.0119
vn -0.9170 0.0965 -0.3871
vn -0.7214 0.5344 -0.4405
vn -0.7897 0.1223 -0.6012
vn -0.7875 0.5902 -0.1775
vn -0.9957 0.0630 -0.0685
vn -0.7382 0.5664 0.3663
vn -0.8114 0.1611 0.5618
vn -0.3923 0.7641 0.5121
vn -0.3431 0.2051 0.9166
vn -0.3148 0.9215 -0.2275
vn -0.3704 0.8410 -0.3943
vn -0.6324 0.5059 -0.5866
vn 0.9170 0.0965 -0.3871
vn 0.7897 0.1223 -0.6012
vn 0.7214 0.5343 -0.4405
vn 0.7875 0.5902 -0.1775
vn 0.9957 0.0630 -0.0684
vn 0.7382 0.5664 0.3663
vn 0.8114 0.1611 0.5619
vn 0.3923 0.7641 0.5121
vn 0.3431 0.2052 0.9166
vn 0.3148 0.9215 -0.2275
vn 0.3704 0.8410 -0.3943
vn 0.6324 0.5059 -0.5866
vn 0.9144 0.0590 -0.4005
vn 0.0087 0.1961 -0.9806
vn 0.7325 0.5105 -0.4504
vn 0.8090 0.5603 -0.1778
vn 0.9975 0.0196 -0.0675
vn 0.7568 0.5386 0.3703
vn 0.8136 0.1271 0.5673
vn 0.0387 0.8291 0.5578
vn 0.0101 0.2177 0.9760
vn -0.7056 0.6034 0.3714
vn -0.7994 0.1960 0.5680
vn -0.7558 0.6299 -0.1787
vn -0.9922 0.1045 -0.0675
vn -0.6837 0.5730 -0.4519
vn -0.9059 0.1367 -0.4008
vn 0.0299 0.6465 -0.7624
vn 0.0420 0.9048 -0.4237
vn 0.0452 0.9700 -0.2391
vn 0.7896 0.1224 -0.6012
vn 0.7214 0.5344 -0.4405
vn 0.9957 0.0630 -0.0685
vn 0.3431 0.2051 0.9166
vn -0.7896 0.1224 -0.6012
vn -0.9957 0.0630 -0.0684
vn -0.9144 0.0590 -0.4005
vn -0.7325 0.5105 -0.4504
vn -0.0087 0.1961 -0.9806
vn -0.8090 0.5603 -0.1778
vn -0.9975 0.0196 -0.0675
vn -0.7568 0.5386 0.3703
vn -0.8136 0.1271 0.5673
vn -0.0387 0.8291 0.5578
vn -0.0101 0.2177 0.9760
vn 0.7056 0.6034 0.3714
vn 0.7993 0.1961 0.5680
vn 0.7558 0.6299 -0.1786
vn 0.9922 0.1045 -0.0675
vn 0.6837 0.5730 -0.4519
vn 0.9059 0.1367 -0.4008
vn -0.0299 0.6465 -0.7624
vn -0.0420 0.9048 -0.4237
vn -0.0452 0.9700 -0.2391
vn -0.8614 -0.0000 -0.5079
vn -0.8039 0.3588 -0.4743
vn -0.4934 -0.0000 -0.8698
vn -0.9328 0.3604 -0.0000
vn -1.0000 0.0000 0.0000
vn -0.8039 0.3589 0.4743
vn -0.8614 0.0000 0.5079
vn -0.4609 0.3557 0.8130
vn 0.0000 0.3546 0.9350
vn 0.4609 0.3557 0.8130
vn 0.8614 0.0000 0.5079
vn 0.8039 0.3589 0.4743
vn 1.0000 0.0000 0.0000
vn 0.9328 0.3604 -0.0000
vn 0.8614 -0.0000 -0.5079
vn 0.8039 0.3588 -0.4743
vn 0.4934 -0.0000 -0.8698
vn 0.4609 0.3557 -0.8130
vn 0.2558 -0.0000 -0.9667
vn -0.0000 0.3546 -0.9350
vn -0.4609 0.3557 -0.8130
vn 0.0000 0.3546 -0.9350
vn -0.2558 -0.0000 -0.9667
vn -0.3486 0.9144 -0.2059
vn -0.2011 0.9130 -0.3549
vn -0.4034 0.9150 -0.0000
vn -0.3486 0.9144 0.2058
vn -0.2010 0.9131 0.3548
vn 0.0000 0.9126 0.4088
vn -0.4610 0.3557 0.8130
vn 0.4610 0.3557 0.8130
vn 0.2010 0.9131 0.3548
vn 0.8039 0.3588 0.4743
vn 0.3486 0.9144 0.2058
vn 0.4034 0.9150 -0.0000
vn 0.8039 0.3589 -0.4743
vn 0.3486 0.9144 -0.2058
vn 0.2011 0.9130 -0.3549
vn -0.0000 0.9126 -0.4089
vn -0.3486 0.9144 -0.2058
vn -0.8039 0.3589 -0.4743
vn -0.8039 0.3588 0.4743
vn 0.0000 0.9126 -0.4088
vn 0.3486 0.9144 -0.2059
vn -0.5091 0.6476 0.5669
vn -0.6274 0.7787 -0.0000
vn 0.0734 0.9973 -0.0000
vn -0.0411 0.0923 0.9949
vn -0.1273 0.1919 0.9731
vn -0.1274 0.1919 0.9731
vn -0.2113 0.2882 -0.9340
vn 0.4144 0.9101 -0.0000
vn 0.5091 0.6476 0.5669
vn 0.6274 0.7787 -0.0000
vn -0.0734 0.9973 -0.0000
vn 0.0411 0.0923 0.9949
vn 0.1273 0.1919 0.9731
vn 0.1274 0.1919 0.9731
vn -0.4144 0.9101 -0.0000
vn -0.2394 0.9709 -0.0000
vn -0.0934 0.9301 0.3552
vn -0.1206 0.9927 -0.0000
vn -0.0000 0.8407 0.5415
vn 0.0934 0.9301 0.3552
vn 0.2394 0.9709 -0.0000
vn 0.0934 0.9301 0.3551
vn 0.0000 0.8407 0.5415
vn 0.0000 0.2116 0.9774
vn -0.0000 0.2116 0.9774
vn -0.0934 0.9301 0.3551
vn -0.0000 0.2116 -0.9774
vn 0.0000 0.4133 -0.9106
vn 0.0000 0.2116 -0.9774
vn 0.0000 0.4134 -0.9106
vn 0.0000 -0.0000 -1.0000
vn -0.5135 -0.0000 -0.8581
vn -0.5056 0.0000 0.8628
vn 0.5135 -0.0000 -0.8581
vn 0.5056 0.0000 0.8628
vn 0.0122 0.1356 0.9907
vn 0.0123 0.1356 0.9907
vn -0.0122 0.1356 0.9907
vn -0.0123 0.1356 0.9907
vn 0.0000 -0.0001 1.0000
vn 0.0000 0.0001 1.0000
vn -0.9991 -0.0399 0.0122
vn -0.9810 -0.1939 0.0117
vn -0.9990 -0.0453 -0.0033
vn -0.9968 -0.0625 0.0508
vn -0.9966 -0.0776 0.0280
vn -0.7455 -0.4437 0.4973
vn -0.9934 -0.1145 -0.0012
vn -0.9634 -0.0833 0.2549
vn -0.8233 0.5676 -0.0001
vn -0.7840 0.5212 0.3372
vn -0.2893 0.9570 0.0228
vn -0.8189 0.5674 -0.0866
vn -0.3633 0.9308 -0.0401
vn -0.2121 0.9770 -0.0241
vn -0.1864 0.9810 0.0536
vn 0.2287 0.9725 0.0439
vn -0.2518 0.8837 0.3947
vn 0.3735 0.8054 0.4603
vn 0.8723 0.2029 0.4448
vn 0.7487 0.4375 0.4981
vn 0.3745 0.1302 0.9180
vn -0.0229 -0.2533 0.9671
vn -0.5401 -0.3198 0.7785
vn -0.8679 -0.0567 0.4934
vn -0.7840 0.5212 0.3371
vn -0.6582 0.4180 0.6262
vn -0.1871 0.6684 0.7199
vn 0.3735 0.8054 0.4604
vn 0.2474 0.5594 0.7911
vn 0.4682 0.4031 0.7863
vn 0.8723 0.4890 0.0031
vn 0.7486 0.4375 0.4981
vn 0.9687 0.2484 0.0040
vn 0.8724 0.2029 0.4448
vn 0.8136 0.5797 -0.0450
vn 0.6556 0.7551 -0.0073
vn -0.0130 0.9997 -0.0198
vn -0.9984 -0.0146 0.0553
vn -0.9998 -0.0132 -0.0151
vn -0.9900 0.0138 0.1402
vn -0.9247 -0.0048 0.3807
vn -0.0000 0.3138 0.9495
vn 0.0000 0.3138 0.9495
vn -0.0111 -0.0610 0.9981
vn -0.0119 -0.0847 0.9963
vn -0.0174 -0.0375 0.9991
vn -0.0052 -0.0240 0.9997
vn 0.0011 -0.0530 0.9986
vn -0.0000 -0.0000 1.0000
vn 0.0000 -0.0000 1.0000
vn -0.0000 0.0000 1.0000
vn 0.0052 -0.0240 0.9997
vn 0.0111 -0.0610 0.9981
vn 0.0174 -0.0375 0.9991
vn 0.0119 -0.0847 0.9963
vn -0.0000 0.9994 0.0338
vn 0.0000 0.9994 0.0338
vn 0.6166 0.7751 -0.1379
vn 0.9623 0.2559 -0.0923
vn -0.4995 0.8655 0.0371
vn -0.3906 0.9204 0.0182
vn -0.0207 0.9998 0.0001
vn -0.0207 0.9998 -0.0000
vn -0.9739 0.2164 0.0690
vn -0.9761 0.1673 0.1389
vn -0.8403 0.5398 0.0500
vn -0.8674 0.4967 -0.0288
vn -0.6952 0.7188 -0.0054
vn -0.6297 0.7085 -0.3186
vn -0.7805 0.4677 -0.4148
vn -0.5826 0.3869 -0.7147
vn -0.8623 0.1757 -0.4750
vn -0.9708 0.2348 -0.0500
vn -0.8831 0.4604 0.0906
vn -0.4996 0.8655 0.0371
vn -0.6900 0.7230 0.0342
vn -0.3907 0.9204 0.0182
vn -0.3549 0.9348 0.0153
vn -0.3548 0.9348 0.0153
vn -0.0000 1.0000 -0.0001
vn -0.6625 0.7485 0.0298
vn -0.6625 0.7485 0.0297
vn 0.3548 0.9348 0.0153
vn 0.3549 0.9348 0.0153
vn 0.6625 0.7485 0.0298
vn 0.6625 0.7485 0.0297
vn -0.9967 0.0783 0.0211
vn -0.9370 0.2858 -0.2010
vn -0.9499 0.1927 -0.2461
vn -0.9479 0.2474 -0.2006
vn -0.9528 0.2921 -0.0832
vn -0.8127 0.5603 -0.1596
vn -0.8113 0.5584 0.1734
vn -0.9524 0.2912 0.0904
vn -0.9468 0.2428 0.2112
vn -0.9485 0.1428 0.2826
vn -0.7971 0.2770 0.5365
vn -0.7911 0.1354 0.5965
vn -0.9458 0.0667 0.3177
vn -1.0000 -0.0000 0.0000
vn -0.9558 0.1024 0.2756
vn -0.8285 0.1457 0.5406
vn -0.9980 0.0012 0.0631
vn -0.9925 0.0851 0.0881
vn -0.9627 0.1278 0.2386
vn -0.9289 0.0851 0.3605
vn -0.0000 0.9952 -0.0974
vn -0.9444 0.1590 0.2878
vn -0.6587 0.1284 0.7414
vn -0.7912 0.2720 0.5477
vn -0.8213 0.0948 0.5625
vn -0.9680 0.0701 0.2409
vn -0.2942 0.2799 0.9139
vn -0.4460 0.2005 0.8723
vn 0.0208 0.3132 0.9495
vn -0.0069 0.4072 0.9133
vn -0.2720 0.2929 0.9166
vn -0.6525 0.6825 0.3294
vn -0.2502 0.5730 0.7804
vn -0.0843 0.1451 0.9858
vn -0.0887 0.4869 0.8689
vn -0.0421 0.4848 0.8736
vn -0.0363 0.1327 0.9905
vn -0.0358 0.9723 0.2308
vn -0.0722 0.9683 0.2392
vn -0.1834 0.9683 0.1694
vn -0.3156 0.9487 -0.0200
vn -0.0358 0.9723 0.2309
vn -0.0230 0.9852 -0.1699
vn -0.0798 0.9795 -0.1848
vn -0.0232 0.9953 -0.0943
vn -0.0840 0.9915 -0.0991
vn -0.0227 0.9972 -0.0717
vn -0.0902 0.9932 -0.0730
vn -0.1444 0.9841 -0.1036
vn -0.9674 -0.2304 -0.1055
vn -0.9879 -0.1135 -0.1057
vn -0.7262 0.5729 -0.3801
vn -0.8766 -0.0992 -0.4709
vn -0.8446 -0.2172 -0.4894
vn -0.9945 -0.0582 -0.0865
vn -0.9410 0.3349 -0.0482
vn -0.8327 0.4056 -0.3770
vn -0.8745 -0.0331 -0.4838
vn -0.9587 0.2828 -0.0311
vn -0.9803 0.1975 -0.0075
vn -0.9979 0.0631 -0.0136
vn -0.9987 0.0465 -0.0192
vn -0.6524 0.6825 0.3294
vn -0.8075 0.5859 -0.0675
vn -0.5932 0.8002 -0.0880
vn -0.5995 0.7980 -0.0614
vn -0.8049 0.5916 -0.0474
vn -0.8049 0.5915 -0.0474
vn -0.9437 0.3300 -0.0225
vn 0.0146 -0.8152 0.5790
vn 0.0003 -0.7391 0.6736
vn -0.0141 -0.6519 0.7582
vn -0.0142 -0.6519 0.7581
vn 0.8548 0.5188 -0.0113
vn -0.9965 0.0348 0.0765
vn -0.9765 0.1996 0.0810
vn 0.0000 -0.5085 0.8610
vn 0.0000 -0.6871 0.7265
vn 0.0000 -0.8439 -0.5365
vn -0.7966 0.4696 -0.3808
vn -0.7922 0.4604 0.4005
vn 0.0000 -0.8314 -0.5556
vn -0.9516 0.2844 -0.1164
vn -0.8351 0.4793 -0.2699
vn -0.6857 0.3035 -0.6616
vn -0.9198 0.0491 -0.3892
vn -0.3252 0.9289 -0.1769
vn -0.1911 0.9750 -0.1135
vn -0.1703 0.9689 -0.1797
vn -0.2853 0.9189 -0.2726
vn -0.6082 0.5542 -0.5683
vn -0.7150 -0.0896 -0.6933
vn -0.6646 -0.2006 -0.7198
vn -0.8745 -0.0331 -0.4839
vn -0.6731 -0.0066 -0.7395
vn -0.6970 0.0940 -0.7109
vn -0.6171 0.1193 -0.7778
vn -0.0514 0.1263 0.9907
vn -0.1573 0.9848 -0.0740
vn 0.0000 -0.6520 -0.7582
vn 0.0000 -0.8539 0.5205
vn -0.0016 0.9757 0.2192
vn -0.0017 0.9757 0.2192
vn 0.4945 0.7378 0.4596
vn -0.9146 0.1447 0.3776
vn 0.0000 -0.1952 -0.9808
vn 0.0000 -0.1953 -0.9808
vn -0.9987 0.0512 -0.0077
vn -0.9987 0.0512 -0.0078
vn 0.9991 -0.0414 0.0094
vn 0.9990 -0.0453 -0.0033
vn 0.9771 -0.2126 0.0060
vn 0.9968 -0.0626 0.0505
vn 0.9966 -0.0755 0.0319
vn 0.9796 -0.2008 0.0042
vn 0.9934 -0.1145 -0.0012
vn 0.9879 -0.1135 -0.1057
vn 0.8189 0.5674 -0.0865
vn 0.8233 0.5676 -0.0002
vn 0.9841 -0.0837 0.1568
vn 0.8079 0.5482 0.2163
vn 0.2893 0.9570 0.0228
vn 0.3633 0.9308 -0.0401
vn 0.2121 0.9770 -0.0241
vn 0.1864 0.9810 0.0536
vn -0.2287 0.9725 0.0439
vn 0.2611 0.9293 0.2613
vn -0.4020 0.8598 0.3148
vn 0.4085 -0.0429 0.9118
vn 0.9233 -0.0236 0.3833
vn -0.9112 0.1965 0.3621
vn -0.3142 -0.2148 0.9247
vn -0.5403 0.0521 0.8399
vn -0.8044 0.4664 0.3680
vn -0.5996 0.2057 0.7734
vn -0.3375 0.7415 0.5799
vn 0.2273 0.8348 0.5015
vn 0.7552 0.5036 0.4196
vn 0.9480 -0.0608 0.3124
vn 0.9841 -0.0837 0.1567
vn 0.6327 -0.4461 0.6330
vn 0.0296 -0.4268 0.9039
vn -0.3142 -0.2149 0.9247
vn -0.6226 0.5361 0.5701
vn -0.8723 0.4890 0.0031
vn -0.9687 0.2484 0.0039
vn -0.9112 0.1965 0.3620
vn -0.8136 0.5797 -0.0450
vn -0.6556 0.7550 -0.0100
vn 0.0130 0.9997 -0.0198
vn 0.9984 -0.0146 0.0553
vn 0.9900 0.0138 0.1402
vn 0.9247 -0.0048 0.3807
vn -0.6166 0.7751 -0.1379
vn -0.9623 0.2559 -0.0923
vn 0.4995 0.8655 0.0371
vn 0.0207 0.9998 0.0001
vn 0.3906 0.9204 0.0182
vn 0.0207 0.9998 -0.0000
vn 0.9739 0.2164 0.0690
vn 0.8403 0.5398 0.0500
vn 0.9761 0.1673 0.1389
vn 0.8674 0.4967 -0.0288
vn 0.6952 0.7188 -0.0054
vn 0.6900 0.7230 0.0342
vn 0.4996 0.8655 0.0371
vn 0.8831 0.4604 0.0906
vn 0.3907 0.9204 0.0182
vn 0.9967 0.0783 0.0211
vn 0.9967 0.0783 0.0212
vn 0.9370 0.2858 -0.2010
vn 0.9944 -0.0593 -0.0878
vn 0.9674 -0.2304 -0.1055
vn 0.8766 -0.0992 -0.4709
vn 0.7262 0.5729 -0.3801
vn 0.3252 0.9289 -0.1769
vn 0.1911 0.9750 -0.1135
vn 0.1703 0.9689 -0.1797
vn 0.2853 0.9189 -0.2726
vn 0.6082 0.5542 -0.5683
vn 0.7150 -0.0896 -0.6933
vn 0.8446 -0.2172 -0.4893
vn 0.8725 -0.0324 -0.4875
vn 0.8415 0.3786 -0.3854
vn 0.6689 -0.0031 -0.7434
vn 0.6646 -0.2006 -0.7198
vn 0.0000 0.9952 -0.0974
vn -0.0008 0.9952 -0.0974
vn 0.2250 -0.0109 0.9743
vn 0.1823 0.1396 0.9733
vn 0.1418 -0.1290 0.9815
vn -0.0127 -0.1852 0.9826
vn -0.1547 -0.1215 0.9805
vn -0.1547 -0.1214 0.9805
vn -0.2242 0.0061 0.9745
vn -0.2041 0.1086 0.9729
vn -0.1450 0.1550 0.9772
vn -0.1023 0.1988 0.9747
vn 0.0272 0.2246 0.9741
vn 0.0626 0.2247 0.9724
vn 0.1480 0.1611 0.9758
vn -0.7492 0.0326 0.6615
vn -0.5313 -0.4615 0.7104
vn -0.5254 0.5099 0.6811
vn 0.0000 0.7097 0.7046
vn -0.0000 0.7097 0.7045
vn 0.5485 0.4621 0.6968
vn 0.7445 -0.0083 0.6675
vn 0.4776 -0.4828 0.7341
vn -0.0494 -0.6792 0.7323
vn -0.0494 -0.6793 0.7322
vn -0.5313 -0.4616 0.7104
vn 0.9444 0.1590 0.2878
vn 0.7912 0.2720 0.5477
vn 0.6587 0.1284 0.7414
vn 0.8213 0.0948 0.5625
vn 0.9680 0.0701 0.2409
vn 0.4460 0.2005 0.8723
vn 0.2942 0.2837 0.9126
vn -0.0208 0.3132 0.9495
vn 0.0069 0.4072 0.9133
vn 0.2720 0.2929 0.9166
vn 0.6525 0.6825 0.3294
vn 0.2501 0.5730 0.7804
vn 0.1834 0.9683 0.1694
vn 0.0887 0.4869 0.8689
vn 0.0843 0.1451 0.9858
vn 0.0421 0.4848 0.8736
vn 0.0363 0.1327 0.9905
vn 0.0358 0.9723 0.2309
vn 0.0722 0.9683 0.2392
vn 0.0230 0.9852 -0.1699
vn 0.0798 0.9795 -0.1848
vn 0.3156 0.9487 -0.0200
vn 0.1444 0.9841 -0.1036
vn 0.0840 0.9915 -0.0991
vn 0.0902 0.9932 -0.0730
vn 0.0227 0.9972 -0.0717
vn 0.0232 0.9953 -0.0943
vn 0.9441 0.3264 -0.0463
vn 0.9516 0.2844 -0.1164
vn 0.9495 0.1994 -0.2424
vn 0.9494 0.1994 -0.2424
vn 0.9479 0.2474 -0.2006
vn 0.9528 0.2921 -0.0832
vn 0.9524 0.2912 0.0904
vn 0.9468 0.2428 0.2112
vn 0.9485 0.1451 0.2815
vn 0.9462 0.0708 0.3159
vn 0.9998 -0.0132 -0.0151
vn 0.7797 0.1417 0.6099
vn 0.7922 0.4604 0.4005
vn 0.8113 0.5584 0.1734
vn 0.8127 0.5603 -0.1596
vn 0.7965 0.4696 -0.3808
vn 0.9708 0.2348 -0.0500
vn 0.7805 0.4677 -0.4148
vn 0.6297 0.7085 -0.3186
vn 0.8623 0.1757 -0.4750
vn 0.5826 0.3869 -0.7147
vn 0.6171 0.1193 -0.7778
vn 0.9587 0.2828 -0.0311
vn 0.9812 0.1926 -0.0126
vn 0.9812 0.1927 -0.0126
vn 0.9979 0.0631 -0.0136
vn 0.9987 0.0465 -0.0192
vn 0.6524 0.6825 0.3294
vn 0.8075 0.5859 -0.0675
vn 0.5932 0.8002 -0.0881
vn 0.5995 0.7980 -0.0614
vn 0.8049 0.5916 -0.0474
vn 0.8049 0.5915 -0.0474
vn 0.9437 0.3300 -0.0225
vn 0.0358 0.9723 0.2308
vn -0.0146 -0.8152 0.5790
vn 0.0002 -0.7391 0.6736
vn 0.0141 -0.6519 0.7582
vn 0.0141 -0.6519 0.7581
vn -0.8548 0.5188 -0.0113
vn 0.9965 0.0348 0.0765
vn 0.9765 0.1996 0.0810
vn 0.9626 0.1277 0.2389
vn 0.9913 0.0911 0.0952
vn 0.9578 0.1051 0.2676
vn 0.9289 0.0851 0.3605
vn 0.9514 0.0818 0.2968
vn 0.8537 0.1459 0.5000
vn 0.8460 0.4569 -0.2748
vn 0.6889 0.2788 -0.6691
vn 0.9202 0.0474 -0.3887
vn 0.6981 0.0909 -0.7102
vn 0.9990 0.0452 0.0029
vn 0.9990 0.0452 0.0028
vn 0.0514 0.1263 0.9907
vn 0.1573 0.9848 -0.0740
vn 0.9406 -0.1662 0.2961
vn 0.8548 -0.1091 0.5073
vn 0.9699 -0.2322 0.0728
vn 0.9146 0.1447 0.3776
vn 0.9987 0.0512 -0.0078
vn 0.9987 0.0512 -0.0077
vn 0.0000 -0.9985 -0.0547
vn 0.0000 -0.9334 0.3589
vn 0.6549 0.0324 0.7550
vn 0.6550 0.0325 0.7550
vn 0.5300 -0.3981 0.7487
vn 0.4298 0.4043 0.8074
vn -0.0365 0.5773 0.8157
vn -0.4703 0.3751 0.7988
vn -0.6538 -0.0158 0.7565
vn -0.6538 -0.0159 0.7565
vn -0.5877 -0.3131 0.7461
vn -0.4339 -0.4601 0.7746
vn -0.3012 -0.5790 0.7577
vn 0.0830 -0.6515 0.7541
vn 0.1788 -0.6443 0.7436
vn 0.4347 -0.4738 0.7659
vn -0.4139 -0.0183 0.9101
vn -0.2814 0.2492 0.9267
vn -0.2881 -0.2758 0.9170
vn 0.2946 -0.2431 0.9242
vn 0.4163 0.0023 0.9092
vn 0.2560 0.2525 0.9331
vn -0.0256 0.3703 0.9286
vn -0.9980 -0.0625 -0.0029
vn -0.9980 -0.0624 -0.0029
vn -0.9856 0.1692 -0.0030
vn -0.9568 -0.2908 -0.0027
vn -0.2559 0.9667 -0.0008
vn 0.0207 0.9998 0.0002
vn -0.5100 0.8601 -0.0015
vn 0.7654 0.6436 0.0023
vn 0.9995 0.0305 0.0030
vn 0.9771 -0.2127 0.0060
vn 0.9608 0.2773 0.0029
vn 0.4361 -0.8999 0.0013
vn -0.2841 -0.9588 -0.0009
vn -0.2842 -0.9588 -0.0008
vn -0.9990 0.0452 0.0028
vn -0.9990 0.0452 0.0029
vn -0.8531 -0.0000 -0.5218
vn 0.8531 -0.0000 -0.5218
vn -0.0138 0.0043 -0.9999
vn -0.2209 -0.9753 0.0000
vn 0.1952 0.9808 -0.0000
vn 0.1760 0.9844 -0.0001
vn -0.0138 0.0043 0.9999
vn 0.6648 0.7470 -0.0000
vn 0.9760 0.2177 -0.0000
vn -0.9960 -0.0889 0.0000
vn -0.9629 -0.2697 0.0000
vn 0.0142 -0.0291 -0.9995
vn -0.0000 -0.0000 -1.0000
vn 0.9977 0.0679 0.0000
vn 0.0030 0.0240 0.9997
vn -0.9996 -0.0288 0.0000
vn 0.0000 0.0000 -1.0000
vn 0.0021 0.0155 -0.9999
vn 0.0217 0.0403 0.9990
vn 0.5395 -0.8420 0.0000
vn -0.0208 -0.9998 -0.0000
vn -0.1797 -0.9837 0.0000
vn -0.6492 -0.7606 -0.0000
vn -0.0007 -0.0175 -0.9998
vn -0.0137 0.0043 0.9999
vn -0.2210 -0.9753 0.0000
vn 0.0217 0.0403 -0.9990
vn -0.9634 0.2682 0.0000
vn -0.0208 -0.9998 0.0000
vn -0.9999 -0.0141 0.0000
vn 0.9999 0.0141 -0.0000
vn 0.0138 0.0043 -0.9999
vn 0.2209 -0.9753 0.0000
vn -0.1952 0.9808 -0.0000
vn 0.6492 -0.7606 -0.0000
vn 0.9629 -0.2697 0.0000
vn -0.0142 -0.0291 -0.9995
vn 0.9960 -0.0889 0.0000
vn -0.9977 0.0679 0.0000
vn -0.0000 0.0000 -1.0000
vn 0.9979 -0.0649 0.0000
vn 0.9996 -0.0288 0.0000
vn -0.0217 0.0403 -0.9990
vn 0.5147 0.8574 0.0000
vn 0.0208 -0.9998 -0.0000
vn 0.0208 -0.9998 0.0000
vn -0.0207 0.9998 0.0002
vn -0.0217 0.0403 0.9990
vn 0.0031 0.0240 0.9997
vn 0.6492 -0.7606 0.0000
vn 0.0137 0.0043 0.9999
vn 0.1797 -0.9837 0.0000
vn -0.1760 0.9844 -0.0000
vn 0.0138 0.0043 0.9999
vn -0.6648 0.7470 -0.0000
vn -0.9760 0.2177 -0.0000
vn -0.9977 0.0678 -0.0001
vn -0.9801 -0.1986 0.0000
vn -0.5395 -0.8420 0.0000
vn 0.0254 -0.0000 0.9997
vn -0.1338 0.9910 -0.0000
vn 0.1338 -0.9910 0.0000
vn 0.9926 0.1214 -0.0000
vn -0.9934 -0.1146 -0.0012
vn 0.8236 -0.0988 0.5584
vn 0.8236 -0.0988 0.5585
vn 0.7861 -0.2253 0.5755
vn 0.8465 0.0294 0.5315
vn 0.0339 -0.9254 0.3775
vn 0.0336 -0.9254 0.3774
vn 0.0338 -0.9254 0.3775
vn -0.8236 -0.0988 0.5584
vn -0.7861 -0.2253 0.5755
vn -0.8236 -0.0988 0.5585
vn -0.8465 0.0294 0.5315
vn -0.4945 0.7378 0.4596
vn -0.0339 -0.9254 0.3775
vn -0.0338 -0.9254 0.3775
vn -0.0332 -0.9255 0.3773
vn 0.0129 0.1484 0.9888
vn -0.0033 0.1484 0.9889
vn -0.0055 0.1164 0.9932
vn 0.0055 0.1164 0.9932
# 969 vertex normals

vt 0.2029 0.7829 0.0000
vt 0.3341 0.7509 0.0000
vt 0.2029 0.7540 0.0000
vt 0.3624 0.7738 0.0000
vt 0.2029 0.8127 0.0000
vt 0.4033 0.8112 0.0000
vt 0.4136 0.7683 0.0000
vt 0.4013 0.7502 0.0000
vt 0.4228 0.7469 0.0000
vt 0.4077 0.7432 0.0000
vt 0.4085 0.7352 0.0000
vt 0.4224 0.7340 0.0000
vt 0.4195 0.7196 0.0000
vt 0.4061 0.7255 0.0000
vt 0.4015 0.6930 0.0000
vt 0.3993 0.7359 0.0000
vt 0.3228 0.6746 0.0000
vt 0.3405 0.6560 0.0000
vt 0.2584 0.6249 0.0000
vt 0.2570 0.6458 0.0000
vt 0.2029 0.6229 0.0000
vt 0.2029 0.6438 0.0000
vt 0.2029 0.7423 0.0000
vt 0.3342 0.7509 0.0000
vt 0.3212 0.7436 0.0000
vt 0.3995 0.7359 0.0000
vt 0.3672 0.7326 0.0000
vt 0.3211 0.7436 0.0000
vt 0.3671 0.7326 0.0000
vt 0.2129 0.7096 0.0000
vt 0.2239 0.6782 0.0000
vt 0.2232 0.7220 0.0000
vt 0.2120 0.7082 0.0000
vt 0.2240 0.7065 0.0000
vt 0.2174 0.6782 0.0000
vt 0.2495 0.7249 0.0000
vt 0.2817 0.6782 0.0000
vt 0.2759 0.7220 0.0000
vt 0.2752 0.6782 0.0000
vt 0.2861 0.7096 0.0000
vt 0.2870 0.7082 0.0000
vt 0.2751 0.7065 0.0000
vt 0.4656 0.7898 0.0000
vt 0.4350 0.7512 0.0000
vt 0.5112 0.7714 0.0000
vt 0.4384 0.7334 0.0000
vt 0.5147 0.7169 0.0000
vt 0.5002 0.6860 0.0000
vt 0.5478 0.6989 0.0000
vt 0.5454 0.5235 0.0000
vt 0.5698 0.6437 0.0000
vt 0.5777 0.7863 0.0000
vt 0.5505 0.7840 0.0000
vt 0.5972 0.8264 0.0000
vt 0.5491 0.8016 0.0000
vt 0.4863 0.8095 0.0000
vt 0.5005 0.8249 0.0000
vt 0.4788 0.8407 0.0000
vt 0.4575 0.8270 0.0000
vt 0.2029 0.8287 0.0000
vt 0.4576 0.8270 0.0000
vt 0.4034 0.8112 0.0000
vt 0.3625 0.7738 0.0000
vt 0.4014 0.7502 0.0000
vt 0.4137 0.7683 0.0000
vt 0.4229 0.7469 0.0000
vt 0.4078 0.7432 0.0000
vt 0.4087 0.7352 0.0000
vt 0.4225 0.7340 0.0000
vt 0.4197 0.7196 0.0000
vt 0.4062 0.7255 0.0000
vt 0.4016 0.6930 0.0000
vt 0.3229 0.6746 0.0000
vt 0.3406 0.6560 0.0000
vt 0.3676 0.6021 0.0000
vt 0.2619 0.5756 0.0000
vt 0.2585 0.6249 0.0000
vt 0.2029 0.5731 0.0000
vt 0.2701 0.5236 0.0000
vt 0.3959 0.5236 0.0000
vt 0.4554 0.6516 0.0000
vt 0.4744 0.5235 0.0000
vt 0.5003 0.6860 0.0000
vt 0.4361 0.7137 0.0000
vt 0.4385 0.7334 0.0000
vt 0.5148 0.7169 0.0000
vt 0.5114 0.7714 0.0000
vt 0.5479 0.6989 0.0000
vt 0.5506 0.7840 0.0000
vt 0.5778 0.7863 0.0000
vt 0.5974 0.8264 0.0000
vt 0.5493 0.8016 0.0000
vt 0.4864 0.8095 0.0000
vt 0.5006 0.8249 0.0000
vt 0.4789 0.8407 0.0000
vt 0.4657 0.7898 0.0000
vt 0.4352 0.7512 0.0000
vt 0.4360 0.7137 0.0000
vt 0.4553 0.6516 0.0000
vt 0.3675 0.6021 0.0000
vt 0.2618 0.5756 0.0000
vt 0.2700 0.5236 0.0000
vt 0.3957 0.5236 0.0000
vt 0.4742 0.5235 0.0000
vt 0.5688 0.5112 0.0000
vt 0.3713 0.7283 0.0000
vt 0.2381 0.7067 0.0000
vt 0.2495 0.7065 0.0000
vt 0.2610 0.7067 0.0000
vt 0.2029 0.6493 0.0000
vt 0.2542 0.6528 0.0000
vt 0.3176 0.6795 0.0000
vt 0.2543 0.6528 0.0000
vt 0.2572 0.6458 0.0000
vt 0.3177 0.6795 0.0000
vt 0.3714 0.7283 0.0000
vt 0.6018 0.9798 0.0000
vt 0.6018 0.9737 0.0000
vt 0.5586 0.9797 0.0000
vt 0.5591 0.9736 0.0000
vt 0.5207 0.9770 0.0000
vt 0.5214 0.9709 0.0000
vt 0.4968 0.9731 0.0000
vt 0.4977 0.9671 0.0000
vt 0.4933 0.9648 0.0000
vt 0.4900 0.9701 0.0000
vt 0.5998 0.9897 0.0000
vt 0.5566 0.9895 0.0000
vt 0.5998 0.9836 0.0000
vt 0.5571 0.9835 0.0000
vt 0.5186 0.9867 0.0000
vt 0.5194 0.9807 0.0000
vt 0.4948 0.9828 0.0000
vt 0.4957 0.9768 0.0000
vt 0.4880 0.9798 0.0000
vt 0.4913 0.9744 0.0000
vt 0.6584 0.9007 0.0000
vt 0.7689 0.9007 0.0000
vt 0.6584 0.9557 0.0000
vt 0.7689 0.9557 0.0000
vt 0.8716 0.9007 0.0000
vt 0.8716 0.9557 0.0000
vt 0.9363 0.9007 0.0000
vt 0.9363 0.9557 0.0000
vt 0.9547 0.9007 0.0000
vt 0.9547 0.9557 0.0000
vt 0.1167 0.7601 0.0000
vt 0.1169 0.7550 0.0000
vt 0.1742 0.7588 0.0000
vt 0.1147 0.7699 0.0000
vt 0.1151 0.7738 0.0000
vt 0.1742 0.7550 0.0000
vt 0.1175 0.7726 0.0000
vt 0.1742 0.7714 0.0000
vt 0.1153 0.7812 0.0000
vt 0.1186 0.7905 0.0000
vt 0.1742 0.7889 0.0000
vt 0.1158 0.8008 0.0000
vt 0.1742 0.8057 0.0000
vt 0.1186 0.8269 0.0000
vt 0.1186 0.7977 0.0000
vt 0.1742 0.8262 0.0000
vt 0.1158 0.7962 0.0000
vt 0.1158 0.8331 0.0000
vt 0.1742 0.8344 0.0000
vt 0.1742 0.7969 0.0000
vt 0.1742 0.7975 0.0000
vt 0.1186 0.8624 0.0000
vt 0.1186 0.8358 0.0000
vt 0.1742 0.8624 0.0000
vt 0.1158 0.8320 0.0000
vt 0.1158 0.8656 0.0000
vt 0.1742 0.8656 0.0000
vt 0.1742 0.8358 0.0000
vt 0.1742 0.8320 0.0000
vt 0.1167 0.9728 0.0000
vt 0.1742 0.9742 0.0000
vt 0.1169 0.9759 0.0000
vt 0.1147 0.9593 0.0000
vt 0.1151 0.9592 0.0000
vt 0.1742 0.9759 0.0000
vt 0.1175 0.9603 0.0000
vt 0.1742 0.9616 0.0000
vt 0.1153 0.9517 0.0000
vt 0.1186 0.9424 0.0000
vt 0.1742 0.9441 0.0000
vt 0.1158 0.9321 0.0000
vt 0.1742 0.9273 0.0000
vt 0.1186 0.9060 0.0000
vt 0.1742 0.9068 0.0000
vt 0.1186 0.9353 0.0000
vt 0.1158 0.9368 0.0000
vt 0.1158 0.8999 0.0000
vt 0.1742 0.8985 0.0000
vt 0.1742 0.9360 0.0000
vt 0.1742 0.9354 0.0000
vt 0.1186 0.8705 0.0000
vt 0.1742 0.8705 0.0000
vt 0.1186 0.8972 0.0000
vt 0.1158 0.9010 0.0000
vt 0.1158 0.8673 0.0000
vt 0.1742 0.8673 0.0000
vt 0.1742 0.8972 0.0000
vt 0.1742 0.9010 0.0000
vt 0.0702 0.7855 0.0000
vt 0.0270 0.7843 0.0000
vt 0.0681 0.7698 0.0000
vt 0.0731 0.7739 0.0000
vt 0.0760 0.7938 0.0000
vt 0.0246 0.7875 0.0000
vt 0.0253 0.7718 0.0000
vt 0.0223 0.7717 0.0000
vt 0.0676 0.7693 0.0000
vt 0.0250 0.7693 0.0000
vt 0.0645 0.7607 0.0000
vt 0.0666 0.7702 0.0000
vt 0.0705 0.7818 0.0000
vt 0.0222 0.7818 0.0000
vt 0.0219 0.7607 0.0000
vt 0.0182 0.7702 0.0000
vt 0.0654 0.7573 0.0000
vt 0.0228 0.7573 0.0000
vt 0.0623 0.7513 0.0000
vt 0.0642 0.7612 0.0000
vt 0.0681 0.7725 0.0000
vt 0.0198 0.7725 0.0000
vt 0.0196 0.7513 0.0000
vt 0.0158 0.7612 0.0000
vt 0.1012 0.8470 0.0000
vt 0.0782 0.8537 0.0000
vt 0.1008 0.7989 0.0000
vt 0.1087 0.7946 0.0000
vt 0.1092 0.8544 0.0000
vt 0.0773 0.8627 0.0000
vt 0.0087 0.8570 0.0000
vt 0.0175 0.8491 0.0000
vt 0.0777 0.7922 0.0000
vt 0.0767 0.7863 0.0000
vt 0.0171 0.7969 0.0000
vt 0.0082 0.7921 0.0000
vt 0.0702 0.9381 0.0000
vt 0.0681 0.9538 0.0000
vt 0.0270 0.9393 0.0000
vt 0.0731 0.9497 0.0000
vt 0.0760 0.9299 0.0000
vt 0.0246 0.9361 0.0000
vt 0.0253 0.9518 0.0000
vt 0.0223 0.9519 0.0000
vt 0.0676 0.9543 0.0000
vt 0.0645 0.9629 0.0000
vt 0.0250 0.9543 0.0000
vt 0.0666 0.9534 0.0000
vt 0.0705 0.9418 0.0000
vt 0.0222 0.9418 0.0000
vt 0.0219 0.9629 0.0000
vt 0.0182 0.9534 0.0000
vt 0.0654 0.9663 0.0000
vt 0.0623 0.9723 0.0000
vt 0.0228 0.9663 0.0000
vt 0.0642 0.9624 0.0000
vt 0.0681 0.9511 0.0000
vt 0.0198 0.9511 0.0000
vt 0.0196 0.9723 0.0000
vt 0.0158 0.9624 0.0000
vt 0.1012 0.8766 0.0000
vt 0.1008 0.9247 0.0000
vt 0.0782 0.8699 0.0000
vt 0.1087 0.9290 0.0000
vt 0.1092 0.8692 0.0000
vt 0.0773 0.8609 0.0000
vt 0.0087 0.8667 0.0000
vt 0.0175 0.8745 0.0000
vt 0.0777 0.9314 0.0000
vt 0.0767 0.9373 0.0000
vt 0.0171 0.9268 0.0000
vt 0.0082 0.9315 0.0000
vt 0.2534 0.4254 0.0000
vt 0.2529 0.5052 0.0000
vt 0.2449 0.4218 0.0000
vt 0.2435 0.4209 0.0000
vt 0.1394 0.5004 0.0000
vt 0.1763 0.4246 0.0000
vt 0.1007 0.4145 0.0000
vt 0.0469 0.4988 0.0000
vt 0.0418 0.3805 0.0000
vt 0.1387 0.4992 0.0000
vt 0.0462 0.4966 0.0000
vt 0.1009 0.4198 0.0000
vt 0.1764 0.4307 0.0000
vt 0.0424 0.3816 0.0000
vt 0.0602 0.1054 0.0000
vt 0.0602 0.0780 0.0000
vt 0.0667 0.1001 0.0000
vt 0.0667 0.0833 0.0000
vt 0.0573 0.1932 0.0000
vt 0.0573 0.2267 0.0000
vt 0.1152 0.1932 0.0000
vt 0.1152 0.2267 0.0000
vt 0.0606 0.2251 0.0000
vt 0.1069 0.2251 0.0000
vt 0.0606 0.1918 0.0000
vt 0.1069 0.1918 0.0000
vt 0.1603 0.5710 0.0000
vt 0.1575 0.5726 0.0000
vt 0.1832 0.5886 0.0000
vt 0.1067 0.5648 0.0000
vt 0.1044 0.5625 0.0000
vt 0.0381 0.5651 0.0000
vt 0.0314 0.5628 0.0000
vt 0.0320 0.5860 0.0000
vt 0.0215 0.5858 0.0000
vt 0.1067 0.5873 0.0000
vt 0.1540 0.5881 0.0000
vt 0.1783 0.5885 0.0000
vt 0.1604 0.5712 0.0000
vt 0.1832 0.5899 0.0000
vt 0.1576 0.5717 0.0000
vt 0.1068 0.5633 0.0000
vt 0.1045 0.5625 0.0000
vt 0.0383 0.5630 0.0000
vt 0.0315 0.5624 0.0000
vt 0.0321 0.5847 0.0000
vt 0.0216 0.5863 0.0000
vt 0.0375 0.6069 0.0000
vt 0.0307 0.6105 0.0000
vt 0.1060 0.6100 0.0000
vt 0.1036 0.6137 0.0000
vt 0.1570 0.6048 0.0000
vt 0.1597 0.6075 0.0000
vt 0.1784 0.5888 0.0000
vt 0.1541 0.5878 0.0000
vt 0.1068 0.5863 0.0000
vt 0.7182 0.0289 0.0000
vt 0.7182 0.0567 0.0000
vt 0.6558 0.0289 0.0000
vt 0.7795 0.0567 0.0000
vt 0.7795 0.0289 0.0000
vt 0.8408 0.0567 0.0000
vt 0.8408 0.0289 0.0000
vt 0.9033 0.0567 0.0000
vt 0.9033 0.0289 0.0000
vt 0.9662 0.0567 0.0000
vt 0.9662 0.0289 0.0000
vt 0.6558 0.0567 0.0000
vt 0.5929 0.0289 0.0000
vt 0.5929 0.0567 0.0000
vt 0.4385 0.0217 0.0000
vt 0.4798 0.0869 0.0000
vt 0.4083 0.0495 0.0000
vt 0.4798 0.0115 0.0000
vt 0.5211 0.0217 0.0000
vt 0.5514 0.0495 0.0000
vt 0.5625 0.0869 0.0000
vt 0.5592 0.0453 0.0000
vt 0.5715 0.0869 0.0000
vt 0.5592 0.1285 0.0000
vt 0.5514 0.1243 0.0000
vt 0.5257 0.1593 0.0000
vt 0.5211 0.1521 0.0000
vt 0.4798 0.1706 0.0000
vt 0.4798 0.1623 0.0000
vt 0.4340 0.1593 0.0000
vt 0.4385 0.1521 0.0000
vt 0.4004 0.1285 0.0000
vt 0.4083 0.1243 0.0000
vt 0.3882 0.0869 0.0000
vt 0.3972 0.0869 0.0000
vt 0.4004 0.0453 0.0000
vt 0.4340 0.0145 0.0000
vt 0.4798 0.0032 0.0000
vt 0.5257 0.0145 0.0000
vt 0.0438 0.1336 0.0000
vt 0.0635 0.1336 0.0000
vt 0.0438 0.1490 0.0000
vt 0.0635 0.1490 0.0000
vt 0.0438 0.1333 0.0000
vt 0.0438 0.1151 0.0000
vt 0.0635 0.1333 0.0000
vt 0.0635 0.1151 0.0000
vt 0.0436 0.1492 0.0000
vt 0.0436 0.1338 0.0000
vt 0.0634 0.1492 0.0000
vt 0.0634 0.1338 0.0000
vt 0.1155 0.1001 0.0000
vt 0.1155 0.0833 0.0000
vt 0.1105 0.1235 0.0000
vt 0.1098 0.1044 0.0000
vt 0.0720 0.1235 0.0000
vt 0.0727 0.1044 0.0000
vt 0.1184 0.2977 0.0000
vt 0.1557 0.3004 0.0000
vt 0.1769 0.2770 0.0000
vt 0.1785 0.2849 0.0000
vt 0.1220 0.0780 0.0000
vt 0.1220 0.1054 0.0000
vt 0.1199 0.2770 0.0000
vt 0.1372 0.2519 0.0000
vt 0.1217 0.2519 0.0000
vt 0.1275 0.6246 0.0000
vt 0.1624 0.6246 0.0000
vt 0.1275 0.6150 0.0000
vt 0.1624 0.6150 0.0000
vt 0.0144 0.0206 0.0000
vt 0.0169 0.0429 0.0000
vt 0.0397 0.0206 0.0000
vt 0.0372 0.0429 0.0000
vt 0.0372 0.1463 0.0000
vt 0.0169 0.1463 0.0000
vt 0.0144 0.1463 0.0000
vt 0.0397 0.1463 0.0000
vt 0.1257 0.6274 0.0000
vt 0.1622 0.6274 0.0000
vt 0.1257 0.6773 0.0000
vt 0.1622 0.6773 0.0000
vt 0.0323 0.1680 0.0000
vt 0.0390 0.1680 0.0000
vt 0.0323 0.1572 0.0000
vt 0.0390 0.1572 0.0000
vt 0.0323 0.1999 0.0000
vt 0.0390 0.1999 0.0000
vt 0.0323 0.1894 0.0000
vt 0.0390 0.1894 0.0000
vt 0.0309 0.1891 0.0000
vt 0.0126 0.1786 0.0000
vt 0.0126 0.1999 0.0000
vt 0.0307 0.1677 0.0000
vt 0.0126 0.1572 0.0000
vt 0.2446 0.2461 0.0000
vt 0.2327 0.2458 0.0000
vt 0.2422 0.2757 0.0000
vt 0.2595 0.2757 0.0000
vt 0.2606 0.2464 0.0000
vt 0.2327 0.2757 0.0000
vt 0.2781 0.6794 0.0000
vt 0.2136 0.6794 0.0000
vt 0.3012 0.7022 0.0000
vt 0.1904 0.7022 0.0000
vt 0.5957 0.1509 0.0000
vt 0.6204 0.2866 0.0000
vt 0.6214 0.1490 0.0000
vt 0.5628 0.1843 0.0000
vt 0.5217 0.2104 0.0000
vt 0.3630 0.2578 0.0000
vt 0.2951 0.2873 0.0000
vt 0.6200 0.3244 0.0000
vt 0.2951 0.3244 0.0000
vt 0.6049 0.3607 0.0000
vt 0.2951 0.3607 0.0000
vt 0.5990 0.3891 0.0000
vt 0.9084 0.3605 0.0000
vt 0.9076 0.3890 0.0000
vt 0.9069 0.4225 0.0000
vt 0.6178 0.4231 0.0000
vt 0.5768 0.4234 0.0000
vt 0.2951 0.3891 0.0000
vt 0.2951 0.4221 0.0000
vt 0.4881 0.8827 0.0000
vt 0.4956 0.8823 0.0000
vt 0.5069 0.9316 0.0000
vt 0.5092 0.9293 0.0000
vt 0.5063 0.8345 0.0000
vt 0.5493 0.8137 0.0000
vt 0.5963 0.8276 0.0000
vt 0.6126 0.8770 0.0000
vt 0.6113 0.8770 0.0000
vt 0.6043 0.9264 0.0000
vt 0.6031 0.9245 0.0000
vt 0.5739 0.9443 0.0000
vt 0.5737 0.9419 0.0000
vt 0.5177 0.9438 0.0000
vt 0.5190 0.9410 0.0000
vt 0.5766 0.4276 0.0000
vt 0.2963 0.4276 0.0000
vt 0.5764 0.4435 0.0000
vt 0.2962 0.4390 0.0000
vt 0.5711 0.4771 0.0000
vt 0.2956 0.4741 0.0000
vt 0.3105 0.4905 0.0000
vt 0.5754 0.4978 0.0000
vt 0.3264 0.4944 0.0000
vt 0.3155 0.2578 0.0000
vt 0.3191 0.1532 0.0000
vt 0.3628 0.1481 0.0000
vt 0.4332 0.2093 0.0000
vt 0.3945 0.1836 0.0000
vt 0.3518 0.0942 0.0000
vt 0.3220 0.0559 0.0000
vt 0.0600 0.3581 0.0000
vt 0.2156 0.3583 0.0000
vt 0.0600 0.3424 0.0000
vt 0.2120 0.3488 0.0000
vt 0.2047 0.3420 0.0000
vt 0.4245 0.8677 0.0000
vt 0.4213 0.8437 0.0000
vt 0.2230 0.8656 0.0000
vt 0.2230 0.9093 0.0000
vt 0.4214 0.9078 0.0000
vt 0.4188 0.9394 0.0000
vt 0.3864 0.9679 0.0000
vt 0.2230 0.9681 0.0000
vt 0.2230 0.8437 0.0000
vt 0.2292 0.8309 0.0000
vt 0.2292 0.8393 0.0000
vt 0.4212 0.8303 0.0000
vt 0.4224 0.8415 0.0000
vt 0.4372 0.8422 0.0000
vt 0.4321 0.8528 0.0000
vt 0.4459 0.8679 0.0000
vt 0.4370 0.8653 0.0000
vt 0.6405 0.7241 0.0000
vt 0.5906 0.7270 0.0000
vt 0.6294 0.5056 0.0000
vt 0.5795 0.5081 0.0000
vt 0.6143 0.4552 0.0000
vt 0.9041 0.4552 0.0000
vt 0.9021 0.5008 0.0000
vt 0.9271 0.5010 0.0000
vt 0.9321 0.4552 0.0000
vt 0.9466 0.4552 0.0000
vt 0.9347 0.4225 0.0000
vt 0.5765 0.4552 0.0000
vt 0.6301 0.5011 0.0000
vt 0.6326 0.4997 0.0000
vt 0.5765 0.5011 0.0000
vt 0.4468 0.9141 0.0000
vt 0.4216 0.9078 0.0000
vt 0.4439 0.9499 0.0000
vt 0.4378 0.9007 0.0000
vt 0.4191 0.9394 0.0000
vt 0.4192 0.9759 0.0000
vt 0.3871 0.9679 0.0000
vt 0.2230 0.9800 0.0000
vt 0.3857 0.9794 0.0000
vt 0.3852 0.9871 0.0000
vt 0.2227 0.9807 0.0000
vt 0.4228 0.9846 0.0000
vt 0.4200 0.9774 0.0000
vt 0.2228 0.9884 0.0000
vt 0.4451 0.9511 0.0000
vt 0.4499 0.9555 0.0000
vt 0.4492 0.9140 0.0000
vt 0.6271 0.1009 0.0000
vt 0.6157 0.0992 0.0000
vt 0.5885 0.1448 0.0000
vt 0.6033 0.0945 0.0000
vt 0.5786 0.1364 0.0000
vt 0.5578 0.1765 0.0000
vt 0.5508 0.1657 0.0000
vt 0.5191 0.2008 0.0000
vt 0.4359 0.1998 0.0000
vt 0.5154 0.1873 0.0000
vt 0.4397 0.1864 0.0000
vt 0.3995 0.1759 0.0000
vt 0.4064 0.1653 0.0000
vt 0.3698 0.1422 0.0000
vt 0.3597 0.0957 0.0000
vt 0.3795 0.1340 0.0000
vt 0.3712 0.0921 0.0000
vt 0.3497 0.0662 0.0000
vt 0.3662 0.0669 0.0000
vt 0.3522 0.0576 0.0000
vt 0.0600 0.3708 0.0000
vt 0.2110 0.3703 0.0000
vt 0.0775 0.0279 0.0000
vt 0.0510 0.0448 0.0000
vt 0.0775 0.0717 0.0000
vt 0.0510 0.0717 0.0000
vt 0.0277 0.4920 0.0000
vt 0.0365 0.5105 0.0000
vt 0.0321 0.5184 0.0000
vt 0.0333 0.4923 0.0000
vt 0.0153 0.3151 0.0000
vt 0.0184 0.3165 0.0000
vt 0.0259 0.3362 0.0000
vt 0.0340 0.3302 0.0000
vt 0.2161 0.3308 0.0000
vt 0.2161 0.3205 0.0000
vt 0.0609 0.5200 0.0000
vt 0.0355 0.5290 0.0000
vt 0.0693 0.5340 0.0000
vt 0.1217 0.5233 0.0000
vt 0.1216 0.5356 0.0000
vt 0.2161 0.5386 0.0000
vt 0.2161 0.5263 0.0000
vt 0.2161 0.5491 0.0000
vt 0.1163 0.5462 0.0000
vt 0.0732 0.5421 0.0000
vt 0.0453 0.5350 0.0000
vt 0.6478 0.8859 0.0000
vt 0.6820 0.8860 0.0000
vt 0.6510 0.7951 0.0000
vt 0.6846 0.7784 0.0000
vt 0.7284 0.8861 0.0000
vt 0.7243 0.7752 0.0000
vt 0.9200 0.8865 0.0000
vt 0.9155 0.7748 0.0000
vt 0.7207 0.7290 0.0000
vt 0.6676 0.7306 0.0000
vt 0.6555 0.7560 0.0000
vt 0.9522 0.3002 0.0000
vt 0.6382 0.3002 0.0000
vt 0.9490 0.1523 0.0000
vt 0.6408 0.3407 0.0000
vt 0.9526 0.3407 0.0000
vt 0.6428 0.3796 0.0000
vt 0.9543 0.3797 0.0000
vt 0.5986 0.3790 0.0000
vt 0.5943 0.3407 0.0000
vt 0.5982 0.3002 0.0000
vt 0.6336 0.1493 0.0000
vt 0.9450 0.1007 0.0000
vt 0.6366 0.1004 0.0000
vt 0.6036 0.0999 0.0000
vt 0.5972 0.1493 0.0000
vt 0.6640 0.6886 0.0000
vt 0.6579 0.7158 0.0000
vt 0.6990 0.7094 0.0000
vt 0.9163 0.6813 0.0000
vt 0.8781 0.6772 0.0000
vt 0.8914 0.6686 0.0000
vt 0.9220 0.5194 0.0000
vt 0.9002 0.5253 0.0000
vt 0.6606 0.7216 0.0000
vt 0.7194 0.7223 0.0000
vt 0.9142 0.7283 0.0000
vt 0.9137 0.7223 0.0000
vt 0.6623 0.7267 0.0000
vt 0.7201 0.7190 0.0000
vt 0.9130 0.7044 0.0000
vt 0.9138 0.6913 0.0000
vt 0.2161 0.5183 0.0000
vt 0.1172 0.5144 0.0000
vt 0.1337 0.0546 0.0000
vt 0.1300 0.0255 0.0000
vt 0.0825 0.0546 0.0000
vt 0.0826 0.0246 0.0000
vt 0.8928 0.5171 0.0000
vt 0.6607 0.5119 0.0000
vt 0.6774 0.6807 0.0000
vt 0.0710 0.1641 0.0000
vt 0.0671 0.1641 0.0000
vt 0.0710 0.2529 0.0000
vt 0.0671 0.2529 0.0000
vt 0.0754 0.1641 0.0000
vt 0.0754 0.2529 0.0000
vt 0.0930 0.1641 0.0000
vt 0.0811 0.1641 0.0000
vt 0.0930 0.2529 0.0000
vt 0.0811 0.2529 0.0000
vt 0.0983 0.1641 0.0000
vt 0.0983 0.2529 0.0000
vt 0.1069 0.2529 0.0000
vt 0.1069 0.1641 0.0000
vt 0.1047 0.2529 0.0000
vt 0.1047 0.1641 0.0000
vt 0.6242 0.0913 0.0000
vt 0.9169 0.1007 0.0000
vt 0.9485 0.0913 0.0000
vt 0.9461 0.0983 0.0000
vt 0.9692 0.0964 0.0000
vt 0.9460 0.0806 0.0000
vt 0.6163 0.0806 0.0000
vt 0.6879 0.5283 0.0000
vt 0.7017 0.6618 0.0000
vt 0.8791 0.5326 0.0000
vt 0.8671 0.6590 0.0000
vt 0.9401 0.3884 0.0000
vt 0.9494 0.4225 0.0000
vt 0.9650 0.3884 0.0000
vt 0.9495 0.3600 0.0000
vt 0.9803 0.3600 0.0000
vt 0.9535 0.3244 0.0000
vt 0.9854 0.3244 0.0000
vt 0.9499 0.2866 0.0000
vt 0.9771 0.2883 0.0000
vt 0.9508 0.1462 0.0000
vt 0.9713 0.1462 0.0000
vt 0.9668 0.0806 0.0000
vt 0.1026 0.1641 0.0000
vt 0.1026 0.2529 0.0000
vt 0.2403 0.3416 0.0000
vt 0.2776 0.3416 0.0000
vt 0.2401 0.3538 0.0000
vt 0.2401 0.3295 0.0000
vt 0.2402 0.3544 0.0000
vt 0.1039 0.2528 0.0000
vt 0.1039 0.1642 0.0000
vt 0.5961 0.1550 0.0000
vt 0.6219 0.1532 0.0000
vt 0.6208 0.2908 0.0000
vt 0.5633 0.1884 0.0000
vt 0.5222 0.2146 0.0000
vt 0.3635 0.2619 0.0000
vt 0.2956 0.2914 0.0000
vt 0.6205 0.3285 0.0000
vt 0.9107 0.3285 0.0000
vt 0.9089 0.3647 0.0000
vt 0.6189 0.3648 0.0000
vt 0.2956 0.3285 0.0000
vt 0.2956 0.3648 0.0000
vt 0.6131 0.3905 0.0000
vt 0.9081 0.3904 0.0000
vt 0.6313 0.4231 0.0000
vt 0.2956 0.3905 0.0000
vt 0.2956 0.4205 0.0000
vt 0.5455 0.5235 0.0000
vt 0.5699 0.6437 0.0000
vt 0.5689 0.5112 0.0000
vt 0.4882 0.8827 0.0000
vt 0.5410 0.8984 0.0000
vt 0.5344 0.8810 0.0000
vt 0.5558 0.9031 0.0000
vt 0.5698 0.8962 0.0000
vt 0.5746 0.8810 0.0000
vt 0.5680 0.8654 0.0000
vt 0.5532 0.8589 0.0000
vt 0.5392 0.8654 0.0000
vt 0.4957 0.8823 0.0000
vt 0.5071 0.9316 0.0000
vt 0.5179 0.9438 0.0000
vt 0.5191 0.9410 0.0000
vt 0.5738 0.9419 0.0000
vt 0.5740 0.9443 0.0000
vt 0.6032 0.9245 0.0000
vt 0.6044 0.9264 0.0000
vt 0.6114 0.8770 0.0000
vt 0.6127 0.8770 0.0000
vt 0.3160 0.2620 0.0000
vt 0.0598 0.3579 0.0000
vt 0.0598 0.3422 0.0000
vt 0.2154 0.3581 0.0000
vt 0.2045 0.3418 0.0000
vt 0.2117 0.3486 0.0000
vt 0.6404 0.7234 0.0000
vt 0.5905 0.7268 0.0000
vt 0.6284 0.4556 0.0000
vt 0.9046 0.4556 0.0000
vt 0.9026 0.5012 0.0000
vt 0.6467 0.5000 0.0000
vt 0.6306 0.5015 0.0000
vt 0.5770 0.4556 0.0000
vt 0.5770 0.5015 0.0000
vt 0.6275 0.1051 0.0000
vt 0.9175 0.1503 0.0000
vt 0.9132 0.2908 0.0000
vt 0.9540 0.3285 0.0000
vt 0.9500 0.3641 0.0000
vt 0.9655 0.3899 0.0000
vt 0.9807 0.3641 0.0000
vt 0.9859 0.3285 0.0000
vt 0.9504 0.2908 0.0000
vt 0.9513 0.1503 0.0000
vt 0.9480 0.1023 0.0000
vt 0.9718 0.1503 0.0000
vt 0.9776 0.2925 0.0000
vt 0.0598 0.3706 0.0000
vt 0.2107 0.3701 0.0000
vt 0.5957 0.8802 0.0000
vt 0.5826 0.8482 0.0000
vt 0.5519 0.8350 0.0000
vt 0.5228 0.8482 0.0000
vt 0.5135 0.8818 0.0000
vt 0.5246 0.9203 0.0000
vt 0.5572 0.9281 0.0000
vt 0.5840 0.9177 0.0000
vt 0.0279 0.4920 0.0000
vt 0.0323 0.5184 0.0000
vt 0.0367 0.5105 0.0000
vt 0.0335 0.4923 0.0000
vt 0.0155 0.3151 0.0000
vt 0.0261 0.3362 0.0000
vt 0.0186 0.3165 0.0000
vt 0.0341 0.3302 0.0000
vt 0.0610 0.5200 0.0000
vt 0.0357 0.5290 0.0000
vt 0.0695 0.5340 0.0000
vt 0.0734 0.5421 0.0000
vt 0.1218 0.5356 0.0000
vt 0.1219 0.5233 0.0000
vt 0.6515 0.7952 0.0000
vt 0.6852 0.7787 0.0000
vt 0.6563 0.7561 0.0000
vt 0.6685 0.7308 0.0000
vt 0.7216 0.7294 0.0000
vt 0.7250 0.7757 0.0000
vt 0.9161 0.7761 0.0000
vt 0.9174 0.1048 0.0000
vt 0.6247 0.0955 0.0000
vt 0.6162 0.1034 0.0000
vt 0.5890 0.1489 0.0000
vt 0.6038 0.0987 0.0000
vt 0.5791 0.1405 0.0000
vt 0.5583 0.1807 0.0000
vt 0.5513 0.1699 0.0000
vt 0.5196 0.2049 0.0000
vt 0.5159 0.1915 0.0000
vt 0.4364 0.2040 0.0000
vt 0.4402 0.1906 0.0000
vt 0.4000 0.1801 0.0000
vt 0.4069 0.1694 0.0000
vt 0.3950 0.1877 0.0000
vt 0.4337 0.2135 0.0000
vt 0.9326 0.4556 0.0000
vt 0.9276 0.5014 0.0000
vt 0.9471 0.4556 0.0000
vt 0.6645 0.6822 0.0000
vt 0.6995 0.7030 0.0000
vt 0.6584 0.7095 0.0000
vt 0.9168 0.6749 0.0000
vt 0.8786 0.6709 0.0000
vt 0.8919 0.6623 0.0000
vt 0.9225 0.5198 0.0000
vt 0.9007 0.5257 0.0000
vt 0.6615 0.7218 0.0000
vt 0.7203 0.7227 0.0000
vt 0.9151 0.7295 0.0000
vt 0.9147 0.7236 0.0000
vt 0.6628 0.7203 0.0000
vt 0.7206 0.7126 0.0000
vt 0.9135 0.6980 0.0000
vt 0.9143 0.6849 0.0000
vt 0.0455 0.5350 0.0000
vt 0.1165 0.5462 0.0000
vt 0.1174 0.5144 0.0000
vt 0.8933 0.5175 0.0000
vt 0.6611 0.5122 0.0000
vt 0.6779 0.6743 0.0000
vt 0.6168 0.0848 0.0000
vt 0.9490 0.0955 0.0000
vt 0.9697 0.1006 0.0000
vt 0.9465 0.0848 0.0000
vt 0.9673 0.0848 0.0000
vt 0.8780 0.6519 0.0000
vt 0.8852 0.5394 0.0000
vt 0.1117 0.2510 0.0000
vt 0.1117 0.1659 0.0000
vt 0.1154 0.2483 0.0000
vt 0.1154 0.1687 0.0000
vt 0.6085 0.8788 0.0000
vt 0.5931 0.8820 0.0000
vt 0.6005 0.9258 0.0000
vt 0.5801 0.8503 0.0000
vt 0.5937 0.8300 0.0000
vt 0.5498 0.8372 0.0000
vt 0.5472 0.8162 0.0000
vt 0.5209 0.8503 0.0000
vt 0.5046 0.8368 0.0000
vt 0.5117 0.8836 0.0000
vt 0.4941 0.8840 0.0000
vt 0.5075 0.9305 0.0000
vt 0.5227 0.9217 0.0000
vt 0.5172 0.9421 0.0000
vt 0.5550 0.9294 0.0000
vt 0.5714 0.9431 0.0000
vt 0.5815 0.9191 0.0000
vt 0.2997 0.1166 0.0000
vt 0.2145 0.1171 0.0000
vt 0.2732 0.0400 0.0000
vt 0.2748 0.1835 0.0000
vt 0.2122 0.2127 0.0000
vt 0.1513 0.1872 0.0000
vt 0.1299 0.1184 0.0000
vt 0.1506 0.0382 0.0000
vt 0.2173 0.0202 0.0000
vt 0.6080 0.8850 0.0000
vt 0.5949 0.8842 0.0000
vt 0.5999 0.8378 0.0000
vt 0.5834 0.9221 0.0000
vt 0.5931 0.9340 0.0000
vt 0.5886 0.8478 0.0000
vt 0.5707 0.8205 0.0000
vt 0.5661 0.8345 0.0000
vt 0.5163 0.8215 0.0000
vt 0.5242 0.8352 0.0000
vt 0.5066 0.8331 0.0000
vt 0.5166 0.8442 0.0000
vt 0.4931 0.8798 0.0000
vt 0.5062 0.8802 0.0000
vt 0.5037 0.9272 0.0000
vt 0.5144 0.9168 0.0000
vt 0.5464 0.9479 0.0000
vt 0.5473 0.9328 0.0000
vt 0.9601 0.9564 0.0000
vt 0.9743 0.9564 0.0000
vt 0.9601 0.9000 0.0000
vt 0.9743 0.9000 0.0000
vt 0.0970 0.6395 0.0000
vt 0.1038 0.6771 0.0000
vt 0.0996 0.6390 0.0000
vt 0.0945 0.6400 0.0000
vt 0.1010 0.6772 0.0000
vt 0.0952 0.6322 0.0000
vt 0.0933 0.6337 0.0000
vt 0.0915 0.6307 0.0000
vt 0.0904 0.6329 0.0000
vt 0.0805 0.6296 0.0000
vt 0.0809 0.6271 0.0000
vt 0.0927 0.6285 0.0000
vt 0.0800 0.6321 0.0000
vt 0.0561 0.6280 0.0000
vt 0.0561 0.6306 0.0000
vt 0.0317 0.6263 0.0000
vt 0.0311 0.6239 0.0000
vt 0.0560 0.6254 0.0000
vt 0.0323 0.6288 0.0000
vt 0.0199 0.6262 0.0000
vt 0.0213 0.6281 0.0000
vt 0.0172 0.6277 0.0000
vt 0.0193 0.6288 0.0000
vt 0.0197 0.6368 0.0000
vt 0.0171 0.6365 0.0000
vt 0.0180 0.6817 0.0000
vt 0.0208 0.6817 0.0000
vt 0.1066 0.6771 0.0000
vt 0.0972 0.6307 0.0000
vt 0.0144 0.6363 0.0000
vt 0.0186 0.6242 0.0000
vt 0.0150 0.6265 0.0000
vt 0.0152 0.6818 0.0000
vt 0.0971 0.6948 0.0000
vt 0.0104 0.6950 0.0000
vt 0.0966 0.7408 0.0000
vt 0.0099 0.7410 0.0000
vt 0.0023 0.6906 0.0000
vt 0.0017 0.7454 0.0000
vt 0.0878 0.6437 0.0000
vt 0.0288 0.6437 0.0000
vt 0.0878 0.6813 0.0000
vt 0.0288 0.6813 0.0000
vt 0.1053 0.6904 0.0000
vt 0.1047 0.7452 0.0000
vt 0.2427 0.3539 0.0000
vt 0.2424 0.3537 0.0000
vt 0.2422 0.3483 0.0000
vt 0.2420 0.3416 0.0000
vt 0.2427 0.3294 0.0000
vt 0.2424 0.3296 0.0000
vt 0.2402 0.3289 0.0000
vt 0.2422 0.3350 0.0000
vt 0.0787 0.3798 0.0000
vt 0.0798 0.3997 0.0000
vt 0.1476 0.4146 0.0000
vt 0.1457 0.3798 0.0000
vt 0.2671 0.3797 0.0000
vt 0.2682 0.3997 0.0000
vt 0.2109 0.3797 0.0000
vt 0.2129 0.4146 0.0000
# 947 texture coords

o mesh_2_
g mesh_2_
usemtl 01___Default
s off
f 1/1/1 2/2/2 3/3/3 
f 4/4/4 2/2/2 1/1/1 
f 5/5/1 4/4/4 1/1/1 
f 6/6/5 4/4/4 5/5/1 
f 4/4/4 6/6/5 7/7/6 
f 8/8/7 4/4/4 7/7/6 
f 8/8/7 7/7/6 9/9/8 
f 10/10/9 8/8/7 9/9/8 
f 11/11/10 10/10/9 9/9/8 
f 12/12/11 11/11/10 9/9/8 
f 11/11/10 12/12/11 13/13/12 
f 14/14/13 11/11/10 13/13/12 
f 14/14/13 13/13/12 15/15/14 
f 16/16/15 14/14/13 15/15/14 
f 16/16/15 11/11/10 14/14/13 
f 11/11/10 16/16/15 10/10/9 
f 16/16/15 8/8/7 10/10/9 
f 8/8/7 16/16/15 4/4/4 
f 4/4/4 16/16/15 2/2/2 
f 16/16/15 15/15/14 17/17/16 
f 17/17/16 15/15/14 18/18/17 
f 19/19/18 17/17/16 18/18/17 
f 20/20/19 17/17/16 19/19/18 
f 21/21/20 20/20/19 19/19/18 
f 22/22/21 20/20/19 21/21/20 
f 3/3/22 2/2/23 23/23/22 
f 3/3/22 23/23/22 24/24/24 
f 23/23/22 25/25/24 24/24/24 
f 24/24/24 25/25/24 26/26/25 
f 25/25/24 27/27/25 26/26/25 
f 2/2/23 28/28/23 23/23/22 
f 2/2/23 16/16/26 28/28/23 
f 16/16/26 29/29/26 28/28/23 
f 29/30/27 30/31/28 28/32/29 
f 31/33/30 30/31/28 29/30/27 
f 32/34/31 30/31/28 31/33/30 
f 30/31/28 33/35/32 28/32/29 
f 33/35/32 23/36/33 28/32/29 
f 33/35/32 34/37/34 23/36/33 
f 23/36/33 34/37/34 25/38/35 
f 25/38/35 34/37/34 35/39/36 
f 27/40/37 25/38/35 35/39/36 
f 36/41/38 27/40/37 35/39/36 
f 37/42/39 36/41/38 35/39/36 
f 7/7/6 6/6/5 38/43/40 
f 38/43/40 39/44/41 7/7/6 
f 12/12/11 9/9/8 39/44/41 
f 39/44/41 9/9/8 7/7/6 
f 40/45/42 39/44/41 38/43/40 
f 41/46/43 12/12/11 39/44/41 
f 13/13/12 12/12/11 41/46/43 
f 40/45/42 41/46/43 39/44/41 
f 42/47/44 41/46/43 40/45/42 
f 42/47/44 43/48/45 41/46/43 
f 43/48/45 42/47/44 44/49/46 
f 44/49/46 42/47/44 40/45/42 
f 45/50/47 43/48/45 44/49/46 
f 44/49/46 46/51/48 45/50/47 
f 47/52/49 46/51/48 44/49/46 
f 48/53/50 47/52/49 44/49/46 
f 48/53/50 44/49/46 40/45/42 
f 38/43/40 48/53/50 40/45/42 
f 49/54/51 47/52/49 48/53/50 
f 50/55/52 49/54/51 48/53/50 
f 50/55/52 48/53/50 51/56/53 
f 38/43/40 6/6/5 51/56/53 
f 48/53/50 38/43/40 51/56/53 
f 52/57/54 50/55/52 51/56/53 
f 53/58/55 52/57/54 51/56/53 
f 54/59/56 6/6/5 5/5/1 
f 6/6/5 54/59/56 51/56/53 
f 54/59/56 53/58/55 51/56/53 
f 55/60/57 54/59/56 5/5/1 
f 55/60/57 5/5/1 56/61/58 
f 5/5/1 57/62/59 56/61/58 
f 1/1/1 58/63/60 5/5/1 
f 5/5/1 58/63/60 57/62/59 
f 1/1/1 24/24/61 58/63/60 
f 3/3/3 24/24/61 1/1/1 
f 24/24/61 26/26/62 58/63/60 
f 58/63/60 26/26/62 59/64/63 
f 58/63/60 60/65/64 57/62/59 
f 59/64/63 60/65/64 58/63/60 
f 61/66/65 60/65/64 59/64/63 
f 62/67/66 61/66/65 59/64/63 
f 26/26/62 62/67/66 59/64/63 
f 63/68/67 62/67/66 26/26/62 
f 61/66/65 62/67/66 63/68/67 
f 64/69/68 61/66/65 63/68/67 
f 65/70/69 64/69/68 63/68/67 
f 66/71/70 65/70/69 63/68/67 
f 26/26/62 66/71/70 63/68/67 
f 26/26/62 67/72/71 66/71/70 
f 66/71/70 67/72/71 65/70/69 
f 68/73/72 67/72/71 26/26/62 
f 69/74/73 67/72/71 68/73/72 
f 69/74/73 70/75/74 67/72/71 
f 69/74/73 71/76/75 70/75/74 
f 72/77/76 71/76/75 69/74/73 
f 21/21/77 71/76/75 72/77/76 
f 73/78/78 71/76/75 21/21/77 
f 71/76/75 74/79/79 70/75/74 
f 70/75/74 74/79/79 75/80/80 
f 75/80/80 76/81/81 70/75/74 
f 67/72/71 70/75/74 76/81/81 
f 77/82/82 76/81/81 75/80/80 
f 78/83/83 76/81/81 77/82/82 
f 67/72/71 79/84/84 65/70/69 
f 76/81/81 79/84/84 67/72/71 
f 78/83/83 79/84/84 76/81/81 
f 80/85/85 64/69/68 65/70/69 
f 79/84/84 80/85/85 65/70/69 
f 78/83/83 80/85/85 79/84/84 
f 81/86/86 80/85/85 78/83/83 
f 81/86/86 82/87/87 80/85/85 
f 82/87/87 81/86/86 83/88/88 
f 78/83/83 83/88/88 81/86/86 
f 84/89/89 82/87/87 83/88/88 
f 84/89/89 83/88/88 85/90/90 
f 86/91/91 84/89/89 85/90/90 
f 87/92/92 84/89/89 86/91/91 
f 88/93/93 84/89/89 87/92/92 
f 88/93/93 56/61/58 57/62/59 
f 89/94/94 88/93/93 87/92/92 
f 88/93/93 89/94/94 90/95/95 
f 56/61/58 88/93/93 90/95/95 
f 84/89/89 88/93/93 91/96/96 
f 91/96/96 88/93/93 57/62/59 
f 57/62/59 60/65/64 91/96/96 
f 91/96/96 82/87/87 84/89/89 
f 60/65/64 92/97/97 91/96/96 
f 80/85/85 92/97/97 64/69/68 
f 92/97/97 60/65/64 61/66/65 
f 92/97/97 61/66/65 64/69/68 
f 80/85/85 82/87/87 92/97/97 
f 91/96/96 92/97/97 82/87/87 
f 15/15/14 13/13/12 93/98/98 
f 43/48/45 94/99/14 93/98/98 
f 41/46/43 43/48/45 93/98/98 
f 93/98/98 94/99/14 15/15/14 
f 93/98/98 13/13/12 41/46/43 
f 18/18/17 15/15/14 95/100/99 
f 95/100/99 15/15/14 94/99/14 
f 96/101/100 18/18/17 95/100/99 
f 19/19/101 18/18/17 96/101/100 
f 19/19/101 96/101/100 21/21/102 
f 21/21/102 96/101/100 73/78/103 
f 96/101/100 95/100/99 97/102/104 
f 97/102/104 95/100/99 98/103/105 
f 94/99/14 98/103/105 95/100/99 
f 99/104/106 94/99/14 43/48/45 
f 45/50/47 99/104/106 43/48/45 
f 99/104/106 98/103/105 94/99/14 
f 46/51/48 100/105/107 45/50/47 
f 16/16/108 31/106/108 29/29/108 
f 101/107/109 30/31/110 32/34/111 
f 102/108/112 30/31/110 101/107/109 
f 35/39/113 30/31/110 102/108/112 
f 35/39/113 102/108/112 103/109/114 
f 103/109/114 37/42/115 35/39/113 
f 102/110/112 101/111/116 22/22/117 
f 101/111/116 20/20/118 22/22/117 
f 101/111/116 32/112/111 20/20/118 
f 32/112/111 17/17/119 20/20/118 
f 32/112/111 31/106/120 17/17/119 
f 31/106/120 16/16/121 17/17/119 
f 102/110/122 22/22/123 103/113/124 
f 22/22/123 104/114/125 103/113/124 
f 103/113/124 104/114/125 37/115/115 
f 104/114/125 68/73/126 37/115/115 
f 37/115/115 68/73/126 36/116/127 
f 68/73/126 26/26/128 36/116/127 
f 22/22/129 21/21/130 104/114/131 
f 104/114/131 21/21/130 72/77/132 
f 104/114/131 72/77/132 68/73/72 
f 68/73/72 72/77/132 69/74/73 
f 105/117/133 106/118/133 107/119/134 
f 105/117/133 108/119/135 106/118/133 
f 108/119/135 109/120/136 106/118/133 
f 108/119/135 110/121/137 109/120/136 
f 110/121/137 111/122/133 109/120/136 
f 110/121/137 112/123/137 111/122/133 
f 112/123/137 113/124/138 111/122/133 
f 113/124/138 112/123/137 114/125/133 
f 112/123/137 115/126/133 114/125/133 
f 106/118/133 116/120/133 107/119/134 
f 107/119/134 116/120/133 117/121/139 
f 116/120/133 118/122/135 117/121/139 
f 117/121/139 118/122/135 119/123/139 
f 118/122/135 120/124/140 119/123/139 
f 120/124/140 121/125/133 119/123/139 
f 121/125/133 122/126/133 119/123/139 
f 123/127/141 124/128/142 125/129/141 
f 123/127/141 125/129/141 126/128/143 
f 125/129/141 127/130/143 126/128/143 
f 126/128/143 127/130/143 128/131/144 
f 127/130/143 129/132/143 128/131/144 
f 128/131/144 129/132/143 130/133/143 
f 129/132/143 131/134/145 130/133/143 
f 130/133/143 131/134/145 132/135/141 
f 131/134/145 133/136/141 132/135/141 
f 124/128/142 134/130/142 125/129/141 
f 124/128/142 135/131/146 134/130/142 
f 135/131/146 136/132/146 134/130/142 
f 135/131/146 137/133/142 136/132/146 
f 137/133/142 138/134/143 136/132/146 
f 137/133/142 139/135/141 138/134/143 
f 139/135/141 140/136/141 138/134/143 
f 105/137/147 107/138/148 123/139/147 
f 105/137/147 123/139/147 108/138/149 
f 108/138/149 123/139/147 126/140/150 
f 108/138/149 126/140/150 110/141/151 
f 110/141/151 126/140/150 128/142/152 
f 110/141/151 128/142/152 112/143/153 
f 128/142/152 130/144/153 112/143/153 
f 112/143/153 130/144/153 115/145/154 
f 130/144/153 132/146/154 115/145/154 
f 123/139/147 107/138/148 124/140/155 
f 107/138/148 117/141/156 124/140/155 
f 124/140/155 117/141/156 135/142/157 
f 117/141/156 119/143/158 135/142/157 
f 119/143/158 137/144/158 135/142/157 
f 119/143/158 122/145/159 137/144/158 
f 122/145/159 139/146/159 137/144/158 
f 26/26/160 27/27/160 36/116/160 
f 141/147/161 142/148/161 143/149/162 
f 144/150/163 142/148/161 141/147/161 
f 145/151/164 144/150/163 141/147/161 
f 142/148/161 146/152/162 143/149/162 
f 147/153/165 141/147/165 148/154/166 
f 145/151/167 141/147/165 147/153/165 
f 149/155/168 145/151/167 147/153/165 
f 141/147/165 143/149/166 148/154/166 
f 150/156/169 147/153/170 151/157/171 
f 149/155/172 147/153/170 150/156/169 
f 152/158/173 149/155/172 150/156/169 
f 150/156/169 151/157/171 153/159/174 
f 152/158/173 150/156/169 153/159/174 
f 147/153/170 148/154/175 151/157/171 
f 154/160/176 155/161/177 156/162/178 
f 157/163/179 155/161/177 154/160/176 
f 158/164/180 157/163/179 154/160/176 
f 154/160/176 156/162/178 159/165/181 
f 158/164/180 154/160/176 159/165/181 
f 155/161/177 160/166/182 156/162/178 
f 155/161/177 157/163/179 160/166/182 
f 157/163/179 161/167/183 160/166/182 
f 162/168/184 163/169/185 164/170/186 
f 165/171/187 163/169/185 162/168/184 
f 166/172/188 165/171/187 162/168/184 
f 162/168/184 164/170/186 167/173/189 
f 166/172/188 162/168/184 167/173/189 
f 163/169/185 168/174/190 164/170/186 
f 163/169/185 165/171/187 168/174/190 
f 165/171/187 169/175/191 168/174/190 
f 170/176/192 171/177/193 172/178/192 
f 170/176/192 172/178/192 173/179/194 
f 174/180/194 170/176/192 173/179/194 
f 171/177/193 175/181/195 172/178/192 
f 176/182/196 177/183/197 170/176/196 
f 176/182/196 170/176/196 174/180/198 
f 178/184/198 176/182/196 174/180/198 
f 177/183/197 171/177/197 170/176/196 
f 179/185/199 180/186/200 176/182/201 
f 179/185/199 176/182/201 178/184/202 
f 181/187/203 179/185/199 178/184/202 
f 182/188/204 180/186/200 179/185/199 
f 181/187/203 182/188/204 179/185/199 
f 180/186/200 177/183/205 176/182/201 
f 183/189/206 184/190/207 185/191/208 
f 183/189/206 185/191/208 186/192/209 
f 187/193/210 183/189/206 186/192/209 
f 187/193/210 188/194/211 183/189/206 
f 188/194/211 184/190/207 183/189/206 
f 185/191/208 189/195/212 186/192/209 
f 184/190/207 189/195/212 185/191/208 
f 189/195/212 190/196/213 186/192/209 
f 191/197/214 192/198/215 193/199/216 
f 191/197/214 193/199/216 194/200/217 
f 195/201/218 191/197/214 194/200/217 
f 196/202/107 192/198/215 191/197/214 
f 195/201/218 196/202/107 191/197/214 
f 192/198/215 197/203/219 193/199/216 
f 193/199/216 197/203/219 194/200/217 
f 197/203/219 198/204/220 194/200/217 
f 199/205/221 200/206/222 201/207/223 
f 199/205/221 201/207/223 202/208/224 
f 203/209/225 199/205/221 202/208/224 
f 204/210/226 200/206/222 199/205/221 
f 203/209/225 204/210/226 199/205/221 
f 201/207/223 205/211/227 202/208/224 
f 200/206/222 205/211/227 201/207/223 
f 205/211/227 206/212/228 202/208/224 
f 207/213/229 208/214/230 209/215/231 
f 207/213/229 209/215/231 210/216/232 
f 211/217/233 207/213/229 210/216/232 
f 212/218/234 208/214/230 207/213/229 
f 211/217/233 212/218/234 207/213/229 
f 209/215/231 213/219/235 210/216/232 
f 208/214/230 213/219/235 209/215/231 
f 213/219/235 214/220/236 210/216/232 
f 215/221/237 216/222/238 217/223/239 
f 215/221/237 217/223/239 218/224/240 
f 219/225/241 215/221/237 218/224/240 
f 220/226/242 216/222/238 215/221/237 
f 219/225/241 220/226/242 215/221/237 
f 217/223/239 221/227/243 218/224/240 
f 216/222/238 221/227/243 217/223/239 
f 221/227/243 222/228/244 218/224/240 
f 223/229/245 224/230/246 225/231/247 
f 223/229/245 225/231/247 226/232/248 
f 227/233/249 223/229/245 226/232/248 
f 228/234/250 224/230/246 223/229/245 
f 227/233/249 228/234/250 223/229/245 
f 228/234/250 229/235/251 224/230/246 
f 229/235/251 230/236/252 224/230/246 
f 224/230/246 231/237/253 225/231/247 
f 224/230/246 230/236/252 231/237/253 
f 225/231/247 231/237/253 226/232/248 
f 231/237/253 232/238/254 226/232/248 
f 230/236/252 233/239/255 231/237/253 
f 231/237/253 233/239/255 232/238/254 
f 233/239/255 234/240/256 232/238/254 
f 235/241/257 236/242/258 237/243/259 
f 238/244/260 236/242/258 235/241/257 
f 239/245/261 238/244/260 235/241/257 
f 239/245/261 235/241/257 240/246/262 
f 235/241/257 237/243/259 240/246/262 
f 236/242/258 238/244/260 241/247/263 
f 236/242/258 241/247/263 237/243/259 
f 238/244/260 242/248/264 241/247/263 
f 243/249/265 244/250/266 245/251/267 
f 246/252/268 244/250/266 243/249/265 
f 247/253/269 246/252/268 243/249/265 
f 247/253/269 243/249/265 248/254/270 
f 243/249/265 245/251/267 248/254/270 
f 244/250/266 249/255/271 245/251/267 
f 244/250/266 246/252/268 249/255/271 
f 246/252/268 250/256/272 249/255/271 
f 251/257/273 252/258/274 253/259/275 
f 254/260/276 252/258/274 251/257/273 
f 255/261/277 254/260/276 251/257/273 
f 251/257/273 253/259/275 256/262/278 
f 255/261/277 251/257/273 256/262/278 
f 252/258/274 254/260/276 257/263/279 
f 252/258/274 257/263/279 253/259/275 
f 254/260/276 258/264/280 257/263/279 
f 259/265/281 260/266/282 261/267/283 
f 262/268/284 260/266/282 259/265/281 
f 263/269/285 262/268/284 259/265/281 
f 263/269/285 259/265/281 264/270/286 
f 259/265/281 261/267/283 264/270/286 
f 264/270/286 261/267/283 265/271/287 
f 261/267/283 266/272/288 265/271/287 
f 261/267/283 267/273/289 266/272/288 
f 260/266/282 267/273/289 261/267/283 
f 260/266/282 262/268/284 267/273/289 
f 262/268/284 268/274/290 267/273/289 
f 267/273/289 269/275/291 266/272/288 
f 267/273/289 268/274/290 269/275/291 
f 268/274/290 270/276/292 269/275/291 
f 271/277/293 272/278/293 273/279/294 
f 271/277/293 274/280/295 272/278/293 
f 275/281/296 272/278/293 274/280/295 
f 276/282/297 275/281/296 274/280/295 
f 275/281/296 276/282/297 277/283/298 
f 277/283/298 278/284/299 275/281/296 
f 279/285/300 278/284/299 277/283/298 
f 273/279/294 272/278/293 280/286/301 
f 280/286/301 281/287/302 282/288/303 
f 280/286/301 282/288/303 283/289/304 
f 283/289/304 273/279/294 280/286/301 
f 282/288/303 281/287/302 284/290/305 
f 285/291/306 286/292/306 287/293/306 
f 286/292/306 288/294/306 287/293/306 
f 289/295/307 290/296/307 291/297/307 
f 290/296/307 292/298/307 291/297/307 
f 293/295/308 294/297/308 295/296/308 
f 294/297/308 296/298/308 295/296/308 
f 294/299/309 293/300/309 291/301/309 
f 293/300/309 289/302/309 291/301/309 
f 297/303/310 298/304/311 299/305/312 
f 300/306/313 298/304/311 297/303/310 
f 301/307/314 300/306/313 297/303/310 
f 302/308/315 300/306/313 301/307/314 
f 303/309/316 302/308/315 301/307/314 
f 304/310/317 302/308/315 303/309/316 
f 300/306/313 302/308/315 304/310/317 
f 305/311/318 304/310/317 303/309/316 
f 306/312/319 300/306/313 304/310/317 
f 306/312/319 307/313/320 300/306/313 
f 307/313/320 298/304/311 300/306/313 
f 298/304/311 308/314/321 299/305/312 
f 298/304/311 307/313/320 308/314/321 
f 309/303/322 299/305/323 310/304/324 
f 309/303/322 310/304/324 311/306/325 
f 312/307/326 309/303/322 311/306/325 
f 312/307/326 311/306/325 313/308/327 
f 314/309/328 312/307/326 313/308/327 
f 304/310/329 313/308/327 311/306/325 
f 314/309/328 313/308/327 304/310/329 
f 305/311/330 314/309/328 304/310/329 
f 306/312/331 304/310/329 311/306/325 
f 306/312/331 311/306/325 307/313/332 
f 311/306/325 310/304/324 307/313/332 
f 299/305/323 308/314/333 310/304/324 
f 310/304/324 308/314/333 307/313/332 
f 315/315/334 316/316/335 317/317/336 
f 315/315/334 317/317/336 318/318/337 
f 319/319/338 315/315/334 318/318/337 
f 319/319/338 318/318/337 320/320/339 
f 321/321/340 319/319/338 320/320/339 
f 321/321/340 320/320/339 322/322/341 
f 322/322/341 320/320/339 318/318/337 
f 323/323/342 321/321/340 322/322/341 
f 323/323/342 322/322/341 324/324/343 
f 325/325/344 323/323/342 324/324/343 
f 325/325/344 324/324/343 326/326/345 
f 326/326/345 324/324/343 322/322/341 
f 327/327/346 325/325/344 326/326/345 
f 327/327/346 326/326/345 328/328/347 
f 329/329/348 327/327/346 328/328/347 
f 316/316/335 329/329/348 330/330/349 
f 329/329/348 328/328/347 330/330/349 
f 316/316/335 330/330/349 317/317/336 
f 330/330/349 328/328/347 331/331/350 
f 331/331/350 328/328/347 326/326/345 
f 318/318/337 317/317/336 331/331/350 
f 317/317/336 330/330/349 331/331/350 
f 332/332/351 318/318/337 331/331/350 
f 332/332/351 331/331/350 326/326/345 
f 332/332/351 322/322/341 318/318/337 
f 332/332/351 326/326/345 322/322/341 
f 333/303/322 334/305/352 335/304/353 
f 333/303/322 335/304/353 336/306/325 
f 337/307/354 333/303/322 336/306/325 
f 337/307/354 336/306/325 338/308/327 
f 339/309/328 337/307/354 338/308/327 
f 340/310/329 338/308/327 336/306/325 
f 339/309/328 338/308/327 340/310/329 
f 341/311/355 339/309/328 340/310/329 
f 342/312/331 340/310/329 336/306/325 
f 336/306/325 335/304/353 343/313/332 
f 342/312/331 336/306/325 343/313/332 
f 334/305/352 344/314/333 335/304/353 
f 335/304/353 344/314/333 343/313/332 
f 345/303/310 346/304/311 334/305/356 
f 347/306/313 346/304/311 345/303/310 
f 348/307/357 347/306/313 345/303/310 
f 349/308/315 347/306/313 348/307/357 
f 350/309/316 349/308/315 348/307/357 
f 347/306/313 349/308/315 340/310/317 
f 340/310/317 349/308/315 350/309/316 
f 341/311/318 340/310/317 350/309/316 
f 342/312/319 347/306/313 340/310/317 
f 342/312/319 343/313/320 347/306/313 
f 343/313/320 346/304/311 347/306/313 
f 346/304/311 343/313/320 344/314/321 
f 346/304/311 344/314/321 334/305/356 
f 351/315/358 352/317/359 353/316/360 
f 354/318/361 352/317/359 351/315/358 
f 355/319/362 354/318/361 351/315/358 
f 356/320/363 354/318/361 355/319/362 
f 357/321/364 356/320/363 355/319/362 
f 358/322/365 356/320/363 357/321/364 
f 354/318/361 356/320/363 358/322/365 
f 359/323/366 358/322/365 357/321/364 
f 360/324/367 358/322/365 359/323/366 
f 361/325/368 360/324/367 359/323/366 
f 358/322/365 360/324/367 362/326/369 
f 362/326/369 360/324/367 361/325/368 
f 363/327/370 362/326/369 361/325/368 
f 364/328/371 362/326/369 363/327/370 
f 365/329/372 364/328/371 363/327/370 
f 366/330/373 364/328/371 365/329/372 
f 352/317/359 366/330/373 353/316/360 
f 353/316/360 366/330/373 365/329/372 
f 366/330/373 367/331/374 364/328/371 
f 362/326/369 364/328/371 367/331/374 
f 367/331/374 352/317/359 354/318/361 
f 352/317/359 367/331/374 366/330/373 
f 368/332/375 362/326/369 367/331/374 
f 368/332/375 358/322/365 362/326/369 
f 368/332/375 367/331/374 354/318/361 
f 368/332/375 354/318/361 358/322/365 
f 369/333/376 370/334/377 371/335/378 
f 372/336/379 370/334/377 369/333/376 
f 373/337/380 372/336/379 369/333/376 
f 374/338/381 372/336/379 373/337/380 
f 375/339/382 374/338/381 373/337/380 
f 376/340/383 374/338/381 375/339/382 
f 377/341/204 376/340/383 375/339/382 
f 378/342/384 376/340/383 377/341/204 
f 379/343/147 378/342/384 377/341/204 
f 379/343/147 380/341/174 378/342/384 
f 380/341/174 381/340/385 378/342/384 
f 380/341/174 382/339/386 381/340/385 
f 382/339/386 383/338/387 381/340/385 
f 382/339/386 384/337/388 383/338/387 
f 384/337/388 385/336/389 383/338/387 
f 384/337/388 386/333/390 385/336/389 
f 386/333/390 387/334/391 385/336/389 
f 386/333/390 388/335/392 387/334/391 
f 388/335/392 389/344/393 387/334/391 
f 388/335/392 390/345/394 389/344/393 
f 390/345/394 391/346/395 389/344/393 
f 370/334/377 392/344/396 371/335/378 
f 392/344/396 391/346/397 390/345/398 
f 371/335/378 392/344/396 390/345/398 
f 393/347/399 394/348/133 395/349/400 
f 396/350/401 394/348/133 393/347/399 
f 397/351/402 394/348/133 396/350/401 
f 398/352/403 394/348/133 397/351/402 
f 399/353/404 394/348/133 398/352/403 
f 399/353/404 398/352/403 376/354/405 
f 378/355/384 399/353/404 376/354/405 
f 378/355/384 381/356/406 399/353/404 
f 381/356/406 400/357/407 399/353/404 
f 399/353/404 400/357/407 394/348/133 
f 381/356/406 383/358/408 400/357/407 
f 383/358/408 401/359/409 400/357/407 
f 400/357/407 401/359/409 394/348/133 
f 383/358/408 385/360/389 401/359/409 
f 401/359/409 402/361/410 394/348/133 
f 385/360/389 402/361/410 401/359/409 
f 385/360/389 387/362/411 402/361/410 
f 387/362/411 403/363/412 402/361/410 
f 387/362/411 389/364/393 403/363/412 
f 389/364/393 404/365/413 403/363/412 
f 389/364/393 391/366/395 404/365/413 
f 391/366/395 405/367/414 404/365/413 
f 395/349/400 405/367/414 391/366/395 
f 392/368/396 395/349/400 391/366/395 
f 393/347/415 395/349/400 392/368/396 
f 396/350/401 393/347/415 370/369/416 
f 370/369/416 393/347/415 392/368/396 
f 397/351/402 396/350/401 372/370/379 
f 372/370/379 396/350/401 370/369/416 
f 398/352/403 397/351/402 374/371/417 
f 374/371/417 397/351/402 372/370/379 
f 376/354/405 398/352/403 374/371/417 
f 395/349/400 394/348/133 405/367/418 
f 404/365/413 405/367/418 394/348/133 
f 403/363/419 404/365/413 394/348/133 
f 402/361/410 403/363/419 394/348/133 
f 406/372/307 407/373/307 408/374/307 
f 407/373/307 409/375/307 408/374/307 
f 406/376/147 410/377/147 407/378/147 
f 410/377/147 411/379/147 407/378/147 
f 410/380/308 412/381/308 411/382/308 
f 412/381/308 413/383/308 411/382/308 
f 414/384/420 415/385/420 416/293/421 
f 415/385/420 417/294/421 416/293/421 
f 418/386/422 419/387/422 420/388/422 
f 419/387/422 421/389/422 420/388/422 
f 420/390/423 421/391/424 422/392/55 
f 421/391/424 423/393/425 422/392/55 
f 424/291/426 416/293/426 419/292/426 
f 416/293/426 417/294/426 419/292/426 
f 419/292/427 417/294/427 421/394/427 
f 417/294/427 415/385/427 421/394/427 
f 421/394/424 415/385/420 423/395/425 
f 415/385/420 414/384/420 423/395/425 
f 420/390/147 422/392/147 425/396/147 
f 422/392/147 426/397/147 425/396/147 
f 426/397/147 427/398/147 425/396/147 
f 428/384/428 287/293/429 429/385/428 
f 287/293/429 288/294/429 429/385/428 
f 418/386/430 420/388/430 286/387/430 
f 420/388/430 430/389/430 286/387/430 
f 420/390/431 431/392/95 430/391/432 
f 431/392/95 432/393/433 430/391/432 
f 286/292/434 430/394/434 288/294/434 
f 430/394/434 429/385/434 288/294/434 
f 430/394/432 432/395/433 429/385/428 
f 432/395/433 428/384/428 429/385/428 
f 420/390/147 433/396/147 431/392/147 
f 431/392/147 433/396/147 434/397/147 
f 433/396/147 435/398/147 434/397/147 
f 436/399/307 437/400/307 438/401/307 
f 437/400/307 439/402/307 438/401/307 
f 437/403/435 440/404/436 439/405/435 
f 440/404/436 441/406/437 439/405/435 
f 441/406/437 440/404/436 442/407/133 
f 440/404/436 443/408/438 442/407/133 
f 442/407/133 443/408/438 444/404/439 
f 445/406/194 442/407/133 444/404/439 
f 446/405/440 445/406/194 444/404/439 
f 447/403/440 446/405/440 444/404/439 
f 444/404/441 443/408/442 447/403/443 
f 443/408/442 448/409/444 447/403/443 
f 440/404/445 437/403/444 443/408/442 
f 437/403/444 448/409/444 443/408/442 
f 439/405/446 441/406/447 449/410/448 
f 441/406/447 442/407/449 449/410/448 
f 449/410/448 442/407/449 445/406/447 
f 446/405/448 449/410/448 445/406/447 
f 438/411/450 439/412/448 450/413/450 
f 439/412/448 449/414/446 450/413/450 
f 450/413/450 449/414/446 446/412/446 
f 451/411/450 450/413/450 446/412/446 
f 437/412/443 436/411/147 448/414/443 
f 436/411/147 452/413/147 448/414/443 
f 448/414/443 452/413/147 453/411/147 
f 447/412/444 448/414/443 453/411/147 
f 453/399/308 451/401/308 447/400/308 
f 451/401/308 446/402/308 447/400/308 
f 454/415/451 455/416/451 456/417/451 
f 455/416/451 457/418/451 456/417/451 
f 458/419/452 459/420/452 460/421/452 
f 459/420/452 461/422/452 460/421/452 
f 460/421/307 461/422/307 454/415/307 
f 461/422/307 455/416/307 454/415/307 
f 455/423/133 462/424/133 457/425/133 
f 461/426/133 462/424/133 455/423/133 
f 459/427/133 462/424/133 461/426/133 
f 459/427/133 463/426/133 462/424/133 
f 464/423/133 457/425/133 462/424/133 
f 463/426/133 464/423/133 462/424/133 
f 465/415/453 456/417/453 464/416/453 
f 456/417/453 457/418/453 464/416/453 
f 458/419/454 466/421/454 459/420/454 
f 466/421/454 463/422/454 459/420/454 
f 466/421/308 465/415/308 463/422/308 
f 465/415/308 464/416/308 463/422/308 
f 467/428/455 468/429/455 469/430/456 
f 467/428/455 469/430/456 470/431/455 
f 471/432/455 467/428/455 470/431/455 
f 468/429/455 472/433/456 469/430/456 
f 473/428/457 474/430/458 468/429/457 
f 475/431/457 474/430/458 473/428/457 
f 476/432/457 475/431/457 473/428/457 
f 474/430/458 472/433/458 468/429/457 
f 34/434/459 33/435/147 35/436/147 
f 33/435/147 30/437/460 35/436/147 
f 477/438/461 478/439/462 479/440/463 
f 477/438/461 480/441/464 478/439/462 
f 480/441/464 481/442/465 478/439/462 
f 478/439/462 481/442/465 482/443/462 
f 49/444/466 478/439/462 482/443/462 
f 478/439/462 49/444/466 483/445/467 
f 49/444/466 484/446/468 483/445/467 
f 483/445/467 484/446/468 485/447/469 
f 484/446/468 486/448/470 485/447/469 
f 485/447/469 486/448/470 487/449/471 
f 488/450/472 485/447/469 487/449/471 
f 489/451/473 488/450/472 487/449/471 
f 490/452/474 489/451/473 487/449/471 
f 491/453/475 490/452/474 487/449/471 
f 487/449/471 492/454/476 491/453/475 
f 487/449/471 493/455/477 492/454/476 
f 486/448/470 493/455/477 487/449/471 
f 493/455/477 494/456/478 492/454/476 
f 495/457/147 52/57/54 53/58/55 
f 495/457/479 496/458/87 52/57/65 
f 496/458/87 495/457/479 497/459/480 
f 498/460/481 496/458/87 497/459/480 
f 496/458/87 499/461/65 52/57/65 
f 52/57/65 499/461/65 50/55/482 
f 50/55/482 500/462/482 49/54/466 
f 499/461/65 500/462/482 50/55/482 
f 500/462/482 501/463/483 49/54/466 
f 49/54/466 501/463/483 484/464/468 
f 501/463/483 502/465/484 484/464/468 
f 484/464/468 502/465/484 486/466/485 
f 502/465/484 503/467/486 486/466/485 
f 486/466/485 503/467/486 493/468/477 
f 503/467/486 504/469/487 493/468/477 
f 493/468/477 504/469/487 494/470/488 
f 504/469/487 505/471/489 494/470/488 
f 494/470/488 505/471/489 497/459/480 
f 505/471/489 498/460/490 497/459/480 
f 492/472/476 494/473/478 506/474/491 
f 494/473/478 497/475/492 506/474/491 
f 506/474/491 497/475/492 507/476/493 
f 497/475/492 495/477/494 507/476/493 
f 495/477/494 508/478/495 507/476/493 
f 508/478/495 509/479/496 507/476/493 
f 508/478/495 510/480/497 509/479/496 
f 47/481/49 49/444/466 482/443/462 
f 47/481/49 482/443/462 46/482/48 
f 482/443/462 511/483/498 46/482/48 
f 481/442/465 512/484/463 482/443/462 
f 482/443/462 512/484/463 511/483/498 
f 512/484/463 513/485/499 511/483/498 
f 46/482/48 511/483/498 514/486/500 
f 100/487/501 46/482/48 514/486/500 
f 515/488/502 508/489/503 516/490/502 
f 508/489/503 517/491/503 516/490/502 
f 516/490/502 517/491/503 518/492/502 
f 507/493/504 509/494/505 519/495/506 
f 519/495/506 520/496/507 507/493/504 
f 507/493/504 520/496/507 521/497/508 
f 521/497/508 520/496/507 522/498/509 
f 520/496/507 523/499/509 522/498/509 
f 523/499/509 520/496/507 524/500/147 
f 525/499/510 524/500/511 520/496/512 
f 526/498/510 525/499/510 520/496/512 
f 527/497/508 526/498/510 520/496/512 
f 528/493/513 527/497/508 520/496/512 
f 519/495/514 528/493/513 520/496/512 
f 528/493/513 519/495/514 529/494/515 
f 519/495/514 530/501/515 529/494/515 
f 509/494/505 530/501/505 519/495/506 
f 55/502/516 516/503/516 54/504/517 
f 55/502/516 56/504/517 516/503/516 
f 56/504/517 531/505/516 516/503/516 
f 516/503/516 518/505/516 54/504/517 
f 54/504/518 518/505/518 53/506/518 
f 518/505/518 517/507/518 53/506/518 
f 53/506/519 517/507/519 495/508/494 
f 517/507/519 508/509/495 495/508/494 
f 532/510/520 533/511/521 534/512/522 
f 533/511/521 535/513/523 534/512/522 
f 491/453/524 492/454/525 536/514/526 
f 536/514/526 537/515/527 491/453/524 
f 538/516/528 537/515/527 536/514/526 
f 538/516/528 539/517/529 537/515/527 
f 539/517/529 540/518/530 537/515/527 
f 541/519/531 540/518/530 539/517/529 
f 542/520/532 540/518/530 541/519/531 
f 540/518/530 542/520/532 490/452/533 
f 537/515/527 490/452/533 491/453/524 
f 537/515/527 540/518/530 490/452/533 
f 492/454/525 543/521/534 536/514/526 
f 536/514/526 543/521/534 532/522/535 
f 544/523/536 538/516/528 536/514/526 
f 532/522/535 544/523/536 536/514/526 
f 543/521/534 533/524/537 532/522/535 
f 492/525/509 545/526/147 543/527/510 
f 506/528/509 545/526/147 492/525/509 
f 545/526/147 546/529/511 543/527/510 
f 543/527/510 546/529/511 533/530/147 
f 546/529/511 547/531/147 533/530/147 
f 533/530/147 547/531/147 535/532/511 
f 547/531/147 548/500/511 535/532/511 
f 535/532/511 548/500/511 549/531/509 
f 550/530/147 535/532/511 549/531/509 
f 551/527/147 550/530/147 549/531/509 
f 552/529/509 551/527/147 549/531/509 
f 551/527/147 552/529/509 553/526/147 
f 554/525/510 551/527/147 553/526/147 
f 555/528/510 554/525/510 553/526/147 
f 547/533/538 523/534/539 548/535/540 
f 522/536/541 523/534/539 547/533/538 
f 546/537/542 522/536/541 547/533/538 
f 523/534/539 524/538/133 548/535/540 
f 548/535/540 524/538/133 525/534/543 
f 549/533/544 548/535/540 525/534/543 
f 549/533/544 525/534/543 526/536/545 
f 552/537/546 549/533/544 526/536/545 
f 545/539/547 521/540/547 546/537/547 
f 507/541/547 521/540/547 545/539/547 
f 521/540/547 522/536/547 546/537/547 
f 556/542/548 477/438/461 479/440/463 
f 477/438/377 556/542/548 557/543/549 
f 558/544/549 477/438/377 557/543/549 
f 558/544/549 557/543/549 559/545/307 
f 560/546/307 558/544/549 559/545/307 
f 561/547/550 558/544/549 560/546/307 
f 562/548/307 561/547/550 560/546/307 
f 563/549/551 561/547/550 562/548/307 
f 563/549/551 481/442/552 561/547/550 
f 512/484/553 481/442/552 563/549/551 
f 564/550/554 512/484/553 563/549/551 
f 565/551/307 563/549/551 562/548/307 
f 564/550/554 563/549/551 565/551/307 
f 566/552/307 564/550/554 565/551/307 
f 567/553/555 564/550/554 566/552/307 
f 568/554/307 567/553/555 566/552/307 
f 569/555/556 567/553/555 568/554/307 
f 569/555/556 511/483/557 567/553/555 
f 514/486/558 511/483/557 569/555/556 
f 570/556/559 514/486/558 569/555/556 
f 571/557/560 569/555/556 568/554/307 
f 570/556/559 569/555/556 571/557/560 
f 572/558/560 570/556/559 571/557/560 
f 573/559/561 514/486/562 570/556/559 
f 573/559/561 570/556/559 572/558/563 
f 574/560/564 573/559/561 572/558/563 
f 575/561/565 573/559/561 574/560/564 
f 575/561/565 100/487/566 573/559/561 
f 515/488/567 576/562/567 508/489/567 
f 576/562/567 510/563/567 508/489/567 
f 509/564/507 577/565/507 530/566/507 
f 577/565/507 578/567/507 530/566/507 
f 530/566/507 578/567/507 579/565/507 
f 529/564/507 530/566/507 579/565/507 
f 580/568/568 581/569/569 582/570/570 
f 583/571/571 581/569/569 580/568/568 
f 580/568/568 544/572/572 583/571/571 
f 544/572/572 532/573/573 583/571/571 
f 583/571/571 532/573/573 584/574/574 
f 585/575/575 584/574/574 532/573/573 
f 586/576/576 585/575/575 532/573/573 
f 534/577/576 586/576/576 532/573/573 
f 581/569/569 587/578/577 582/570/570 
f 582/570/570 587/578/577 588/579/578 
f 587/578/577 589/580/579 588/579/578 
f 589/580/579 587/578/577 590/581/580 
f 591/582/581 589/580/579 590/581/580 
f 592/583/582 591/582/581 590/581/580 
f 593/584/583 592/583/582 590/581/580 
f 592/583/582 594/585/584 591/582/581 
f 594/585/584 595/586/585 591/582/581 
f 596/587/586 589/580/579 591/582/581 
f 595/586/585 596/587/586 591/582/581 
f 589/580/579 596/587/586 588/579/578 
f 596/587/586 597/588/587 588/579/578 
f 594/589/588 598/590/589 595/591/585 
f 598/590/589 599/592/590 595/591/585 
f 598/590/589 600/593/591 599/592/590 
f 600/593/591 601/594/592 599/592/590 
f 600/593/591 602/595/593 601/594/592 
f 602/595/593 603/596/594 601/594/592 
f 599/592/590 601/594/592 604/597/595 
f 601/594/592 603/596/594 604/597/595 
f 597/598/587 599/592/590 604/597/595 
f 596/599/586 599/592/590 597/598/587 
f 599/592/590 596/599/586 595/591/585 
f 478/600/462 605/601/596 479/602/463 
f 606/603/597 605/601/596 478/600/462 
f 483/604/467 606/603/597 478/600/462 
f 488/605/472 606/603/597 483/604/467 
f 485/606/469 488/605/472 483/604/467 
f 488/605/472 607/607/598 606/603/597 
f 606/603/597 608/608/599 605/601/596 
f 607/607/598 608/608/599 606/603/597 
f 608/608/599 609/609/600 605/601/596 
f 605/601/596 610/610/601 479/602/463 
f 605/601/596 609/609/600 610/610/601 
f 479/602/463 610/610/601 556/611/548 
f 610/610/601 611/612/602 556/611/548 
f 611/612/602 610/610/601 612/613/603 
f 609/609/600 613/614/604 610/610/601 
f 610/610/601 613/614/604 612/613/603 
f 580/615/568 582/616/570 614/617/605 
f 580/615/568 614/617/605 615/618/606 
f 615/618/606 616/619/606 580/615/568 
f 617/620/607 616/619/606 615/618/606 
f 617/620/607 615/618/606 618/621/608 
f 619/622/608 617/620/607 618/621/608 
f 588/623/609 597/598/587 620/624/610 
f 597/598/587 604/597/611 620/624/610 
f 604/597/611 621/625/612 620/624/610 
f 621/625/612 622/626/613 620/624/610 
f 582/616/570 588/627/578 614/617/605 
f 588/627/578 620/628/610 614/617/605 
f 620/628/610 622/629/614 614/617/605 
f 622/629/614 623/630/615 614/617/605 
f 614/617/605 623/630/615 615/618/606 
f 624/631/616 593/584/616 625/632/617 
f 593/584/616 590/581/617 625/632/617 
f 590/581/617 587/578/618 625/632/617 
f 587/578/618 581/569/619 625/632/617 
f 510/633/620 626/634/620 509/635/620 
f 626/634/620 577/636/620 509/635/620 
f 627/637/499 538/516/499 628/638/621 
f 538/516/499 544/523/572 628/638/621 
f 616/619/606 629/639/622 580/615/568 
f 629/639/622 628/638/621 544/523/572 
f 580/615/568 629/639/622 544/523/572 
f 560/640/623 559/641/623 630/642/623 
f 559/641/623 631/643/623 630/642/623 
f 562/644/624 560/640/624 632/645/624 
f 560/640/624 630/642/624 632/645/624 
f 566/646/309 565/647/309 633/648/309 
f 565/647/309 634/649/309 633/648/309 
f 568/650/625 566/646/625 635/651/625 
f 566/646/625 633/648/625 635/651/625 
f 480/441/626 477/438/377 558/544/549 
f 561/547/550 480/441/626 558/544/549 
f 481/442/552 480/441/626 561/547/550 
f 513/485/627 512/484/553 564/550/554 
f 567/553/555 513/485/627 564/550/554 
f 511/483/557 513/485/627 567/553/555 
f 636/652/628 575/653/628 637/654/628 
f 575/653/628 574/655/628 637/654/628 
f 557/543/549 638/656/629 559/545/307 
f 556/542/548 638/656/629 557/543/549 
f 556/542/548 611/657/602 638/656/629 
f 611/657/602 639/658/630 638/656/629 
f 611/657/602 612/659/603 639/658/630 
f 639/658/630 612/659/603 640/660/631 
f 639/658/630 640/660/631 641/661/632 
f 639/658/630 641/661/632 642/662/380 
f 638/656/629 642/662/380 559/545/307 
f 638/656/629 639/658/630 642/662/380 
f 628/663/607 629/664/607 627/665/607 
f 629/664/607 616/666/607 627/665/607 
f 489/451/473 643/667/633 488/450/472 
f 490/452/474 542/520/634 489/451/473 
f 542/520/634 643/667/633 489/451/473 
f 542/520/634 644/668/635 643/667/633 
f 644/668/635 645/669/636 643/667/633 
f 643/667/633 607/670/598 488/450/472 
f 643/667/633 645/669/636 607/670/598 
f 645/669/636 646/671/637 607/670/598 
f 607/670/598 646/671/637 608/672/599 
f 646/671/637 647/673/638 608/672/599 
f 608/672/599 647/673/638 609/674/600 
f 647/673/638 648/675/639 609/674/600 
f 609/674/600 648/675/639 613/676/640 
f 649/677/641 640/660/631 612/659/603 
f 613/676/640 649/677/641 612/659/603 
f 648/675/639 649/677/641 613/676/640 
f 640/660/631 650/678/642 641/661/632 
f 644/668/643 542/520/532 541/519/531 
f 507/493/644 545/526/644 506/528/644 
f 603/596/594 621/625/645 604/597/595 
f 571/679/646 568/650/646 651/680/646 
f 568/650/646 635/651/646 651/680/646 
f 565/647/647 562/644/647 634/649/647 
f 562/644/647 632/645/647 634/649/647 
f 586/681/648 652/682/648 585/683/649 
f 586/681/648 653/684/648 652/682/648 
f 585/683/650 652/682/650 584/685/650 
f 100/487/651 514/486/651 573/559/651 
f 654/686/652 572/687/652 651/680/653 
f 574/655/652 572/687/652 654/686/652 
f 637/654/652 574/655/652 654/686/652 
f 572/687/652 571/679/653 651/680/653 
f 627/637/654 619/622/655 538/516/654 
f 619/622/655 618/621/654 538/516/654 
f 538/516/654 618/621/654 539/517/655 
f 655/688/656 656/689/657 657/690/658 
f 655/688/656 657/690/658 658/691/659 
f 657/690/658 659/692/660 658/691/659 
f 657/690/658 660/693/661 659/692/660 
f 86/694/91 660/693/661 657/690/658 
f 657/690/658 661/695/662 86/694/91 
f 661/695/662 657/690/658 662/696/663 
f 661/695/662 662/696/663 663/697/664 
f 664/698/665 661/695/662 663/697/664 
f 661/695/662 665/699/666 86/694/91 
f 661/695/662 664/698/665 665/699/666 
f 664/698/665 666/700/667 665/699/666 
f 667/701/668 664/698/665 663/697/664 
f 664/698/665 667/701/668 666/700/667 
f 668/702/669 667/701/668 663/697/664 
f 667/701/668 668/702/669 669/452/670 
f 670/703/671 667/701/668 669/452/670 
f 667/701/668 670/703/671 554/454/672 
f 667/701/668 671/704/673 666/700/667 
f 667/701/668 554/454/672 671/704/673 
f 554/454/672 672/705/674 671/704/673 
f 673/706/675 83/88/88 78/83/83 
f 673/706/675 78/83/83 77/82/82 
f 83/88/88 674/707/676 85/90/90 
f 83/88/88 673/706/675 674/707/676 
f 673/706/675 675/708/189 674/707/676 
f 676/709/147 90/95/95 89/94/94 
f 677/710/511 678/711/147 679/712/147 
f 679/712/147 678/711/147 680/713/147 
f 680/713/147 678/711/147 681/714/147 
f 681/714/147 678/711/147 682/715/147 
f 682/715/147 678/711/147 683/716/147 
f 678/711/147 684/717/147 683/716/147 
f 676/709/677 89/94/678 685/718/679 
f 686/719/680 676/709/677 685/718/679 
f 687/460/681 686/719/680 685/718/679 
f 672/720/674 686/719/680 688/721/682 
f 672/720/674 688/721/682 689/722/683 
f 671/723/673 672/720/674 689/722/683 
f 671/723/673 689/722/683 690/724/684 
f 666/725/667 671/723/673 690/724/684 
f 666/725/667 690/724/684 691/726/685 
f 665/727/686 666/725/667 691/726/685 
f 86/91/91 665/727/686 692/463/687 
f 665/727/686 691/726/685 692/463/687 
f 86/91/91 692/463/687 693/462/688 
f 87/92/688 86/91/91 693/462/688 
f 89/94/678 87/92/688 694/461/689 
f 87/92/688 693/462/688 694/461/689 
f 89/94/678 694/461/689 685/718/679 
f 686/719/680 687/460/690 688/721/682 
f 554/472/672 555/474/691 672/473/674 
f 555/474/691 686/475/680 672/473/674 
f 555/474/691 528/476/692 686/475/680 
f 528/476/692 676/477/693 686/475/680 
f 676/477/693 528/476/692 695/478/694 
f 528/476/692 529/479/695 695/478/694 
f 695/478/694 529/479/695 696/480/696 
f 85/728/90 660/693/661 86/694/91 
f 85/728/90 674/482/676 660/693/661 
f 674/482/676 697/483/697 660/693/661 
f 698/486/698 697/483/697 674/482/676 
f 675/487/699 698/486/698 674/482/676 
f 515/729/503 516/730/502 695/731/502 
f 516/730/502 531/732/503 695/731/502 
f 695/731/502 531/732/503 699/733/502 
f 56/504/700 90/506/700 531/505/700 
f 90/506/700 699/507/700 531/505/700 
f 90/506/701 676/508/693 699/507/701 
f 676/508/693 695/509/694 699/507/701 
f 700/734/702 534/512/703 550/735/704 
f 534/512/703 535/513/705 550/735/704 
f 670/703/706 701/736/707 554/454/708 
f 701/736/707 670/703/706 702/737/709 
f 701/736/707 702/737/709 703/738/710 
f 704/739/711 701/736/707 703/738/710 
f 700/740/712 701/736/707 704/739/711 
f 701/736/707 551/741/713 554/454/708 
f 701/736/707 700/740/712 551/741/713 
f 700/740/712 550/742/714 551/741/713 
f 553/539/715 552/537/716 527/540/715 
f 528/541/715 553/539/715 527/540/715 
f 552/537/716 526/536/715 527/540/715 
f 705/743/717 656/689/657 655/688/656 
f 656/689/657 705/743/717 706/744/718 
f 657/690/658 707/745/719 662/696/663 
f 657/690/658 656/689/657 707/745/719 
f 656/689/657 706/744/718 707/745/719 
f 662/696/663 707/745/719 708/746/720 
f 663/697/664 662/696/663 709/747/721 
f 662/696/663 708/746/720 709/747/721 
f 668/702/669 663/697/664 710/667/722 
f 663/697/664 709/747/721 710/667/722 
f 668/702/669 710/667/722 711/520/723 
f 669/452/670 668/702/669 711/520/723 
f 711/520/723 710/667/722 712/668/724 
f 710/667/722 709/747/721 713/748/725 
f 710/667/722 713/748/725 712/668/724 
f 709/747/721 714/749/726 713/748/725 
f 709/747/721 708/746/720 714/749/726 
f 708/746/720 715/750/727 714/749/726 
f 707/745/719 706/744/718 716/751/728 
f 708/746/720 716/751/728 715/750/727 
f 707/745/719 716/751/728 708/746/720 
f 706/744/718 717/752/729 716/751/728 
f 717/752/729 706/744/718 718/753/730 
f 717/752/729 718/753/730 719/754/731 
f 716/751/728 717/752/729 720/755/732 
f 716/751/728 720/755/732 715/750/727 
f 717/752/729 719/754/731 720/755/732 
f 515/729/733 695/731/733 576/756/734 
f 695/731/733 696/757/733 576/756/734 
f 691/726/735 690/724/736 721/758/735 
f 691/726/735 721/758/735 722/759/737 
f 692/463/737 691/726/735 722/759/737 
f 692/463/737 722/759/737 723/760/738 
f 693/462/738 692/463/737 723/760/738 
f 693/462/738 723/760/738 724/761/739 
f 694/461/740 693/462/738 724/761/739 
f 694/461/740 724/761/739 725/762/741 
f 685/718/741 694/461/740 725/762/741 
f 687/460/742 685/718/741 725/762/741 
f 726/763/743 687/460/742 725/762/741 
f 688/721/744 687/460/742 726/763/743 
f 688/721/744 726/763/743 727/764/745 
f 689/722/746 688/721/744 727/764/745 
f 690/724/736 689/722/746 728/765/747 
f 689/722/746 727/764/745 728/765/747 
f 690/724/736 728/765/747 721/758/735 
f 721/758/748 728/765/749 681/714/748 
f 721/758/748 681/714/748 682/715/750 
f 722/759/750 721/758/748 682/715/750 
f 722/759/750 682/715/750 683/716/751 
f 723/760/752 722/759/750 683/716/751 
f 723/760/752 683/716/751 684/717/753 
f 724/761/753 723/760/752 684/717/753 
f 724/761/753 684/717/753 678/711/754 
f 725/762/754 724/761/753 678/711/754 
f 726/763/755 725/762/754 678/711/754 
f 677/710/755 726/763/755 678/711/754 
f 726/763/755 677/710/755 679/712/756 
f 727/764/757 726/763/755 679/712/756 
f 728/765/749 680/713/758 681/714/748 
f 728/765/749 727/764/757 680/713/758 
f 727/764/757 679/712/756 680/713/758 
f 729/766/759 730/767/760 731/768/761 
f 732/769/762 729/766/759 731/768/761 
f 729/766/759 732/769/762 704/770/763 
f 732/769/762 733/771/764 704/770/763 
f 704/770/763 733/771/764 700/772/765 
f 653/773/766 700/772/765 733/771/764 
f 700/772/765 653/773/766 586/576/767 
f 534/577/767 700/772/765 586/576/767 
f 731/768/761 730/767/760 734/774/768 
f 730/767/760 735/775/769 734/774/768 
f 735/775/769 736/776/770 734/774/768 
f 736/776/770 735/775/769 737/777/771 
f 738/778/772 736/776/770 737/777/771 
f 739/779/773 734/774/768 736/776/770 
f 738/778/772 739/779/773 736/776/770 
f 739/779/773 738/778/772 592/583/774 
f 593/584/775 739/779/773 592/583/774 
f 594/589/776 740/780/777 598/590/778 
f 740/780/777 741/781/779 598/590/778 
f 741/781/779 740/780/777 737/782/771 
f 737/782/771 742/783/780 741/781/779 
f 742/783/780 743/784/781 741/781/779 
f 743/784/781 744/785/782 741/781/779 
f 744/785/782 743/784/781 745/786/783 
f 744/785/782 745/786/783 602/595/784 
f 598/590/778 741/781/779 600/593/785 
f 741/781/779 744/785/782 600/593/785 
f 600/593/785 744/785/782 602/595/784 
f 705/743/717 746/787/786 706/744/718 
f 706/744/718 746/787/786 718/753/730 
f 705/743/717 747/788/787 746/787/786 
f 705/743/717 748/789/788 747/788/787 
f 748/789/788 705/743/717 655/688/411 
f 749/790/789 748/789/788 655/688/411 
f 631/791/308 748/789/788 749/790/789 
f 748/789/788 631/791/308 747/788/787 
f 630/792/308 631/791/308 749/790/789 
f 630/792/308 749/790/789 750/793/790 
f 632/794/308 630/792/308 750/793/790 
f 632/794/308 750/793/790 751/795/791 
f 634/796/308 632/794/308 751/795/791 
f 634/796/308 751/795/791 752/797/792 
f 633/798/308 634/796/308 752/797/792 
f 633/798/308 752/797/792 753/799/793 
f 635/800/308 633/798/308 753/799/793 
f 635/800/308 753/799/793 754/555/794 
f 651/557/308 635/800/308 754/555/794 
f 651/557/308 754/555/794 755/556/795 
f 654/558/796 651/557/308 755/556/795 
f 755/556/795 754/555/794 698/486/797 
f 754/555/794 697/483/760 698/486/797 
f 754/555/794 753/799/793 697/483/760 
f 753/799/793 756/801/798 697/483/760 
f 753/799/793 752/797/792 756/801/798 
f 752/797/792 751/795/791 757/802/799 
f 752/797/792 757/802/799 756/801/798 
f 751/795/791 750/793/790 659/692/800 
f 751/795/791 659/692/800 757/802/799 
f 749/790/789 655/688/411 658/691/801 
f 750/793/790 749/790/789 658/691/801 
f 750/793/790 658/691/801 659/692/800 
f 670/703/706 669/452/802 702/737/709 
f 702/737/709 669/452/802 758/803/803 
f 702/737/709 758/803/803 759/804/804 
f 703/738/710 702/737/709 759/804/804 
f 669/452/802 711/520/805 758/803/803 
f 760/805/806 758/803/803 711/520/805 
f 760/805/806 759/804/804 758/803/803 
f 712/668/807 760/805/806 711/520/805 
f 729/806/759 761/807/808 730/808/760 
f 729/806/759 762/809/809 761/807/808 
f 762/809/809 729/806/759 763/810/810 
f 764/811/811 762/809/809 763/810/810 
f 765/812/812 762/809/809 764/811/811 
f 766/813/812 765/812/812 764/811/811 
f 735/814/813 767/815/814 742/783/780 
f 767/815/814 743/784/815 742/783/780 
f 743/784/815 767/815/814 768/816/816 
f 767/815/814 769/817/817 768/816/816 
f 730/808/760 761/807/808 735/818/769 
f 761/807/808 767/819/814 735/818/769 
f 767/819/814 761/807/808 769/820/818 
f 762/809/809 770/821/819 761/807/808 
f 761/807/808 770/821/819 769/820/818 
f 735/775/769 742/822/780 737/777/771 
f 740/823/777 738/778/772 737/777/771 
f 738/778/772 740/823/777 594/585/820 
f 592/583/774 738/778/772 594/585/820 
f 624/631/821 771/824/822 593/584/821 
f 771/824/822 739/779/617 593/584/821 
f 739/779/617 771/824/822 734/774/823 
f 771/824/822 731/768/824 734/774/823 
f 696/633/825 529/635/825 772/634/825 
f 529/635/825 579/636/825 772/634/825 
f 773/825/796 774/826/826 703/738/796 
f 774/826/826 704/739/763 703/738/796 
f 729/806/759 704/739/763 775/827/827 
f 704/739/763 774/826/826 775/827/827 
f 729/806/759 775/827/827 763/810/810 
f 636/561/828 637/560/829 776/559/830 
f 636/561/828 776/559/830 675/487/831 
f 776/559/830 777/556/832 698/486/833 
f 637/560/829 654/558/193 776/559/830 
f 654/558/193 777/556/832 776/559/830 
f 631/791/308 778/828/388 747/788/787 
f 747/788/787 779/829/834 746/787/786 
f 747/788/787 778/828/388 779/829/834 
f 746/787/786 779/829/834 718/753/730 
f 718/753/730 779/829/834 780/830/835 
f 718/753/730 780/830/835 719/754/731 
f 778/828/388 781/831/836 779/829/834 
f 779/829/834 781/831/836 780/830/835 
f 781/831/836 782/832/837 780/830/835 
f 763/666/838 773/665/839 764/833/838 
f 773/665/839 766/834/839 764/833/838 
f 528/493/840 555/528/840 553/526/840 
f 743/784/781 768/816/841 745/786/783 
f 660/693/661 757/802/657 659/692/660 
f 660/693/661 697/483/697 757/802/657 
f 697/483/697 756/801/796 757/802/657 
f 777/556/842 755/556/842 698/486/843 
f 654/558/844 755/556/842 777/556/842 
f 675/487/845 776/559/845 698/486/845 
f 773/825/846 703/738/847 766/813/846 
f 703/738/847 759/804/846 766/813/846 
f 766/813/846 759/804/846 765/812/846 
f 636/652/848 675/835/848 575/653/848 
f 675/835/848 100/836/848 575/653/848 
f 675/835/849 673/837/849 100/836/849 
f 673/837/849 45/838/849 100/836/849 
f 783/839/850 784/840/851 785/841/852 
f 786/842/853 784/840/851 783/839/850 
f 787/843/853 786/842/853 783/839/850 
f 788/844/854 786/842/853 787/843/853 
f 789/845/854 788/844/854 787/843/853 
f 790/846/855 788/844/854 789/845/854 
f 791/847/855 790/846/855 789/845/854 
f 792/848/856 790/846/855 791/847/855 
f 793/849/857 792/848/856 791/847/855 
f 792/848/856 793/849/857 794/850/858 
f 795/851/859 792/848/856 794/850/858 
f 796/852/860 795/851/859 794/850/858 
f 797/853/861 795/851/859 796/852/860 
f 798/854/862 797/853/861 796/852/860 
f 798/854/862 799/855/863 797/853/861 
f 785/841/852 799/855/863 798/854/862 
f 784/840/851 799/855/863 785/841/852 
f 784/856/864 800/857/147 799/858/865 
f 786/859/866 800/857/147 784/856/864 
f 788/860/103 800/857/147 786/859/866 
f 790/861/867 800/857/147 788/860/103 
f 792/862/868 800/857/147 790/861/867 
f 800/857/147 792/862/868 795/863/869 
f 799/858/865 800/857/147 797/864/870 
f 797/864/870 800/857/147 795/863/869 
f 502/865/871 783/866/872 503/867/873 
f 787/868/874 783/866/872 502/865/871 
f 501/869/874 787/868/874 502/865/871 
f 783/866/872 785/870/873 503/867/873 
f 504/871/875 798/872/875 505/873/876 
f 785/870/877 798/872/875 504/871/875 
f 503/867/877 785/870/877 504/871/875 
f 798/872/875 796/874/876 505/873/876 
f 505/873/878 796/874/878 498/875/878 
f 796/874/878 794/876/878 498/875/878 
f 496/877/879 793/878/879 499/879/880 
f 794/876/881 793/878/879 496/877/879 
f 498/875/881 794/876/881 496/877/879 
f 793/878/879 791/880/880 499/879/880 
f 499/879/882 791/880/882 500/881/882 
f 791/880/882 789/882/882 500/881/882 
f 500/881/883 789/882/884 501/869/884 
f 789/882/884 787/868/884 501/869/884 
f 627/665/885 616/666/886 619/834/886 
f 616/666/886 617/833/886 619/834/886 
f 774/663/811 773/665/811 775/664/811 
f 773/665/811 763/666/811 775/664/811 
f 122/883/887 121/884/887 139/885/887 
f 121/884/887 140/886/887 139/885/887 
f 115/883/888 132/885/888 114/884/888 
f 132/885/888 133/886/888 114/884/888 
f 801/887/889 802/888/450 803/889/890 
f 802/888/450 801/887/889 804/890/891 
f 805/891/892 802/888/450 804/890/891 
f 805/891/892 804/890/891 806/887/893 
f 807/888/511 805/891/892 806/887/893 
f 808/892/507 806/887/893 804/890/891 
f 809/893/894 808/892/507 804/890/891 
f 810/894/514 808/892/507 809/893/894 
f 811/895/895 810/894/514 809/893/894 
f 810/894/514 811/895/895 812/896/147 
f 810/894/514 812/896/147 813/897/896 
f 814/898/897 810/894/514 813/897/896 
f 808/892/507 810/894/514 814/898/897 
f 815/894/898 814/898/897 813/897/896 
f 815/894/898 811/895/895 809/893/894 
f 816/896/899 815/894/898 813/897/896 
f 811/895/895 817/899/900 812/896/147 
f 811/895/895 815/894/898 817/899/900 
f 815/894/898 816/896/899 817/899/900 
f 818/900/510 812/896/147 817/899/900 
f 819/901/900 818/900/510 817/899/900 
f 818/900/510 819/901/900 820/902/901 
f 818/900/510 820/902/901 821/903/902 
f 812/896/147 818/900/510 822/904/871 
f 816/896/899 813/897/896 822/904/871 
f 813/897/896 812/896/147 822/904/871 
f 822/904/871 818/900/510 821/903/902 
f 823/900/903 819/901/900 817/899/900 
f 823/900/903 816/896/899 822/904/871 
f 816/896/899 823/900/903 817/899/900 
f 823/900/903 822/904/871 821/903/902 
f 824/902/904 823/900/903 821/903/902 
f 823/900/903 824/902/904 825/905/839 
f 819/901/900 823/900/903 825/905/839 
f 819/901/900 825/905/839 820/902/901 
f 826/906/905 820/902/901 825/905/839 
f 827/907/661 826/906/905 825/905/839 
f 828/908/901 826/906/905 827/907/661 
f 829/909/906 828/908/901 827/907/661 
f 828/908/901 829/909/906 830/910/907 
f 831/911/148 828/908/901 830/910/907 
f 832/912/511 831/911/148 830/910/907 
f 833/913/907 832/912/511 830/910/907 
f 802/888/450 834/914/908 803/889/890 
f 835/915/909 808/892/507 814/898/897 
f 801/887/889 803/889/890 835/915/909 
f 836/892/910 835/915/909 814/898/897 
f 815/894/898 836/892/910 814/898/897 
f 836/892/910 815/894/898 809/893/894 
f 836/892/910 801/887/889 835/915/909 
f 836/892/910 809/893/894 804/890/891 
f 801/887/889 836/892/910 804/890/891 
f 806/887/911 808/892/507 835/915/909 
f 803/889/912 806/887/911 835/915/909 
f 807/888/510 806/887/911 803/889/912 
f 834/914/908 807/888/510 803/889/912 
f 837/908/904 829/909/906 827/907/661 
f 838/911/889 837/908/904 839/916/135 
f 837/908/904 838/911/889 830/910/907 
f 829/909/906 837/908/904 830/910/907 
f 840/906/913 827/907/661 825/905/839 
f 824/902/904 840/906/913 825/905/839 
f 840/906/913 837/908/904 827/907/661 
f 821/903/902 820/902/901 841/917/914 
f 824/902/904 821/903/902 841/917/914 
f 820/902/901 826/906/905 841/917/914 
f 840/906/913 824/902/904 841/917/914 
f 842/918/877 828/908/901 839/916/135 
f 837/908/904 842/918/877 839/916/135 
f 837/908/904 840/906/913 842/918/877 
f 826/906/905 828/908/901 842/918/877 
f 841/917/914 826/906/905 842/918/877 
f 840/906/913 841/917/914 842/918/877 
f 843/912/899 838/911/889 839/916/135 
f 843/912/899 833/913/915 838/911/889 
f 833/913/915 830/910/907 838/911/889 
f 844/919/876 843/912/899 839/916/135 
f 844/919/876 839/916/135 831/911/148 
f 828/908/901 831/911/148 839/916/135 
f 832/912/147 844/919/876 831/911/148 
f 845/920/147 846/921/147 847/922/147 
f 846/921/147 848/923/147 847/922/147 
f 846/921/133 849/924/135 848/923/133 
f 849/924/135 850/925/135 848/923/133 
f 849/926/450 851/927/450 850/928/450 
f 851/927/450 852/929/450 850/928/450 
f 851/930/142 845/920/142 852/931/142 
f 845/920/142 847/922/142 852/931/142 
f 847/922/916 848/923/916 852/931/916 
f 848/923/916 850/925/916 852/931/916 
f 851/930/917 849/924/917 845/920/917 
f 849/924/917 846/921/917 845/920/917 
f 853/887/918 854/889/919 855/888/450 
f 856/890/920 853/887/918 855/888/450 
f 853/887/918 856/890/920 857/892/910 
f 857/892/910 858/915/921 853/887/918 
f 858/915/921 854/889/919 853/887/918 
f 859/898/922 858/915/921 857/892/910 
f 860/894/923 859/898/922 857/892/910 
f 861/897/924 859/898/922 860/894/923 
f 862/896/450 861/897/924 860/894/923 
f 863/899/925 862/896/450 860/894/923 
f 862/896/450 863/899/925 864/900/926 
f 865/904/927 861/897/924 862/896/450 
f 864/900/926 865/904/927 862/896/450 
f 866/903/928 865/904/927 864/900/926 
f 867/902/904 866/903/928 864/900/926 
f 868/905/655 867/902/904 864/900/926 
f 867/902/904 868/905/655 869/906/929 
f 870/917/881 866/903/928 867/902/904 
f 869/906/929 870/917/881 867/902/904 
f 871/918/930 870/917/881 869/906/929 
f 872/908/904 871/918/930 869/906/929 
f 873/916/133 871/918/930 872/908/904 
f 874/911/918 873/916/133 872/908/904 
f 875/910/931 874/911/918 872/908/904 
f 874/911/918 875/910/931 876/913/932 
f 877/912/450 874/911/918 876/913/932 
f 873/916/133 874/911/918 877/912/450 
f 878/919/933 873/916/133 877/912/450 
f 879/911/149 873/916/133 878/919/933 
f 880/912/511 879/911/149 878/919/933 
f 871/918/930 873/916/133 881/908/901 
f 873/916/133 879/911/149 881/908/901 
f 871/918/930 881/908/901 882/906/934 
f 870/917/881 871/918/930 882/906/934 
f 868/905/655 883/902/935 882/906/934 
f 866/903/928 870/917/881 883/902/935 
f 870/917/881 882/906/934 883/902/935 
f 866/903/928 883/902/935 884/900/510 
f 865/904/927 866/903/928 884/900/510 
f 863/899/925 885/896/147 884/900/510 
f 861/897/924 865/904/927 885/896/147 
f 865/904/927 884/900/510 885/896/147 
f 859/898/922 861/897/924 886/894/506 
f 861/897/924 885/896/147 886/894/506 
f 859/898/922 886/894/506 887/892/507 
f 858/915/921 859/898/922 887/892/507 
f 854/889/919 858/915/936 888/887/937 
f 854/889/919 888/887/937 889/888/509 
f 890/914/938 854/889/919 889/888/509 
f 854/889/919 890/914/938 855/888/450 
f 891/891/939 856/890/920 855/888/450 
f 856/890/920 888/887/940 887/892/507 
f 888/887/940 856/890/920 891/891/939 
f 889/888/147 888/887/940 891/891/939 
f 856/890/920 892/893/941 857/892/910 
f 892/893/941 856/890/920 887/892/507 
f 857/892/910 892/893/941 860/894/923 
f 892/893/941 887/892/507 886/894/506 
f 892/893/941 893/895/942 860/894/923 
f 893/895/942 892/893/941 886/894/506 
f 885/896/147 863/899/925 893/895/942 
f 886/894/506 885/896/147 893/895/942 
f 893/895/942 863/899/925 860/894/923 
f 863/899/925 894/901/943 864/900/926 
f 894/901/943 868/905/655 864/900/926 
f 883/902/935 868/905/655 894/901/943 
f 884/900/510 883/902/935 894/901/943 
f 894/901/943 863/899/925 884/900/510 
f 895/907/944 868/905/655 882/906/934 
f 895/907/944 882/906/934 881/908/901 
f 868/905/655 895/907/944 869/906/929 
f 869/906/929 895/907/944 872/908/904 
f 896/909/945 875/910/931 872/908/904 
f 896/909/945 895/907/944 881/908/901 
f 895/907/944 896/909/945 872/908/904 
f 875/910/931 896/909/945 881/908/901 
f 879/911/946 875/910/931 881/908/901 
f 875/910/931 879/911/946 880/912/147 
f 876/913/931 875/910/931 880/912/147 
f 858/915/936 887/892/507 888/887/937 
f 897/920/147 898/922/147 899/921/147 
f 898/922/147 900/923/147 899/921/147 
f 899/921/947 900/923/947 901/924/947 
f 900/923/947 902/925/947 901/924/947 
f 901/926/450 902/928/450 903/927/450 
f 902/928/450 904/929/450 903/927/450 
f 903/930/948 904/931/948 897/920/948 
f 904/931/948 898/922/948 897/920/948 
f 898/922/949 904/931/949 900/923/949 
f 904/931/949 902/925/949 900/923/949 
f 903/930/950 897/920/950 901/924/467 
f 897/920/950 899/921/467 901/924/467 
f 583/932/951 652/682/952 581/933/953 
f 584/685/954 652/682/952 583/932/951 
f 625/934/955 652/682/956 624/935/957 
f 581/933/957 652/682/956 625/934/955 
f 732/936/958 731/937/959 652/682/960 
f 733/938/961 732/936/958 652/682/960 
f 653/684/962 733/938/962 652/682/962 
f 771/939/963 624/935/964 652/682/965 
f 731/937/964 771/939/963 652/682/965 
f 905/940/966 906/941/966 907/942/966 
f 908/943/966 905/940/966 907/942/966 
f 909/944/967 910/945/967 911/946/967 
f 910/945/967 912/947/967 911/946/967 
f 913/943/967 914/942/967 905/940/967 
f 914/942/967 906/941/967 905/940/967 
f 911/946/968 912/947/968 913/943/968 
f 912/947/968 914/942/968 913/943/968 
f 915/944/967 916/946/967 917/945/967 
f 916/946/967 918/947/967 917/945/967 
f 916/946/969 908/943/969 918/947/969 
f 908/943/969 907/942/969 918/947/969 
# 1456 faces

#
# object mesh_0_
#

v  4.7171 12.1555 -4.4341
v  4.6108 12.3941 -4.4204
v  3.3255 10.3666 -9.4394
v  3.5192 10.5955 -9.4274
v  4.9108 12.3845 -4.4221
v  3.2192 10.6051 -9.4257
v  0.7831 9.8414 -14.9395
v  0.9768 10.0703 -14.9276
v  0.6769 10.0799 -14.9258
v  -0.6278 11.1419 -20.8348
v  -0.4262 11.3562 -20.8938
v  -0.7182 11.3512 -20.9629
v  -7.6658 12.1555 -4.4341
v  -7.7721 12.3941 -4.4204
v  -4.7566 9.8501 -10.6856
v  -4.5629 10.0791 -10.6736
v  -7.4721 12.3845 -4.4221
v  -4.8629 10.0887 -10.6718
v  -2.7813 10.0609 -15.5995
v  -2.5876 10.2898 -15.5875
v  -2.8875 10.2993 -15.5858
v  -0.8708 11.1419 -20.8348
v  -0.6691 11.3562 -20.8938
v  -0.9611 11.3512 -20.9629
v  -0.9561 12.6744 -4.4099
v  -0.9561 12.9355 -4.3952
v  -0.9561 11.8844 -10.6657
v  -0.6859 12.0149 -10.6584
v  -0.6859 12.8049 -4.4026
v  -0.9561 12.1454 -10.6509
v  -0.9561 11.7843 -16.9594
v  -0.6859 11.9148 -16.9521
v  -0.9561 12.0453 -16.9447
v  -0.9560 12.0191 -22.2588
v  -0.6859 12.1334 -22.3224
v  -0.9560 12.2476 -22.3860
v  -0.6859 11.3216 -22.7661
v  -0.9560 11.2046 -22.7078
v  -1.0901 11.3546 -3.5974
v  -1.0901 10.9384 -4.3183
v  -0.6419 11.3546 -3.5974
v  -0.6419 10.9384 -4.3183
v  -1.0901 12.1870 -5.0392
v  -1.0901 12.1870 -3.5974
v  -1.0901 12.6032 -4.3183
v  -1.0901 11.3546 -5.0392
v  -1.0901 12.1870 -2.5382
v  -1.0901 11.3546 -2.5382
v  -0.6419 12.1870 -3.5974
v  -0.6419 12.1870 -5.0392
v  -0.6419 12.6032 -4.3183
v  -0.6419 11.3546 -5.0392
v  -0.6419 11.3546 -2.5382
v  -0.6419 12.1870 -2.5382
v  7.0665 -0.9313 -12.4678
v  -8.7985 -0.9313 -12.4678
v  7.0665 -2.5658 -12.9058
v  -8.7985 0.2653 -11.2712
v  7.0665 0.2653 -11.2712
v  -8.7985 0.7033 -9.6367
v  7.0665 0.7033 -9.6367
v  -8.7985 -2.5658 -12.9058
v  -8.1974 -2.2324 -1.3250
v  -7.9328 -2.2309 -0.8683
v  -8.1977 6.1314 -1.3306
v  -8.1977 -2.5569 -1.3160
v  -7.9324 -2.5582 -0.8682
v  -7.9328 6.1314 -0.8683
v  -8.1977 6.1312 -2.4961
v  -8.1968 -2.2352 -2.4801
v  -8.1952 -2.2352 -6.0736
v  -8.1977 6.1312 -4.8392
v  -8.1919 -0.7306 -6.5212
v  -8.1977 2.4514 -6.3404
v  -8.1977 5.7769 -5.8347
v  -8.1977 4.2047 -7.0185
v  -8.1977 4.2016 -14.2903
v  -8.1977 1.9526 -14.4556
v  -8.1977 3.5114 -15.9930
v  -8.1977 1.9550 -17.0254
v  -8.1977 -2.2334 -17.0254
v  -8.1977 -2.2317 -14.4556
v  -8.1906 -0.7714 -12.8128
v  -8.1914 0.5859 -11.4986
v  -8.1913 1.0616 -9.6489
v  -8.1912 0.5744 -7.7672
v  -7.4415 6.1314 -1.4182
v  -0.8660 6.1314 -1.4179
v  -0.8660 6.1314 -0.7058
v  6.2008 6.1314 -0.8683
v  5.7095 6.1314 -1.4182
v  6.4656 6.1314 -1.3306
v  5.7093 6.1312 -4.8392
v  6.4656 6.1312 -4.8392
v  6.4656 5.7769 -5.8347
v  5.7093 5.7757 -5.8347
v  -7.4413 6.1312 -4.8392
v  -7.4416 6.1312 -2.5809
v  -7.4413 5.7757 -5.8347
v  -7.4413 4.2016 -7.0185
v  -7.4413 4.2016 -14.2644
v  -8.1909 -2.2144 -13.3099
v  -8.8036 -2.2352 -6.0736
v  -8.8002 -0.7306 -6.5212
v  -8.8060 -2.5569 -6.3404
v  -8.8052 -2.2352 -2.6594
v  -8.8060 -2.5569 -2.6336
v  -8.5713 -2.5569 -2.4542
v  -8.5675 -2.2352 -2.4801
v  -8.1977 -2.5569 -2.4542
v  -8.7985 -0.9313 -6.8055
v  -8.7996 0.5744 -7.7672
v  -8.7985 0.2653 -8.0021
v  -8.7996 1.0616 -9.6489
v  -8.7998 0.5859 -11.4986
v  -8.7989 -0.7714 -12.8128
v  -8.7993 -2.2144 -13.3099
v  -8.8060 -2.5569 -14.4556
v  -8.8060 -2.2317 -14.4556
v  -8.8060 -2.5569 -16.5956
v  -8.8060 -2.2334 -16.5956
v  -0.8660 -2.2266 -0.7058
v  -0.8660 -2.5742 -0.7058
v  -6.2724 11.5588 -1.5214
v  -6.2724 12.4764 -1.5214
v  -7.4598 11.9132 -1.5214
v  -0.8660 11.5884 -1.5214
v  -0.8660 12.4764 -1.5214
v  4.5404 12.4764 -1.5214
v  4.5404 11.5588 -1.5214
v  -0.8660 10.9465 -1.5214
v  -6.2724 10.8917 -1.5214
v  -7.4598 10.8917 -1.5214
v  -7.4598 0.2655 -1.5214
v  -6.2724 0.2655 -1.5214
v  -7.4598 12.4251 -1.5214
v  -7.4598 11.2044 -1.5214
v  -6.2724 12.4764 -2.7029
v  -7.4598 12.4251 -2.7029
v  -8.8162 12.3376 -2.4562
v  -8.8162 12.3376 -1.7681
v  -8.8162 11.9132 -1.7681
v  -8.8162 11.9132 -2.4562
v  -6.2724 0.2655 -2.6719
v  -6.2724 10.8917 -2.7029
v  -7.4598 0.2655 -2.6719
v  -7.4598 10.8917 -2.7029
v  -0.8660 12.4764 -2.7029
v  4.5404 12.4764 -2.7029
v  -7.4598 11.2044 -2.7029
v  -7.4598 11.9132 -2.7029
v  -8.8162 10.8917 -1.7681
v  -8.8162 11.2044 -1.7681
v  -8.8162 10.8917 -2.4562
v  -8.8162 11.2044 -2.4562
v  -6.3788 3.1213 -9.4246
v  -6.3788 8.9737 -2.5719
v  -7.3161 3.1213 -9.4246
v  -7.3161 8.9737 -2.5719
v  -7.3161 3.6492 -10.7956
v  -7.3161 10.8581 -2.5800
v  -6.3788 3.6492 -10.7956
v  -6.3788 10.8581 -2.5800
v  -8.3476 -1.0556 -16.4952
v  -8.5530 -1.1318 -16.4190
v  -8.3476 -0.8953 -16.1083
v  -8.5530 -1.0031 -16.1083
v  -8.5530 -1.1318 -15.7976
v  -8.3476 -1.0556 -15.7214
v  -8.3476 -1.4425 -15.5612
v  -8.5530 -1.4425 -15.6689
v  -8.5530 -1.4425 -16.5478
v  -8.5530 -1.7533 -15.7976
v  -8.3476 -1.8294 -15.7214
v  -8.3476 -1.9897 -16.1083
v  -8.5530 -1.8820 -16.1083
v  -8.5530 -1.7533 -16.4190
v  -8.3476 -1.8294 -16.4952
v  6.6156 -1.0556 -16.4952
v  6.6156 -0.8953 -16.1083
v  6.8209 -1.1318 -16.4190
v  6.8209 -1.0031 -16.1083
v  6.6156 -1.0556 -15.7214
v  6.8209 -1.1318 -15.7976
v  6.6156 -1.4425 -15.5612
v  6.8209 -1.4425 -15.6689
v  6.6156 -1.8294 -15.7214
v  6.8209 -1.7533 -15.7976
v  6.6156 -1.9897 -16.1083
v  6.8209 -1.8820 -16.1083
v  6.6156 -1.8294 -16.4952
v  6.8209 -1.7533 -16.4190
v  6.8209 -1.4425 -16.5478
v  4.6468 3.1213 -9.4246
v  5.5841 3.1213 -9.4246
v  4.6468 8.9737 -2.5719
v  5.5841 8.9737 -2.5719
v  5.5841 3.6492 -10.7956
v  5.5841 10.8581 -2.5800
v  4.6468 3.6492 -10.7956
v  4.6468 10.8581 -2.5800
v  5.7278 11.9132 -1.5214
v  5.7278 11.2044 -1.5214
v  5.7278 10.8917 -1.5214
v  4.5404 10.8917 -1.5214
v  5.7278 0.2655 -1.5214
v  4.5404 0.2655 -1.5214
v  5.7278 12.4251 -1.5214
v  5.7278 12.4251 -2.7029
v  7.0842 12.3376 -2.4562
v  7.0842 12.3376 -1.7681
v  7.0842 11.9132 -1.7681
v  7.0842 11.9132 -2.4562
v  4.5404 0.2655 -2.6719
v  4.5404 10.8917 -2.7029
v  5.7278 0.2655 -2.6719
v  5.7278 10.8917 -2.7029
v  5.7278 11.2044 -2.7029
v  5.7278 11.9132 -2.7029
v  7.0842 10.8917 -1.7681
v  7.0842 10.8917 -2.4562
v  7.0842 11.2044 -1.7681
v  7.0842 11.2044 -2.4562
v  6.4653 -2.2324 -1.3250
v  6.2008 -2.2309 -0.8683
v  6.4656 -2.5569 -1.3160
v  6.2004 -2.5582 -0.8682
v  6.4656 -2.5569 -2.4542
v  6.4648 -2.2352 -2.4801
v  6.4632 -2.2352 -6.0736
v  6.4599 -0.7306 -6.5212
v  6.4656 2.4514 -6.3404
v  6.4656 4.2047 -7.0185
v  6.4656 4.2016 -14.2903
v  6.4656 1.9526 -14.4556
v  6.4594 0.5859 -11.4986
v  6.4585 -0.7714 -12.8128
v  6.4656 -2.2317 -14.4556
v  6.4656 -2.2334 -17.0254
v  6.4656 1.9550 -17.0254
v  6.4656 3.5114 -15.9930
v  5.7093 4.2016 -7.0185
v  5.7093 4.2016 -14.2644
v  6.4588 -2.2144 -13.3099
v  6.4593 1.0616 -9.6489
v  6.4592 0.5744 -7.7672
v  7.0716 -2.2352 -6.0736
v  7.0740 -2.5569 -6.3404
v  7.0682 -0.7306 -6.5212
v  7.0732 -2.2352 -2.6594
v  7.0740 -2.5569 -2.6336
v  6.8392 -2.5569 -2.4542
v  6.8355 -2.2352 -2.4801
v  7.0665 -0.9313 -6.8055
v  7.0675 0.5744 -7.7672
v  7.0665 0.2653 -8.0021
v  7.0676 1.0616 -9.6489
v  7.0678 0.5859 -11.4986
v  7.0669 -0.7714 -12.8128
v  7.0672 -2.2144 -13.3099
v  7.0740 -2.5569 -14.4556
v  7.0740 -2.2317 -14.4556
v  7.0740 -2.5569 -16.5956
v  7.0740 -2.2334 -16.5956
v  -8.1977 -2.5569 -17.0254
v  6.4656 -2.5569 -17.0254
v  4.7297 12.0846 -3.5190
v  4.7975 11.9445 -3.7893
v  1.7279 3.1728 -2.0019
v  1.9748 3.2898 -2.1526
v  5.0104 12.1242 -3.6490
v  1.7279 3.1873 -2.3135
v  -7.6532 12.0846 -3.5190
v  -7.5854 11.9445 -3.7893
v  -3.7250 3.1728 -2.0019
v  -3.4782 3.2898 -2.1526
v  -7.3725 12.1242 -3.6490
v  -3.7250 3.1873 -2.3135
v  -0.9561 12.6008 -3.4949
v  -0.9561 12.4463 -3.7660
v  -0.9561 2.8557 -2.0166
v  -0.6859 2.8630 -2.1724
v  -0.6859 12.5236 -3.6305
v  -0.9561 2.8702 -2.3282
v  -7.0783 -3.1535 -9.3082
v  -2.6451 -3.3873 -9.3082
v  -7.0783 -2.6545 -9.3082
v  -0.8660 -2.4835 -9.3082
v  0.9131 -3.3873 -9.3082
v  -0.0130 -4.2795 -9.3082
v  -1.7190 -4.2795 -9.3082
v  5.3463 -3.1535 -9.3082
v  5.3463 -2.6545 -9.3082
v  -0.8660 12.5813 -0.5559
v  -0.8660 12.7401 -0.6692
v  -1.6805 12.5813 -0.8877
v  -1.5993 12.7401 -0.9679
v  -2.0166 12.5813 -1.6888
v  -1.9018 12.7401 -1.6888
v  -1.6805 12.5813 -2.4900
v  -1.5993 12.7401 -2.4098
v  -1.6765 13.9657 -1.6888
v  -1.6033 14.0511 -1.6888
v  -1.4400 13.9657 -2.2525
v  -1.3882 14.0511 -1.1762
v  -1.4400 13.9657 -1.1251
v  -0.8660 14.0511 -0.9639
v  -0.8660 13.9657 -0.8916
v  -1.3882 14.0511 -2.2014
v  -0.0516 12.5813 -0.8877
v  -0.1328 12.7401 -0.9679
v  0.2846 12.5813 -1.6888
v  0.1697 12.7401 -1.6888
v  -0.0516 12.5813 -2.4900
v  -0.1328 12.7401 -2.4098
v  -0.0556 13.9657 -1.6888
v  -0.2921 13.9657 -2.2525
v  -0.1287 14.0511 -1.6888
v  -0.3438 14.0511 -1.1762
v  -0.2921 13.9657 -1.1251
v  -0.3438 14.0511 -2.2014
v  -0.7259 1.5774 -4.2973
v  -1.2968 1.0951 -4.6543
v  -0.7214 6.3274 -12.7569
v  0.1944 7.1709 -12.3094
v  -0.1689 2.0478 -3.9491
v  -0.4247 11.3755 -21.1256
v  -0.7290 11.1184 -21.3159
v  -1.6601 5.4625 -13.2159
v  -1.0410 10.8549 -21.5110
v  -0.7492 1.5853 -4.2915
v  -1.2968 2.0478 -3.9491
v  -0.7597 6.3415 -12.7494
v  0.1944 5.4625 -13.2159
v  -0.1689 1.0951 -4.6543
v  -0.4247 10.8549 -21.5110
v  -0.7418 11.1227 -21.3127
v  -1.6601 7.1709 -12.3094
v  -1.0410 11.3755 -21.1256
v  -1.1992 11.3199 -22.6081
v  -1.1992 12.0214 -22.1600
v  -0.7511 11.3199 -22.6081
v  -0.7511 12.0214 -22.1600
v  -1.1992 11.9840 -21.3285
v  -0.7511 11.9840 -21.3285
v  -1.1992 11.2452 -20.9450
v  -0.7511 11.2452 -20.9450
v  -1.1992 10.5437 -21.3932
v  -1.1992 10.5811 -22.2248
v  -0.7511 10.5437 -21.3932
v  -0.7511 10.5811 -22.2248
# 351 vertices

vn -0.1249 -0.9915 0.0371
vn -0.8319 0.5306 0.1621
vn -0.0746 -0.9656 0.2491
vn 0.8458 0.3658 -0.3885
vn 0.9122 0.3688 -0.1786
vn -0.8011 0.5741 0.1695
vn -0.1503 -0.9885 -0.0179
vn 0.8598 0.4207 -0.2894
vn -0.7814 0.5487 0.2971
vn -0.2130 -0.9638 -0.1606
vn 0.8942 0.4299 -0.1249
vn -0.8003 0.5202 0.2982
vn -0.2107 -0.9768 -0.0388
vn -0.8360 0.5288 -0.1465
vn -0.1875 -0.9796 0.0720
vn 0.8494 0.4377 0.2949
vn 0.8900 0.4390 0.1234
vn -0.7452 0.5309 -0.4035
vn -0.0893 -0.9832 -0.1590
vn 0.8428 0.3939 0.3667
vn -0.7925 0.5609 -0.2395
vn -0.0529 -0.9751 -0.2156
vn 0.8438 0.3810 0.3780
vn -0.8239 0.5326 -0.1935
vn -0.5490 -0.8307 -0.0926
vn -0.5492 0.8302 0.0957
vn -0.5334 -0.8438 0.0599
vn 1.0000 0.0000 -0.0000
vn 1.0000 -0.0000 0.0000
vn -0.5334 0.8437 -0.0599
vn -0.5379 -0.8430 -0.0114
vn -0.5378 0.8430 0.0098
vn -0.6142 -0.6856 0.3908
vn -0.6051 0.6944 -0.3894
vn 0.9968 -0.0029 0.0802
vn -0.6084 -0.1919 0.7700
vn 0.0000 -0.8660 0.5000
vn -1.0000 0.0000 -0.0000
vn 0.0000 -1.0000 0.0000
vn 0.0000 1.0000 -0.0000
vn 0.0000 -0.5000 0.8660
vn 0.0000 -0.2588 0.9659
vn 0.0000 -0.9659 0.2588
vn -0.9656 0.0023 0.2600
vn -0.5088 0.0021 0.8609
vn -0.9656 0.0022 0.2600
vn -0.5087 0.0021 0.8609
vn -1.0000 -0.0001 -0.0001
vn -1.0000 -0.0000 0.0000
vn -1.0000 0.0000 0.0000
vn -1.0000 -0.0003 0.0001
vn -1.0000 -0.0000 -0.0000
vn 0.0001 1.0000 -0.0001
vn 0.0000 1.0000 -0.0001
vn -0.0001 1.0000 -0.0001
vn -0.0000 1.0000 -0.0001
vn 0.0002 0.9854 -0.1704
vn 0.0000 0.9854 -0.1702
vn 0.0007 0.9419 -0.3359
vn -0.0000 0.9854 -0.1702
vn 0.0003 0.9854 -0.1704
vn 0.0009 0.9419 -0.3360
vn -0.0000 1.0000 -0.0000
vn 0.0003 1.0000 -0.0000
vn -0.8953 0.0409 0.4436
vn -0.3182 0.0782 0.9448
vn 0.0000 0.0801 0.9968
vn -1.0000 -0.0001 0.0001
vn 0.0000 0.5020 0.8649
vn 0.0000 0.5019 0.8649
vn 0.0000 0.2852 0.9585
vn 0.0000 0.8623 0.5064
vn 0.0000 0.8623 0.5063
vn 0.0000 1.0000 0.0000
vn 0.0000 0.9685 -0.2491
vn 0.0000 0.9999 -0.0150
vn -0.0000 1.0000 0.0000
vn -0.0230 0.0000 0.9997
vn -0.5088 0.0020 0.8609
vn 0.0000 0.0000 1.0000
vn -0.0000 0.0000 1.0000
vn -0.0432 0.9991 -0.0000
vn -0.0538 0.9986 -0.0000
vn -0.0536 0.9986 -0.0000
vn -0.0644 0.9979 -0.0000
vn -0.1790 0.0000 0.9839
vn -0.0000 1.0000 0.0001
vn -0.0001 1.0000 0.0001
vn 0.0000 -0.7604 0.6494
vn -0.4362 0.8314 -0.3443
vn -0.8474 0.4905 -0.2032
vn -0.4646 0.8855 -0.0000
vn -0.7477 0.6640 -0.0000
vn -0.8655 0.3542 0.3542
vn -0.4646 0.6261 0.6262
vn -0.4647 -0.0000 0.8855
vn -0.8655 -0.0000 0.5009
vn -0.8655 -0.3542 0.3542
vn -0.4646 -0.6261 0.6262
vn -0.4646 -0.8855 0.0000
vn -0.7478 -0.6640 0.0000
vn -0.8474 -0.4905 -0.2032
vn -0.4362 -0.8314 -0.3443
vn 0.4362 0.8314 -0.3443
vn 0.4646 0.8855 -0.0000
vn 0.8474 0.4905 -0.2032
vn 0.7477 0.6640 -0.0000
vn 0.4646 0.6261 0.6262
vn 0.8655 0.3542 0.3542
vn 0.4647 -0.0000 0.8855
vn 0.8655 0.0000 0.5009
vn 0.4646 -0.6261 0.6262
vn 0.8655 -0.3542 0.3542
vn 0.4646 -0.8855 0.0000
vn 0.7478 -0.6640 0.0000
vn 0.4362 -0.8314 -0.3443
vn 0.8474 -0.4905 -0.2032
vn 0.0432 0.9991 -0.0000
vn 0.0538 0.9986 -0.0000
vn 0.0536 0.9986 -0.0000
vn 0.0644 0.9979 -0.0000
vn 0.1790 0.0000 0.9839
vn 0.0000 1.0000 0.0001
vn 0.0001 1.0000 0.0001
vn 0.9656 0.0023 0.2599
vn 0.5103 0.0001 0.8600
vn 1.0000 0.0000 0.0000
vn 1.0000 -0.0000 -0.0000
vn -0.0003 1.0000 -0.0000
vn 0.8953 0.0409 0.4436
vn 0.3182 0.0782 0.9448
vn 1.0000 -0.0001 0.0001
vn 0.0000 0.5017 0.8650
vn 0.0230 0.0000 0.9997
vn 0.5104 0.0001 0.8600
vn 0.5104 -0.0000 0.8600
vn 0.5104 0.0002 0.8600
vn 0.0230 0.0003 0.9997
vn -0.0000 -1.0000 0.0000
vn 0.0000 -1.0000 -0.0000
vn -0.7217 0.4379 0.5361
vn -0.2857 -0.6475 -0.7065
vn -0.5228 0.3160 0.7917
vn 0.9403 -0.2941 0.1710
vn 0.9927 -0.0106 0.1197
vn -0.3201 -0.0524 -0.9459
vn -0.7561 0.2366 0.6102
vn -0.3101 -0.7122 -0.6298
vn -0.5327 -0.0919 0.8413
vn 0.9141 0.4049 0.0224
vn 0.9141 0.4050 0.0224
vn -0.3961 -0.3200 -0.8606
vn -0.5832 0.5207 0.6234
vn -0.5844 -0.5224 -0.6209
vn -0.5082 0.1289 0.8516
vn -0.5081 -0.1282 -0.8517
vn -0.3148 0.5515 0.7725
vn -0.3148 0.5514 0.7726
vn -0.5709 0.5836 0.5774
vn -0.5708 0.5836 0.5775
vn -0.8103 0.5860 -0.0000
vn -0.7672 0.5548 -0.3219
vn -0.9008 0.4341 -0.0000
vn -0.7593 0.6508 -0.0000
vn -0.8427 0.4061 -0.3535
vn -0.5350 0.6482 0.5418
vn -0.6342 0.4322 0.6411
vn -0.2967 0.6163 0.7295
vn -0.3449 0.4034 0.8475
vn -0.6919 0.1797 0.6993
vn -0.3717 0.1656 0.9135
vn -0.9835 0.1808 -0.0000
vn -0.9092 0.1671 -0.3815
vn -0.7237 0.6198 -0.3036
vn 0.3147 0.5515 0.7725
vn 0.5708 0.5836 0.5775
vn 0.3147 0.5514 0.7726
vn 0.8103 0.5860 -0.0000
vn 0.7672 0.5548 -0.3219
vn 0.9008 0.4341 -0.0000
vn 0.8427 0.4061 -0.3536
vn 0.7593 0.6508 -0.0000
vn 0.5350 0.6482 0.5418
vn 0.6340 0.4322 0.6413
vn 0.2967 0.6163 0.7295
vn 0.3449 0.4034 0.8475
vn 0.6919 0.1797 0.6993
vn 0.9835 0.1808 -0.0000
vn 0.9092 0.1671 -0.3815
vn 0.7235 0.6200 -0.3036
vn 0.3717 0.1656 0.9135
vn 0.7217 -0.6038 -0.3386
vn 0.7217 -0.6037 -0.3386
vn -0.7217 -0.6038 -0.3386
vn -0.7217 -0.6037 -0.3386
vn 0.0000 0.5384 -0.8427
vn 0.0000 0.9990 0.0449
vn 0.0000 0.4606 0.8876
vn 0.0000 -0.9990 -0.0449
vn 0.0000 -0.4606 -0.8876
# 200 vertex normals

vt 0.8363 -0.5401 0.0000
vt 0.8355 -0.5402 0.0000
vt 0.8263 -0.5134 0.0000
vt 0.8277 -0.5135 0.0000
vt 0.8377 -0.5402 0.0000
vt 0.8255 -0.5135 0.0000
vt 0.8149 -0.4634 0.0000
vt 0.8163 -0.4635 0.0000
vt 0.8142 -0.4635 0.0000
vt 0.8046 -0.4203 0.0000
vt 0.8061 -0.4199 0.0000
vt 0.8040 -0.4194 0.0000
vt 0.7532 -0.5401 0.0000
vt 0.7524 -0.5402 0.0000
vt 0.7745 -0.4945 0.0000
vt 0.7759 -0.4946 0.0000
vt 0.7546 -0.5402 0.0000
vt 0.7737 -0.4946 0.0000
vt 0.7889 -0.4586 0.0000
vt 0.7903 -0.4587 0.0000
vt 0.7881 -0.4587 0.0000
vt 0.8029 -0.4203 0.0000
vt 0.8043 -0.4199 0.0000
vt 0.8022 -0.4194 0.0000
vt 0.8022 -0.5403 0.0000
vt 0.8022 -0.5404 0.0000
vt 0.8022 -0.4946 0.0000
vt 0.8042 -0.4947 0.0000
vt 0.8042 -0.5404 0.0000
vt 0.8022 -0.4947 0.0000
vt 0.8022 -0.4486 0.0000
vt 0.8042 -0.4487 0.0000
vt 0.8022 -0.4487 0.0000
vt 0.8022 -0.4099 0.0000
vt 0.8042 -0.4095 0.0000
vt 0.8022 -0.4090 0.0000
vt 0.8042 -0.4062 0.0000
vt 0.8022 -0.4066 0.0000
vt 0.7563 -0.6377 0.0000
vt 0.7042 -0.6678 0.0000
vt 0.6520 -0.5775 0.0000
vt 0.7563 -0.5775 0.0000
vt 0.7042 -0.5474 0.0000
vt 0.6520 -0.6377 0.0000
vt 0.8329 -0.5775 0.0000
vt 0.8329 -0.6377 0.0000
vt 0.2902 -0.3167 0.0000
vt 0.1968 -0.3167 0.0000
vt 0.2902 -0.3141 0.0000
vt 0.1968 -0.3238 0.0000
vt 0.2902 -0.3238 0.0000
vt 0.1968 -0.3334 0.0000
vt 0.2902 -0.3334 0.0000
vt 0.1968 -0.3141 0.0000
vt 0.3419 -0.9678 0.0000
vt 0.3229 -0.9677 0.0000
vt 0.3422 -0.6195 0.0000
vt 0.3416 -0.9813 0.0000
vt 0.3229 -0.9813 0.0000
vt 0.3229 -0.6195 0.0000
vt 0.3907 -0.6196 0.0000
vt 0.3900 -0.9679 0.0000
vt 0.5397 -0.9679 0.0000
vt 0.4883 -0.6196 0.0000
vt 0.5583 -0.9053 0.0000
vt 0.5508 -0.7728 0.0000
vt 0.5297 -0.6343 0.0000
vt 0.5790 -0.6998 0.0000
vt 0.8818 -0.6999 0.0000
vt 0.8509 -0.7885 0.0000
vt 0.9527 -0.7286 0.0000
vt 0.9956 -0.7934 0.0000
vt 0.9956 -0.9678 0.0000
vt 0.8886 -0.9678 0.0000
vt 0.8202 -0.9070 0.0000
vt 0.7655 -0.8504 0.0000
vt 0.6885 -0.8306 0.0000
vt 0.6102 -0.8509 0.0000
vt 0.0695 -0.0673 0.0000
vt 0.1166 -0.1200 0.0000
vt 0.0441 -0.1116 0.0000
vt 0.7476 -0.1200 0.0000
vt 0.7476 -0.0517 0.0000
vt 0.0697 -0.0673 0.0000
vt 0.1168 -0.1200 0.0000
vt 0.0442 -0.1116 0.0000
vt 0.1168 -0.4482 0.0000
vt 0.0442 -0.4482 0.0000
vt 0.0442 -0.5437 0.0000
vt 0.1168 -0.5437 0.0000
vt 0.0441 -0.4482 0.0000
vt 0.1166 -0.4482 0.0000
vt 0.0441 -0.5437 0.0000
vt 0.0441 -0.2235 0.0000
vt 0.1166 -0.2316 0.0000
vt 0.1166 -0.5437 0.0000
vt 0.7498 -0.0475 0.0000
vt 0.7498 -0.1201 0.0000
vt 0.0522 -0.0475 0.0000
vt 0.0547 -0.1201 0.0000
vt 0.8409 -0.9670 0.0000
vt 0.5508 -0.9813 0.0000
vt 0.3975 -0.9679 0.0000
vt 0.3964 -0.9813 0.0000
vt 0.3890 -0.9813 0.0000
vt 0.5701 -0.9136 0.0000
vt 0.6200 -0.8638 0.0000
vt 0.6880 -0.8456 0.0000
vt 0.7561 -0.8638 0.0000
vt 0.8059 -0.9136 0.0000
vt 0.8241 -0.9817 0.0000
vt 0.8886 -0.9813 0.0000
vt 0.9727 -0.9813 0.0000
vt 0.9727 -0.9678 0.0000
vt 0.4590 -0.2406 0.0000
vt 0.4590 -0.2126 0.0000
vt 0.4839 -0.2404 0.0000
vt 0.3899 -0.2127 0.0000
vt 0.3899 -0.2406 0.0000
vt 0.2855 -0.2127 0.0000
vt 0.2855 -0.2406 0.0000
vt 0.1829 -0.2127 0.0000
vt 0.1829 -0.2406 0.0000
vt 0.4839 -0.2125 0.0000
vt 0.4435 -0.2922 0.0000
vt 0.4435 -0.2643 0.0000
vt 0.5071 -0.2926 0.0000
vt 0.3244 -0.2643 0.0000
vt 0.3010 -0.2922 0.0000
vt 0.5071 -0.2646 0.0000
vt 0.6832 -0.2197 0.0000
vt 0.6832 -0.2403 0.0000
vt 0.6733 -0.2124 0.0000
vt 0.3233 -0.9662 0.0000
vt 0.0290 -0.9660 0.0000
vt 0.3233 -0.6183 0.0000
vt 0.0290 -0.9805 0.0000
vt 0.3233 -0.9798 0.0000
vt 0.0290 -0.6183 0.0000
vt 0.0912 -0.1222 0.0000
vt 0.0394 -0.1222 0.0000
vt 0.0712 -0.0553 0.0000
vt 0.0895 -0.4270 0.0000
vt 0.0394 -0.4270 0.0000
vt 0.1257 -0.4270 0.0000
vt 0.1288 -0.1222 0.0000
vt 0.1288 -0.0553 0.0000
vt 0.7278 -0.0553 0.0000
vt 0.7278 -0.1222 0.0000
vt 0.0423 -0.0553 0.0000
vt 0.1111 -0.0553 0.0000
vt 0.6283 -0.3167 0.0000
vt 0.6283 -0.3818 0.0000
vt 0.6937 -0.3167 0.0000
vt 0.6937 -0.3818 0.0000
vt 0.7685 -0.3682 0.0000
vt 0.7685 -0.3303 0.0000
vt 0.5646 -0.4977 0.0000
vt 0.6081 -0.4977 0.0000
vt 0.5646 -0.4272 0.0000
vt 0.6081 -0.4272 0.0000
vt 0.1066 -0.0558 0.0000
vt 0.7024 -0.0540 0.0000
vt 0.1066 -0.1203 0.0000
vt 0.7024 -0.1203 0.0000
vt 0.3303 -0.3167 0.0000
vt 0.3303 -0.3818 0.0000
vt 0.7697 -0.1669 0.0000
vt 0.8424 -0.1669 0.0000
vt 0.7697 -0.0457 0.0000
vt 0.8424 -0.0457 0.0000
vt 0.0726 -0.1677 0.0000
vt 0.1047 -0.1677 0.0000
vt 0.0726 -0.0972 0.0000
vt 0.1047 -0.0972 0.0000
vt 0.0473 -0.1924 0.0000
vt 0.0712 -0.1924 0.0000
vt 0.1111 -0.1924 0.0000
vt 0.1288 -0.1924 0.0000
vt 0.1719 -0.1917 0.0000
vt 0.5091 -0.1917 0.0000
vt 0.1719 -0.1456 0.0000
vt 0.5091 -0.1456 0.0000
vt 0.8249 -0.2952 0.0000
vt 0.5715 -0.2958 0.0000
vt 0.8445 -0.2588 0.0000
vt 0.5371 -0.2554 0.0000
vt 0.5499 -0.6325 0.0000
vt 0.5574 -0.6251 0.0000
vt 0.5876 -0.6481 0.0000
vt 0.5876 -0.6376 0.0000
vt 0.6179 -0.6251 0.0000
vt 0.6253 -0.6325 0.0000
vt 0.6409 -0.5948 0.0000
vt 0.6304 -0.5948 0.0000
vt 0.5448 -0.5948 0.0000
vt 0.6179 -0.5645 0.0000
vt 0.6253 -0.5571 0.0000
vt 0.5876 -0.5415 0.0000
vt 0.5876 -0.5520 0.0000
vt 0.5574 -0.5645 0.0000
vt 0.5499 -0.5571 0.0000
vt 0.7713 -0.1685 0.0000
vt 0.7713 -0.0474 0.0000
vt 0.8440 -0.1685 0.0000
vt 0.8440 -0.0474 0.0000
vt 0.3664 -0.6196 0.0000
vt 0.7498 -0.0477 0.0000
vt 0.0522 -0.0477 0.0000
vt 0.7498 -0.1203 0.0000
vt 0.0547 -0.1203 0.0000
vt 0.2903 -0.3050 0.0000
vt 0.1968 -0.3050 0.0000
vt 0.1968 -0.2924 0.0000
vt 0.2903 -0.2924 0.0000
vt 0.2004 -0.2899 0.0000
vt 0.2867 -0.2899 0.0000
vt 0.2903 -0.3528 0.0000
vt 0.2903 -0.3746 0.0000
vt 0.1968 -0.3528 0.0000
vt 0.1968 -0.3746 0.0000
vt 0.2867 -0.3757 0.0000
vt 0.2867 -0.3824 0.0000
vt 0.2004 -0.3757 0.0000
vt 0.2004 -0.3824 0.0000
vt 0.2851 -0.3850 0.0000
vt 0.2019 -0.3850 0.0000
vt 0.8364 -0.5468 0.0000
vt 0.8368 -0.5449 0.0000
vt 0.8218 -0.5579 0.0000
vt 0.8236 -0.5568 0.0000
vt 0.8384 -0.5459 0.0000
vt 0.8218 -0.5556 0.0000
vt 0.7533 -0.5468 0.0000
vt 0.7538 -0.5449 0.0000
vt 0.7820 -0.5579 0.0000
vt 0.7838 -0.5568 0.0000
vt 0.7554 -0.5459 0.0000
vt 0.7820 -0.5556 0.0000
vt 0.8022 -0.5470 0.0000
vt 0.8022 -0.5450 0.0000
vt 0.8022 -0.5578 0.0000
vt 0.8042 -0.5567 0.0000
vt 0.8042 -0.5460 0.0000
vt 0.8022 -0.5555 0.0000
vt 0.7746 -0.9587 0.0000
vt 0.7125 -0.9554 0.0000
vt 0.7746 -0.9657 0.0000
vt 0.6876 -0.9680 0.0000
vt 0.6627 -0.9553 0.0000
vt 0.6756 -0.9429 0.0000
vt 0.6995 -0.9429 0.0000
vt 0.6006 -0.9586 0.0000
vt 0.6006 -0.9656 0.0000
vt 0.3496 -0.5965 0.0000
vt 0.3496 -0.5758 0.0000
vt 0.2825 -0.5965 0.0000
vt 0.2814 -0.5758 0.0000
vt 0.2230 -0.5965 0.0000
vt 0.2218 -0.5758 0.0000
vt 0.1692 -0.5965 0.0000
vt 0.1686 -0.5758 0.0000
vt 0.2186 -0.4161 0.0000
vt 0.2172 -0.4050 0.0000
vt 0.1668 -0.4161 0.0000
vt 0.2768 -0.4050 0.0000
vt 0.2783 -0.4161 0.0000
vt 0.3496 -0.4050 0.0000
vt 0.3496 -0.4161 0.0000
vt 0.1660 -0.4050 0.0000
vt 0.4167 -0.5965 0.0000
vt 0.4177 -0.5758 0.0000
vt 0.4761 -0.5965 0.0000
vt 0.4773 -0.5758 0.0000
vt 0.5299 -0.5965 0.0000
vt 0.5306 -0.5758 0.0000
vt 0.4805 -0.4161 0.0000
vt 0.5324 -0.4161 0.0000
vt 0.4819 -0.4050 0.0000
vt 0.4223 -0.4050 0.0000
vt 0.4208 -0.4161 0.0000
vt 0.5331 -0.4050 0.0000
vt 0.9159 -0.6718 0.0000
vt 0.9702 -0.6718 0.0000
vt 0.9159 -0.3595 0.0000
vt 0.8629 -0.3587 0.0000
vt 0.8629 -0.6718 0.0000
vt 0.8629 -0.0364 0.0000
vt 0.9159 -0.0364 0.0000
vt 0.9702 -0.3604 0.0000
vt 0.9702 -0.0364 0.0000
vt 0.9181 -0.6718 0.0000
vt 0.9181 -0.3595 0.0000
vt 0.8629 -0.3604 0.0000
vt 0.9181 -0.0364 0.0000
vt 0.9702 -0.3587 0.0000
# 296 texture coords

o mesh_0_
g mesh_0_
usemtl 02___Default
s off
f 919/948/970 920/949/971 921/950/972 
f 919/948/970 921/950/972 922/951/973 
f 923/952/974 919/948/970 922/951/973 
f 923/952/974 922/951/973 924/953/975 
f 920/949/971 923/952/974 924/953/975 
f 920/949/971 924/953/975 921/950/972 
f 921/950/972 924/953/975 925/954/976 
f 922/951/973 921/950/972 926/955/977 
f 921/950/972 925/954/976 926/955/977 
f 922/951/973 926/955/977 927/956/978 
f 924/953/975 922/951/973 927/956/978 
f 924/953/975 927/956/978 925/954/976 
f 925/954/976 927/956/978 928/957/979 
f 926/955/977 925/954/976 929/958/980 
f 925/954/976 928/957/979 929/958/980 
f 927/956/978 926/955/977 930/959/981 
f 927/956/978 930/959/981 928/957/979 
f 926/955/977 929/958/980 930/959/981 
f 931/960/982 932/961/983 933/962/984 
f 931/960/982 933/962/984 934/963/985 
f 935/964/986 931/960/982 934/963/985 
f 932/961/983 935/964/986 936/965/987 
f 932/961/983 936/965/987 933/962/984 
f 935/964/986 934/963/985 936/965/987 
f 933/962/984 936/965/987 937/966/988 
f 934/963/985 933/962/984 938/967/989 
f 933/962/984 937/966/988 938/967/989 
f 934/963/985 938/967/989 939/968/990 
f 936/965/987 934/963/985 939/968/990 
f 936/965/987 939/968/990 937/966/988 
f 937/966/988 939/968/990 940/969/991 
f 938/967/989 937/966/988 941/970/992 
f 937/966/988 940/969/991 941/970/992 
f 939/968/990 938/967/989 942/971/993 
f 939/968/990 942/971/993 940/969/991 
f 938/967/989 941/970/992 942/971/993 
f 943/972/994 944/973/995 945/974/996 
f 943/972/994 945/974/996 946/975/997 
f 947/976/998 943/972/994 946/975/997 
f 944/973/995 947/976/998 948/977/999 
f 944/973/995 948/977/999 945/974/996 
f 947/976/998 946/975/997 948/977/999 
f 945/974/996 948/977/999 949/978/1000 
f 946/975/997 945/974/996 950/979/997 
f 945/974/996 949/978/1000 950/979/997 
f 946/975/997 950/979/997 951/980/1001 
f 948/977/999 946/975/997 951/980/1001 
f 948/977/999 951/980/1001 949/978/1000 
f 949/978/1000 951/980/1001 952/981/1002 
f 950/979/997 949/978/1000 953/982/998 
f 949/978/1000 952/981/1002 953/982/998 
f 951/980/1001 950/979/997 954/983/1003 
f 951/980/1001 954/983/1003 952/981/1002 
f 950/979/997 953/982/998 954/983/1003 
f 953/982/998 952/981/1002 955/984/1004 
f 952/981/1002 956/985/1005 955/984/1004 
f 957/986/1006 958/987/1006 959/986/1006 
f 958/987/1006 960/987/1006 959/986/1006 
f 961/988/1007 962/989/1007 963/990/1007 
f 962/989/1007 961/988/1007 964/991/1007 
f 957/986/1007 962/989/1007 964/991/1007 
f 962/989/1007 957/986/1007 965/992/1007 
f 957/986/1007 966/993/1007 965/992/1007 
f 957/986/1007 964/991/1007 958/987/1007 
f 967/989/997 968/988/997 969/990/997 
f 970/991/997 968/988/997 967/989/997 
f 959/986/997 970/991/997 967/989/997 
f 959/986/997 967/989/997 971/993/997 
f 967/989/997 972/992/997 971/993/997 
f 957/986/1008 959/986/1008 966/993/1008 
f 959/986/1008 971/993/1008 966/993/1008 
f 967/989/1009 962/989/1009 972/992/1009 
f 962/989/1009 965/992/1009 972/992/1009 
f 973/994/1010 974/995/1010 975/996/1011 
f 976/997/1006 974/995/1010 973/994/1010 
f 977/998/1006 976/997/1006 973/994/1010 
f 978/999/1012 976/997/1006 977/998/1006 
f 979/1000/1012 978/999/1012 977/998/1006 
f 974/995/1010 980/1001/1011 975/996/1011 
f 981/1002/1013 982/1003/1014 983/1004/1015 
f 982/1003/1014 981/1002/1013 984/1005/1013 
f 985/1006/1014 982/1003/1014 984/1005/1013 
f 982/1003/1014 986/1007/1016 983/1004/1015 
f 981/1002/1013 983/1004/1015 987/1008/1017 
f 988/1009/1018 981/1002/1013 987/1008/1017 
f 989/1010/1019 988/1009/1018 987/1008/1017 
f 990/1011/1020 989/1010/1019 987/1008/1017 
f 991/1012/1021 989/1010/1019 990/1011/1020 
f 992/1013/1018 991/1012/1021 990/1011/1020 
f 990/1011/1020 993/1014/1007 992/1013/1018 
f 993/1014/1007 994/1015/1007 992/1013/1018 
f 994/1015/1007 995/1016/1007 992/1013/1018 
f 995/1016/1007 996/1017/1007 992/1013/1018 
f 995/1016/1007 997/1018/1007 996/1017/1007 
f 997/1018/1007 998/1019/1007 996/1017/1007 
f 998/1019/1007 999/1020/1007 996/1017/1007 
f 999/1020/1007 1000/1021/1007 996/1017/1007 
f 996/1017/1007 1000/1021/1007 1001/1022/1007 
f 996/1017/1007 1002/1023/1007 992/1013/1018 
f 996/1017/1007 1001/1022/1007 1002/1023/1007 
f 1002/1023/1007 1003/1024/1007 992/1013/1018 
f 1003/1024/1007 1004/1025/1018 992/1013/1018 
f 1004/1025/1018 991/1012/1021 992/1013/1018 
f 986/1026/1022 1005/1027/1023 983/1028/1022 
f 1005/1027/1023 986/1026/1022 1006/1029/1009 
f 986/1026/1022 1007/1030/1009 1006/1029/1009 
f 1006/1029/1009 1007/1030/1009 1008/1031/1024 
f 1009/1032/1025 1006/1029/1009 1008/1031/1024 
f 1008/1031/1024 1010/1033/1024 1009/1032/1025 
f 1009/1032/1025 1010/1033/1024 1011/1034/1026 
f 1010/1033/1024 1012/1035/1027 1011/1034/1026 
f 1012/1035/1027 1013/1036/1028 1011/1034/1026 
f 1013/1036/1028 1014/1037/1028 1011/1034/1026 
f 990/1038/1029 1015/1039/1030 993/1040/1031 
f 1015/1039/1030 990/1038/1029 987/1041/1025 
f 1016/1042/1023 987/1041/1025 983/1028/1022 
f 1005/1027/1023 1016/1042/1023 983/1028/1022 
f 1016/1042/1023 1015/1039/1030 987/1041/1025 
f 1015/1039/1030 1017/1043/1028 993/1040/1031 
f 994/1044/1032 1018/1045/1032 995/1046/1033 
f 1018/1045/1032 1019/1047/1009 995/1046/1033 
f 1000/1021/1007 1020/1048/1007 1001/1022/1007 
f 1021/1010/1019 1022/1012/1021 1023/1049/1018 
f 1024/1050/1034 1021/1010/1019 1023/1049/1018 
f 1025/1051/1034 1024/1050/1034 1023/1049/1018 
f 1024/1050/1034 1025/1051/1034 1026/1052/1035 
f 1027/1009/1035 1024/1050/1034 1026/1052/1035 
f 1027/1009/1035 1026/1052/1035 1028/1052/1036 
f 988/1009/1036 1027/1009/1035 1028/1052/1036 
f 1022/1012/1021 1029/1053/1007 1023/1049/1018 
f 1029/1053/1007 1022/1012/1021 1030/1025/1021 
f 1031/1054/1007 1029/1053/1007 1030/1025/1021 
f 1031/1054/1007 1030/1025/1021 1032/1024/1018 
f 978/1055/1007 1031/1054/1007 1032/1024/1018 
f 976/1056/1018 978/1055/1007 1032/1024/1018 
f 1033/1023/1018 976/1056/1018 1032/1024/1018 
f 974/1057/1007 976/1056/1018 1033/1023/1018 
f 1034/1022/1037 974/1057/1007 1033/1023/1018 
f 974/1057/1007 1034/1022/1037 1035/1048/1018 
f 980/1058/1018 974/1057/1007 1035/1048/1018 
f 1036/1059/1007 980/1058/1018 1035/1048/1018 
f 1037/1021/1018 1036/1059/1007 1035/1048/1018 
f 1038/1060/1007 1036/1059/1007 1037/1021/1018 
f 1039/1061/1007 1038/1060/1007 1037/1021/1018 
f 991/1062/1038 1022/1063/1039 989/1064/1040 
f 1030/1065/1041 1022/1063/1039 991/1062/1038 
f 1004/1066/1042 1030/1065/1041 991/1062/1038 
f 1032/1067/1043 1030/1065/1041 1004/1066/1042 
f 1003/1068/1023 1032/1067/1043 1004/1066/1042 
f 1033/1069/1044 1032/1067/1043 1003/1068/1023 
f 1002/1070/1044 1033/1069/1044 1003/1068/1023 
f 1022/1063/1039 1021/1071/1040 989/1064/1040 
f 1000/1072/1009 1037/1073/1043 1020/1074/1045 
f 1039/1075/1032 1037/1073/1043 1000/1072/1009 
f 999/1076/1032 1039/1075/1032 1000/1072/1009 
f 1037/1073/1043 1035/1077/1045 1020/1074/1045 
f 989/1064/1043 1021/1071/1043 1027/1078/1043 
f 989/1064/1043 1027/1078/1043 988/1079/1043 
f 1021/1071/1043 1024/1080/1046 1027/1078/1043 
f 981/1002/1013 988/1009/1018 1028/1052/1018 
f 984/1005/1013 981/1002/1013 1028/1052/1018 
f 982/1081/1014 1040/1082/1047 986/1083/1014 
f 1041/1084/1047 1040/1082/1047 982/1081/1014 
f 985/1085/1048 1041/1084/1047 982/1081/1014 
f 1040/1082/1047 1007/1086/1047 986/1083/1014 
f 1042/1087/1049 1043/1088/1049 1044/1089/1049 
f 1043/1088/1049 1042/1087/1049 1045/1090/1049 
f 1046/1091/1049 1043/1088/1049 1045/1090/1049 
f 1046/1091/1049 1045/1090/1049 1047/1088/1049 
f 1045/1090/1049 1048/1087/1049 1047/1088/1049 
f 1045/1090/1049 1042/1087/1049 1049/1092/1050 
f 1045/1090/1049 1049/1092/1050 1048/1087/1049 
f 1042/1087/1049 1050/1093/1049 1049/1092/1050 
f 1050/1093/1049 1042/1087/1049 1051/1094/1049 
f 1050/1093/1049 1051/1094/1049 1052/1095/1049 
f 1053/1096/1049 1050/1093/1049 1052/1095/1049 
f 1043/1088/1049 1054/1097/1049 1044/1089/1049 
f 1042/1087/1049 1044/1089/1049 1055/1098/1049 
f 1042/1087/1049 1055/1098/1049 1051/1094/1049 
f 1043/1099/1051 1056/1100/1051 1054/1101/1052 
f 1056/1100/1051 1057/1102/1053 1054/1101/1052 
f 1057/1102/1053 1058/1103/1054 1054/1101/1052 
f 1058/1103/1054 1059/1104/1054 1054/1101/1052 
f 1060/1105/1007 1059/1106/1007 1061/1107/1007 
f 1059/1106/1007 1058/1108/1007 1061/1107/1007 
f 1062/1109/997 1063/1110/997 1053/1111/997 
f 1063/1110/997 1050/1112/997 1053/1111/997 
f 1052/1111/1007 1051/1112/1007 1064/1109/1007 
f 1051/1112/1007 1065/1110/1007 1064/1109/1007 
f 1043/1099/1009 1046/1113/1009 1056/1100/1009 
f 1046/1113/1009 1066/1114/1009 1056/1100/1009 
f 1067/1100/1009 1066/1114/1009 1046/1113/1009 
f 1047/1099/1009 1067/1100/1009 1046/1113/1009 
f 1055/1115/1007 1044/1116/1007 1068/1117/1007 
f 1044/1116/1007 1069/1118/1007 1068/1117/1007 
f 1070/1119/1007 1071/1120/1007 1072/1121/1007 
f 1071/1120/1007 1073/1122/1007 1072/1121/1007 
f 1044/1101/1008 1060/1104/1008 1069/1102/1008 
f 1060/1104/1008 1061/1103/1008 1069/1102/1008 
f 1054/1097/1055 1059/1123/1055 1044/1089/1055 
f 1059/1123/1055 1060/1124/1055 1044/1089/1055 
f 1051/1101/1008 1070/1104/1008 1065/1102/1008 
f 1070/1104/1008 1072/1103/1008 1065/1102/1008 
f 1068/1102/1009 1073/1103/1056 1055/1101/1046 
f 1073/1103/1056 1071/1104/1057 1055/1101/1046 
f 1055/1098/1055 1071/1125/1055 1051/1094/1055 
f 1071/1125/1055 1070/1126/1055 1051/1094/1055 
f 1074/1127/1058 1075/1128/1058 1076/1129/1058 
f 1075/1128/1058 1077/1130/1058 1076/1129/1058 
f 1076/1131/1007 1077/1132/1007 1078/1133/1007 
f 1077/1132/1007 1079/1134/1007 1078/1133/1007 
f 1080/1133/997 1081/1134/997 1074/1131/997 
f 1081/1134/997 1075/1132/997 1074/1131/997 
f 1082/1135/1059 1083/1136/1060 1084/1137/1061 
f 1083/1136/1060 1085/1138/1062 1084/1137/1061 
f 1083/1136/1060 1086/1139/1063 1085/1138/1062 
f 1084/1137/1061 1085/1138/1062 1087/1140/1064 
f 1085/1138/1062 1086/1139/1063 1087/1140/1064 
f 1087/1140/1064 1086/1139/1063 1088/1141/1065 
f 1086/1139/1063 1089/1142/1066 1088/1141/1065 
f 1089/1142/1066 1086/1139/1063 1083/1136/1007 
f 1090/1143/1007 1089/1142/1066 1083/1136/1007 
f 1091/1144/1067 1089/1142/1066 1090/1143/1007 
f 1089/1142/1066 1091/1144/1067 1092/1145/1068 
f 1088/1141/1065 1089/1142/1066 1092/1145/1068 
f 1092/1145/1068 1091/1144/1067 1093/1146/1069 
f 1091/1144/1067 1094/1147/1070 1093/1146/1069 
f 1094/1147/1070 1091/1144/1067 1095/1148/1071 
f 1093/1146/1069 1094/1147/1070 1096/1149/1072 
f 1094/1147/1070 1095/1148/1071 1096/1149/1072 
f 1097/1135/1073 1098/1137/1074 1099/1136/1075 
f 1098/1137/1074 1100/1138/1076 1099/1136/1075 
f 1098/1137/1074 1101/1140/1077 1100/1138/1076 
f 1101/1140/1077 1102/1139/1078 1100/1138/1076 
f 1102/1139/1078 1099/1136/1075 1100/1138/1076 
f 1101/1140/1077 1103/1141/1079 1102/1139/1078 
f 1103/1141/1079 1104/1142/1080 1102/1139/1078 
f 1103/1141/1079 1105/1145/1081 1104/1142/1080 
f 1105/1145/1081 1106/1144/1082 1104/1142/1080 
f 1105/1145/1081 1107/1146/1083 1106/1144/1082 
f 1107/1146/1083 1108/1147/1084 1106/1144/1082 
f 1107/1146/1083 1109/1149/1085 1108/1147/1084 
f 1108/1147/1084 1110/1148/1086 1106/1144/1082 
f 1109/1149/1085 1110/1148/1086 1108/1147/1084 
f 1106/1144/1082 1110/1148/997 1104/1142/1080 
f 1104/1142/1080 1111/1143/997 1102/1139/1078 
f 1110/1148/997 1111/1143/997 1104/1142/1080 
f 1111/1143/997 1099/1136/998 1102/1139/1078 
f 1112/1127/1058 1113/1129/1058 1114/1128/1058 
f 1113/1129/1058 1115/1130/1058 1114/1128/1058 
f 1113/1131/997 1116/1133/997 1115/1132/997 
f 1116/1133/997 1117/1134/997 1115/1132/997 
f 1118/1133/1007 1112/1131/1007 1119/1134/1007 
f 1112/1131/1007 1114/1132/1007 1119/1134/1007 
f 1048/1087/1049 1120/1089/1049 1047/1088/1049 
f 1048/1087/1049 1121/1098/1049 1120/1089/1049 
f 1122/1094/1049 1121/1098/1049 1048/1087/1049 
f 1049/1092/1050 1123/1093/1049 1048/1087/1049 
f 1123/1093/1049 1122/1094/1049 1048/1087/1049 
f 1124/1095/1049 1122/1094/1049 1123/1093/1049 
f 1125/1096/1049 1124/1095/1049 1123/1093/1049 
f 1120/1089/1049 1126/1097/1049 1047/1088/1049 
f 1047/1099/1087 1126/1101/1088 1067/1100/1087 
f 1126/1101/1088 1127/1102/1089 1067/1100/1087 
f 1127/1102/1089 1126/1101/1088 1128/1103/1090 
f 1126/1101/1088 1129/1104/1090 1128/1103/1090 
f 1130/1105/997 1131/1107/997 1129/1106/997 
f 1131/1107/997 1128/1108/997 1129/1106/997 
f 1132/1109/1007 1125/1111/1007 1133/1110/1007 
f 1125/1111/1007 1123/1112/1007 1133/1110/1007 
f 1124/1111/997 1134/1109/997 1122/1112/997 
f 1134/1109/997 1135/1110/997 1122/1112/997 
f 1121/1150/997 1136/1151/997 1120/1152/997 
f 1136/1151/997 1137/1153/997 1120/1152/997 
f 1138/1119/997 1139/1121/997 1140/1120/997 
f 1139/1121/997 1141/1122/997 1140/1120/997 
f 1120/1101/1008 1137/1102/1008 1130/1104/1008 
f 1137/1102/1008 1131/1103/1008 1130/1104/1008 
f 1126/1097/1091 1120/1089/1091 1129/1123/1091 
f 1120/1089/1091 1130/1124/1091 1129/1123/1091 
f 1122/1101/1008 1135/1102/1008 1138/1104/1008 
f 1135/1102/1008 1139/1103/1008 1138/1104/1008 
f 1136/1102/1009 1121/1101/1043 1141/1103/1092 
f 1121/1101/1043 1140/1104/1093 1141/1103/1092 
f 1121/1098/1091 1122/1094/1091 1140/1125/1091 
f 1122/1094/1091 1138/1126/1091 1140/1125/1091 
f 1142/1002/1094 1010/1154/1094 1143/1003/1095 
f 1144/1005/1094 1142/1002/1094 1143/1003/1095 
f 1145/1006/1095 1144/1005/1094 1143/1003/1095 
f 1144/1005/1094 1146/1052/998 1142/1002/1094 
f 1147/1009/998 1010/1154/1094 1142/1002/1094 
f 1146/1052/998 1147/1009/998 1142/1002/1094 
f 1010/1154/1096 1147/1009/1096 1148/1010/998 
f 1149/1012/1097 1010/1154/1096 1148/1010/998 
f 1012/1011/998 1010/1154/1096 1149/1012/1097 
f 1150/1013/998 1012/1011/998 1149/1012/1097 
f 1012/1011/998 1150/1013/998 1013/1014/997 
f 1150/1013/998 1151/1015/997 1013/1014/997 
f 1151/1015/997 1150/1013/998 1152/1016/997 
f 1150/1013/998 1153/1017/997 1152/1016/997 
f 1153/1017/997 1150/1013/998 1154/1023/997 
f 1153/1017/997 1154/1023/997 1155/1022/997 
f 1153/1017/997 1155/1022/997 1156/1021/997 
f 1153/1017/997 1156/1021/997 1157/1020/997 
f 1158/1019/997 1153/1017/997 1157/1020/997 
f 1152/1016/997 1153/1017/997 1159/1018/997 
f 1159/1018/997 1153/1017/997 1158/1019/997 
f 1010/1154/1094 1008/1007/1095 1143/1003/1095 
f 1151/1155/1009 1152/1156/1098 1160/1157/1009 
f 1152/1156/1098 1161/1158/1009 1160/1157/1009 
f 1155/1022/997 1162/1048/997 1156/1021/997 
f 1150/1013/998 1163/1024/997 1154/1023/997 
f 1164/1025/998 1150/1013/998 1149/1012/1097 
f 1163/1024/997 1150/1013/998 1164/1025/998 
f 1165/1010/1096 1166/1049/998 1167/1012/1097 
f 1166/1049/998 1165/1010/1096 1168/1050/1099 
f 1169/1051/1099 1166/1049/998 1168/1050/1099 
f 1170/1052/1100 1169/1051/1099 1168/1050/1099 
f 1171/1009/1100 1170/1052/1100 1168/1050/1099 
f 1146/1052/1036 1170/1052/1100 1171/1009/1100 
f 1147/1009/1036 1146/1052/1036 1171/1009/1100 
f 1166/1049/998 1172/1053/997 1167/1012/1097 
f 1173/1025/1097 1167/1012/1097 1172/1053/997 
f 1174/1054/997 1173/1025/1097 1172/1053/997 
f 1175/1024/998 1173/1025/1097 1174/1054/997 
f 979/1055/997 1175/1024/998 1174/1054/997 
f 1175/1024/998 979/1055/997 977/1056/998 
f 1176/1023/998 1175/1024/998 977/1056/998 
f 1176/1023/998 977/1056/998 973/1057/997 
f 1177/1022/1101 1176/1023/998 973/1057/997 
f 1178/1048/1096 1177/1022/1101 973/1057/997 
f 975/1058/998 1178/1048/1096 973/1057/997 
f 1178/1048/1096 975/1058/998 1179/1059/997 
f 1180/1021/997 1178/1048/1096 1179/1059/997 
f 1180/1021/997 1179/1059/997 1181/1060/997 
f 1182/1061/997 1180/1021/997 1181/1060/997 
f 1149/1062/1102 1148/1064/1040 1167/1063/1039 
f 1149/1062/1102 1167/1063/1039 1173/1065/1041 
f 1164/1066/1042 1149/1062/1102 1173/1065/1041 
f 1164/1066/1042 1173/1065/1041 1175/1067/1043 
f 1163/1068/1023 1164/1066/1042 1175/1067/1043 
f 1163/1068/1023 1175/1067/1043 1176/1069/1044 
f 1154/1070/1044 1163/1068/1023 1176/1069/1044 
f 1148/1064/1040 1165/1071/1040 1167/1063/1039 
f 1156/1072/1032 1162/1074/1045 1180/1073/1043 
f 1156/1072/1032 1180/1073/1043 1182/1075/1009 
f 1157/1076/1009 1156/1072/1032 1182/1075/1009 
f 1162/1074/1045 1178/1077/1045 1180/1073/1043 
f 1148/1064/1043 1171/1078/1043 1165/1071/1043 
f 1148/1064/1043 1147/1079/1043 1171/1078/1043 
f 1171/1078/1043 1168/1080/1043 1165/1071/1043 
f 1041/1084/1103 1145/1085/1104 1040/1082/1103 
f 1145/1085/1104 1143/1081/1105 1040/1082/1103 
f 1008/1083/1106 1007/1086/1103 1143/1081/1104 
f 1007/1086/1103 1040/1082/1107 1143/1081/1104 
f 1095/1148/1007 1091/1144/1067 1090/1143/1007 
f 1179/1159/1108 975/996/1008 1036/1160/1008 
f 1179/1159/1108 1036/1160/1008 1038/1161/1008 
f 1181/1162/1008 1179/1159/1108 1038/1161/1008 
f 1181/1162/1008 1038/1161/1008 1183/1163/1008 
f 1184/1164/1008 1181/1162/1008 1183/1163/1008 
f 975/996/1008 980/1001/1008 1036/1160/1008 
f 1166/1165/1008 1169/1166/1008 1023/1167/1008 
f 1169/1166/1008 1025/1168/1008 1023/1167/1008 
f 1146/1169/1008 1144/1170/1008 1028/1171/1008 
f 1144/1170/1008 984/1172/1008 1028/1171/1008 
f 1144/1170/1008 1145/1173/1109 984/1172/1008 
f 1145/1173/1109 985/1174/1109 984/1172/1008 
f 1185/1175/1110 920/949/971 919/948/970 
f 1186/1176/1111 919/948/970 923/952/974 
f 1186/1176/1111 1185/1175/1110 919/948/970 
f 1185/1175/1110 1186/1176/1111 1187/1177/1112 
f 1185/1175/1110 1187/1177/1112 1188/1178/1113 
f 1189/1179/1114 1185/1175/1110 1188/1178/1113 
f 1189/1179/1114 923/952/974 920/949/971 
f 1189/1179/1114 1186/1176/1111 923/952/974 
f 1185/1175/1110 1189/1179/1114 920/949/971 
f 1186/1176/1111 1189/1179/1114 1190/1180/1115 
f 1189/1179/1114 1188/1178/1113 1190/1180/1115 
f 1186/1176/1111 1190/1180/1115 1187/1177/1112 
f 1191/1181/1116 932/961/983 931/960/982 
f 1192/1182/1117 931/960/982 935/964/986 
f 1192/1182/1117 1191/1181/1116 931/960/982 
f 1191/1181/1116 1192/1182/1117 1193/1183/1118 
f 1191/1181/1116 1193/1183/1118 1194/1184/1119 
f 1195/1185/1120 935/964/986 932/961/983 
f 1191/1181/1116 1195/1185/1120 932/961/983 
f 1195/1185/1120 1191/1181/1116 1194/1184/1119 
f 1195/1185/1120 1192/1182/1117 935/964/986 
f 1192/1182/1117 1195/1185/1120 1196/1186/1121 
f 1195/1185/1120 1194/1184/1119 1196/1186/1121 
f 1192/1182/1117 1196/1186/1121 1193/1183/1118 
f 1197/1187/1122 944/973/995 943/972/994 
f 1198/1188/1123 943/972/994 947/976/998 
f 1198/1188/1123 1197/1187/1122 943/972/994 
f 1197/1187/1122 1198/1188/1123 1199/1189/1124 
f 1197/1187/1122 1199/1189/1124 1200/1190/1097 
f 1201/1191/1096 1197/1187/1122 1200/1190/1097 
f 1197/1187/1122 1201/1191/1096 944/973/995 
f 1201/1191/1096 1198/1188/1123 947/976/998 
f 1201/1191/1096 947/976/998 944/973/995 
f 1201/1191/1096 1200/1190/1097 1202/1192/1125 
f 1198/1188/1123 1201/1191/1096 1202/1192/1125 
f 1198/1188/1123 1202/1192/1125 1199/1189/1124 
f 1203/1193/1049 1204/1194/1049 1205/1195/1049 
f 1204/1194/1049 1206/1196/1049 1205/1195/1049 
f 1204/1194/1049 1207/1197/1049 1206/1196/1049 
f 1207/1197/1049 1204/1194/1049 1208/1198/1049 
f 1204/1194/1049 1209/1199/1049 1208/1198/1049 
f 1207/1197/1049 1210/1200/1049 1206/1196/1049 
f 1210/1200/1049 1211/1201/1049 1206/1196/1049 
f 960/987/997 970/991/997 959/986/997 
f 1212/1202/1126 1213/1203/1127 1214/1204/1128 
f 1213/1203/1127 1215/1205/1129 1214/1204/1128 
f 1214/1204/1128 1215/1205/1129 1216/1206/1130 
f 1215/1205/1129 1217/1207/1130 1216/1206/1130 
f 1216/1206/1130 1217/1207/1130 1218/1208/1131 
f 1217/1207/1130 1219/1209/1131 1218/1208/1131 
f 1220/1210/1132 1221/1211/1133 1222/1212/1134 
f 1223/1213/1135 1221/1211/1133 1220/1210/1132 
f 1224/1214/1136 1223/1213/1135 1220/1210/1132 
f 1225/1215/1137 1223/1213/1135 1224/1214/1136 
f 1226/1216/1138 1225/1215/1137 1224/1214/1136 
f 1226/1216/1138 1224/1214/1136 1215/1205/1139 
f 1213/1203/1140 1226/1216/1138 1215/1205/1139 
f 1224/1214/1136 1220/1210/1132 1217/1207/1141 
f 1215/1205/1139 1224/1214/1136 1217/1207/1141 
f 1217/1207/1141 1220/1210/1132 1219/1209/1142 
f 1220/1210/1132 1222/1212/1134 1219/1209/1142 
f 1221/1211/1133 1227/1217/1143 1222/1212/1134 
f 1212/1202/1144 1228/1218/1145 1213/1203/1146 
f 1228/1218/1145 1229/1219/1145 1213/1203/1146 
f 1228/1218/1145 1230/1220/1147 1229/1219/1145 
f 1230/1220/1147 1231/1221/1147 1229/1219/1145 
f 1230/1220/1147 1232/1222/1148 1231/1221/1147 
f 1232/1222/1148 1233/1223/1148 1231/1221/1147 
f 1234/1224/1149 1235/1225/1150 1236/1226/1151 
f 1234/1224/1149 1236/1226/1151 1237/1227/1152 
f 1238/1228/1153 1234/1224/1149 1237/1227/1152 
f 1238/1228/1153 1237/1227/1152 1225/1215/1154 
f 1226/1216/1155 1238/1228/1153 1225/1215/1154 
f 1229/1219/1156 1238/1228/1153 1226/1216/1155 
f 1231/1221/1157 1234/1224/1149 1238/1228/1153 
f 1229/1219/1156 1231/1221/1157 1238/1228/1153 
f 1233/1223/1158 1235/1225/1150 1234/1224/1149 
f 1231/1221/1157 1233/1223/1158 1234/1224/1149 
f 1235/1225/1150 1239/1229/1159 1236/1226/1151 
f 1213/1203/1160 1229/1219/1156 1226/1216/1155 
f 1240/1230/1161 1241/1231/1162 1242/1232/1161 
f 1240/1230/1161 1242/1232/1161 1243/1233/1161 
f 1244/1234/1161 1240/1230/1161 1243/1233/1161 
f 1243/1233/1161 1242/1232/1161 1245/1235/1162 
f 1242/1232/1161 1246/1236/1162 1245/1235/1162 
f 1241/1231/1162 1247/1237/1162 1242/1232/1161 
f 1242/1232/1161 1247/1237/1162 1246/1236/1162 
f 1247/1237/1162 1248/1238/1162 1246/1236/1162 
f 1249/1239/1163 1250/1231/1163 1251/1240/1163 
f 1249/1239/1163 1251/1240/1163 1252/1241/1164 
f 1253/1234/1164 1249/1239/1163 1252/1241/1164 
f 1252/1241/1164 1251/1240/1163 1254/1235/1164 
f 1251/1240/1163 1255/1242/1164 1254/1235/1164 
f 1250/1231/1163 1256/1243/1163 1251/1240/1163 
f 1251/1240/1163 1256/1243/1163 1255/1242/1164 
f 1256/1243/1163 1257/1238/1164 1255/1242/1164 
f 1258/991/1165 1259/988/1165 1260/991/1165 
f 1259/988/1165 1261/988/1165 1260/991/1165 
f 1259/988/1166 1262/990/1166 1261/988/1166 
f 1262/990/1166 1263/990/1166 1261/988/1166 
f 1262/990/1167 1264/989/1167 1263/990/1167 
f 1264/989/1167 1265/989/1167 1263/990/1167 
f 1266/986/1168 1267/987/1168 1268/986/1168 
f 1267/987/1168 1269/987/1168 1268/986/1168 
f 1267/987/1169 1258/991/1169 1269/987/1169 
f 1258/991/1169 1260/991/1169 1269/987/1169 
f 1258/991/1007 1264/989/1007 1259/988/1007 
f 1264/989/1007 1258/991/1007 1267/987/1007 
f 1266/986/1007 1264/989/1007 1267/987/1007 
f 1264/989/1007 1262/990/1007 1259/988/1007 
f 1269/987/997 1260/991/997 1268/986/997 
f 1260/991/997 1265/989/997 1268/986/997 
f 1265/989/997 1260/991/997 1263/990/997 
f 1260/991/997 1261/988/997 1263/990/997 
# 482 faces

