# 3ds Max Wavefront OBJ Exporter v0.99 - (c)2007 guruware
# File Created: 14.11.2024 11:00:49

mtllib MGM_disney.mtl

#
# object SM_MGM_Arch
#

v  13.3346 9.7504 15.7893
v  13.3346 9.7504 15.7669
v  13.3346 9.9833 15.7669
v  13.3346 9.9833 15.7893
v  13.2659 9.7504 15.7893
v  13.2659 9.9833 15.7893
v  13.3346 9.4707 15.7667
v  13.3346 9.6744 15.7667
v  13.3346 9.6744 15.7893
v  13.3346 9.4707 15.7893
v  13.5489 9.6745 15.7667
v  13.5489 9.6745 15.7893
v  13.2659 9.6744 15.7893
v  13.3346 9.3946 15.7893
v  13.2659 9.4707 15.7893
v  13.2659 9.3946 15.7893
v  13.3346 9.1574 15.7663
v  13.3346 9.3946 15.7663
v  13.3346 9.1574 15.7893
v  13.2659 9.1574 15.7893
v  13.3346 8.9902 15.7893
v  13.3346 9.0784 15.7893
v  13.2659 9.0784 15.7893
v  13.2659 8.9902 15.7893
v  13.3346 8.9902 15.7663
v  13.3346 9.0784 15.7663
v  13.5489 9.5985 15.7893
v  13.5489 9.9542 15.7893
v  13.5489 9.8782 15.7893
v  13.5489 9.9542 15.7669
v  13.5489 9.3613 15.7893
v  13.5489 9.2822 15.7893
v  13.5489 9.3613 15.7663
v  13.0517 9.2822 15.7893
v  13.0517 9.3613 15.7893
v  13.0517 9.8782 15.7893
v  13.0517 9.9542 15.7893
v  13.0517 9.2822 15.7663
v  13.2659 9.0784 15.7663
v  13.0517 9.5985 15.7673
v  13.2659 9.3946 15.7673
v  13.0517 9.5985 15.7893
v  13.0517 9.6745 15.7893
v  13.0517 9.8782 15.7673
v  13.2659 9.6744 15.7673
v  13.3834 6.0007 15.3984
v  13.4665 6.0007 15.2545
v  13.4665 6.0714 15.2545
v  13.3834 6.0714 15.3984
v  13.1340 6.0007 15.2546
v  13.2172 6.0007 15.3985
v  13.2172 6.0714 15.3985
v  13.1340 6.0714 15.2546
v  13.3833 6.0007 15.1106
v  13.3833 6.0714 15.1106
v  13.2171 6.0007 15.1106
v  13.2171 6.0714 15.1106
v  13.4427 6.0714 15.0076
v  13.5854 6.0714 15.2544
v  13.4429 6.0714 15.5014
v  13.1578 6.0714 15.5015
v  13.0152 6.0714 15.2547
v  13.1576 6.0714 15.0077
v  13.1576 6.1392 15.0077
v  13.4427 6.1392 15.0076
v  13.5854 6.1392 15.2544
v  13.4429 6.1392 15.5014
v  13.1578 6.1392 15.5015
v  13.0152 6.1392 15.2547
v  13.4983 6.1392 14.9111
v  13.6967 6.1392 15.2544
v  13.4986 6.1392 15.5978
v  13.1022 6.1392 15.5979
v  12.9038 6.1392 15.2547
v  13.1019 6.1392 14.9113
v  13.1019 6.1823 14.9113
v  13.4983 6.1823 14.9111
v  13.6967 6.1823 15.2544
v  13.4986 6.1823 15.5978
v  13.1022 6.1823 15.5979
v  12.9038 6.1823 15.2547
v  13.5608 6.1823 14.8029
v  13.8217 6.1823 15.2543
v  13.5612 6.1823 15.7059
v  13.0398 6.1823 15.7062
v  12.7789 6.1823 15.2547
v  13.0394 6.1823 14.8031
v  13.8217 6.2685 15.2543
v  13.5612 6.2685 15.7059
v  13.0398 6.2685 15.7062
v  12.7789 6.2685 15.2547
v  13.5608 6.2685 14.8029
v  13.0394 6.2685 14.8031
v  13.6178 6.2685 15.8040
v  12.9832 6.2685 15.8043
v  12.6656 6.2685 15.2548
v  12.9827 6.2685 14.7050
v  13.6174 6.2685 14.7048
v  13.9350 6.2685 15.2543
v  13.2171 10.3195 15.3984
v  13.1340 10.3195 15.2545
v  13.1340 10.2487 15.2545
v  13.2171 10.2487 15.3984
v  13.4665 10.3195 15.2546
v  13.3833 10.3195 15.3985
v  13.3833 10.2487 15.3985
v  13.4665 10.2487 15.2546
v  13.2172 10.3195 15.1105
v  13.2172 10.2487 15.1105
v  13.3834 10.3195 15.1106
v  13.3834 10.2487 15.1106
v  13.1578 10.2487 15.0076
v  13.0152 10.2487 15.2544
v  13.1576 10.2487 15.5014
v  13.4427 10.2487 15.5015
v  13.5854 10.2487 15.2546
v  13.4429 10.2487 15.0077
v  13.4429 10.1809 15.0077
v  13.1578 10.1809 15.0076
v  13.0152 10.1809 15.2544
v  13.1576 10.1809 15.5014
v  13.4427 10.1809 15.5015
v  13.5854 10.1809 15.2546
v  13.1022 10.1809 14.9111
v  12.9038 10.1809 15.2544
v  13.1019 10.1809 15.5978
v  13.4983 10.1809 15.5979
v  13.6967 10.1809 15.2547
v  13.4986 10.1809 14.9113
v  13.4986 10.1378 14.9113
v  13.1022 10.1378 14.9111
v  12.9038 10.1378 15.2544
v  13.1019 10.1378 15.5978
v  13.4983 10.1378 15.5979
v  13.6967 10.1378 15.2547
v  13.0398 10.1378 14.8029
v  12.7789 10.1378 15.2543
v  13.0394 10.1378 15.7059
v  13.5608 10.1378 15.7062
v  13.8217 10.1378 15.2547
v  13.5612 10.1378 14.8031
v  12.7789 10.0516 15.2543
v  13.0394 10.0516 15.7059
v  13.5608 10.0516 15.7062
v  13.8217 10.0516 15.2547
v  13.0398 10.0516 14.8029
v  13.5612 10.0516 14.8031
v  12.9827 10.0516 15.8040
v  13.6174 10.0516 15.8043
v  13.9350 10.0516 15.2548
v  13.6178 10.0516 14.7050
v  12.9832 10.0516 14.7048
v  12.6656 10.0516 15.2543
v  13.5455 9.9796 15.8043
v  13.0546 9.9796 15.8040
v  13.0546 9.9796 15.7698
v  13.5455 9.9796 15.7701
v  13.5459 9.9796 14.7050
v  13.5455 6.3405 14.7048
v  13.5455 6.3405 14.7390
v  13.5459 9.9796 14.7392
v  13.6538 6.3405 15.7418
v  13.8990 6.3405 15.3166
v  13.8694 6.3405 15.2995
v  13.6241 6.3405 15.7246
v  12.9467 9.9796 15.7418
v  12.7016 9.9796 15.3166
v  12.7312 9.9796 15.2995
v  12.9764 9.9796 15.7246
v  13.8990 9.9796 15.1925
v  13.8990 6.3405 15.1920
v  13.8694 6.3405 15.2091
v  13.8694 9.9796 15.2096
v  13.0551 6.3405 15.8043
v  13.5459 6.3405 15.8040
v  13.5459 6.3405 15.7698
v  13.0551 6.3405 15.7701
v  12.7016 6.3405 15.3171
v  12.9472 6.3405 15.7420
v  13.6534 9.9796 15.7420
v  13.8990 9.9796 15.3171
v  13.6538 9.9796 14.7673
v  13.6534 6.3405 14.7670
v  13.0551 9.9796 14.7048
v  13.0546 6.3405 14.7050
v  12.9467 6.3405 14.7673
v  12.9472 9.9796 14.7670
v  12.7016 9.9796 15.1920
v  12.7016 6.3405 15.1925
v  12.7312 6.3405 15.3000
v  12.9768 6.3405 15.7249
v  13.6237 9.9796 15.7249
v  13.8694 9.9796 15.3000
v  13.6237 6.3405 14.7842
v  13.6241 9.9796 14.7844
v  13.0546 6.3405 14.7392
v  13.0551 9.9796 14.7390
v  12.9768 9.9796 14.7842
v  12.9764 6.3405 14.7844
v  12.7312 6.3405 15.2096
v  12.7312 9.9796 15.2091
v  13.3990 10.0408 14.5100
v  13.3987 10.0408 14.7050
v  13.3987 9.9904 14.7050
v  13.3990 9.9904 14.5100
v  13.2023 9.9904 14.7048
v  13.2025 9.9904 14.5097
v  13.2025 10.0408 14.5097
v  13.2023 10.0408 14.7048
v  13.3980 6.3297 14.5097
v  13.3983 6.3297 14.7048
v  13.3983 6.2793 14.7048
v  13.3980 6.2793 14.5097
v  13.2016 6.3297 14.5100
v  13.2018 6.3297 14.7050
v  13.2018 6.2793 14.7050
v  13.2016 6.2793 14.5100
v  13.0546 6.2240 14.5099
v  13.5455 6.2240 14.5096
v  13.5459 10.0962 14.5099
v  13.0551 10.0962 14.5096
v  13.0546 6.2240 14.4569
v  13.0551 10.0962 14.4566
v  13.5455 6.2240 14.4566
v  13.5459 10.0962 14.4569
v  13.3003 10.3195 15.2545
v  13.3003 6.0007 15.2545
v  -11.0020 6.0007 15.3984
v  -10.9190 6.0007 15.2545
v  -10.9190 6.0714 15.2545
v  -11.0020 6.0714 15.3984
v  -11.2514 6.0007 15.2546
v  -11.1682 6.0007 15.3985
v  -11.1682 6.0714 15.3985
v  -11.2514 6.0714 15.2546
v  -11.0021 6.0007 15.1106
v  -11.0021 6.0714 15.1106
v  -11.1684 6.0007 15.1106
v  -11.1684 6.0714 15.1106
v  -10.9427 6.0714 15.0076
v  -10.8001 6.0714 15.2544
v  -10.9425 6.0714 15.5014
v  -11.2276 6.0714 15.5015
v  -11.3703 6.0714 15.2547
v  -11.2279 6.0714 15.0077
v  -11.2279 6.1392 15.0077
v  -10.9427 6.1392 15.0076
v  -10.8001 6.1392 15.2544
v  -10.9425 6.1392 15.5014
v  -11.2276 6.1392 15.5015
v  -11.3703 6.1392 15.2547
v  -10.8871 6.1392 14.9111
v  -10.6888 6.1392 15.2544
v  -10.8868 6.1392 15.5978
v  -11.2833 6.1392 15.5979
v  -11.4816 6.1392 15.2547
v  -11.2836 6.1392 14.9113
v  -11.2836 6.1823 14.9113
v  -10.8871 6.1823 14.9111
v  -10.6888 6.1823 15.2544
v  -10.8868 6.1823 15.5978
v  -11.2833 6.1823 15.5979
v  -11.4816 6.1823 15.2547
v  -10.8247 6.1823 14.8029
v  -10.5638 6.1823 15.2543
v  -10.8243 6.1823 15.7059
v  -11.3457 6.1823 15.7062
v  -11.6066 6.1823 15.2547
v  -11.3461 6.1823 14.8031
v  -10.5638 6.2685 15.2543
v  -10.8243 6.2685 15.7059
v  -11.3457 6.2685 15.7062
v  -11.6066 6.2685 15.2547
v  -10.8247 6.2685 14.8029
v  -11.3461 6.2685 14.8031
v  -10.7676 6.2685 15.8040
v  -11.4023 6.2685 15.8043
v  -11.7199 6.2685 15.2548
v  -11.4028 6.2685 14.7050
v  -10.7681 6.2685 14.7048
v  -10.4505 6.2685 15.2543
v  -11.1684 10.3195 15.3984
v  -11.2514 10.3195 15.2545
v  -11.2514 10.2487 15.2545
v  -11.1684 10.2487 15.3984
v  -10.9190 10.3195 15.2546
v  -11.0021 10.3195 15.3985
v  -11.0021 10.2487 15.3985
v  -10.9190 10.2487 15.2546
v  -11.1682 10.3195 15.1105
v  -11.1682 10.2487 15.1105
v  -11.0020 10.3195 15.1106
v  -11.0020 10.2487 15.1106
v  -11.2276 10.2487 15.0076
v  -11.3703 10.2487 15.2544
v  -11.2279 10.2487 15.5014
v  -10.9427 10.2487 15.5015
v  -10.8001 10.2487 15.2546
v  -10.9425 10.2487 15.0077
v  -10.9425 10.1809 15.0077
v  -11.2276 10.1809 15.0076
v  -11.3703 10.1809 15.2544
v  -11.2279 10.1809 15.5014
v  -10.9427 10.1809 15.5015
v  -10.8001 10.1809 15.2546
v  -11.2833 10.1809 14.9111
v  -11.4816 10.1809 15.2544
v  -11.2836 10.1809 15.5978
v  -10.8871 10.1809 15.5979
v  -10.6888 10.1809 15.2547
v  -10.8868 10.1809 14.9113
v  -10.8868 10.1378 14.9113
v  -11.2833 10.1378 14.9111
v  -11.4816 10.1378 15.2544
v  -11.2836 10.1378 15.5978
v  -10.8871 10.1378 15.5979
v  -10.6888 10.1378 15.2547
v  -11.3457 10.1378 14.8029
v  -11.6066 10.1378 15.2543
v  -11.3461 10.1378 15.7059
v  -10.8247 10.1378 15.7062
v  -10.5638 10.1378 15.2547
v  -10.8243 10.1378 14.8031
v  -11.6066 10.0516 15.2543
v  -11.3461 10.0516 15.7059
v  -10.8247 10.0516 15.7062
v  -10.5638 10.0516 15.2547
v  -11.3457 10.0516 14.8029
v  -10.8243 10.0516 14.8031
v  -11.4028 10.0516 15.8040
v  -10.7681 10.0516 15.8043
v  -10.4505 10.0516 15.2548
v  -10.7676 10.0516 14.7050
v  -11.4023 10.0516 14.7048
v  -11.7199 10.0516 15.2543
v  -10.8400 9.9796 15.8043
v  -11.3308 9.9796 15.8040
v  -11.3308 9.9796 15.7698
v  -10.8400 9.9796 15.7701
v  -10.8396 9.9796 14.7050
v  -10.8400 6.3405 14.7048
v  -10.8400 6.3405 14.7390
v  -10.8396 9.9796 14.7392
v  -10.7317 6.3405 15.7418
v  -10.4865 6.3405 15.3166
v  -10.5161 6.3405 15.2995
v  -10.7613 6.3405 15.7246
v  -11.4387 9.9796 15.7418
v  -11.6839 9.9796 15.3166
v  -11.6543 9.9796 15.2995
v  -11.4091 9.9796 15.7246
v  -10.4865 9.9796 15.1925
v  -10.4865 6.3405 15.1920
v  -10.5161 6.3405 15.2091
v  -10.5161 9.9796 15.2096
v  -11.3304 6.3405 15.8043
v  -10.8396 6.3405 15.8040
v  -10.8396 6.3405 15.7698
v  -11.3304 6.3405 15.7701
v  -11.6839 6.3405 15.3171
v  -11.4383 6.3405 15.7420
v  -10.7321 9.9796 15.7420
v  -10.4865 9.9796 15.3171
v  -10.7317 9.9796 14.7673
v  -10.7321 6.3405 14.7670
v  -11.3304 9.9796 14.7048
v  -11.3308 6.3405 14.7050
v  -11.4387 6.3405 14.7673
v  -11.4383 9.9796 14.7670
v  -11.6839 9.9796 15.1920
v  -11.6839 6.3405 15.1925
v  -11.6543 6.3405 15.3000
v  -11.4086 6.3405 15.7249
v  -10.7617 9.9796 15.7249
v  -10.5161 9.9796 15.3000
v  -10.7617 6.3405 14.7842
v  -10.7613 9.9796 14.7844
v  -11.3308 6.3405 14.7392
v  -11.3304 9.9796 14.7390
v  -11.4086 9.9796 14.7842
v  -11.4091 6.3405 14.7844
v  -11.6543 6.3405 15.2096
v  -11.6543 9.9796 15.2091
v  -10.9865 10.0408 14.5100
v  -10.9868 10.0408 14.7050
v  -10.9868 9.9904 14.7050
v  -10.9865 9.9904 14.5100
v  -11.1832 9.9904 14.7048
v  -11.1829 9.9904 14.5097
v  -11.1829 10.0408 14.5097
v  -11.1832 10.0408 14.7048
v  -10.9875 6.3297 14.5097
v  -10.9872 6.3297 14.7048
v  -10.9872 6.2793 14.7048
v  -10.9875 6.2793 14.5097
v  -11.1839 6.3297 14.5100
v  -11.1836 6.3297 14.7050
v  -11.1836 6.2793 14.7050
v  -11.1839 6.2793 14.5100
v  -11.3308 6.2240 14.5099
v  -10.8400 6.2240 14.5096
v  -10.8396 10.0962 14.5099
v  -11.3304 10.0962 14.5096
v  -11.3308 6.2240 14.4569
v  -11.3304 10.0962 14.4566
v  -10.8400 6.2240 14.4566
v  -10.8396 10.0962 14.4569
v  -11.0852 10.3195 15.2545
v  -11.0852 6.0007 15.2545
v  -11.1684 6.0007 -3.4170
v  -11.2514 6.0007 -3.2730
v  -11.2514 6.0714 -3.2730
v  -11.1684 6.0714 -3.4170
v  -10.9190 6.0007 -3.2732
v  -11.0021 6.0007 -3.4171
v  -11.0021 6.0714 -3.4171
v  -10.9190 6.0714 -3.2732
v  -11.1682 6.0007 -3.1291
v  -11.1682 6.0714 -3.1291
v  -11.0020 6.0007 -3.1292
v  -11.0020 6.0714 -3.1292
v  -11.2276 6.0714 -3.0261
v  -11.3703 6.0714 -3.2730
v  -11.2279 6.0714 -3.5199
v  -10.9427 6.0714 -3.5201
v  -10.8001 6.0714 -3.2732
v  -10.9425 6.0714 -3.0262
v  -10.9425 6.1392 -3.0262
v  -11.2276 6.1392 -3.0261
v  -11.3703 6.1392 -3.2730
v  -11.2279 6.1392 -3.5199
v  -10.9427 6.1392 -3.5201
v  -10.8001 6.1392 -3.2732
v  -11.2833 6.1392 -2.9297
v  -11.4816 6.1392 -3.2729
v  -11.2836 6.1392 -3.6163
v  -10.8871 6.1392 -3.6165
v  -10.6888 6.1392 -3.2733
v  -10.8868 6.1392 -2.9299
v  -10.8868 6.1823 -2.9299
v  -11.2833 6.1823 -2.9297
v  -11.4816 6.1823 -3.2729
v  -11.2836 6.1823 -3.6163
v  -10.8871 6.1823 -3.6165
v  -10.6888 6.1823 -3.2733
v  -11.3457 6.1823 -2.8214
v  -11.6066 6.1823 -3.2729
v  -11.3461 6.1823 -3.7245
v  -10.8247 6.1823 -3.7247
v  -10.5638 6.1823 -3.2733
v  -10.8243 6.1823 -2.8217
v  -11.6066 6.2685 -3.2729
v  -11.3461 6.2685 -3.7245
v  -10.8247 6.2685 -3.7247
v  -10.5638 6.2685 -3.2733
v  -11.3457 6.2685 -2.8214
v  -10.8243 6.2685 -2.8217
v  -11.4028 6.2685 -3.8226
v  -10.7681 6.2685 -3.8229
v  -10.4505 6.2685 -3.2733
v  -10.7676 6.2685 -2.7236
v  -11.4023 6.2685 -2.7233
v  -11.7199 6.2685 -3.2728
v  -11.0020 10.3195 -3.4170
v  -10.9190 10.3195 -3.2730
v  -10.9190 10.2487 -3.2730
v  -11.0020 10.2487 -3.4170
v  -11.2514 10.3195 -3.2732
v  -11.1682 10.3195 -3.4171
v  -11.1682 10.2487 -3.4171
v  -11.2514 10.2487 -3.2732
v  -11.0021 10.3195 -3.1291
v  -11.0021 10.2487 -3.1291
v  -11.1684 10.3195 -3.1292
v  -11.1684 10.2487 -3.1292
v  -10.9427 10.2487 -3.0261
v  -10.8001 10.2487 -3.2730
v  -10.9425 10.2487 -3.5199
v  -11.2276 10.2487 -3.5201
v  -11.3703 10.2487 -3.2732
v  -11.2279 10.2487 -3.0262
v  -11.2279 10.1809 -3.0262
v  -10.9427 10.1809 -3.0261
v  -10.8001 10.1809 -3.2730
v  -10.9425 10.1809 -3.5199
v  -11.2276 10.1809 -3.5201
v  -11.3703 10.1809 -3.2732
v  -10.8871 10.1809 -2.9297
v  -10.6888 10.1809 -3.2729
v  -10.8868 10.1809 -3.6163
v  -11.2833 10.1809 -3.6165
v  -11.4816 10.1809 -3.2733
v  -11.2836 10.1809 -2.9299
v  -11.2836 10.1378 -2.9299
v  -10.8871 10.1378 -2.9297
v  -10.6888 10.1378 -3.2729
v  -10.8868 10.1378 -3.6163
v  -11.2833 10.1378 -3.6165
v  -11.4816 10.1378 -3.2733
v  -10.8247 10.1378 -2.8214
v  -10.5638 10.1378 -3.2729
v  -10.8243 10.1378 -3.7245
v  -11.3457 10.1378 -3.7247
v  -11.6066 10.1378 -3.2733
v  -11.3461 10.1378 -2.8217
v  -10.5638 10.0516 -3.2729
v  -10.8243 10.0516 -3.7245
v  -11.3457 10.0516 -3.7247
v  -11.6066 10.0516 -3.2733
v  -10.8247 10.0516 -2.8214
v  -11.3461 10.0516 -2.8217
v  -10.7676 10.0516 -3.8226
v  -11.4023 10.0516 -3.8229
v  -11.7199 10.0516 -3.2733
v  -11.4028 10.0516 -2.7236
v  -10.7681 10.0516 -2.7233
v  -10.4505 10.0516 -3.2728
v  -11.3304 9.9796 -3.8229
v  -10.8396 9.9796 -3.8226
v  -10.8396 9.9796 -3.7884
v  -11.3304 9.9796 -3.7886
v  -11.3308 9.9796 -2.7236
v  -11.3304 6.3405 -2.7233
v  -11.3304 6.3405 -2.7575
v  -11.3308 9.9796 -2.7578
v  -11.4387 6.3405 -3.7603
v  -11.6839 6.3405 -3.3351
v  -11.6543 6.3405 -3.3180
v  -11.4091 6.3405 -3.7432
v  -10.7317 9.9796 -3.7603
v  -10.4865 9.9796 -3.3351
v  -10.5161 9.9796 -3.3180
v  -10.7613 9.9796 -3.7432
v  -11.6839 9.9796 -3.2110
v  -11.6839 6.3405 -3.2105
v  -11.6543 6.3405 -3.2276
v  -11.6543 9.9796 -3.2282
v  -10.8400 6.3405 -3.8229
v  -11.3308 6.3405 -3.8226
v  -11.3308 6.3405 -3.7884
v  -10.8400 6.3405 -3.7886
v  -10.4865 6.3405 -3.3356
v  -10.7321 6.3405 -3.7605
v  -11.4383 9.9796 -3.7605
v  -11.6839 9.9796 -3.3356
v  -11.4387 9.9796 -2.7859
v  -11.4383 6.3405 -2.7856
v  -10.8400 9.9796 -2.7233
v  -10.8396 6.3405 -2.7236
v  -10.7317 6.3405 -2.7859
v  -10.7321 9.9796 -2.7856
v  -10.4865 9.9796 -3.2105
v  -10.4865 6.3405 -3.2110
v  -10.5161 6.3405 -3.3185
v  -10.7617 6.3405 -3.7434
v  -11.4086 9.9796 -3.7434
v  -11.6543 9.9796 -3.3185
v  -11.4086 6.3405 -2.8027
v  -11.4091 9.9796 -2.8030
v  -10.8396 6.3405 -2.7578
v  -10.8400 9.9796 -2.7575
v  -10.7617 9.9796 -2.8027
v  -10.7613 6.3405 -2.8030
v  -10.5161 6.3405 -3.2282
v  -10.5161 9.9796 -3.2276
v  -11.1839 10.0408 -2.5285
v  -11.1836 10.0408 -2.7236
v  -11.1836 9.9904 -2.7236
v  -11.1839 9.9904 -2.5285
v  -10.9872 9.9904 -2.7233
v  -10.9875 9.9904 -2.5282
v  -10.9875 10.0408 -2.5282
v  -10.9872 10.0408 -2.7233
v  -11.1829 6.3297 -2.5282
v  -11.1832 6.3297 -2.7233
v  -11.1832 6.2793 -2.7233
v  -11.1829 6.2793 -2.5282
v  -10.9865 6.3297 -2.5285
v  -10.9868 6.3297 -2.7236
v  -10.9868 6.2793 -2.7236
v  -10.9865 6.2793 -2.5285
v  -10.8396 6.2240 -2.5284
v  -11.3304 6.2240 -2.5281
v  -11.3308 10.0962 -2.5284
v  -10.8400 10.0962 -2.5281
v  -10.8396 6.2240 -2.4754
v  -10.8400 10.0962 -2.4752
v  -11.3304 6.2240 -2.4752
v  -11.3308 10.0962 -2.4754
v  -11.0852 10.3195 -3.2731
v  -11.0852 6.0007 -3.2731
v  13.2171 6.0007 -3.4170
v  13.1340 6.0007 -3.2730
v  13.1340 6.0714 -3.2730
v  13.2171 6.0714 -3.4170
v  13.4665 6.0007 -3.2732
v  13.3833 6.0007 -3.4171
v  13.3833 6.0714 -3.4171
v  13.4665 6.0714 -3.2732
v  13.2172 6.0007 -3.1291
v  13.2172 6.0714 -3.1291
v  13.3834 6.0007 -3.1292
v  13.3834 6.0714 -3.1292
v  13.1578 6.0714 -3.0261
v  13.0152 6.0714 -3.2730
v  13.1576 6.0714 -3.5199
v  13.4427 6.0714 -3.5201
v  13.5854 6.0714 -3.2732
v  13.4429 6.0714 -3.0262
v  13.4429 6.1392 -3.0262
v  13.1578 6.1392 -3.0261
v  13.0152 6.1392 -3.2730
v  13.1576 6.1392 -3.5199
v  13.4427 6.1392 -3.5201
v  13.5854 6.1392 -3.2732
v  13.1022 6.1392 -2.9297
v  12.9038 6.1392 -3.2729
v  13.1019 6.1392 -3.6163
v  13.4983 6.1392 -3.6165
v  13.6967 6.1392 -3.2733
v  13.4986 6.1392 -2.9299
v  13.4986 6.1823 -2.9299
v  13.1022 6.1823 -2.9297
v  12.9038 6.1823 -3.2729
v  13.1019 6.1823 -3.6163
v  13.4983 6.1823 -3.6165
v  13.6967 6.1823 -3.2733
v  13.0398 6.1823 -2.8214
v  12.7789 6.1823 -3.2729
v  13.0394 6.1823 -3.7245
v  13.5608 6.1823 -3.7247
v  13.8216 6.1823 -3.2733
v  13.5612 6.1823 -2.8217
v  12.7789 6.2685 -3.2729
v  13.0394 6.2685 -3.7245
v  13.5608 6.2685 -3.7247
v  13.8216 6.2685 -3.2733
v  13.0398 6.2685 -2.8214
v  13.5612 6.2685 -2.8217
v  12.9827 6.2685 -3.8226
v  13.6174 6.2685 -3.8229
v  13.9350 6.2685 -3.2733
v  13.6178 6.2685 -2.7236
v  12.9832 6.2685 -2.7233
v  12.6656 6.2685 -3.2728
v  13.3834 10.3195 -3.4170
v  13.4665 10.3195 -3.2730
v  13.4665 10.2487 -3.2730
v  13.3834 10.2487 -3.4170
v  13.1340 10.3195 -3.2732
v  13.2172 10.3195 -3.4171
v  13.2172 10.2487 -3.4171
v  13.1340 10.2487 -3.2732
v  13.3833 10.3195 -3.1291
v  13.3833 10.2487 -3.1291
v  13.2171 10.3195 -3.1292
v  13.2171 10.2487 -3.1292
v  13.4427 10.2487 -3.0261
v  13.5854 10.2487 -3.2730
v  13.4429 10.2487 -3.5199
v  13.1578 10.2487 -3.5201
v  13.0152 10.2487 -3.2732
v  13.1576 10.2487 -3.0262
v  13.1576 10.1809 -3.0262
v  13.4427 10.1809 -3.0261
v  13.5854 10.1809 -3.2730
v  13.4429 10.1809 -3.5199
v  13.1578 10.1809 -3.5201
v  13.0152 10.1809 -3.2732
v  13.4983 10.1809 -2.9297
v  13.6967 10.1809 -3.2729
v  13.4986 10.1809 -3.6163
v  13.1022 10.1809 -3.6165
v  12.9038 10.1809 -3.2733
v  13.1019 10.1809 -2.9299
v  13.1019 10.1378 -2.9299
v  13.4983 10.1378 -2.9297
v  13.6967 10.1378 -3.2729
v  13.4986 10.1378 -3.6163
v  13.1022 10.1378 -3.6165
v  12.9038 10.1378 -3.2733
v  13.5608 10.1378 -2.8214
v  13.8216 10.1378 -3.2729
v  13.5612 10.1378 -3.7245
v  13.0398 10.1378 -3.7247
v  12.7789 10.1378 -3.2733
v  13.0394 10.1378 -2.8217
v  13.8216 10.0516 -3.2729
v  13.5612 10.0516 -3.7245
v  13.0398 10.0516 -3.7247
v  12.7789 10.0516 -3.2733
v  13.5608 10.0516 -2.8214
v  13.0394 10.0516 -2.8217
v  13.6178 10.0516 -3.8226
v  12.9832 10.0516 -3.8229
v  12.6656 10.0516 -3.2733
v  12.9827 10.0516 -2.7236
v  13.6174 10.0516 -2.7233
v  13.9350 10.0516 -3.2728
v  13.0551 9.9796 -3.8229
v  13.5459 9.9796 -3.8226
v  13.5459 9.9796 -3.7884
v  13.0551 9.9796 -3.7887
v  13.0546 9.9796 -2.7236
v  13.0551 6.3405 -2.7233
v  13.0551 6.3405 -2.7575
v  13.0546 9.9796 -2.7578
v  12.9467 6.3405 -3.7603
v  12.7016 6.3405 -3.3351
v  12.7312 6.3405 -3.3180
v  12.9764 6.3405 -3.7432
v  13.6538 9.9796 -3.7603
v  13.8990 9.9796 -3.3351
v  13.8693 9.9796 -3.3180
v  13.6241 9.9796 -3.7432
v  12.7016 9.9796 -3.2110
v  12.7016 6.3405 -3.2105
v  12.7312 6.3405 -3.2276
v  12.7312 9.9796 -3.2282
v  13.5455 6.3405 -3.8229
v  13.0546 6.3405 -3.8226
v  13.0546 6.3405 -3.7884
v  13.5455 6.3405 -3.7886
v  13.8990 6.3405 -3.3356
v  13.6534 6.3405 -3.7605
v  12.9472 9.9796 -3.7605
v  12.7016 9.9796 -3.3356
v  12.9467 9.9796 -2.7859
v  12.9472 6.3405 -2.7856
v  13.5455 9.9796 -2.7233
v  13.5459 6.3405 -2.7236
v  13.6538 6.3405 -2.7859
v  13.6534 9.9796 -2.7856
v  13.8990 9.9796 -3.2105
v  13.8990 6.3405 -3.2110
v  13.8694 6.3405 -3.3185
v  13.6237 6.3405 -3.7435
v  12.9768 9.9796 -3.7435
v  12.7312 9.9796 -3.3185
v  12.9768 6.3405 -2.8027
v  12.9764 9.9796 -2.8030
v  13.5459 6.3405 -2.7578
v  13.5455 9.9796 -2.7575
v  13.6237 9.9796 -2.8027
v  13.6241 6.3405 -2.8030
v  13.8693 6.3405 -3.2282
v  13.8694 9.9796 -3.2276
v  13.2016 10.0408 -2.5285
v  13.2018 10.0408 -2.7236
v  13.2018 9.9904 -2.7236
v  13.2016 9.9904 -2.5285
v  13.3983 9.9904 -2.7233
v  13.3980 9.9904 -2.5283
v  13.3980 10.0408 -2.5283
v  13.3983 10.0408 -2.7233
v  13.2025 6.3297 -2.5283
v  13.2023 6.3297 -2.7233
v  13.2023 6.2793 -2.7233
v  13.2025 6.2793 -2.5283
v  13.3990 6.3297 -2.5285
v  13.3987 6.3297 -2.7236
v  13.3987 6.2793 -2.7236
v  13.3990 6.2793 -2.5285
v  13.5459 6.2240 -2.5284
v  13.0551 6.2240 -2.5281
v  13.0546 10.0962 -2.5284
v  13.5455 10.0962 -2.5281
v  13.5459 6.2240 -2.4754
v  13.5455 10.0962 -2.4752
v  13.0551 6.2240 -2.4752
v  13.0546 10.0962 -2.4754
v  13.3003 10.3195 -3.2731
v  13.3003 6.0007 -3.2731
v  13.5489 9.8782 15.7667
v  13.2659 9.4707 15.7673
v  13.0517 9.6745 15.7673
v  13.5489 9.5985 15.7663
v  13.2659 8.9902 15.7663
v  13.5489 9.2822 15.7663
v  13.2659 9.7504 15.7653
v  13.0517 9.9542 15.7653
v  13.2659 9.9833 15.7653
v  13.2659 9.1574 15.7673
v  13.0517 9.3613 15.7673
v  13.2659 9.7504 14.7185
v  13.2659 9.7504 14.7409
v  13.2659 9.9833 14.7409
v  13.2659 9.9833 14.7185
v  13.3346 9.7504 14.7185
v  13.3346 9.9833 14.7185
v  13.2659 9.4707 14.7411
v  13.2659 9.6744 14.7411
v  13.2659 9.6744 14.7185
v  13.2659 9.4707 14.7185
v  13.0517 9.6745 14.7411
v  13.0517 9.6745 14.7185
v  13.3346 9.6744 14.7185
v  13.2659 9.3946 14.7185
v  13.3346 9.4707 14.7185
v  13.3346 9.3946 14.7185
v  13.2659 9.1575 14.7415
v  13.2659 9.3946 14.7415
v  13.2659 9.1575 14.7185
v  13.3346 9.1575 14.7185
v  13.2659 8.9902 14.7185
v  13.2659 9.0784 14.7185
v  13.3346 9.0784 14.7185
v  13.3346 8.9902 14.7185
v  13.2659 8.9902 14.7415
v  13.2659 9.0784 14.7415
v  13.0517 9.5985 14.7185
v  13.0517 9.9542 14.7185
v  13.0517 9.8782 14.7185
v  13.0517 9.9542 14.7409
v  13.0517 9.3613 14.7185
v  13.0517 9.2822 14.7185
v  13.0517 9.3613 14.7415
v  13.5489 9.2822 14.7185
v  13.5489 9.3613 14.7185
v  13.5489 9.8782 14.7185
v  13.5489 9.9542 14.7185
v  13.5489 9.2822 14.7415
v  13.3346 9.0784 14.7415
v  13.5489 9.5985 14.7405
v  13.3346 9.3946 14.7405
v  13.5489 9.5985 14.7185
v  13.5489 9.6745 14.7185
v  13.5489 9.8782 14.7405
v  13.3346 9.6744 14.7405
v  13.0517 9.8782 14.7411
v  13.3346 9.4707 14.7405
v  13.5489 9.6745 14.7405
v  13.0517 9.5985 14.7415
v  13.3346 8.9902 14.7415
v  13.0517 9.2822 14.7415
v  13.3346 9.7504 14.7425
v  13.5489 9.9542 14.7425
v  13.3346 9.9833 14.7425
v  13.3346 9.1575 14.7405
v  13.5489 9.3613 14.7405
v  13.7811 9.7504 15.4919
v  13.7617 9.7504 15.4806
v  13.7617 9.9833 15.4806
v  13.7811 9.9833 15.4919
v  13.7467 9.7504 15.5514
v  13.7467 9.9833 15.5514
v  13.7615 9.4707 15.4805
v  13.7615 9.6744 15.4805
v  13.7811 9.6744 15.4919
v  13.7811 9.4707 15.4919
v  13.8686 9.6745 15.2950
v  13.8882 9.6745 15.3063
v  13.7467 9.6744 15.5514
v  13.7811 9.3946 15.4919
v  13.7467 9.4707 15.5514
v  13.7467 9.3946 15.5514
v  13.7612 9.1574 15.4803
v  13.7612 9.3946 15.4803
v  13.7811 9.1574 15.4919
v  13.7467 9.1574 15.5514
v  13.7811 8.9902 15.4919
v  13.7811 9.0784 15.4919
v  13.7467 9.0784 15.5514
v  13.7467 8.9902 15.5514
v  13.7612 8.9902 15.4803
v  13.7612 9.0784 15.4803
v  13.8882 9.5985 15.3063
v  13.8882 9.9542 15.3063
v  13.8882 9.8782 15.3063
v  13.8688 9.9542 15.2951
v  13.8882 9.3613 15.3063
v  13.8882 9.2822 15.3063
v  13.8683 9.3613 15.2948
v  13.6396 9.2822 15.7369
v  13.6396 9.3613 15.7369
v  13.6396 9.8782 15.7369
v  13.6396 9.9542 15.7369
v  13.6197 9.2822 15.7254
v  13.7268 9.0784 15.5398
v  13.6206 9.5985 15.7259
v  13.7277 9.3946 15.5403
v  13.6396 9.5985 15.7369
v  13.6396 9.6745 15.7369
v  13.6206 9.8782 15.7259
v  13.7277 9.6744 15.5403
v  13.8686 9.8782 15.2950
v  13.7277 9.4707 15.5403
v  13.6206 9.6745 15.7259
v  13.8683 9.5985 15.2948
v  13.7268 8.9902 15.5398
v  13.8683 9.2822 15.2948
v  13.7259 9.7504 15.5393
v  13.6188 9.9542 15.7249
v  13.7259 9.9833 15.5393
v  13.7277 9.1574 15.5403
v  13.6206 9.3613 15.7259
v  12.8194 9.7504 15.0160
v  12.8389 9.7504 15.0272
v  12.8389 9.9833 15.0272
v  12.8194 9.9833 15.0160
v  12.8538 9.7504 14.9564
v  12.8538 9.9833 14.9565
v  12.8390 9.4707 15.0273
v  12.8390 9.6744 15.0273
v  12.8194 9.6744 15.0160
v  12.8194 9.4707 15.0160
v  12.7319 9.6745 15.2128
v  12.7123 9.6745 15.2015
v  12.8538 9.6744 14.9564
v  12.8194 9.3946 15.0160
v  12.8538 9.4707 14.9564
v  12.8538 9.3946 14.9564
v  12.8394 9.1574 15.0275
v  12.8394 9.3946 15.0275
v  12.8194 9.1574 15.0160
v  12.8538 9.1574 14.9564
v  12.8194 8.9902 15.0160
v  12.8194 9.0784 15.0160
v  12.8538 9.0784 14.9564
v  12.8538 8.9902 14.9565
v  12.8394 8.9902 15.0275
v  12.8394 9.0784 15.0275
v  12.7123 9.5985 15.2015
v  12.7123 9.9542 15.2015
v  12.7123 9.8782 15.2015
v  12.7317 9.9542 15.2127
v  12.7123 9.3613 15.2015
v  12.7123 9.2822 15.2015
v  12.7322 9.3613 15.2130
v  12.9609 9.2822 14.7709
v  12.9609 9.3613 14.7709
v  12.9609 9.8782 14.7709
v  12.9609 9.9542 14.7709
v  12.9809 9.2822 14.7824
v  12.8737 9.0784 14.9680
v  12.9799 9.5985 14.7819
v  12.8728 9.3946 14.9674
v  12.9609 9.5985 14.7709
v  12.9609 9.6745 14.7709
v  12.9799 9.8782 14.7819
v  12.8728 9.6744 14.9674
v  12.7319 9.8782 15.2128
v  12.8728 9.4707 14.9674
v  12.9799 9.6745 14.7819
v  12.7322 9.5985 15.2130
v  12.8737 8.9902 14.9680
v  12.7322 9.2822 15.2130
v  12.8746 9.7504 14.9685
v  12.9817 9.9542 14.7829
v  12.8746 9.9833 14.9685
v  12.8728 9.1574 14.9674
v  12.9799 9.3613 14.7819
v  13.7467 9.7504 14.9565
v  13.7273 9.7504 14.9677
v  13.7273 9.9833 14.9677
v  13.7467 9.9833 14.9565
v  13.7811 9.7504 15.0160
v  13.7811 9.9833 15.0160
v  13.7271 9.4707 14.9678
v  13.7271 9.6744 14.9678
v  13.7467 9.6744 14.9565
v  13.7467 9.4707 14.9565
v  13.6200 9.6745 14.7822
v  13.6396 9.6745 14.7709
v  13.7811 9.6744 15.0160
v  13.7467 9.3946 14.9565
v  13.7811 9.4707 15.0160
v  13.7811 9.3946 15.0160
v  13.7268 9.1574 14.9680
v  13.7268 9.3946 14.9680
v  13.7467 9.1574 14.9565
v  13.7811 9.1574 15.0160
v  13.7467 8.9902 14.9565
v  13.7467 9.0784 14.9565
v  13.7811 9.0784 15.0160
v  13.7811 8.9902 15.0160
v  13.7268 8.9902 14.9680
v  13.7268 9.0784 14.9680
v  13.6396 9.5985 14.7709
v  13.6396 9.9542 14.7709
v  13.6396 9.8782 14.7709
v  13.6202 9.9542 14.7821
v  13.6396 9.3613 14.7709
v  13.6396 9.2822 14.7709
v  13.6197 9.3613 14.7824
v  13.8882 9.2822 15.2015
v  13.8882 9.3613 15.2015
v  13.8882 9.8782 15.2015
v  13.8882 9.9542 15.2015
v  13.8683 9.2822 15.2130
v  13.7612 9.0784 15.0275
v  13.8692 9.5985 15.2125
v  13.7621 9.3946 15.0269
v  13.8882 9.5985 15.2015
v  13.8882 9.6745 15.2015
v  13.8692 9.8782 15.2125
v  13.7621 9.6744 15.0269
v  13.6200 9.8782 14.7822
v  13.7621 9.4707 15.0269
v  13.8692 9.6745 15.2125
v  13.6197 9.5985 14.7824
v  13.7612 8.9902 15.0275
v  13.6197 9.2822 14.7824
v  13.7603 9.7504 15.0280
v  13.8674 9.9542 15.2135
v  13.7603 9.9833 15.0280
v  13.7621 9.1574 15.0269
v  13.8692 9.3613 15.2125
v  12.8538 9.7504 15.5514
v  12.8732 9.7504 15.5401
v  12.8732 9.9833 15.5401
v  12.8538 9.9833 15.5514
v  12.8194 9.7504 15.4919
v  12.8194 9.9833 15.4919
v  12.8734 9.4707 15.5401
v  12.8734 9.6744 15.5401
v  12.8538 9.6744 15.5514
v  12.8538 9.4707 15.5514
v  12.9805 9.6745 15.7256
v  12.9609 9.6745 15.7369
v  12.8194 9.6744 15.4919
v  12.8538 9.3946 15.5514
v  12.8194 9.4707 15.4919
v  12.8194 9.3946 15.4919
v  12.8737 9.1574 15.5398
v  12.8737 9.3946 15.5398
v  12.8538 9.1574 15.5514
v  12.8194 9.1574 15.4919
v  12.8538 8.9902 15.5514
v  12.8538 9.0784 15.5514
v  12.8194 9.0784 15.4919
v  12.8194 8.9902 15.4919
v  12.8737 8.9902 15.5398
v  12.8737 9.0784 15.5398
v  12.9609 9.5985 15.7369
v  12.9609 9.9542 15.7369
v  12.9609 9.8782 15.7369
v  12.9803 9.9542 15.7257
v  12.9609 9.3613 15.7369
v  12.9609 9.2822 15.7369
v  12.9809 9.3613 15.7254
v  12.7123 9.2822 15.3063
v  12.7123 9.3613 15.3063
v  12.7123 9.8782 15.3063
v  12.7123 9.9542 15.3063
v  12.7322 9.2822 15.2948
v  12.8394 9.0784 15.4803
v  12.7313 9.5985 15.2953
v  12.8385 9.3946 15.4808
v  12.7123 9.5985 15.3063
v  12.7123 9.6745 15.3063
v  12.7313 9.8782 15.2953
v  12.8385 9.6744 15.4808
v  12.9805 9.8782 15.7256
v  12.8385 9.4707 15.4808
v  12.7313 9.6745 15.2953
v  12.9809 9.5985 15.7254
v  12.8394 8.9902 15.4803
v  12.9809 9.2822 15.7254
v  12.8402 9.7504 15.4798
v  12.7331 9.9542 15.2943
v  12.8402 9.9833 15.4798
v  12.8385 9.1574 15.4808
v  12.7313 9.3613 15.2953
v  -11.0506 9.7504 15.7893
v  -11.0506 9.7504 15.7669
v  -11.0506 9.9833 15.7669
v  -11.0506 9.9833 15.7893
v  -11.1193 9.7504 15.7893
v  -11.1193 9.9833 15.7893
v  -11.0506 9.4707 15.7667
v  -11.0506 9.6744 15.7667
v  -11.0506 9.6744 15.7893
v  -11.0506 9.4707 15.7893
v  -10.8364 9.6745 15.7667
v  -10.8364 9.6745 15.7893
v  -11.1193 9.6744 15.7893
v  -11.0506 9.3946 15.7893
v  -11.1193 9.4707 15.7893
v  -11.1193 9.3946 15.7893
v  -11.0506 9.1574 15.7663
v  -11.0506 9.3946 15.7663
v  -11.0506 9.1574 15.7893
v  -11.1193 9.1574 15.7893
v  -11.0506 8.9902 15.7893
v  -11.0506 9.0784 15.7893
v  -11.1193 9.0784 15.7893
v  -11.1193 8.9902 15.7893
v  -11.0506 8.9902 15.7663
v  -11.0506 9.0784 15.7663
v  -10.8364 9.5985 15.7893
v  -10.8364 9.9542 15.7893
v  -10.8364 9.8782 15.7893
v  -10.8364 9.9542 15.7669
v  -10.8364 9.3613 15.7893
v  -10.8364 9.2822 15.7893
v  -10.8364 9.3613 15.7663
v  -11.3336 9.2822 15.7893
v  -11.3336 9.3613 15.7893
v  -11.3336 9.8782 15.7893
v  -11.3336 9.9542 15.7893
v  -11.3336 9.2822 15.7663
v  -11.1193 9.0784 15.7663
v  -11.3336 9.5985 15.7673
v  -11.1193 9.3946 15.7673
v  -11.3336 9.5985 15.7893
v  -11.3336 9.6745 15.7893
v  -11.3336 9.8782 15.7673
v  -11.1193 9.6744 15.7673
v  -10.8364 9.8782 15.7667
v  -11.1193 9.4707 15.7673
v  -11.3336 9.6745 15.7673
v  -10.8364 9.5985 15.7663
v  -11.1193 8.9902 15.7663
v  -10.8364 9.2822 15.7663
v  -11.1193 9.7504 15.7653
v  -11.3336 9.9542 15.7653
v  -11.1193 9.9833 15.7653
v  -11.1193 9.1574 15.7673
v  -11.3336 9.3613 15.7673
v  -11.1193 9.7504 14.7185
v  -11.1193 9.7504 14.7409
v  -11.1193 9.9833 14.7409
v  -11.1193 9.9833 14.7185
v  -11.0506 9.7504 14.7185
v  -11.0506 9.9833 14.7185
v  -11.1193 9.4707 14.7411
v  -11.1193 9.6744 14.7411
v  -11.1193 9.6744 14.7185
v  -11.1193 9.4707 14.7185
v  -11.3336 9.6745 14.7411
v  -11.3336 9.6745 14.7185
v  -11.0506 9.6744 14.7185
v  -11.1193 9.3946 14.7185
v  -11.0506 9.4707 14.7185
v  -11.0506 9.3946 14.7185
v  -11.1193 9.1575 14.7415
v  -11.1193 9.3946 14.7415
v  -11.1193 9.1575 14.7185
v  -11.0506 9.1575 14.7185
v  -11.1193 8.9902 14.7185
v  -11.1193 9.0784 14.7185
v  -11.0506 9.0784 14.7185
v  -11.0506 8.9902 14.7185
v  -11.1193 8.9902 14.7415
v  -11.1193 9.0784 14.7415
v  -11.3336 9.5985 14.7185
v  -11.3336 9.9542 14.7185
v  -11.3336 9.8782 14.7185
v  -11.3336 9.9542 14.7409
v  -11.3336 9.3613 14.7185
v  -11.3336 9.2822 14.7185
v  -11.3336 9.3613 14.7415
v  -10.8364 9.2822 14.7185
v  -10.8364 9.3613 14.7185
v  -10.8364 9.8782 14.7185
v  -10.8364 9.9542 14.7185
v  -10.8364 9.2822 14.7415
v  -11.0506 9.0784 14.7415
v  -10.8364 9.5985 14.7405
v  -11.0506 9.3946 14.7405
v  -10.8364 9.5985 14.7185
v  -10.8364 9.6745 14.7185
v  -10.8364 9.8782 14.7405
v  -11.0506 9.6744 14.7405
v  -11.3336 9.8782 14.7411
v  -11.0506 9.4707 14.7405
v  -10.8364 9.6745 14.7405
v  -11.3336 9.5985 14.7415
v  -11.0506 8.9902 14.7415
v  -11.3336 9.2822 14.7415
v  -11.0506 9.7504 14.7425
v  -10.8364 9.9542 14.7425
v  -11.0506 9.9833 14.7425
v  -11.0506 9.1575 14.7405
v  -10.8364 9.3613 14.7405
v  -10.6042 9.7504 15.4919
v  -10.6236 9.7504 15.4806
v  -10.6236 9.9833 15.4806
v  -10.6042 9.9833 15.4919
v  -10.6385 9.7504 15.5514
v  -10.6385 9.9833 15.5514
v  -10.6237 9.4707 15.4805
v  -10.6237 9.6744 15.4805
v  -10.6042 9.6744 15.4919
v  -10.6042 9.4707 15.4919
v  -10.5166 9.6745 15.2950
v  -10.4970 9.6745 15.3063
v  -10.6385 9.6744 15.5514
v  -10.6042 9.3946 15.4919
v  -10.6385 9.4707 15.5514
v  -10.6385 9.3946 15.5514
v  -10.6241 9.1574 15.4803
v  -10.6241 9.3946 15.4803
v  -10.6042 9.1574 15.4919
v  -10.6385 9.1574 15.5514
v  -10.6042 8.9902 15.4919
v  -10.6042 9.0784 15.4919
v  -10.6385 9.0784 15.5514
v  -10.6385 8.9902 15.5514
v  -10.6241 8.9902 15.4803
v  -10.6241 9.0784 15.4803
v  -10.4970 9.5985 15.3063
v  -10.4970 9.9542 15.3063
v  -10.4970 9.8782 15.3063
v  -10.5165 9.9542 15.2951
v  -10.4970 9.3613 15.3063
v  -10.4970 9.2822 15.3063
v  -10.5170 9.3613 15.2948
v  -10.7456 9.2822 15.7369
v  -10.7456 9.3613 15.7369
v  -10.7456 9.8782 15.7369
v  -10.7456 9.9542 15.7369
v  -10.7656 9.2822 15.7254
v  -10.6585 9.0784 15.5398
v  -10.7647 9.5985 15.7259
v  -10.6575 9.3946 15.5403
v  -10.7456 9.5985 15.7369
v  -10.7456 9.6745 15.7369
v  -10.7647 9.8782 15.7259
v  -10.6575 9.6744 15.5403
v  -10.5166 9.8782 15.2950
v  -10.6575 9.4707 15.5403
v  -10.7647 9.6745 15.7259
v  -10.5170 9.5985 15.2948
v  -10.6585 8.9902 15.5398
v  -10.5170 9.2822 15.2948
v  -10.6593 9.7504 15.5393
v  -10.7665 9.9542 15.7249
v  -10.6593 9.9833 15.5393
v  -10.6575 9.1574 15.5403
v  -10.7647 9.3613 15.7259
v  -11.5658 9.7504 15.0160
v  -11.5464 9.7504 15.0272
v  -11.5464 9.9833 15.0272
v  -11.5658 9.9833 15.0160
v  -11.5315 9.7504 14.9564
v  -11.5315 9.9833 14.9565
v  -11.5462 9.4707 15.0273
v  -11.5462 9.6744 15.0273
v  -11.5658 9.6744 15.0160
v  -11.5658 9.4707 15.0160
v  -11.6534 9.6745 15.2128
v  -11.6729 9.6745 15.2015
v  -11.5315 9.6744 14.9564
v  -11.5658 9.3946 15.0160
v  -11.5315 9.4707 14.9564
v  -11.5315 9.3946 14.9564
v  -11.5459 9.1574 15.0275
v  -11.5459 9.3946 15.0275
v  -11.5658 9.1574 15.0160
v  -11.5315 9.1574 14.9564
v  -11.5658 8.9902 15.0160
v  -11.5658 9.0784 15.0160
v  -11.5315 9.0784 14.9564
v  -11.5315 8.9902 14.9565
v  -11.5459 8.9902 15.0275
v  -11.5459 9.0784 15.0275
v  -11.6729 9.5985 15.2015
v  -11.6729 9.9542 15.2015
v  -11.6729 9.8782 15.2015
v  -11.6535 9.9542 15.2127
v  -11.6729 9.3613 15.2015
v  -11.6729 9.2822 15.2015
v  -11.6530 9.3613 15.2130
v  -11.4243 9.2822 14.7709
v  -11.4243 9.3613 14.7709
v  -11.4243 9.8782 14.7709
v  -11.4243 9.9542 14.7709
v  -11.4044 9.2822 14.7824
v  -11.5115 9.0784 14.9680
v  -11.4053 9.5985 14.7819
v  -11.5124 9.3946 14.9674
v  -11.4243 9.5985 14.7709
v  -11.4243 9.6745 14.7709
v  -11.4053 9.8782 14.7819
v  -11.5124 9.6744 14.9674
v  -11.6534 9.8782 15.2128
v  -11.5124 9.4707 14.9674
v  -11.4053 9.6745 14.7819
v  -11.6530 9.5985 15.2130
v  -11.5115 8.9902 14.9680
v  -11.6530 9.2822 15.2130
v  -11.5106 9.7504 14.9685
v  -11.4035 9.9542 14.7829
v  -11.5106 9.9833 14.9685
v  -11.5124 9.1574 14.9674
v  -11.4053 9.3613 14.7819
v  -10.6385 9.7504 14.9565
v  -10.6579 9.7504 14.9677
v  -10.6579 9.9833 14.9677
v  -10.6385 9.9833 14.9565
v  -10.6042 9.7504 15.0160
v  -10.6042 9.9833 15.0160
v  -10.6581 9.4707 14.9678
v  -10.6581 9.6744 14.9678
v  -10.6385 9.6744 14.9565
v  -10.6385 9.4707 14.9565
v  -10.7652 9.6745 14.7822
v  -10.7456 9.6745 14.7709
v  -10.6042 9.6744 15.0160
v  -10.6385 9.3946 14.9565
v  -10.6042 9.4707 15.0160
v  -10.6042 9.3946 15.0160
v  -10.6585 9.1574 14.9680
v  -10.6585 9.3946 14.9680
v  -10.6385 9.1574 14.9565
v  -10.6042 9.1574 15.0160
v  -10.6385 8.9902 14.9565
v  -10.6385 9.0784 14.9565
v  -10.6042 9.0784 15.0160
v  -10.6042 8.9902 15.0160
v  -10.6585 8.9902 14.9680
v  -10.6585 9.0784 14.9680
v  -10.7456 9.5985 14.7709
v  -10.7456 9.9542 14.7709
v  -10.7456 9.8782 14.7709
v  -10.7650 9.9542 14.7821
v  -10.7456 9.3613 14.7709
v  -10.7456 9.2822 14.7709
v  -10.7656 9.3613 14.7824
v  -10.4970 9.2822 15.2015
v  -10.4970 9.3613 15.2015
v  -10.4970 9.8782 15.2015
v  -10.4970 9.9542 15.2015
v  -10.5170 9.2822 15.2130
v  -10.6241 9.0784 15.0275
v  -10.5161 9.5985 15.2125
v  -10.6232 9.3946 15.0269
v  -10.4970 9.5985 15.2015
v  -10.4970 9.6745 15.2015
v  -10.5161 9.8782 15.2125
v  -10.6232 9.6744 15.0269
v  -10.7652 9.8782 14.7822
v  -10.6232 9.4707 15.0269
v  -10.5161 9.6745 15.2125
v  -10.7656 9.5985 14.7824
v  -10.6241 8.9902 15.0275
v  -10.7656 9.2822 14.7824
v  -10.6250 9.7504 15.0280
v  -10.5179 9.9542 15.2135
v  -10.6250 9.9833 15.0280
v  -10.6232 9.1574 15.0269
v  -10.5161 9.3613 15.2125
v  -11.5315 9.7504 15.5514
v  -11.5120 9.7504 15.5401
v  -11.5120 9.9833 15.5401
v  -11.5315 9.9833 15.5514
v  -11.5658 9.7504 15.4919
v  -11.5658 9.9833 15.4919
v  -11.5119 9.4707 15.5401
v  -11.5119 9.6744 15.5401
v  -11.5315 9.6744 15.5514
v  -11.5315 9.4707 15.5514
v  -11.4048 9.6745 15.7256
v  -11.4243 9.6745 15.7369
v  -11.5658 9.6744 15.4919
v  -11.5315 9.3946 15.5514
v  -11.5658 9.4707 15.4919
v  -11.5658 9.3946 15.4919
v  -11.5115 9.1574 15.5398
v  -11.5115 9.3946 15.5398
v  -11.5315 9.1574 15.5514
v  -11.5658 9.1574 15.4919
v  -11.5315 8.9902 15.5514
v  -11.5315 9.0784 15.5514
v  -11.5658 9.0784 15.4919
v  -11.5658 8.9902 15.4919
v  -11.5115 8.9902 15.5398
v  -11.5115 9.0784 15.5398
v  -11.4243 9.5985 15.7369
v  -11.4243 9.9542 15.7369
v  -11.4243 9.8782 15.7369
v  -11.4049 9.9542 15.7257
v  -11.4243 9.3613 15.7369
v  -11.4243 9.2822 15.7369
v  -11.4044 9.3613 15.7254
v  -11.6730 9.2822 15.3063
v  -11.6730 9.3613 15.3063
v  -11.6730 9.8782 15.3063
v  -11.6730 9.9542 15.3063
v  -11.6530 9.2822 15.2948
v  -11.5459 9.0784 15.4803
v  -11.6539 9.5985 15.2953
v  -11.5468 9.3946 15.4808
v  -11.6730 9.5985 15.3063
v  -11.6730 9.6745 15.3063
v  -11.6539 9.8782 15.2953
v  -11.5468 9.6744 15.4808
v  -11.4048 9.8782 15.7256
v  -11.5468 9.4707 15.4808
v  -11.6539 9.6745 15.2953
v  -11.4044 9.5985 15.7254
v  -11.5459 8.9902 15.4803
v  -11.4044 9.2822 15.7254
v  -11.5450 9.7504 15.4798
v  -11.6521 9.9542 15.2943
v  -11.5450 9.9833 15.4798
v  -11.5468 9.1574 15.4808
v  -11.6539 9.3613 15.2953
v  13.3346 9.7504 -2.7375
v  13.3346 9.7504 -2.7600
v  13.3346 9.9833 -2.7600
v  13.3346 9.9833 -2.7375
v  13.2659 9.7504 -2.7375
v  13.2659 9.9833 -2.7375
v  13.3346 9.4707 -2.7601
v  13.3346 9.6743 -2.7601
v  13.3346 9.6743 -2.7375
v  13.3346 9.4707 -2.7375
v  13.5489 9.6745 -2.7601
v  13.5489 9.6745 -2.7375
v  13.2659 9.6743 -2.7375
v  13.3346 9.3946 -2.7375
v  13.2659 9.4707 -2.7375
v  13.2659 9.3946 -2.7375
v  13.3346 9.1575 -2.7605
v  13.3346 9.3946 -2.7605
v  13.3346 9.1575 -2.7375
v  13.2659 9.1575 -2.7375
v  13.3346 8.9902 -2.7375
v  13.3346 9.0784 -2.7375
v  13.2659 9.0784 -2.7375
v  13.2659 8.9902 -2.7375
v  13.3346 8.9902 -2.7605
v  13.3346 9.0784 -2.7605
v  13.5489 9.5985 -2.7375
v  13.5489 9.9542 -2.7375
v  13.5489 9.8782 -2.7375
v  13.5489 9.9542 -2.7600
v  13.5489 9.3613 -2.7375
v  13.5489 9.2822 -2.7375
v  13.5489 9.3613 -2.7605
v  13.0517 9.2822 -2.7375
v  13.0517 9.3613 -2.7375
v  13.0517 9.8782 -2.7375
v  13.0517 9.9542 -2.7375
v  13.0517 9.2822 -2.7605
v  13.2659 9.0784 -2.7605
v  13.0517 9.5985 -2.7595
v  13.2659 9.3946 -2.7595
v  13.0517 9.5985 -2.7375
v  13.0517 9.6745 -2.7375
v  13.0517 9.8782 -2.7595
v  13.2659 9.6743 -2.7595
v  13.5489 9.8782 -2.7601
v  13.2659 9.4707 -2.7595
v  13.0517 9.6745 -2.7595
v  13.5489 9.5985 -2.7605
v  13.2659 8.9902 -2.7605
v  13.5489 9.2822 -2.7605
v  13.2659 9.7504 -2.7616
v  13.0517 9.9542 -2.7616
v  13.2659 9.9833 -2.7616
v  13.2659 9.1575 -2.7595
v  13.0517 9.3613 -2.7595
v  13.2659 9.7504 -3.8083
v  13.2659 9.7504 -3.7858
v  13.2659 9.9833 -3.7858
v  13.2659 9.9833 -3.8083
v  13.3346 9.7504 -3.8083
v  13.3346 9.9833 -3.8083
v  13.2659 9.4707 -3.7857
v  13.2659 9.6743 -3.7857
v  13.2659 9.6743 -3.8083
v  13.2659 9.4707 -3.8083
v  13.0517 9.6745 -3.7857
v  13.0517 9.6745 -3.8083
v  13.3346 9.6743 -3.8083
v  13.2659 9.3946 -3.8083
v  13.3346 9.4707 -3.8083
v  13.3346 9.3946 -3.8083
v  13.2659 9.1575 -3.7852
v  13.2659 9.3946 -3.7852
v  13.2659 9.1575 -3.8083
v  13.3346 9.1575 -3.8083
v  13.2659 8.9902 -3.8083
v  13.2659 9.0784 -3.8083
v  13.3346 9.0784 -3.8083
v  13.3346 8.9902 -3.8083
v  13.2659 8.9902 -3.7852
v  13.2659 9.0784 -3.7852
v  13.0517 9.5985 -3.8083
v  13.0517 9.9542 -3.8083
v  13.0517 9.8782 -3.8083
v  13.0517 9.9542 -3.7858
v  13.0517 9.3613 -3.8083
v  13.0517 9.2822 -3.8083
v  13.0517 9.3613 -3.7852
v  13.5489 9.2822 -3.8083
v  13.5489 9.3613 -3.8083
v  13.5489 9.8782 -3.8083
v  13.5489 9.9542 -3.8083
v  13.5489 9.2822 -3.7852
v  13.3346 9.0784 -3.7852
v  13.5489 9.5985 -3.7863
v  13.3346 9.3946 -3.7863
v  13.5489 9.5985 -3.8083
v  13.5489 9.6745 -3.8083
v  13.5489 9.8782 -3.7863
v  13.3346 9.6743 -3.7863
v  13.0517 9.8782 -3.7857
v  13.3346 9.4707 -3.7863
v  13.5489 9.6745 -3.7863
v  13.0517 9.5985 -3.7852
v  13.3346 8.9902 -3.7852
v  13.0517 9.2822 -3.7852
v  13.3346 9.7504 -3.7842
v  13.5489 9.9542 -3.7842
v  13.3346 9.9833 -3.7842
v  13.3346 9.1575 -3.7863
v  13.5489 9.3613 -3.7863
v  13.7811 9.7504 -3.0349
v  13.7617 9.7504 -3.0462
v  13.7617 9.9833 -3.0462
v  13.7811 9.9833 -3.0349
v  13.7467 9.7504 -2.9754
v  13.7467 9.9833 -2.9754
v  13.7615 9.4707 -3.0463
v  13.7615 9.6743 -3.0463
v  13.7811 9.6743 -3.0349
v  13.7811 9.4707 -3.0349
v  13.8686 9.6745 -3.2318
v  13.8882 9.6745 -3.2205
v  13.7467 9.6743 -2.9754
v  13.7811 9.3946 -3.0349
v  13.7467 9.4707 -2.9754
v  13.7467 9.3946 -2.9754
v  13.7612 9.1575 -3.0464
v  13.7612 9.3946 -3.0464
v  13.7811 9.1575 -3.0349
v  13.7467 9.1575 -2.9754
v  13.7811 8.9902 -3.0349
v  13.7811 9.0784 -3.0349
v  13.7467 9.0784 -2.9754
v  13.7467 8.9902 -2.9754
v  13.7612 8.9902 -3.0464
v  13.7612 9.0784 -3.0464
v  13.8882 9.5985 -3.2205
v  13.8882 9.9542 -3.2205
v  13.8882 9.8782 -3.2205
v  13.8688 9.9542 -3.2317
v  13.8882 9.3613 -3.2205
v  13.8882 9.2822 -3.2205
v  13.8683 9.3613 -3.2320
v  13.6396 9.2822 -2.7899
v  13.6396 9.3613 -2.7899
v  13.6396 9.8782 -2.7899
v  13.6396 9.9542 -2.7899
v  13.6197 9.2822 -2.8014
v  13.7268 9.0784 -2.9869
v  13.6206 9.5985 -2.8009
v  13.7277 9.3946 -2.9864
v  13.6396 9.5985 -2.7899
v  13.6396 9.6745 -2.7899
v  13.6206 9.8782 -2.8009
v  13.7277 9.6743 -2.9864
v  13.8686 9.8782 -3.2318
v  13.7277 9.4707 -2.9864
v  13.6206 9.6745 -2.8009
v  13.8683 9.5985 -3.2320
v  13.7268 8.9902 -2.9869
v  13.8683 9.2822 -3.2320
v  13.7259 9.7504 -2.9875
v  13.6188 9.9542 -2.8019
v  13.7259 9.9833 -2.9875
v  13.7277 9.1575 -2.9864
v  13.6206 9.3613 -2.8009
v  12.8194 9.7504 -3.5108
v  12.8389 9.7504 -3.4996
v  12.8389 9.9833 -3.4996
v  12.8194 9.9833 -3.5108
v  12.8538 9.7504 -3.5703
v  12.8538 9.9833 -3.5703
v  12.8390 9.4707 -3.4995
v  12.8390 9.6743 -3.4995
v  12.8194 9.6743 -3.5108
v  12.8194 9.4707 -3.5108
v  12.7319 9.6745 -3.3140
v  12.7123 9.6745 -3.3253
v  12.8538 9.6743 -3.5703
v  12.8194 9.3946 -3.5108
v  12.8538 9.4707 -3.5703
v  12.8538 9.3946 -3.5703
v  12.8394 9.1575 -3.4993
v  12.8394 9.3946 -3.4993
v  12.8194 9.1575 -3.5108
v  12.8538 9.1575 -3.5703
v  12.8194 8.9902 -3.5108
v  12.8194 9.0784 -3.5108
v  12.8538 9.0784 -3.5703
v  12.8538 8.9902 -3.5703
v  12.8394 8.9902 -3.4993
v  12.8394 9.0784 -3.4993
v  12.7123 9.5985 -3.3253
v  12.7123 9.9542 -3.3253
v  12.7123 9.8782 -3.3253
v  12.7317 9.9542 -3.3141
v  12.7123 9.3613 -3.3253
v  12.7123 9.2822 -3.3253
v  12.7322 9.3613 -3.3138
v  12.9609 9.2822 -3.7559
v  12.9609 9.3613 -3.7559
v  12.9609 9.8782 -3.7559
v  12.9609 9.9542 -3.7559
v  12.9809 9.2822 -3.7444
v  12.8737 9.0784 -3.5588
v  12.9799 9.5985 -3.7449
v  12.8728 9.3946 -3.5594
v  12.9609 9.5985 -3.7559
v  12.9609 9.6745 -3.7559
v  12.9799 9.8782 -3.7449
v  12.8728 9.6743 -3.5594
v  12.7319 9.8782 -3.3140
v  12.8728 9.4707 -3.5594
v  12.9799 9.6745 -3.7449
v  12.7322 9.5985 -3.3138
v  12.8737 8.9902 -3.5588
v  12.7322 9.2822 -3.3138
v  12.8746 9.7504 -3.5583
v  12.9817 9.9542 -3.7439
v  12.8746 9.9833 -3.5583
v  12.8728 9.1575 -3.5594
v  12.9799 9.3613 -3.7449
v  13.7467 9.7504 -3.5703
v  13.7273 9.7504 -3.5591
v  13.7273 9.9833 -3.5591
v  13.7467 9.9833 -3.5703
v  13.7811 9.7504 -3.5108
v  13.7811 9.9833 -3.5108
v  13.7271 9.4707 -3.5590
v  13.7271 9.6743 -3.5590
v  13.7467 9.6743 -3.5703
v  13.7467 9.4707 -3.5703
v  13.6200 9.6745 -3.7446
v  13.6396 9.6745 -3.7559
v  13.7811 9.6743 -3.5108
v  13.7467 9.3946 -3.5703
v  13.7811 9.4707 -3.5108
v  13.7811 9.3946 -3.5108
v  13.7268 9.1575 -3.5588
v  13.7268 9.3946 -3.5588
v  13.7467 9.1575 -3.5703
v  13.7811 9.1575 -3.5108
v  13.7467 8.9902 -3.5703
v  13.7467 9.0784 -3.5703
v  13.7811 9.0784 -3.5108
v  13.7811 8.9902 -3.5108
v  13.7268 8.9902 -3.5588
v  13.7268 9.0784 -3.5588
v  13.6396 9.5985 -3.7559
v  13.6396 9.9542 -3.7559
v  13.6396 9.8782 -3.7559
v  13.6202 9.9542 -3.7447
v  13.6396 9.3613 -3.7559
v  13.6396 9.2822 -3.7559
v  13.6197 9.3613 -3.7444
v  13.8882 9.2822 -3.3253
v  13.8882 9.3613 -3.3253
v  13.8882 9.8782 -3.3253
v  13.8882 9.9542 -3.3253
v  13.8683 9.2822 -3.3138
v  13.7612 9.0784 -3.4993
v  13.8692 9.5985 -3.3143
v  13.7621 9.3946 -3.4999
v  13.8882 9.5985 -3.3253
v  13.8882 9.6745 -3.3253
v  13.8692 9.8782 -3.3143
v  13.7621 9.6743 -3.4999
v  13.6200 9.8782 -3.7446
v  13.7621 9.4707 -3.4999
v  13.8692 9.6745 -3.3143
v  13.6197 9.5985 -3.7444
v  13.7612 8.9902 -3.4993
v  13.6197 9.2822 -3.7444
v  13.7603 9.7504 -3.4988
v  13.8674 9.9542 -3.3133
v  13.7603 9.9833 -3.4988
v  13.7621 9.1575 -3.4999
v  13.8692 9.3613 -3.3143
v  12.8538 9.7504 -2.9754
v  12.8732 9.7504 -2.9867
v  12.8732 9.9833 -2.9867
v  12.8538 9.9833 -2.9754
v  12.8194 9.7504 -3.0349
v  12.8194 9.9833 -3.0349
v  12.8734 9.4707 -2.9867
v  12.8734 9.6743 -2.9867
v  12.8538 9.6743 -2.9754
v  12.8538 9.4707 -2.9754
v  12.9805 9.6745 -2.8012
v  12.9609 9.6745 -2.7899
v  12.8194 9.6743 -3.0349
v  12.8538 9.3946 -2.9754
v  12.8194 9.4707 -3.0349
v  12.8194 9.3946 -3.0349
v  12.8737 9.1575 -2.9869
v  12.8737 9.3946 -2.9869
v  12.8538 9.1575 -2.9754
v  12.8194 9.1575 -3.0349
v  12.8538 8.9902 -2.9754
v  12.8538 9.0784 -2.9754
v  12.8194 9.0784 -3.0349
v  12.8194 8.9902 -3.0349
v  12.8737 8.9902 -2.9869
v  12.8737 9.0784 -2.9869
v  12.9609 9.5985 -2.7899
v  12.9609 9.9542 -2.7899
v  12.9609 9.8782 -2.7899
v  12.9803 9.9542 -2.8011
v  12.9609 9.3613 -2.7899
v  12.9609 9.2822 -2.7899
v  12.9809 9.3613 -2.8014
v  12.7123 9.2822 -3.2205
v  12.7123 9.3613 -3.2205
v  12.7123 9.8782 -3.2205
v  12.7123 9.9542 -3.2205
v  12.7322 9.2822 -3.2320
v  12.8394 9.0784 -3.0464
v  12.7313 9.5985 -3.2315
v  12.8385 9.3946 -3.0459
v  12.7123 9.5985 -3.2205
v  12.7123 9.6745 -3.2205
v  12.7313 9.8782 -3.2315
v  12.8385 9.6743 -3.0459
v  12.9805 9.8782 -2.8012
v  12.8385 9.4707 -3.0459
v  12.7313 9.6745 -3.2315
v  12.9809 9.5985 -2.8014
v  12.8394 8.9902 -3.0464
v  12.9809 9.2822 -2.8014
v  12.8402 9.7504 -3.0470
v  12.7331 9.9542 -3.2325
v  12.8402 9.9833 -3.0470
v  12.8385 9.1575 -3.0459
v  12.7313 9.3613 -3.2315
v  -11.0506 9.7504 -2.7375
v  -11.0506 9.7504 -2.7600
v  -11.0506 9.9833 -2.7600
v  -11.0506 9.9833 -2.7375
v  -11.1193 9.7504 -2.7375
v  -11.1193 9.9833 -2.7375
v  -11.0506 9.4707 -2.7601
v  -11.0506 9.6743 -2.7601
v  -11.0506 9.6743 -2.7375
v  -11.0506 9.4707 -2.7375
v  -10.8364 9.6745 -2.7601
v  -10.8364 9.6745 -2.7375
v  -11.1193 9.6743 -2.7375
v  -11.0506 9.3946 -2.7375
v  -11.1193 9.4707 -2.7375
v  -11.1193 9.3946 -2.7375
v  -11.0506 9.1575 -2.7605
v  -11.0506 9.3946 -2.7605
v  -11.0506 9.1575 -2.7375
v  -11.1193 9.1575 -2.7375
v  -11.0506 8.9902 -2.7375
v  -11.0506 9.0784 -2.7375
v  -11.1193 9.0784 -2.7375
v  -11.1193 8.9902 -2.7375
v  -11.0506 8.9902 -2.7605
v  -11.0506 9.0784 -2.7605
v  -10.8364 9.5985 -2.7375
v  -10.8364 9.9542 -2.7375
v  -10.8364 9.8782 -2.7375
v  -10.8364 9.9542 -2.7600
v  -10.8364 9.3613 -2.7375
v  -10.8364 9.2822 -2.7375
v  -10.8364 9.3613 -2.7605
v  -11.3336 9.2822 -2.7375
v  -11.3336 9.3613 -2.7375
v  -11.3336 9.8782 -2.7375
v  -11.3336 9.9542 -2.7375
v  -11.3336 9.2822 -2.7605
v  -11.1193 9.0784 -2.7605
v  -11.3336 9.5985 -2.7595
v  -11.1193 9.3946 -2.7595
v  -11.3336 9.5985 -2.7375
v  -11.3336 9.6745 -2.7375
v  -11.3336 9.8782 -2.7595
v  -11.1193 9.6743 -2.7595
v  -10.8364 9.8782 -2.7601
v  -11.1193 9.4707 -2.7595
v  -11.3336 9.6745 -2.7595
v  -10.8364 9.5985 -2.7605
v  -11.1193 8.9902 -2.7605
v  -10.8364 9.2822 -2.7605
v  -11.1193 9.7504 -2.7616
v  -11.3336 9.9542 -2.7616
v  -11.1193 9.9833 -2.7616
v  -11.1193 9.1575 -2.7595
v  -11.3336 9.3613 -2.7595
v  -11.1193 9.7504 -3.8083
v  -11.1193 9.7504 -3.7858
v  -11.1193 9.9833 -3.7858
v  -11.1193 9.9833 -3.8083
v  -11.0506 9.7504 -3.8083
v  -11.0506 9.9833 -3.8083
v  -11.1193 9.4707 -3.7857
v  -11.1193 9.6743 -3.7857
v  -11.1193 9.6743 -3.8083
v  -11.1193 9.4707 -3.8083
v  -11.3336 9.6745 -3.7857
v  -11.3336 9.6745 -3.8083
v  -11.0506 9.6743 -3.8083
v  -11.1193 9.3946 -3.8083
v  -11.0506 9.4707 -3.8083
v  -11.0506 9.3946 -3.8083
v  -11.1193 9.1575 -3.7852
v  -11.1193 9.3946 -3.7852
v  -11.1193 9.1575 -3.8083
v  -11.0506 9.1575 -3.8083
v  -11.1193 8.9902 -3.8083
v  -11.1193 9.0784 -3.8083
v  -11.0506 9.0784 -3.8083
v  -11.0506 8.9902 -3.8083
v  -11.1193 8.9902 -3.7852
v  -11.1193 9.0784 -3.7852
v  -11.3336 9.5985 -3.8083
v  -11.3336 9.9542 -3.8083
v  -11.3336 9.8782 -3.8083
v  -11.3336 9.9542 -3.7858
v  -11.3336 9.3613 -3.8083
v  -11.3336 9.2822 -3.8083
v  -11.3336 9.3613 -3.7852
v  -10.8364 9.2822 -3.8083
v  -10.8364 9.3613 -3.8083
v  -10.8364 9.8782 -3.8083
v  -10.8364 9.9542 -3.8083
v  -10.8364 9.2822 -3.7852
v  -11.0506 9.0784 -3.7852
v  -10.8364 9.5985 -3.7863
v  -11.0506 9.3946 -3.7863
v  -10.8364 9.5985 -3.8083
v  -10.8364 9.6745 -3.8083
v  -10.8364 9.8782 -3.7863
v  -11.0506 9.6743 -3.7863
v  -11.3336 9.8782 -3.7857
v  -11.0506 9.4707 -3.7863
v  -10.8364 9.6745 -3.7863
v  -11.3336 9.5985 -3.7852
v  -11.0506 8.9902 -3.7852
v  -11.3336 9.2822 -3.7852
v  -11.0506 9.7504 -3.7842
v  -10.8364 9.9542 -3.7842
v  -11.0506 9.9833 -3.7842
v  -11.0506 9.1575 -3.7863
v  -10.8364 9.3613 -3.7863
v  -10.6042 9.7504 -3.0349
v  -10.6236 9.7504 -3.0462
v  -10.6236 9.9833 -3.0462
v  -10.6042 9.9833 -3.0349
v  -10.6385 9.7504 -2.9754
v  -10.6385 9.9833 -2.9754
v  -10.6237 9.4707 -3.0463
v  -10.6237 9.6743 -3.0463
v  -10.6042 9.6743 -3.0349
v  -10.6042 9.4707 -3.0349
v  -10.5166 9.6745 -3.2318
v  -10.4970 9.6745 -3.2205
v  -10.6385 9.6743 -2.9754
v  -10.6042 9.3946 -3.0349
v  -10.6385 9.4707 -2.9754
v  -10.6385 9.3946 -2.9754
v  -10.6241 9.1575 -3.0464
v  -10.6241 9.3946 -3.0464
v  -10.6042 9.1575 -3.0349
v  -10.6385 9.1575 -2.9754
v  -10.6042 8.9902 -3.0349
v  -10.6042 9.0784 -3.0349
v  -10.6385 9.0784 -2.9754
v  -10.6385 8.9902 -2.9754
v  -10.6241 8.9902 -3.0464
v  -10.6241 9.0784 -3.0464
v  -10.4970 9.5985 -3.2205
v  -10.4970 9.9542 -3.2205
v  -10.4970 9.8782 -3.2205
v  -10.5165 9.9542 -3.2317
v  -10.4970 9.3613 -3.2205
v  -10.4970 9.2822 -3.2205
v  -10.5170 9.3613 -3.2320
v  -10.7456 9.2822 -2.7899
v  -10.7456 9.3613 -2.7899
v  -10.7456 9.8782 -2.7899
v  -10.7456 9.9542 -2.7899
v  -10.7656 9.2822 -2.8014
v  -10.6585 9.0784 -2.9869
v  -10.7647 9.5985 -2.8009
v  -10.6575 9.3946 -2.9864
v  -10.7456 9.5985 -2.7899
v  -10.7456 9.6745 -2.7899
v  -10.7647 9.8782 -2.8009
v  -10.6575 9.6743 -2.9864
v  -10.5166 9.8782 -3.2318
v  -10.6575 9.4707 -2.9864
v  -10.7647 9.6745 -2.8009
v  -10.5170 9.5985 -3.2320
v  -10.6585 8.9902 -2.9869
v  -10.5170 9.2822 -3.2320
v  -10.6593 9.7504 -2.9875
v  -10.7665 9.9542 -2.8019
v  -10.6593 9.9833 -2.9875
v  -10.6575 9.1575 -2.9864
v  -10.7647 9.3613 -2.8009
v  -11.5658 9.7504 -3.5108
v  -11.5464 9.7504 -3.4996
v  -11.5464 9.9833 -3.4996
v  -11.5658 9.9833 -3.5108
v  -11.5315 9.7504 -3.5703
v  -11.5315 9.9833 -3.5703
v  -11.5462 9.4707 -3.4995
v  -11.5462 9.6743 -3.4995
v  -11.5658 9.6743 -3.5108
v  -11.5658 9.4707 -3.5108
v  -11.6534 9.6745 -3.3140
v  -11.6729 9.6745 -3.3253
v  -11.5315 9.6743 -3.5703
v  -11.5658 9.3946 -3.5108
v  -11.5315 9.4707 -3.5703
v  -11.5315 9.3946 -3.5703
v  -11.5459 9.1575 -3.4993
v  -11.5459 9.3946 -3.4993
v  -11.5658 9.1575 -3.5108
v  -11.5315 9.1575 -3.5703
v  -11.5658 8.9902 -3.5108
v  -11.5658 9.0784 -3.5108
v  -11.5315 9.0784 -3.5703
v  -11.5315 8.9902 -3.5703
v  -11.5459 8.9902 -3.4993
v  -11.5459 9.0784 -3.4993
v  -11.6729 9.5985 -3.3253
v  -11.6729 9.9542 -3.3253
v  -11.6729 9.8782 -3.3253
v  -11.6535 9.9542 -3.3141
v  -11.6729 9.3613 -3.3253
v  -11.6729 9.2822 -3.3253
v  -11.6530 9.3613 -3.3138
v  -11.4243 9.2822 -3.7559
v  -11.4243 9.3613 -3.7559
v  -11.4243 9.8782 -3.7559
v  -11.4243 9.9542 -3.7559
v  -11.4044 9.2822 -3.7444
v  -11.5115 9.0784 -3.5588
v  -11.4053 9.5985 -3.7449
v  -11.5124 9.3946 -3.5594
v  -11.4243 9.5985 -3.7559
v  -11.4243 9.6745 -3.7559
v  -11.4053 9.8782 -3.7449
v  -11.5124 9.6743 -3.5594
v  -11.6534 9.8782 -3.3140
v  -11.5124 9.4707 -3.5594
v  -11.4053 9.6745 -3.7449
v  -11.6530 9.5985 -3.3138
v  -11.5115 8.9902 -3.5588
v  -11.6530 9.2822 -3.3138
v  -11.5106 9.7504 -3.5583
v  -11.4035 9.9542 -3.7439
v  -11.5106 9.9833 -3.5583
v  -11.5124 9.1575 -3.5594
v  -11.4053 9.3613 -3.7449
v  -10.6385 9.7504 -3.5703
v  -10.6579 9.7504 -3.5591
v  -10.6579 9.9833 -3.5591
v  -10.6385 9.9833 -3.5703
v  -10.6042 9.7504 -3.5108
v  -10.6042 9.9833 -3.5108
v  -10.6581 9.4707 -3.5590
v  -10.6581 9.6743 -3.5590
v  -10.6385 9.6743 -3.5703
v  -10.6385 9.4707 -3.5703
v  -10.7652 9.6745 -3.7446
v  -10.7456 9.6745 -3.7559
v  -10.6042 9.6743 -3.5108
v  -10.6385 9.3946 -3.5703
v  -10.6042 9.4707 -3.5108
v  -10.6042 9.3946 -3.5108
v  -10.6585 9.1575 -3.5588
v  -10.6585 9.3946 -3.5588
v  -10.6385 9.1575 -3.5703
v  -10.6042 9.1575 -3.5108
v  -10.6385 8.9902 -3.5703
v  -10.6385 9.0784 -3.5703
v  -10.6042 9.0784 -3.5108
v  -10.6042 8.9902 -3.5108
v  -10.6585 8.9902 -3.5588
v  -10.6585 9.0784 -3.5588
v  -10.7456 9.5985 -3.7559
v  -10.7456 9.9542 -3.7559
v  -10.7456 9.8782 -3.7559
v  -10.7650 9.9542 -3.7447
v  -10.7456 9.3613 -3.7559
v  -10.7456 9.2822 -3.7559
v  -10.7656 9.3613 -3.7444
v  -10.4970 9.2822 -3.3253
v  -10.4970 9.3613 -3.3253
v  -10.4970 9.8782 -3.3253
v  -10.4970 9.9542 -3.3253
v  -10.5170 9.2822 -3.3138
v  -10.6241 9.0784 -3.4993
v  -10.5161 9.5985 -3.3143
v  -10.6232 9.3946 -3.4999
v  -10.4970 9.5985 -3.3253
v  -10.4970 9.6745 -3.3253
v  -10.5161 9.8782 -3.3143
v  -10.6232 9.6743 -3.4999
v  -10.7652 9.8782 -3.7446
v  -10.6232 9.4707 -3.4999
v  -10.5161 9.6745 -3.3143
v  -10.7656 9.5985 -3.7444
v  -10.6241 8.9902 -3.4993
v  -10.7656 9.2822 -3.7444
v  -10.6250 9.7504 -3.4988
v  -10.5179 9.9542 -3.3133
v  -10.6250 9.9833 -3.4988
v  -10.6232 9.1575 -3.4999
v  -10.5161 9.3613 -3.3143
v  -11.5315 9.7504 -2.9754
v  -11.5120 9.7504 -2.9867
v  -11.5120 9.9833 -2.9867
v  -11.5315 9.9833 -2.9754
v  -11.5658 9.7504 -3.0349
v  -11.5658 9.9833 -3.0349
v  -11.5119 9.4707 -2.9867
v  -11.5119 9.6743 -2.9867
v  -11.5315 9.6743 -2.9754
v  -11.5315 9.4707 -2.9754
v  -11.4048 9.6745 -2.8012
v  -11.4243 9.6745 -2.7899
v  -11.5658 9.6743 -3.0349
v  -11.5315 9.3946 -2.9754
v  -11.5658 9.4707 -3.0349
v  -11.5658 9.3946 -3.0349
v  -11.5115 9.1575 -2.9869
v  -11.5115 9.3946 -2.9869
v  -11.5315 9.1575 -2.9754
v  -11.5658 9.1575 -3.0349
v  -11.5315 8.9902 -2.9754
v  -11.5315 9.0784 -2.9754
v  -11.5658 9.0784 -3.0349
v  -11.5658 8.9902 -3.0349
v  -11.5115 8.9902 -2.9869
v  -11.5115 9.0784 -2.9869
v  -11.4243 9.5985 -2.7899
v  -11.4243 9.9542 -2.7899
v  -11.4243 9.8782 -2.7899
v  -11.4049 9.9542 -2.8011
v  -11.4243 9.3613 -2.7899
v  -11.4243 9.2822 -2.7899
v  -11.4044 9.3613 -2.8014
v  -11.6730 9.2822 -3.2205
v  -11.6730 9.3613 -3.2205
v  -11.6730 9.8782 -3.2205
v  -11.6730 9.9542 -3.2205
v  -11.6530 9.2822 -3.2320
v  -11.5459 9.0784 -3.0464
v  -11.6539 9.5985 -3.2315
v  -11.5468 9.3946 -3.0459
v  -11.6730 9.5985 -3.2205
v  -11.6730 9.6745 -3.2205
v  -11.6539 9.8782 -3.2315
v  -11.5468 9.6743 -3.0459
v  -11.4048 9.8782 -2.8012
v  -11.5468 9.4707 -3.0459
v  -11.6539 9.6745 -3.2315
v  -11.4044 9.5985 -2.8014
v  -11.5459 8.9902 -3.0464
v  -11.4044 9.2822 -2.8014
v  -11.5450 9.7504 -3.0470
v  -11.6521 9.9542 -3.2325
v  -11.5450 9.9833 -3.0470
v  -11.5468 9.1575 -3.0459
v  -11.6539 9.3613 -3.2315
v  3.1921 23.1390 9.5217
v  3.1921 23.3596 9.5217
v  3.4447 23.3596 9.6905
v  3.4447 23.1390 9.6905
v  2.8943 23.1390 11.0191
v  2.8943 23.3596 11.0191
v  2.5964 23.3596 10.9599
v  2.5964 23.1390 10.9599
v  2.5964 23.1390 9.5217
v  2.5964 23.3596 9.5217
v  2.8943 23.3596 9.4625
v  2.8943 23.1390 9.4625
v  3.1921 23.1390 10.9599
v  3.1921 23.3596 10.9599
v  2.3439 23.1390 9.6905
v  2.3439 23.3596 9.6905
v  3.4447 23.1390 10.7912
v  3.4447 23.3596 10.7912
v  2.1752 23.1390 9.9430
v  2.1752 23.3596 9.9430
v  3.6134 23.1390 10.5387
v  3.6134 23.3596 10.5387
v  2.1160 23.1390 10.2408
v  2.1160 23.3596 10.2408
v  3.6726 23.1390 10.2408
v  3.6726 23.3596 10.2408
v  2.1752 23.1390 10.5387
v  2.1752 23.3596 10.5387
v  3.6134 23.1390 9.9430
v  3.6134 23.3596 9.9430
v  2.3439 23.1390 10.7912
v  2.3439 23.3596 10.7912
v  2.8943 23.1390 10.2408
v  17.2815 25.7032 14.9172
v  17.2815 25.4881 14.9172
v  17.2815 25.4881 14.7021
v  17.2815 25.7032 14.7021
v  -14.9999 25.7032 14.7021
v  -14.9999 25.4881 14.7021
v  -14.9999 25.4881 14.9172
v  -14.9999 25.7032 14.9172
v  -7.5627 28.2159 15.0400
v  -7.1765 28.2078 15.0400
v  -7.3785 28.2217 15.0400
v  -7.7779 28.1836 15.0400
v  -6.9590 28.1698 15.0400
v  -7.9565 28.1025 15.0400
v  -6.7374 28.1132 15.0400
v  -6.5226 28.0437 15.0400
v  -8.0310 27.9505 15.0400
v  -7.9233 28.0070 15.0400
v  -7.9033 28.0155 15.0400
v  -7.8728 28.0240 15.0400
v  -7.8152 28.0363 15.0400
v  -7.7570 28.0441 15.0400
v  -7.6989 28.0482 15.0400
v  -7.6412 28.0494 15.0400
v  -7.3727 28.0372 15.0400
v  -6.1460 27.8670 15.0400
v  -7.1176 28.0010 15.0400
v  -7.9344 27.9985 15.0400
v  -6.8694 27.9409 15.0400
v  -7.9378 27.9901 15.0400
v  -7.9226 27.9767 15.0400
v  -7.8884 27.9664 15.0400
v  -7.8520 27.9587 15.0400
v  -7.8305 27.9533 15.0400
v  -7.8247 27.9486 15.0400
v  -8.0186 27.9280 15.0400
v  -7.8202 27.9431 15.0400
v  -7.8174 27.9371 15.0400
v  -6.6215 27.8573 15.0400
v  -7.8164 27.9307 15.0400
v  -7.8169 27.9260 15.0400
v  -7.9866 27.9141 15.0400
v  -7.8188 27.9205 15.0400
v  -7.8223 27.9144 15.0400
v  -7.8277 27.9081 15.0400
v  -7.9429 27.9072 15.0400
v  -7.8386 27.9077 15.0400
v  -7.8541 27.9067 15.0400
v  -7.8955 27.9053 15.0400
v  -7.8733 27.9057 15.0400
v  -5.7278 27.5832 15.0400
v  -6.2478 27.6850 15.0400
v  -5.8885 27.4449 15.0400
v  -6.9064 27.5425 15.0400
v  -6.8021 27.5581 15.0400
v  -6.8644 27.6229 15.0400
v  -5.3885 27.2190 15.0400
v  -6.7663 27.4886 15.0400
v  -6.9357 27.4187 15.0400
v  -6.7484 27.4107 15.0400
v  -5.6181 27.1455 15.0400
v  -6.9534 27.3003 15.0400
v  -6.7401 27.3206 15.0400
v  -6.7379 27.2777 15.0400
v  -6.9604 27.2358 15.0400
v  -6.7352 27.2337 15.0400
v  -6.9661 27.1200 15.0400
v  -6.7314 27.1887 15.0400
v  -5.2487 26.8008 15.0400
v  -6.7260 27.1426 15.0400
v  -5.5113 26.7952 15.0400
v  -6.6865 27.1426 15.0400
v  -6.4777 27.1302 15.0400
v  -6.2112 27.0815 15.0400
v  -7.1547 27.0823 15.0400
v  -7.3097 27.0388 15.0400
v  -5.9818 26.9794 15.0400
v  -7.4376 26.9858 15.0400
v  -7.5452 26.9195 15.0400
v  -6.6905 26.9222 15.0400
v  -6.6667 26.9223 15.0400
v  -6.4891 26.9089 15.0400
v  -5.8842 26.8065 15.0400
v  -6.7087 26.9219 15.0400
v  -6.7243 26.9211 15.0400
v  -6.7401 26.9195 15.0400
v  -7.5872 26.8865 15.0400
v  -6.9774 26.9138 15.0400
v  -6.7373 26.3009 15.0400
v  -7.1876 26.8948 15.0400
v  -7.0028 26.3658 15.0400
v  -6.3118 26.8743 15.0400
v  -7.3775 26.8675 15.0400
v  -7.6161 26.8545 15.0400
v  -6.1658 26.8269 15.0400
v  -7.5149 26.8260 15.0400
v  -7.6330 26.8226 15.0400
v  -6.0820 26.7754 15.0400
v  -7.5678 26.7641 15.0400
v  -7.6384 26.7895 15.0400
v  -5.9012 26.7474 15.0400
v  -5.3432 26.4652 15.0400
v  -5.6168 26.4961 15.0400
v  -7.6259 26.7237 15.0400
v  -6.1021 26.7468 15.0400
v  -7.5463 26.7045 15.0400
v  -5.9457 26.6836 15.0400
v  -6.1332 26.7161 15.0400
v  -7.5936 26.6592 15.0400
v  -6.1689 26.6833 15.0400
v  -7.4929 26.6433 15.0400
v  -6.0082 26.6325 15.0400
v  -6.2034 26.6483 15.0400
v  -7.5490 26.5985 15.0400
v  -6.1768 26.6330 15.0400
v  -7.4248 26.5854 15.0400
v  -6.1434 26.6214 15.0400
v  -6.0791 26.6116 15.0400
v  -6.1089 26.6141 15.0400
v  -7.5000 26.5438 15.0400
v  -7.3588 26.5353 15.0400
v  -7.4258 26.4709 15.0400
v  -7.2833 26.4818 15.0400
v  -5.8722 26.3284 15.0400
v  -7.1956 26.4336 15.0400
v  -7.3178 26.3849 15.0400
v  -5.5897 26.2281 15.0400
v  -7.1006 26.3939 15.0400
v  -7.1758 26.2872 15.0400
v  -6.1859 26.2549 15.0400
v  -6.6667 26.2673 15.0400
v  -7.0000 26.1794 15.0400
v  -6.5943 26.2486 15.0400
v  -6.4661 26.2387 15.0400
v  -6.5256 26.2405 15.0400
v  -5.9327 26.0874 15.0400
v  -6.9873 26.1152 15.0400
v  -6.9728 26.0554 15.0400
v  -6.7288 26.0833 15.0400
v  -6.3164 26.0410 15.0400
v  -6.7349 26.0608 15.0400
v  -6.6290 26.0684 15.0400
v  -6.5237 26.0548 15.0400
v  -6.7415 26.0367 15.0400
v  -6.9535 26.0026 15.0400
v  -6.4178 26.0448 15.0400
v  -6.7503 26.0063 15.0400
v  -6.7627 25.9646 15.0400
v  -6.9266 25.9591 15.0400
v  -6.7873 25.9605 15.0400
v  -6.8111 25.9569 15.0400
v  -6.8616 25.9534 15.0400
v  -6.8354 25.9544 15.0400
v  -1.6668 27.0583 15.0400
v  -1.5246 27.1507 15.0400
v  -1.5539 27.1624 15.0400
v  -1.5116 27.1252 15.0400
v  -1.5087 27.0833 15.0400
v  -1.5207 27.0291 15.0400
v  -1.3345 26.9718 15.0400
v  -1.0427 27.0006 15.0400
v  -1.1556 27.0663 15.0400
v  -1.8175 26.8154 15.0400
v  -1.5597 26.9623 15.0400
v  -0.9869 26.8571 15.0400
v  -1.5416 26.7617 15.0400
v  -1.1386 26.8743 15.0400
v  -1.6301 26.8573 15.0400
v  -1.2018 26.8393 15.0400
v  -1.1128 26.8607 15.0400
v  -1.1033 26.8295 15.0400
v  -1.6788 26.7738 15.0400
v  -0.9720 26.7161 15.0400
v  -1.2769 26.7642 15.0400
v  -1.1019 26.7952 15.0400
v  -1.8928 26.5212 15.0400
v  -1.1158 26.6870 15.0400
v  -1.7218 26.6734 15.0400
v  -1.3363 26.6935 15.0400
v  -1.7149 26.5466 15.0400
v  -1.0873 26.4200 15.0400
v  -1.3882 26.6062 15.0400
v  -1.1567 26.5945 15.0400
v  -1.7403 26.5692 15.0400
v  -1.4558 26.4794 15.0400
v  -1.2234 26.5183 15.0400
v  -1.7400 26.5566 15.0400
v  -1.7378 26.5441 15.0400
v  -1.7197 26.5399 15.0400
v  -1.7318 26.5353 15.0400
v  -1.7232 26.5363 15.0400
v  -1.7262 26.5353 15.0400
v  -1.8865 26.4527 15.0400
v  -1.3127 26.4533 15.0400
v  -1.5002 26.3884 15.0400
v  -1.4052 26.4102 15.0400
v  -1.8690 26.3835 15.0400
v  -1.3377 26.2193 15.0400
v  -1.8420 26.3150 15.0400
v  -1.9650 25.9675 15.0400
v  -1.6414 26.1398 15.0400
v  -1.6197 26.1426 15.0400
v  -1.5992 26.1446 15.0400
v  -1.5793 26.1455 15.0400
v  -1.7269 25.8660 15.0400
v  -2.0278 25.7086 15.0400
v  -1.7848 25.6368 15.0400
v  -2.0454 25.5777 15.0400
v  -1.8476 25.3743 15.0400
v  -2.0214 25.4677 15.0400
v  -1.9554 25.3883 15.0400
v  -1.8561 25.3517 15.0400
v  -2.3701 27.1207 15.0400
v  -2.1387 27.1328 15.0400
v  -2.1668 27.1342 15.0400
v  -2.1018 27.1270 15.0400
v  -2.0510 27.1144 15.0400
v  -2.5276 27.0948 15.0400
v  -2.0163 27.0754 15.0400
v  -2.6555 27.0776 15.0400
v  -2.6959 27.0723 15.0400
v  -1.9784 27.0263 15.0400
v  -2.7206 27.0594 15.0400
v  -2.7290 27.0353 15.0400
v  -2.7016 26.9829 15.0400
v  -1.9606 26.9760 15.0400
v  -2.6386 26.9417 15.0400
v  -1.9882 26.9479 15.0400
v  -2.0498 26.9249 15.0400
v  -2.5679 26.9082 15.0400
v  -2.1132 26.9138 15.0400
v  -2.2088 26.9085 15.0400
v  -2.2737 26.9069 15.0400
v  -2.6357 26.7528 15.0400
v  -2.3815 26.9025 15.0400
v  -2.3674 26.9045 15.0400
v  -2.3533 26.9053 15.0400
v  -2.3391 26.9053 15.0400
v  -2.3953 26.8824 15.0400
v  -2.4091 26.8436 15.0400
v  -2.4154 26.7839 15.0400
v  -2.4132 26.7715 15.0400
v  -2.4054 26.7605 15.0400
v  -2.3900 26.7556 15.0400
v  -2.1810 26.7556 15.0400
v  -2.1414 26.7499 15.0400
v  -2.6611 26.7475 15.0400
v  -2.1307 26.7256 15.0400
v  -2.6857 26.7392 15.0400
v  -2.7092 26.7302 15.0400
v  -2.7154 26.7105 15.0400
v  -2.1257 26.6962 15.0400
v  -2.7209 26.6934 15.0400
v  -2.1245 26.6681 15.0400
v  -2.7233 26.6737 15.0400
v  -2.7193 26.6484 15.0400
v  -2.1269 26.6411 15.0400
v  -2.7103 26.6256 15.0400
v  -2.1362 26.6141 15.0400
v  -2.7007 26.6003 15.0400
v  -2.1555 26.6003 15.0400
v  -2.7328 26.5135 15.0400
v  -2.4804 26.5914 15.0400
v  -2.4747 26.5918 15.0400
v  -2.2295 26.5969 15.0400
v  -2.3405 26.5934 15.0400
v  -2.4860 26.5885 15.0400
v  -2.4917 26.5805 15.0400
v  -2.5093 26.5189 15.0400
v  -2.5325 26.4547 15.0400
v  -2.7599 26.4318 15.0400
v  -2.5595 26.3912 15.0400
v  -2.1945 26.4413 15.0400
v  -2.1306 26.4283 15.0400
v  -2.1640 26.4421 15.0400
v  -2.2268 26.4392 15.0400
v  -2.2572 26.4364 15.0400
v  -2.4128 26.4172 15.0400
v  -2.7713 26.3602 15.0400
v  -2.1042 26.3957 15.0400
v  -2.5150 26.3992 15.0400
v  -2.0934 26.3573 15.0400
v  -2.7473 26.2447 15.0400
v  -2.0946 26.3407 15.0400
v  -2.0997 26.3259 15.0400
v  -2.1103 26.3150 15.0400
v  -2.2156 26.2388 15.0400
v  -2.6730 26.1574 15.0400
v  -2.3667 26.1595 15.0400
v  -2.5454 26.1229 15.0400
v  -3.1798 27.2792 15.0400
v  -3.0469 27.2024 15.0400
v  -3.1611 27.2895 15.0400
v  -3.1877 27.2556 15.0400
v  -3.1894 27.2302 15.0400
v  -3.1894 27.2189 15.0400
v  -3.1809 27.1850 15.0400
v  -2.9176 26.9660 15.0400
v  -3.1173 26.9687 15.0400
v  -3.6018 26.9318 15.0400
v  -3.3882 26.9735 15.0400
v  -3.4973 27.0720 15.0400
v  -3.2458 26.7552 15.0400
v  -3.0732 26.7958 15.0400
v  -2.8561 26.6172 15.0400
v  -3.6687 26.6435 15.0400
v  -3.4556 26.7611 15.0400
v  -3.4493 26.7641 15.0400
v  -3.0566 26.5833 15.0400
v  -3.3707 26.6279 15.0400
v  -3.4627 26.7511 15.0400
v  -3.0934 26.5324 15.0400
v  -3.4690 26.7330 15.0400
v  -3.4770 26.6290 15.0400
v  -3.6922 26.4053 15.0400
v  -3.4856 26.4547 15.0400
v  -3.2350 26.3749 15.0400
v  -2.8817 26.4425 15.0400
v  -3.0573 26.5429 15.0400
v  -3.0617 26.5182 15.0400
v  -3.0838 26.5216 15.0400
v  -3.0775 26.5132 15.0400
v  -3.0736 26.5099 15.0400
v  -3.4973 26.3150 15.0400
v  -2.9557 26.2985 15.0400
v  -3.6837 26.3174 15.0400
v  -3.0736 26.2387 15.0400
v  -3.6508 26.2250 15.0400
v  -3.5092 26.2630 15.0400
v  -3.5343 26.2078 15.0400
v  -3.5820 26.1822 15.0400
v  -4.3125 27.1305 15.0400
v  -4.0197 27.1380 15.0400
v  -4.1555 27.1455 15.0400
v  -3.8977 27.1199 15.0400
v  -4.5775 27.0521 15.0400
v  -3.7939 27.0974 15.0400
v  -3.7770 27.0921 15.0400
v  -3.7665 27.0792 15.0400
v  -3.7628 27.0551 15.0400
v  -3.7733 27.0256 15.0400
v  -4.7176 26.8602 15.0400
v  -4.4753 26.9173 15.0400
v  -4.3984 26.9308 15.0400
v  -3.7957 27.0044 15.0400
v  -4.2557 26.9461 15.0400
v  -3.8250 26.9901 15.0400
v  -3.8542 26.9838 15.0400
v  -3.8890 26.9775 15.0400
v  -3.9182 26.9732 15.0400
v  -4.0665 26.9596 15.0400
v  -4.5258 26.9038 15.0400
v  -4.5594 26.8884 15.0400
v  -4.5621 26.8848 15.0400
v  -4.5642 26.8806 15.0400
v  -4.5650 26.8771 15.0400
v  -4.5642 26.8744 15.0400
v  -4.5621 26.8723 15.0400
v  -4.5594 26.8714 15.0400
v  -4.4614 26.8397 15.0400
v  -4.6946 26.7676 15.0400
v  -4.3702 26.8212 15.0400
v  -4.2685 26.8121 15.0400
v  -4.0593 26.7916 15.0400
v  -3.8722 26.7178 15.0400
v  -4.5899 26.7183 15.0400
v  -4.3504 26.6991 15.0400
v  -4.1880 26.6825 15.0400
v  -4.0137 26.6358 15.0400
v  -3.7911 26.5296 15.0400
v  -4.5322 26.6364 15.0400
v  -4.2989 26.6416 15.0400
v  -4.4153 26.6511 15.0400
v  -4.1730 26.6126 15.0400
v  -4.6309 26.5829 15.0400
v  -3.9323 26.5551 15.0400
v  -4.0510 26.5635 15.0400
v  -4.6724 26.4760 15.0400
v  -4.5573 26.5421 15.0400
v  -4.5170 26.5466 15.0400
v  -4.0482 26.5606 15.0400
v  -4.0461 26.5570 15.0400
v  -4.0453 26.5523 15.0400
v  -4.0354 26.4698 15.0400
v  -4.0461 26.5447 15.0400
v  -4.4072 26.5290 15.0400
v  -4.0482 26.5390 15.0400
v  -4.5907 26.5219 15.0400
v  -4.0510 26.5353 15.0400
v  -4.0870 26.5106 15.0400
v  -3.8823 26.3106 15.0400
v  -4.3030 26.4964 15.0400
v  -4.6046 26.4760 15.0400
v  -4.1439 26.4884 15.0400
v  -4.2120 26.4788 15.0400
v  -4.6086 26.3549 15.0400
v  -4.5679 26.4263 15.0400
v  -4.2369 26.4209 15.0400
v  -4.4803 26.4079 15.0400
v  -4.3758 26.4053 15.0400
v  -4.4443 26.2514 15.0400
v  -4.0689 26.2233 15.0400
v  -4.2205 26.2076 15.0400
v  -5.0439 27.9526 15.0400
v  -4.6688 28.0092 15.0400
v  -4.7826 28.0240 15.0400
v  -4.5846 27.9700 15.0400
v  -4.5425 27.9138 15.0400
v  -5.2481 27.7846 15.0400
v  -4.5360 27.9159 15.0400
v  -4.4688 27.9003 15.0400
v  -4.5312 27.9166 15.0400
v  -4.5395 27.9145 15.0400
v  -4.9521 27.8319 15.0400
v  -4.4033 27.8501 15.0400
v  -4.5820 27.8036 15.0400
v  -4.5303 27.7941 15.0400
v  -4.3730 27.7640 15.0400
v  -5.0746 27.7808 15.0400
v  -4.9481 27.8263 15.0400
v  -4.9466 27.8214 15.0400
v  -4.9464 27.8178 15.0400
v  -4.9464 27.8149 15.0400
v  -5.0242 27.7400 15.0400
v  -4.7433 27.7568 15.0400
v  -4.5113 27.7688 15.0400
v  -5.3306 27.5889 15.0400
v  -5.1563 27.6946 15.0400
v  -4.5086 27.7330 15.0400
v  -4.4766 27.5466 15.0400
v  -4.8933 27.6396 15.0400
v  -5.1077 27.6563 15.0400
v  -4.5885 27.5868 15.0400
v  -5.1922 27.5889 15.0400
v  -5.1667 27.5889 15.0400
v  -5.0227 27.4872 15.0400
v  -5.3209 27.5299 15.0400
v  -5.1892 27.5862 15.0400
v  -5.1704 27.5862 15.0400
v  -4.7638 27.4959 15.0400
v  -5.1857 27.5841 15.0400
v  -5.1753 27.5841 15.0400
v  -5.1809 27.5832 15.0400
v  -4.7044 27.3705 15.0400
v  -5.2950 27.4747 15.0400
v  -4.9379 27.4646 15.0400
v  -5.0187 27.4789 15.0400
v  -5.0097 27.4693 15.0400
v  -5.2571 27.4194 15.0400
v  -5.0001 27.4646 15.0400
v  -5.2606 27.4038 15.0400
v  -5.2640 27.3870 15.0400
v  -5.2656 27.3714 15.0400
v  -5.2510 27.3136 15.0400
v  -5.1102 27.3234 15.0400
v  -4.9323 27.2980 15.0400
v  -5.1366 27.2893 15.0400
v  -5.0540 27.3093 15.0400
v  -5.2246 27.2702 15.0400
v  -4.9922 27.3008 15.0400
v  -5.1611 27.2633 15.0400
v  -5.1950 27.2500 15.0400
v  -5.0428 27.1350 15.0400
v  -4.9585 27.1156 15.0400
v  -5.0340 27.1370 15.0400
v  -5.0478 27.1286 15.0400
v  -5.0509 27.1172 15.0400
v  -5.0791 26.8747 15.0400
v  -4.9239 27.0585 15.0400
v  -4.9125 26.9675 15.0400
v  -4.9027 26.7358 15.0400
v  -5.0934 26.7157 15.0400
v  -4.8903 26.5023 15.0400
v  -5.0989 26.6370 15.0400
v  -5.1036 26.5256 15.0400
v  -5.1065 26.4481 15.0400
v  -4.8843 26.2726 15.0400
v  -5.1074 26.3404 15.0400
v  -5.0997 26.2915 15.0400
v  -5.0813 26.2282 15.0400
v  -4.8913 26.2269 15.0400
v  -5.0509 26.1906 15.0400
v  -4.9177 26.1893 15.0400
v  -5.0254 26.1825 15.0400
v  -4.9718 26.1737 15.0400
v  -4.9973 26.1762 15.0400
v  4.0338 26.2369 15.0400
v  3.8869 26.1565 15.0400
v  4.3305 26.1565 15.0400
v  4.2196 26.2341 15.0400
v  3.8869 26.1011 15.0400
v  4.3305 26.1011 15.0400
v  4.2224 27.3433 15.0400
v  4.3527 26.9967 15.0400
v  4.6494 27.4652 15.0400
v  4.0921 27.4652 15.0400
v  4.0921 27.3959 15.0400
v  4.6494 27.3959 15.0400
v  4.5246 27.3571 15.0400
v  4.8795 26.6778 15.0400
v  4.7686 26.2036 15.0400
v  5.1845 27.3127 15.0400
v  5.1679 26.9828 15.0400
v  5.0820 27.3793 15.0400
v  5.4452 27.3433 15.0400
v  5.5173 27.3793 15.0400
v  5.5173 27.4652 15.0400
v  5.0820 27.4652 15.0400
v  5.6282 26.2231 15.0400
v  5.2344 26.2286 15.0400
v  5.7890 26.1760 15.0400
v  5.1318 26.1731 15.0400
v  5.1318 26.1011 15.0400
v  5.7890 26.1011 15.0400
v  8.1984 26.2369 15.0400
v  8.0515 26.1565 15.0400
v  8.4951 26.1565 15.0400
v  8.3842 26.2341 15.0400
v  8.0515 26.1011 15.0400
v  8.4951 26.1011 15.0400
v  8.3869 27.3433 15.0400
v  8.5173 26.9967 15.0400
v  8.8139 27.4652 15.0400
v  8.2566 27.4652 15.0400
v  8.2566 27.3959 15.0400
v  8.8139 27.3959 15.0400
v  8.6892 27.3571 15.0400
v  9.0441 26.6778 15.0400
v  8.9332 26.2036 15.0400
v  9.3491 27.3127 15.0400
v  9.3325 26.9828 15.0400
v  9.2465 27.3793 15.0400
v  9.6097 27.3433 15.0400
v  9.6818 27.3793 15.0400
v  9.6818 27.4652 15.0400
v  9.2465 27.4652 15.0400
v  9.7928 26.2231 15.0400
v  9.3990 26.2286 15.0400
v  9.9536 26.1760 15.0400
v  9.2964 26.1731 15.0400
v  9.2964 26.1011 15.0400
v  9.9536 26.1011 15.0400
v  7.6161 26.8943 15.0400
v  7.0588 26.8943 15.0400
v  7.0588 26.8250 15.0400
v  7.6161 26.8250 15.0400
v  7.4913 26.7862 15.0400
v  7.1891 26.7723 15.0400
v  7.4913 26.3589 15.0400
v  7.1891 26.3211 15.0400
v  7.4913 26.2671 15.0400
v  7.2251 26.2013 15.0400
v  7.6151 26.3070 15.0400
v  7.5912 26.2511 15.0400
v  7.2690 27.5748 15.0400
v  7.2011 27.5988 15.0400
v  7.1572 27.5628 15.0400
v  7.1572 27.5070 15.0400
v  7.0973 27.3473 15.0400
v  7.2809 27.2435 15.0400
v  7.4487 27.1596 15.0400
v  7.3528 27.1276 15.0400
v  7.4127 27.1116 15.0400
v  7.0733 26.1454 15.0400
v  7.0454 26.2892 15.0400
v  6.9731 26.2980 15.0400
v  6.9079 26.0895 15.0400
v  6.3267 27.1596 15.0400
v  6.5543 27.1077 15.0400
v  6.6237 27.2243 15.0400
v  6.5207 27.3630 15.0400
v  6.2348 26.9240 15.0400
v  6.5260 26.9161 15.0400
v  6.4465 26.1614 15.0400
v  6.7407 26.3991 15.0400
v  6.6400 26.5057 15.0400
v  6.3070 26.3654 15.0400
v  6.7899 27.5070 15.0400
v  6.8777 27.3752 15.0400
v  6.5385 26.7502 15.0400
v  6.2174 26.6148 15.0400
v  6.7152 26.0799 15.0400
v  6.8026 26.3596 15.0400
v  6.6473 27.4489 15.0400
v  6.7403 27.3234 15.0400
v  -4.0444 24.4336 15.0400
v  -3.8241 24.4336 15.0400
v  -3.8241 24.6366 15.0400
v  -4.8703 24.4336 15.0400
v  -4.6499 24.4336 15.0400
v  -4.8703 24.6366 15.0400
v  -4.0444 23.0681 15.0400
v  -4.6499 23.0681 15.0400
v  -7.3139 23.9322 15.0400
v  -6.8204 23.3333 15.0400
v  -6.5089 23.7742 15.0400
v  -7.0456 24.4258 15.0400
v  -6.6958 24.3731 15.0400
v  -6.6000 24.5024 15.0400
v  -6.7102 24.5695 15.0400
v  -6.7772 24.4258 15.0400
v  -6.8778 24.6031 15.0400
v  -6.8922 24.4545 15.0400
v  -7.0551 24.5887 15.0400
v  -7.3761 24.1143 15.0400
v  -7.2324 24.4785 15.0400
v  -7.3474 24.2964 15.0400
v  -7.0935 23.2999 15.0400
v  -7.1941 23.3909 15.0400
v  -7.3282 23.2615 15.0400
v  -7.1788 23.1208 15.0400
v  -6.9382 23.2644 15.0400
v  -6.9532 23.0374 15.0400
v  -6.7054 23.1034 15.0400
v  -6.4610 23.6065 15.0400
v  -6.5712 23.2280 15.0400
v  -6.4754 23.3861 15.0400
v  9.2295 23.9322 15.0400
v  9.7230 23.3333 15.0400
v  10.0344 23.7742 15.0400
v  9.4978 24.4258 15.0400
v  9.8475 24.3731 15.0400
v  9.9434 24.5024 15.0400
v  9.8332 24.5695 15.0400
v  9.7661 24.4258 15.0400
v  9.6655 24.6031 15.0400
v  9.6511 24.4545 15.0400
v  9.4882 24.5887 15.0400
v  9.1672 24.1143 15.0400
v  9.3109 24.4785 15.0400
v  9.1959 24.2964 15.0400
v  9.4499 23.2999 15.0400
v  9.3492 23.3909 15.0400
v  9.2151 23.2615 15.0400
v  9.3646 23.1208 15.0400
v  9.6052 23.2644 15.0400
v  9.5902 23.0374 15.0400
v  9.8380 23.1034 15.0400
v  10.0823 23.6065 15.0400
v  9.9721 23.2280 15.0400
v  10.0680 23.3861 15.0400
v  3.5622 24.6366 15.0400
v  3.5622 23.0681 15.0400
v  4.1677 23.0681 15.0400
v  4.1677 24.6366 15.0400
v  -1.5912 23.0580 15.0400
v  -1.3656 23.1242 15.0400
v  -1.5033 23.2963 15.0400
v  -1.6085 23.2650 15.0400
v  -1.1198 24.6366 15.0400
v  -1.3210 24.6366 15.0400
v  -1.3210 23.5353 15.0400
v  -1.1198 23.4548 15.0400
v  -1.6085 24.6366 15.0400
v  -2.1351 24.6366 15.0400
v  -2.1489 23.4548 15.0400
v  -1.2157 23.2696 15.0400
v  -1.3544 23.4429 15.0400
v  -2.0875 23.2696 15.0400
v  -1.9319 23.1242 15.0400
v  -1.7695 23.0580 15.0400
v  0.6579 23.0681 15.0400
v  1.2720 23.1096 15.0400
v  1.2720 23.3146 15.0400
v  1.4514 23.2084 15.0400
v  1.6446 23.3809 15.0400
v  1.5403 23.5148 15.0400
v  1.4015 23.3909 15.0400
v  1.7826 23.5948 15.0400
v  1.8309 23.8293 15.0400
v  1.6741 23.8369 15.0400
v  1.6394 23.6684 15.0400
v  1.8033 24.0984 15.0400
v  1.6722 24.3468 15.0400
v  1.5601 24.2085 15.0400
v  1.6543 24.0301 15.0400
v  1.4790 24.5331 15.0400
v  1.4214 24.3423 15.0400
v  0.6579 24.6366 15.0400
v  1.2720 24.4060 15.0400
v  1.2720 24.6159 15.0400
v  6.1148 23.3398 15.0400
v  6.3730 23.1673 15.0400
v  6.3730 23.3220 15.0400
v  5.8817 23.9026 15.0400
v  5.9423 23.5980 15.0400
v  5.9423 24.2071 15.0400
v  6.1148 24.4653 15.0400
v  6.3730 24.4831 15.0400
v  6.3730 24.6378 15.0400
v  7.4734 23.9026 15.0400
v  7.4128 24.2071 15.0400
v  7.2186 24.1338 15.0400
v  7.2646 23.9026 15.0400
v  7.2403 23.3398 15.0400
v  7.4128 23.5980 15.0400
v  7.2186 23.6714 15.0400
v  7.0877 23.4754 15.0400
v  6.6775 23.1067 15.0400
v  6.9821 23.1673 15.0400
v  6.8916 23.3643 15.0400
v  6.6604 23.3220 15.0400
v  6.9821 24.6378 15.0400
v  6.6775 24.6984 15.0400
v  6.6604 24.4831 15.0400
v  6.8916 24.4409 15.0400
v  7.2403 24.4653 15.0400
v  7.0877 24.3298 15.0400
v  -4.9859 30.0005 15.0371
v  -5.4905 29.9832 15.0371
v  -5.4905 28.8121 15.0371
v  -4.9916 28.6802 15.0371
v  -4.7570 29.5190 15.0371
v  -4.7393 28.6859 15.0371
v  -4.7622 29.7825 15.0371
v  -5.7164 29.8196 15.0371
v  -5.7164 29.1305 15.0371
v  -4.3588 29.5827 15.0371
v  -4.3411 28.7496 15.0371
v  -3.7940 29.8473 15.0371
v  -3.7749 28.9470 15.0371
v  -3.4954 30.2176 15.0371
v  -2.9108 29.0984 15.0371
v  -2.8192 28.8395 15.0371
v  -3.6833 28.6882 15.0371
v  -2.8843 28.6258 15.0371
v  -3.4908 28.5196 15.0371
v  -2.9808 28.5410 15.0371
v  -3.3466 28.4770 15.0371
v  -2.9857 30.5839 15.0371
v  -2.6719 29.1860 15.0371
v  -2.2808 30.8826 15.0371
v  -2.1940 29.2059 15.0371
v  -1.6357 30.9622 15.0371
v  -1.9073 29.1541 15.0371
v  -1.4645 30.9742 15.0371
v  -1.7719 28.9510 15.0371
v  -1.3092 30.8627 15.0371
v  -1.5290 28.9589 15.0371
v  -1.1141 30.4167 15.0371
v  -1.2778 29.0545 15.0371
v  -0.3794 29.3747 15.0371
v  -0.7952 28.1323 15.0371
v  -0.3938 28.1705 15.0371
v  -0.1023 29.1310 15.0371
v  -0.6566 29.4321 15.0371
v  -1.1010 28.3043 15.0371
v  -0.9767 29.2122 15.0371
v  -1.3017 28.5528 15.0371
v  -1.3495 28.8299 15.0371
v  -0.1071 28.3999 15.0371
v  0.0124 28.6675 15.0371
v  -1.0042 30.5935 15.0371
v  -0.3584 29.6156 15.0371
v  -0.4249 30.7509 15.0371
v  -0.7770 30.7279 15.0371
v  0.1042 29.4808 15.0371
v  2.2470 34.4958 15.0371
v  1.2017 32.7021 15.0371
v  2.5125 34.3763 15.0371
v  1.3776 34.6385 15.0371
v  1.8223 34.5987 15.0371
v  0.4186 34.5024 15.0371
v  0.9363 34.6153 15.0371
v  -0.1090 34.2336 15.0371
v  0.0237 34.3465 15.0371
v  -0.1621 34.0910 15.0371
v  -0.1621 33.8952 15.0371
v  2.6253 34.2669 15.0371
v  2.6983 34.1440 15.0371
v  2.7050 33.9582 15.0371
v  -1.1143 33.2014 15.0371
v  -0.4675 33.6624 15.0371
v  -0.8597 33.5592 15.0371
v  -1.2244 31.0820 15.0371
v  -0.5072 33.9582 15.0371
v  -0.6532 33.8620 15.0371
v  -0.3446 33.9649 15.0371
v  -1.3826 32.1211 15.0371
v  -1.3001 32.7817 15.0371
v  -1.3689 31.6119 15.0371
v  3.9925 31.4960 15.0371
v  3.9095 31.1143 15.0371
v  4.0390 32.1398 15.0371
v  4.0257 31.8311 15.0371
v  3.8166 32.9959 15.0371
v  3.9328 32.6541 15.0371
v  3.3620 33.7093 15.0371
v  3.6374 33.3709 15.0371
v  3.6938 30.6730 15.0371
v  3.1164 33.9682 15.0371
v  3.0036 34.0312 15.0371
v  2.8609 34.0246 15.0371
v  8.1115 28.8123 15.0371
v  8.1115 29.9357 15.0371
v  7.6069 29.9529 15.0371
v  7.6127 28.6613 15.0371
v  7.3780 29.4714 15.0371
v  7.3603 28.6671 15.0371
v  7.3833 29.7350 15.0371
v  8.3136 29.0830 15.0371
v  8.3136 29.7721 15.0371
v  6.9798 29.5208 15.0371
v  6.9621 28.7308 15.0371
v  6.4533 29.7567 15.0371
v  6.3577 28.9329 15.0371
v  6.1164 30.1510 15.0371
v  5.5319 29.0508 15.0371
v  5.4403 28.7920 15.0371
v  6.3044 28.6406 15.0371
v  5.5054 28.5783 15.0371
v  6.1118 28.4721 15.0371
v  5.6018 28.4934 15.0371
v  5.9676 28.4294 15.0371
v  5.6067 30.5173 15.0371
v  5.2929 29.1384 15.0371
v  5.0166 30.8016 15.0371
v  4.8151 29.1583 15.0371
v  4.5817 30.8908 15.0371
v  4.5284 29.1065 15.0371
v  4.0999 30.9123 15.0371
v  4.3930 28.9034 15.0371
v  3.9589 30.8104 15.0371
v  3.7351 30.3692 15.0371
v  1.8218 28.6484 15.0371
v  2.1263 28.8271 15.0371
v  0.8166 27.1952 15.0371
v  0.9029 27.2616 15.0371
v  0.8631 27.4740 15.0371
v  0.7569 27.4043 15.0371
v  -0.1690 26.5946 15.0371
v  -0.3216 26.6245 15.0371
v  -0.4046 26.4818 15.0371
v  -0.1855 26.4188 15.0371
v  -0.0395 26.5813 15.0371
v  0.0003 26.4188 15.0371
v  0.0700 26.6345 15.0371
v  0.1927 26.4785 15.0371
v  0.1861 26.7108 15.0371
v  0.3155 26.5581 15.0371
v  0.3388 26.8534 15.0371
v  0.4914 26.7340 15.0371
v  0.4416 26.9862 15.0371
v  0.6109 26.8933 15.0371
v  0.5511 27.1288 15.0371
v  0.7171 27.0393 15.0371
v  -0.5174 26.7406 15.0371
v  -0.4942 26.6079 15.0371
v  0.6606 27.2915 15.0371
v  0.3909 28.5012 15.0371
v  0.5545 28.4994 15.0371
v  0.6407 28.4164 15.0371
v  0.7668 28.3766 15.0371
v  0.8564 28.2140 15.0371
v  1.9938 28.5510 15.0371
v  0.9593 28.1477 15.0371
v  2.0397 28.4821 15.0371
v  1.0356 28.1343 15.0371
v  1.0323 28.0315 15.0371
v  2.1372 28.4248 15.0371
v  0.9792 27.9386 15.0371
v  2.2404 28.3388 15.0371
v  0.9062 27.5338 15.0371
v  2.1961 27.1641 15.0371
v  2.2767 27.2585 15.0371
v  2.3579 27.3448 15.0371
v  0.9128 27.6200 15.0371
v  2.4137 27.4660 15.0371
v  0.9294 27.7992 15.0371
v  2.1838 27.0791 15.0371
v  0.9361 27.1521 15.0371
v  2.1771 26.9862 15.0371
v  0.9195 27.0559 15.0371
v  2.1274 26.9331 15.0371
v  0.8266 26.9464 15.0371
v  2.0112 26.8668 15.0371
v  0.8033 26.8402 15.0371
v  1.9283 26.8369 15.0371
v  1.8884 26.6378 15.0371
v  1.4107 26.6460 15.0371
v  0.8631 26.7606 15.0371
v  0.7668 26.4652 15.0371
v  1.2396 26.4204 15.0371
v  1.3510 26.6355 15.0371
v  0.7270 26.4386 15.0371
v  1.1667 26.3494 15.0371
v  0.7237 26.3490 15.0371
v  1.1590 26.2323 15.0371
v  1.3704 26.5135 15.0371
v  1.8188 26.4618 15.0371
v  1.3013 26.4174 15.0371
v  1.2993 26.3387 15.0371
v  0.7840 24.8348 15.0371
v  0.6208 26.3325 15.0371
v  0.5014 26.2860 15.0371
v  0.4295 24.7441 15.0371
v  0.4284 26.2031 15.0371
v  0.0634 24.7607 15.0371
v  1.0473 25.0339 15.0371
v  1.2115 25.3817 15.0371
v  0.3869 26.1416 15.0371
v  -0.1878 24.8479 15.0371
v  -0.3526 24.9901 15.0371
v  0.1380 26.1251 15.0371
v  -0.1275 26.0504 15.0371
v  -0.4814 25.1461 15.0371
v  -0.3874 25.9177 15.0371
v  -0.5533 25.3342 15.0371
v  -0.5091 25.7766 15.0371
v  -0.5727 25.5637 15.0371
v  1.3874 25.3120 15.0371
v  1.6496 25.2224 15.0371
v  2.0677 25.2058 15.0371
v  2.0776 26.5449 15.0371
v  2.3729 25.2839 15.0371
v  2.3663 26.5615 15.0371
v  2.5488 26.5482 15.0371
v  2.6119 25.4033 15.0371
v  2.7081 26.4652 15.0371
v  2.7645 25.5294 15.0371
v  2.8309 26.2893 15.0371
v  2.8574 25.6953 15.0371
v  2.9238 25.9011 15.0371
v  2.9105 26.0902 15.0371
v  2.1830 28.5223 15.0371
v  2.1429 28.6599 15.0371
v  4.4877 28.4648 15.0371
v  4.5009 28.3852 15.0371
v  4.4578 28.3122 15.0371
v  4.3715 28.2657 15.0371
v  3.5519 28.0533 15.0371
v  2.5663 27.3996 15.0371
v  2.7555 27.3798 15.0371
v  2.9148 27.4395 15.0371
v  2.9712 27.5091 15.0371
v  3.1072 27.4926 15.0371
v  3.2001 27.5290 15.0371
v  3.2765 27.6618 15.0371
v  3.3893 27.6718 15.0371
v  3.4955 27.7713 15.0371
v  3.5486 27.8841 15.0371
v  -2.3405 26.5934 14.9172
v  -2.2295 26.5969 14.9172
v  -5.6181 27.1455 14.9172
v  -5.5113 26.7952 14.9172
v  -2.9108 29.0984 14.9200
v  -2.6719 29.1860 14.9200
v  -2.8817 26.4425 14.9172
v  -2.8561 26.6172 14.9172
v  -5.0001 27.4646 14.9172
v  -5.0097 27.4693 14.9172
v  -7.8277 27.9081 14.9172
v  -7.8223 27.9144 14.9172
v  -2.9857 30.5839 14.9200
v  -3.4954 30.2176 14.9200
v  -1.8865 26.4527 14.9172
v  -1.8690 26.3835 14.9172
v  -2.1555 26.6003 14.9172
v  -2.1362 26.6141 14.9172
v  -7.5627 28.2159 14.9172
v  -7.7779 28.1836 14.9172
v  -2.1940 29.2059 14.9200
v  -5.2656 27.3714 14.9172
v  -5.2510 27.3136 14.9172
v  -0.9869 26.8571 14.9172
v  -1.0427 27.0006 14.9172
v  -2.2808 30.8826 14.9200
v  -4.5594 26.8714 14.9172
v  -4.5621 26.8723 14.9172
v  -6.7415 26.0367 14.9172
v  -6.7349 26.0608 14.9172
v  -1.9073 29.1541 14.9200
v  -4.4033 27.8501 14.9172
v  -4.4688 27.9003 14.9172
v  -1.6357 30.9622 14.9200
v  -1.5087 27.0833 14.9172
v  -1.5116 27.1252 14.9172
v  -5.0340 27.1370 14.9172
v  -5.0428 27.1350 14.9172
v  -4.6688 28.0092 14.9172
v  -4.7826 28.0240 14.9172
v  -1.7719 28.9510 14.9200
v  -3.7939 27.0974 14.9172
v  -3.8977 27.1199 14.9172
v  -1.4645 30.9742 14.9200
v  -3.0934 26.5324 14.9172
v  -3.2458 26.7552 14.9172
v  -6.9064 27.5425 14.9172
v  -6.9357 27.4187 14.9172
v  -1.5290 28.9589 14.9200
v  -2.7233 26.6737 14.9172
v  -2.7193 26.6484 14.9172
v  -1.3092 30.8627 14.9200
v  -1.1128 26.8607 14.9172
v  -1.1033 26.8295 14.9172
v  -4.3030 26.4964 14.9172
v  -4.2120 26.4788 14.9172
v  -1.2778 29.0545 14.9200
v  -4.5312 27.9166 14.9172
v  -6.6667 26.9223 14.9172
v  -6.4891 26.9089 14.9172
v  -1.1141 30.4167 14.9200
v  -4.2205 26.2076 14.9172
v  -4.0689 26.2233 14.9172
v  -1.3495 28.8299 14.9200
v  -3.7665 27.0792 14.9172
v  -3.7770 27.0921 14.9172
v  -6.1689 26.6833 14.9172
v  -6.2034 26.6483 14.9172
v  -1.3017 28.5528 14.9200
v  -3.0775 26.5132 14.9172
v  -3.0838 26.5216 14.9172
v  -1.7400 26.5566 14.9172
v  -1.7403 26.5692 14.9172
v  -6.9661 27.1200 14.9172
v  -7.1547 27.0823 14.9172
v  -1.1010 28.3043 14.9200
v  -2.3701 27.1207 14.9172
v  -2.5276 27.0948 14.9172
v  -0.7952 28.1323 14.9200
v  -6.1859 26.2549 14.9172
v  -6.4661 26.2387 14.9172
v  -0.3938 28.1705 14.9200
v  -1.1556 27.0663 14.9172
v  -1.3345 26.9718 14.9172
v  -1.3882 26.6062 14.9172
v  -1.3363 26.6935 14.9172
v  -7.3775 26.8675 14.9172
v  -7.1876 26.8948 14.9172
v  -0.1071 28.3999 14.9200
v  -2.7154 26.7105 14.9172
v  -2.7209 26.6934 14.9172
v  0.0124 28.6675 14.9200
v  -2.1810 26.7556 14.9172
v  -2.3900 26.7556 14.9172
v  -2.3391 26.9053 14.9172
v  -2.2737 26.9069 14.9172
v  -7.5490 26.5985 14.9172
v  -7.5000 26.5438 14.9172
v  -4.6946 26.7676 14.9172
v  -4.5899 26.7183 14.9172
v  -6.0820 26.7754 14.9172
v  -6.1021 26.7468 14.9172
v  -0.3794 29.3747 14.9200
v  -0.6566 29.4321 14.9200
v  -4.0354 26.4698 14.9172
v  -4.2369 26.4209 14.9172
v  -7.9429 27.9072 14.9172
v  -7.8955 27.9053 14.9172
v  -3.9182 26.9732 14.9172
v  -3.8890 26.9775 14.9172
v  -2.6555 27.0776 14.9172
v  -2.6959 27.0723 14.9172
v  -7.9226 27.9767 14.9172
v  -7.9378 27.9901 14.9172
v  -4.0482 26.5606 14.9172
v  -4.0510 26.5635 14.9172
v  -7.6330 26.8226 14.9172
v  -7.6384 26.7895 14.9172
v  -5.1704 27.5862 14.9172
v  -5.1753 27.5841 14.9172
v  -5.9012 26.7474 14.9172
v  -5.8842 26.8065 14.9172
v  -6.7484 27.4107 14.9172
v  -6.7663 27.4886 14.9172
v  -3.0469 27.2024 14.9172
v  -3.1611 27.2895 14.9172
v  -2.0454 25.5777 14.9172
v  -2.0214 25.4677 14.9172
v  -1.0042 30.5935 14.9200
v  -2.1269 26.6411 14.9172
v  -6.9590 28.1698 14.9172
v  -7.1765 28.2078 14.9172
v  -0.3584 29.6156 14.9200
v  -5.0187 27.4789 14.9172
v  -6.7401 26.9195 14.9172
v  -6.7243 26.9211 14.9172
v  -4.9585 27.1156 14.9172
v  -6.4777 27.1302 14.9172
v  -6.6865 27.1426 14.9172
v  -3.8542 26.9838 14.9172
v  -3.8250 26.9901 14.9172
v  -6.8111 25.9569 14.9172
v  -6.7873 25.9605 14.9172
v  -1.7318 26.5353 14.9172
v  -1.7378 26.5441 14.9172
v  -4.9027 26.7358 14.9172
v  -4.9125 26.9675 14.9172
v  -4.2685 26.8121 14.9172
v  -4.3702 26.8212 14.9172
v  -2.5454 26.1229 14.9172
v  -2.3667 26.1595 14.9172
v  -7.4929 26.6433 14.9172
v  -7.5463 26.7045 14.9172
v  -2.9176 26.9660 14.9172
v  -1.2244 31.0820 14.9200
v  -1.4052 26.4102 14.9172
v  -1.5002 26.3884 14.9172
v  -7.1758 26.2872 14.9172
v  -7.0000 26.1794 14.9172
v  -0.6532 33.8620 14.9200
v  -0.8597 33.5592 14.9200
v  -5.0242 27.7400 14.9172
v  -5.1077 27.6563 14.9172
v  -0.5072 33.9582 14.9200
v  -5.1950 27.2500 14.9172
v  -5.1611 27.2633 14.9172
v  -0.3446 33.9649 14.9200
v  -0.1621 33.8952 14.9200
v  -1.5992 26.1446 14.9172
v  -1.5793 26.1455 14.9172
v  -0.1621 34.0910 14.9200
v  -2.7103 26.6256 14.9172
v  -7.9033 28.0155 14.9172
v  -7.8728 28.0240 14.9172
v  -0.1090 34.2336 14.9200
v  -3.3882 26.9735 14.9172
v  -7.1176 28.0010 14.9172
v  -6.8694 27.9409 14.9172
v  0.0237 34.3465 14.9200
v  -4.4072 26.5290 14.9172
v  0.4186 34.5024 14.9200
v  -6.5256 26.2405 14.9172
v  -6.5943 26.2486 14.9172
v  0.9363 34.6153 14.9200
v  -2.1640 26.4421 14.9172
v  -2.1945 26.4413 14.9172
v  1.3776 34.6385 14.9200
v  -7.7570 28.0441 14.9172
v  -7.6989 28.0482 14.9172
v  1.8223 34.5987 14.9200
v  -5.0478 27.1286 14.9172
v  -2.0946 26.3407 14.9172
v  -2.0934 26.3573 14.9172
v  -7.1956 26.4336 14.9172
v  -7.2833 26.4818 14.9172
v  2.2470 34.4958 14.9200
v  -7.8247 27.9486 14.9172
v  -7.8305 27.9533 14.9172
v  2.5125 34.3763 14.9200
v  -2.7473 26.2447 14.9172
v  -2.6730 26.1574 14.9172
v  -5.2571 27.4194 14.9172
v  -5.2606 27.4038 14.9172
v  -6.9535 26.0026 14.9172
v  -6.9266 25.9591 14.9172
v  2.6253 34.2669 14.9200
v  -6.0791 26.6116 14.9172
v  -6.0082 26.6325 14.9172
v  2.6983 34.1440 14.9200
v  -6.7288 26.0833 14.9172
v  2.7050 33.9582 14.9200
v  -3.1894 27.2302 14.9172
v  -3.1894 27.2189 14.9172
v  5.0820 27.4652 14.9172
v  5.0820 27.3793 14.9172
v  2.8609 34.0246 14.9200
v  -2.5595 26.3912 14.9172
v  -2.5325 26.4547 14.9172
v  5.1845 27.3127 14.9172
v  3.0036 34.0312 14.9200
v  4.2224 27.3433 14.9172
v  4.0338 26.2369 14.9172
v  3.1164 33.9682 14.9200
v  -4.8933 27.6396 14.9172
v  -4.7433 27.7568 14.9172
v  3.8869 26.1565 14.9172
v  3.3620 33.7093 14.9200
v  -3.8823 26.3106 14.9172
v  3.8869 26.1011 14.9172
v  3.6374 33.3709 14.9200
v  4.0921 27.4652 14.9172
v  4.0921 27.3959 14.9172
v  -5.7278 27.5832 14.9172
v  -6.1460 27.8670 14.9172
v  3.8166 32.9959 14.9200
v  4.6494 27.4652 14.9172
v  -7.8169 27.9260 14.9172
v  -7.8164 27.9307 14.9172
v  3.9328 32.6541 14.9200
v  4.6494 27.3959 14.9172
v  4.0390 32.1398 14.9200
v  4.5246 27.3571 14.9172
v  -6.9604 27.2358 14.9172
v  4.0257 31.8311 14.9200
v  -2.7007 26.6003 14.9172
v  -2.7328 26.5135 14.9172
v  4.8795 26.6778 14.9172
v  -6.4178 26.0448 14.9172
v  -6.3164 26.0410 14.9172
v  3.9925 31.4960 14.9200
v  3.9095 31.1143 14.9200
v  -2.1414 26.7499 14.9172
v  3.6938 30.6730 14.9200
v  -4.1439 26.4884 14.9172
v  5.5173 27.4652 14.9172
v  -5.8885 27.4449 14.9172
v  5.5173 27.3793 14.9172
v  -7.9866 27.9141 14.9172
v  -1.2234 26.5183 14.9172
v  -1.3127 26.4533 14.9172
v  5.4452 27.3433 14.9172
v  5.6282 26.2231 14.9172
v  -5.1667 27.5889 14.9172
v  5.7890 26.1760 14.9172
v  -1.6414 26.1398 14.9172
v  -1.6197 26.1426 14.9172
v  5.7890 26.1011 14.9172
v  5.1318 26.1011 14.9172
v  5.1318 26.1731 14.9172
v  -1.4558 26.4794 14.9172
v  5.2344 26.2286 14.9172
v  5.1679 26.9828 14.9172
v  -4.3504 26.6991 14.9172
v  4.7686 26.2036 14.9172
v  -7.9565 28.1025 14.9172
v  4.3527 26.9967 14.9172
v  -3.7957 27.0044 14.9172
v  4.2196 26.2341 14.9172
v  -6.1768 26.6330 14.9172
v  4.3305 26.1565 14.9172
v  -1.1143 33.2014 14.9200
v  -1.3001 32.7817 14.9200
v  4.3305 26.1011 14.9172
v  -1.7262 26.5353 14.9172
v  -6.7627 25.9646 14.9172
v  -4.0461 26.5447 14.9172
v  -4.0453 26.5523 14.9172
v  -2.2156 26.2388 14.9172
v  -7.5936 26.6592 14.9172
v  -6.3118 26.8743 14.9172
v  -5.1366 27.2893 14.9172
v  -5.2640 27.3870 14.9172
v  -7.4376 26.9858 14.9172
v  -7.5452 26.9195 14.9172
v  -5.8722 26.3284 14.9172
v  -2.0498 26.9249 14.9172
v  -1.9882 26.9479 14.9172
v  -1.3826 32.1211 14.9200
v  -5.0509 27.1172 14.9172
v  -1.3689 31.6119 14.9200
v  -5.9818 26.9794 14.9172
v  -4.7622 29.7825 14.9200
v  -4.9859 30.0005 14.9200
v  -7.8884 27.9664 14.9172
v  -5.4905 29.9832 14.9200
v  9.2465 27.4652 14.9172
v  9.2465 27.3793 14.9172
v  -5.7164 29.8196 14.9200
v  -5.7164 29.1305 14.9200
v  -2.5150 26.3992 14.9172
v  9.3491 27.3127 14.9172
v  -4.5820 27.8036 14.9172
v  8.3869 27.3433 14.9172
v  8.1984 26.2369 14.9172
v  8.0515 26.1565 14.9172
v  -4.6086 26.3549 14.9172
v  -4.4443 26.2514 14.9172
v  8.0515 26.1011 14.9172
v  -6.7260 27.1426 14.9172
v  8.2566 27.4652 14.9172
v  8.2566 27.3959 14.9172
v  -6.8644 27.6229 14.9172
v  -4.9466 27.8214 14.9172
v  -4.9464 27.8178 14.9172
v  8.8139 27.4652 14.9172
v  -6.8616 25.9534 14.9172
v  -3.6508 26.2250 14.9172
v  -3.5820 26.1822 14.9172
v  8.8139 27.3959 14.9172
v  -6.1332 26.7161 14.9172
v  8.6892 27.3571 14.9172
v  -7.8541 27.9067 14.9172
v  -7.8386 27.9077 14.9172
v  9.0441 26.6778 14.9172
v  -2.6386 26.9417 14.9172
v  -2.5679 26.9082 14.9172
v  -6.7401 27.3206 14.9172
v  -2.4054 26.7605 14.9172
v  -2.4132 26.7715 14.9172
v  -4.3758 26.4053 14.9172
v  -4.4803 26.4079 14.9172
v  9.6818 27.4652 14.9172
v  -6.5226 28.0437 14.9172
v  9.6818 27.3793 14.9172
v  9.6097 27.3433 14.9172
v  -3.4856 26.4547 14.9172
v  -3.4770 26.6290 14.9172
v  9.7928 26.2231 14.9172
v  9.9536 26.1760 14.9172
v  -2.1306 26.4283 14.9172
v  9.9536 26.1011 14.9172
v  9.2964 26.1011 14.9172
v  -7.3727 28.0372 14.9172
v  -3.1173 26.9687 14.9172
v  -3.0732 26.7958 14.9172
v  9.2964 26.1731 14.9172
v  -7.9233 28.0070 14.9172
v  -1.7269 25.8660 14.9172
v  9.3990 26.2286 14.9172
v  8.1115 28.8123 14.9200
v  8.3136 29.0830 14.9200
v  9.3325 26.9828 14.9172
v  8.3136 29.7721 14.9200
v  8.1115 29.9357 14.9200
v  -5.1036 26.5256 14.9172
v  -5.1065 26.4481 14.9172
v  8.9332 26.2036 14.9172
v  -7.6161 26.8545 14.9172
v  7.6127 28.6613 14.9200
v  -3.1877 27.2556 14.9172
v  8.5173 26.9967 14.9172
v  -6.7087 26.9219 14.9172
v  7.3833 29.7350 14.9200
v  7.3780 29.4714 14.9200
v  8.3842 26.2341 14.9172
v  7.3603 28.6671 14.9200
v  8.4951 26.1565 14.9172
v  -1.9606 26.9760 14.9172
v  8.4951 26.1011 14.9172
v  -7.5149 26.8260 14.9172
v  -4.8843 26.2726 14.9172
v  -4.8903 26.5023 14.9172
v  -6.9728 26.0554 14.9172
v  -6.6667 26.2673 14.9172
v  6.9621 28.7308 14.9200
v  6.9798 29.5208 14.9200
v  -6.9774 26.9138 14.9172
v  -7.0028 26.3658 14.9172
v  -7.4248 26.5854 14.9172
v  6.3577 28.9329 14.9200
v  -1.9650 25.9675 14.9172
v  -2.0278 25.7086 14.9172
v  -5.3432 26.4652 14.9172
v  -5.2487 26.8008 14.9172
v  6.4533 29.7567 14.9200
v  -7.8202 27.9431 14.9172
v  3.5486 27.8841 14.9200
v  3.5519 28.0533 14.9200
v  -5.1102 27.3234 14.9172
v  -7.3178 26.3849 14.9172
v  6.1164 30.1510 14.9200
v  4.3715 28.2657 14.9200
v  -6.6290 26.0684 14.9172
v  4.4578 28.3122 14.9200
v  -7.8152 28.0363 14.9172
v  6.3044 28.6406 14.9200
v  4.5009 28.3852 14.9200
v  -1.5246 27.1507 14.9172
v  -7.1006 26.3939 14.9172
v  5.5319 29.0508 14.9200
v  5.4403 28.7920 14.9200
v  4.4877 28.4648 14.9200
v  -2.6357 26.7528 14.9172
v  4.3930 28.9034 14.9200
v  7.0588 26.8943 14.9172
v  7.0588 26.8250 14.9172
v  6.1118 28.4721 14.9200
v  7.6161 26.8943 14.9172
v  -7.8188 27.9205 14.9172
v  5.5054 28.5783 14.9200
v  -2.7599 26.4318 14.9172
v  -2.7713 26.3602 14.9172
v  7.6161 26.8250 14.9172
v  5.6018 28.4934 14.9200
v  5.9676 28.4294 14.9200
v  -3.4493 26.7641 14.9172
v  -3.3707 26.6279 14.9172
v  7.4913 26.7862 14.9172
v  -5.9327 26.0874 14.9172
v  7.1891 26.7723 14.9172
v  -1.1158 26.6870 14.9172
v  -1.1567 26.5945 14.9172
v  5.2929 29.1384 14.9200
v  -7.3785 28.2217 14.9172
v  5.6067 30.5173 14.9200
v  -2.5093 26.5189 14.9172
v  -2.4917 26.5805 14.9172
v  7.1891 26.3211 14.9172
v  -4.5303 27.7941 14.9172
v  7.4913 26.3589 14.9172
v  -5.9457 26.6836 14.9172
v  4.8151 29.1583 14.9200
v  7.2251 26.2013 14.9172
v  7.4913 26.2671 14.9172
v  5.0166 30.8016 14.9200
v  -5.1922 27.5889 14.9172
v  -5.1563 27.6946 14.9172
v  -6.2478 27.6850 14.9172
v  -3.6837 26.3174 14.9172
v  4.5284 29.1065 14.9200
v  -1.5416 26.7617 14.9172
v  7.5912 26.2511 14.9172
v  7.6151 26.3070 14.9172
v  -8.0310 27.9505 14.9172
v  4.5817 30.8908 14.9200
v  -6.1434 26.6214 14.9172
v  4.0999 30.9123 14.9200
v  -4.3984 26.9308 14.9172
v  -4.2557 26.9461 14.9172
v  7.0454 26.2892 14.9172
v  6.5260 26.9161 14.9172
v  6.5543 27.1077 14.9172
v  -7.3097 27.0388 14.9172
v  3.9589 30.8104 14.9200
v  6.8777 27.3752 14.9172
v  7.0973 27.3473 14.9172
v  -6.7503 26.0063 14.9172
v  1.8218 28.6484 14.9200
v  2.1263 28.8271 14.9200
v  7.2809 27.2435 14.9172
v  -5.6168 26.4961 14.9172
v  7.3528 27.1276 14.9172
v  3.7351 30.3692 14.9200
v  -3.1809 27.1850 14.9172
v  7.4127 27.1116 14.9172
v  7.4487 27.1596 14.9172
v  -6.1658 26.8269 14.9172
v  7.6069 29.9529 14.9200
v  7.2690 27.5748 14.9172
v  -5.0791 26.8747 14.9172
v  -5.0934 26.7157 14.9172
v  7.2011 27.5988 14.9172
v  -6.9534 27.3003 14.9172
v  -2.1257 26.6962 14.9172
v  -2.1307 26.7256 14.9172
v  7.1572 27.5628 14.9172
v  7.1572 27.5070 14.9172
v  -1.9784 27.0263 14.9172
v  -6.2112 27.0815 14.9172
v  -4.5846 27.9700 14.9172
v  -6.8021 27.5581 14.9172
v  -4.5642 26.8744 14.9172
v  -4.5650 26.8771 14.9172
v  6.3267 27.1596 14.9172
v  6.2348 26.9240 14.9172
v  -7.6259 26.7237 14.9172
v  -7.8733 27.9057 14.9172
v  0.3909 28.5012 14.9200
v  0.5545 28.4994 14.9200
v  -6.8354 25.9544 14.9172
v  0.6407 28.4164 14.9200
v  0.7668 28.3766 14.9200
v  -7.8520 27.9587 14.9172
v  0.8564 28.2140 14.9200
v  7.0733 26.1454 14.9172
v  0.9593 28.1477 14.9200
v  -4.7638 27.4959 14.9172
v  -4.9379 27.4646 14.9172
v  6.7899 27.5070 14.9172
v  1.0356 28.1343 14.9200
v  -3.4973 27.0720 14.9172
v  6.6400 26.5057 14.9172
v  6.5385 26.7502 14.9172
v  1.0323 28.0315 14.9200
v  -1.6788 26.7738 14.9172
v  -1.6301 26.8573 14.9172
v  -7.9344 27.9985 14.9172
v  0.9792 27.9386 14.9200
v  -2.6611 26.7475 14.9172
v  6.2174 26.6148 14.9172
v  6.3070 26.3654 14.9172
v  -6.7374 28.1132 14.9172
v  0.9294 27.7992 14.9200
v  -4.5322 26.6364 14.9172
v  -4.6309 26.5829 14.9172
v  0.9128 27.6200 14.9200
v  -6.7314 27.1887 14.9172
v  0.9062 27.5338 14.9200
v  -3.2350 26.3749 14.9172
v  0.8631 27.4740 14.9200
v  6.7407 26.3991 14.9172
v  0.7569 27.4043 14.9200
v  6.4465 26.1614 14.9172
v  -7.5872 26.8865 14.9172
v  0.6606 27.2915 14.9200
v  6.7152 26.0799 14.9172
v  6.9079 26.0895 14.9172
v  -6.6905 26.9222 14.9172
v  0.5511 27.1288 14.9200
v  0.4416 26.9862 14.9200
v  -4.7044 27.3705 14.9172
v  -4.4766 27.5466 14.9172
v  6.9731 26.2980 14.9172
v  6.8026 26.3596 14.9172
v  -7.6412 28.0494 14.9172
v  0.3388 26.8534 14.9200
v  0.1861 26.7108 14.9200
v  0.0700 26.6345 14.9200
v  -7.8174 27.9371 14.9172
v  -0.0395 26.5813 14.9200
v  -1.0873 26.4200 14.9172
v  -0.9720 26.7161 14.9172
v  -6.7373 26.3009 14.9172
v  -0.1690 26.5946 14.9200
v  -6.7379 27.2777 14.9172
v  -0.3216 26.6245 14.9200
v  6.6473 27.4489 14.9172
v  6.5207 27.3630 14.9172
v  -0.5174 26.7406 14.9200
v  -7.5678 26.7641 14.9172
v  -0.4942 26.6079 14.9200
v  -4.0870 26.5106 14.9172
v  6.6237 27.2243 14.9172
v  6.7403 27.3234 14.9172
v  -5.3885 27.2190 14.9172
v  -0.4046 26.4818 14.9200
v  -7.4258 26.4709 14.9172
v  -0.1855 26.4188 14.9200
v  -5.5897 26.2281 14.9172
v  0.0003 26.4188 14.9200
v  0.1927 26.4785 14.9200
v  -2.2572 26.4364 14.9172
v  -2.4128 26.4172 14.9172
v  0.3155 26.5581 14.9200
v  -4.9464 27.8149 14.9172
v  -7.3588 26.5353 14.9172
v  0.4914 26.7340 14.9200
v  -4.8703 24.6366 14.9172
v  -4.8703 24.4336 14.9172
v  -6.9873 26.1152 14.9172
v  0.6109 26.8933 14.9200
v  -5.1074 26.3404 14.9172
v  -5.0997 26.2915 14.9172
v  -4.0444 24.4336 14.9172
v  -3.8241 24.4336 14.9172
v  0.7171 27.0393 14.9200
v  -2.1245 26.6681 14.9172
v  -4.6499 24.4336 14.9172
v  0.8166 27.1952 14.9200
v  -4.1880 26.6825 14.9172
v  -6.5237 26.0548 14.9172
v  0.9029 27.2616 14.9200
v  -4.6499 23.0681 14.9172
v  -4.0444 23.0681 14.9172
v  -1.8561 25.3517 14.9172
v  -1.8476 25.3743 14.9172
v  -3.8241 24.6366 14.9172
v  -1.7218 26.6734 14.9172
v  -4.5425 27.9138 14.9172
v  -7.1941 23.3909 14.9172
v  -7.3282 23.2615 14.9172
v  -4.0461 26.5570 14.9172
v  -7.0935 23.2999 14.9172
v  -6.9382 23.2644 14.9172
v  -2.1103 26.3150 14.9172
v  -6.8204 23.3333 14.9172
v  -7.3139 23.9322 14.9172
v  1.9938 28.5510 14.9200
v  -1.8420 26.3150 14.9172
v  -7.3761 24.1143 14.9172
v  2.0397 28.4821 14.9200
v  -7.3474 24.2964 14.9172
v  -8.0186 27.9280 14.9172
v  2.1372 28.4248 14.9200
v  -7.2324 24.4785 14.9172
v  2.2404 28.3388 14.9200
v  -4.0665 26.9596 14.9172
v  -7.0551 24.5887 14.9172
v  -1.2769 26.7642 14.9172
v  2.1830 28.5223 14.9200
v  -6.8778 24.6031 14.9172
v  -5.0813 26.2282 14.9172
v  2.1429 28.6599 14.9200
v  -6.7102 24.5695 14.9172
v  -2.1132 26.9138 14.9172
v  -6.6000 24.5024 14.9172
v  -2.4091 26.8436 14.9172
v  -2.3953 26.8824 14.9172
v  -3.8722 26.7178 14.9172
v  -4.0593 26.7916 14.9172
v  -6.6958 24.3731 14.9172
v  -5.2246 27.2702 14.9172
v  -4.5573 26.5421 14.9172
v  -4.5170 26.5466 14.9172
v  -6.7772 24.4258 14.9172
v  -3.0736 26.2387 14.9172
v  -6.8922 24.4545 14.9172
v  -4.7176 26.8602 14.9172
v  -7.0456 24.4258 14.9172
v  -1.1019 26.7952 14.9172
v  -6.5089 23.7742 14.9172
v  -3.7733 27.0256 14.9172
v  -3.7628 27.0551 14.9172
v  -6.4610 23.6065 14.9172
v  -1.7197 26.5399 14.9172
v  -1.7232 26.5363 14.9172
v  -6.4754 23.3861 14.9172
v  -4.5360 27.9159 14.9172
v  -6.5712 23.2280 14.9172
v  -4.8913 26.2269 14.9172
v  -6.7054 23.1034 14.9172
v  -2.7016 26.9829 14.9172
v  -6.9532 23.0374 14.9172
v  -7.1788 23.1208 14.9172
v  2.1961 27.1641 14.9200
v  2.2767 27.2585 14.9200
v  -2.2268 26.4392 14.9172
v  -2.4804 26.5914 14.9172
v  -2.4747 26.5918 14.9172
v  2.3579 27.3448 14.9200
v  -5.0227 27.4872 14.9172
v  2.4137 27.4660 14.9200
v  -3.6687 26.6435 14.9172
v  -3.6922 26.4053 14.9172
v  -1.3377 26.2193 14.9172
v  2.1838 27.0791 14.9200
v  -1.9554 25.3883 14.9172
v  -3.7911 26.5296 14.9172
v  2.1771 26.9862 14.9200
v  2.1274 26.9331 14.9200
v  2.0112 26.8668 14.9200
v  1.9283 26.8369 14.9200
v  1.8884 26.6378 14.9200
v  -2.0163 27.0754 14.9172
v  -2.0510 27.1144 14.9172
v  -4.6724 26.4760 14.9172
v  1.8188 26.4618 14.9200
v  9.3492 23.3909 14.9172
v  9.2151 23.2615 14.9172
v  -5.0746 27.7808 14.9172
v  0.9361 27.1521 14.9200
v  9.4499 23.2999 14.9172
v  -3.5343 26.2078 14.9172
v  -3.5092 26.2630 14.9172
v  0.9195 27.0559 14.9200
v  -4.5086 27.7330 14.9172
v  -4.5885 27.5868 14.9172
v  9.6052 23.2644 14.9172
v  0.8266 26.9464 14.9200
v  9.7230 23.3333 14.9172
v  0.8033 26.8402 14.9200
v  9.2295 23.9322 14.9172
v  -5.0989 26.6370 14.9172
v  0.8631 26.7606 14.9200
v  9.1672 24.1143 14.9172
v  -4.5679 26.4263 14.9172
v  -4.6046 26.4760 14.9172
v  0.7668 26.4652 14.9200
v  9.1959 24.2964 14.9172
v  -5.1857 27.5841 14.9172
v  -5.1892 27.5862 14.9172
v  0.7270 26.4386 14.9200
v  -2.6857 26.7392 14.9172
v  -2.7092 26.7302 14.9172
v  9.3109 24.4785 14.9172
v  0.7237 26.3490 14.9200
v  9.4882 24.5887 14.9172
v  0.6208 26.3325 14.9200
v  9.6655 24.6031 14.9172
v  0.5014 26.2860 14.9200
v  9.8332 24.5695 14.9172
v  -2.1387 27.1328 14.9172
v  -2.1668 27.1342 14.9172
v  0.4284 26.2031 14.9200
v  9.9434 24.5024 14.9172
v  -5.2950 27.4747 14.9172
v  0.3869 26.1416 14.9200
v  9.8475 24.3731 14.9172
v  -3.0566 26.5833 14.9172
v  -3.0573 26.5429 14.9172
v  9.7661 24.4258 14.9172
v  -1.7848 25.6368 14.9172
v  -4.9922 27.3008 14.9172
v  -4.9323 27.2980 14.9172
v  9.6511 24.4545 14.9172
v  9.4978 24.4258 14.9172
v  10.0344 23.7742 14.9172
v  -2.4154 26.7839 14.9172
v  10.0823 23.6065 14.9172
v  10.0680 23.3861 14.9172
v  -4.5113 27.7688 14.9172
v  9.9721 23.2280 14.9172
v  -3.1798 27.2792 14.9172
v  1.3510 26.6355 14.9200
v  1.4107 26.6460 14.9200
v  -4.3125 27.1305 14.9172
v  -4.5775 27.0521 14.9172
v  9.8380 23.1034 14.9172
v  9.5902 23.0374 14.9172
v  1.2396 26.4204 14.9200
v  9.3646 23.1208 14.9172
v  1.1667 26.3494 14.9200
v  -3.6018 26.9318 14.9172
v  -4.9177 26.1893 14.9172
v  1.1590 26.2323 14.9200
v  1.3704 26.5135 14.9200
v  1.3013 26.4174 14.9200
v  1.2993 26.3387 14.9200
v  -2.4860 26.5885 14.9172
v  -2.3815 26.9025 14.9172
v  -5.0540 27.3093 14.9172
v  -4.5907 26.5219 14.9172
v  -3.4556 26.7611 14.9172
v  -1.5539 27.1624 14.9172
v  -1.6668 27.0583 14.9172
v  3.5622 23.0681 14.9172
v  4.1677 23.0681 14.9172
v  0.7840 24.8348 14.9200
v  1.0473 25.0339 14.9200
v  -5.3306 27.5889 14.9172
v  -5.3209 27.5299 14.9172
v  4.1677 24.6366 14.9172
v  3.5622 24.6366 14.9172
v  -4.5642 26.8806 14.9172
v  0.4295 24.7441 14.9200
v  0.0634 24.7607 14.9200
v  -2.0997 26.3259 14.9172
v  -0.1878 24.8479 14.9200
v  -1.6085 24.6366 14.9172
v  -2.1351 24.6366 14.9172
v  1.2115 25.3817 14.9200
v  -1.6085 23.2650 14.9172
v  -5.0439 27.9526 14.9172
v  -2.1489 23.4548 14.9172
v  -4.5621 26.8848 14.9172
v  -4.5594 26.8884 14.9172
v  -4.4753 26.9173 14.9172
v  -1.3210 24.6366 14.9172
v  -1.3210 23.5353 14.9172
v  -4.0197 27.1380 14.9172
v  -1.5597 26.9623 14.9172
v  -1.1198 24.6366 14.9172
v  -4.9521 27.8319 14.9172
v  -2.2088 26.9085 14.9172
v  -2.0875 23.2696 14.9172
v  -3.0736 26.5099 14.9172
v  -1.9319 23.1242 14.9172
v  0.1380 26.1251 14.9200
v  -4.9973 26.1762 14.9172
v  -4.9718 26.1737 14.9172
v  -1.1198 23.4548 14.9172
v  -1.7149 26.5466 14.9172
v  -0.1275 26.0504 14.9200
v  -4.4153 26.6511 14.9172
v  -1.7695 23.0580 14.9172
v  -0.3874 25.9177 14.9200
v  -2.9557 26.2985 14.9172
v  -0.5091 25.7766 14.9200
v  -3.9323 26.5551 14.9172
v  -0.5727 25.5637 14.9200
v  -1.3544 23.4429 14.9172
v  -1.5033 23.2963 14.9172
v  -0.5533 25.3342 14.9200
v  -3.4973 26.3150 14.9172
v  -0.4814 25.1461 14.9200
v  -1.3656 23.1242 14.9172
v  -1.2157 23.2696 14.9172
v  -0.3526 24.9901 14.9200
v  -4.9481 27.8263 14.9172
v  -2.1042 26.3957 14.9172
v  -1.5912 23.0580 14.9172
v  -2.7206 27.0594 14.9172
v  -2.7290 27.0353 14.9172
v  1.3874 25.3120 14.9200
v  1.6496 25.2224 14.9200
v  2.0677 25.2058 14.9200
v  -4.5395 27.9145 14.9172
v  -5.2481 27.7846 14.9172
v  1.4790 24.5331 14.9172
v  1.2720 24.6159 14.9172
v  2.0776 26.5449 14.9200
v  -4.1555 27.1455 14.9172
v  1.6722 24.3468 14.9172
v  2.3663 26.5615 14.9200
v  1.8033 24.0984 14.9172
v  2.5488 26.5482 14.9200
v  1.8309 23.8293 14.9172
v  2.7081 26.4652 14.9200
v  1.7826 23.5948 14.9172
v  2.8309 26.2893 14.9200
v  1.6446 23.3809 14.9172
v  2.9105 26.0902 14.9200
v  1.4514 23.2084 14.9172
v  2.9238 25.9011 14.9200
v  1.2720 23.1096 14.9172
v  2.8574 25.6953 14.9200
v  1.4214 24.3423 14.9172
v  1.5601 24.2085 14.9172
v  2.7645 25.5294 14.9200
v  1.6543 24.0301 14.9172
v  2.6119 25.4033 14.9200
v  1.6741 23.8369 14.9172
v  2.3729 25.2839 14.9200
v  1.6394 23.6684 14.9172
v  1.5403 23.5148 14.9172
v  1.4015 23.3909 14.9172
v  -1.8175 26.8154 14.9172
v  -1.8928 26.5212 14.9172
v  -4.1730 26.6126 14.9172
v  2.5663 27.3996 14.9200
v  2.7555 27.3798 14.9200
v  2.9148 27.4395 14.9200
v  0.6579 24.6366 14.9172
v  0.6579 23.0681 14.9172
v  2.9712 27.5091 14.9200
v  3.1072 27.4926 14.9200
v  1.2720 23.3146 14.9172
v  1.2720 24.4060 14.9172
v  3.2001 27.5290 14.9200
v  3.2765 27.6618 14.9200
v  3.3893 27.6718 14.9200
v  -4.4614 26.8397 14.9172
v  -1.2018 26.8393 14.9172
v  -1.1386 26.8743 14.9172
v  3.4955 27.7713 14.9200
v  -4.3730 27.7640 14.9172
v  -3.0617 26.5182 14.9172
v  6.6775 24.6984 14.9172
v  6.3730 24.6378 14.9172
v  6.1148 24.4653 14.9172
v  5.9423 24.2071 14.9172
v  -6.1089 26.6141 14.9172
v  5.8817 23.9026 14.9172
v  6.1148 23.3398 14.9172
v  6.3730 23.1673 14.9172
v  -4.0510 26.5353 14.9172
v  -4.0482 26.5390 14.9172
v  6.6775 23.1067 14.9172
v  -6.6215 27.8573 14.9172
v  6.9821 23.1673 14.9172
v  7.2403 23.3398 14.9172
v  7.4128 23.5980 14.9172
v  -2.1018 27.1270 14.9172
v  7.4734 23.9026 14.9172
v  7.4128 24.2071 14.9172
v  7.2403 24.4653 14.9172
v  6.9821 24.6378 14.9172
v  -3.4690 26.7330 14.9172
v  -3.4627 26.7511 14.9172
v  -5.0509 26.1906 14.9172
v  -4.0137 26.6358 14.9172
v  6.3730 23.3220 14.9172
v  6.3730 24.4831 14.9172
v  6.8916 23.3643 14.9172
v  6.6604 23.3220 14.9172
v  -5.0254 26.1825 14.9172
v  7.0877 23.4754 14.9172
v  -2.3674 26.9045 14.9172
v  -2.3533 26.9053 14.9172
v  7.2186 23.6714 14.9172
v  7.2646 23.9026 14.9172
v  -4.9239 27.0585 14.9172
v  7.2186 24.1338 14.9172
v  -4.5258 26.9038 14.9172
v  7.0877 24.3298 14.9172
v  6.8916 24.4409 14.9172
v  -1.5207 27.0291 14.9172
v  6.6604 24.4831 14.9172
v  -4.2989 26.6416 14.9172
v  5.9423 23.5980 14.9172
v  -6.7352 27.2337 14.9172
v  -5.4905 28.8121 14.9200
v  -4.9916 28.6802 14.9200
v  -4.7570 29.5190 14.9200
v  -5.1809 27.5832 14.9172
v  -4.7393 28.6859 14.9200
v  -4.3411 28.7496 14.9200
v  -4.3588 29.5827 14.9200
v  -3.7749 28.9470 14.9200
v  -3.7940 29.8473 14.9200
v  -3.6833 28.6882 14.9200
v  -2.8192 28.8395 14.9200
v  -3.4908 28.5196 14.9200
v  -2.8843 28.6258 14.9200
v  -3.3466 28.4770 14.9200
v  -2.9808 28.5410 14.9200
v  16.0896 25.5359 14.3985
v  16.0896 25.5359 14.7710
v  16.0896 25.6554 14.7710
v  16.0896 25.6554 14.3985
v  16.3140 25.6554 14.7710
v  16.3140 25.5359 14.7710
v  16.3140 25.5359 14.3985
v  16.3140 25.6554 14.3985
v  1.5680 25.6554 14.7710
v  1.5680 25.5359 14.7710
v  1.5680 25.5359 14.3985
v  1.5680 25.6554 14.3985
v  1.3436 25.5359 14.3985
v  1.3436 25.5359 14.7710
v  1.3436 25.6554 14.7710
v  1.3436 25.6554 14.3985
v  -6.7740 25.6554 14.7710
v  -6.7740 25.5359 14.7710
v  -6.7740 25.5359 14.3985
v  -6.7740 25.6554 14.3985
v  -6.9984 25.5359 14.3985
v  -6.9984 25.5359 14.7710
v  -6.9984 25.6554 14.7710
v  -6.9984 25.6554 14.3985
v  9.5908 25.6554 14.7710
v  9.5908 25.5359 14.7710
v  9.5908 25.5359 14.3985
v  9.5908 25.6554 14.3985
v  9.3663 25.5359 14.3985
v  9.3663 25.5359 14.7710
v  9.3663 25.6554 14.7710
v  9.3663 25.6554 14.3985
v  9.0267 26.6815 14.9567
v  9.0267 26.5621 14.9567
v  9.0267 26.5621 14.3985
v  9.0267 26.6815 14.3985
v  8.8023 26.5621 14.3985
v  8.8023 26.5621 14.9567
v  8.8023 26.6815 14.9567
v  8.8023 26.6815 14.3985
v  6.4972 26.7434 14.9567
v  6.4972 26.6240 14.9567
v  6.4972 26.6240 14.3985
v  6.4972 26.7434 14.3985
v  6.2728 26.6240 14.3985
v  6.2728 26.6240 14.9567
v  6.2728 26.7434 14.9567
v  6.2728 26.7434 14.3985
v  4.8495 26.6815 14.9567
v  4.8495 26.5621 14.9567
v  4.8495 26.5621 14.3985
v  4.8495 26.6815 14.3985
v  4.6251 26.5621 14.3985
v  4.6251 26.5621 14.9567
v  4.6251 26.6815 14.9567
v  4.6251 26.6815 14.3985
v  5.2393 29.8339 14.9567
v  5.2393 29.7144 14.9567
v  5.2393 29.7144 14.3985
v  5.2393 29.8339 14.3985
v  5.0149 29.7144 14.3985
v  5.0149 29.7144 14.9567
v  5.0149 29.8339 14.9567
v  5.0149 29.8339 14.3985
v  -2.0346 29.9231 14.9567
v  -2.0346 29.8036 14.9567
v  -2.0346 29.8036 14.3985
v  -2.0346 29.9231 14.3985
v  -2.2590 29.8036 14.3985
v  -2.2590 29.8036 14.9567
v  -2.2590 29.9231 14.9567
v  -2.2590 29.9231 14.3985
v  -1.5556 26.3585 14.9567
v  -1.5556 26.2390 14.9567
v  -1.5556 26.2390 14.3985
v  -1.5556 26.3585 14.3985
v  -1.7800 26.2390 14.3985
v  -1.7800 26.2390 14.9567
v  -1.7800 26.3585 14.9567
v  -1.7800 26.3585 14.3985
v  -2.5136 26.3473 14.9567
v  -2.5136 26.2279 14.9567
v  -2.5136 26.2279 14.3985
v  -2.5136 26.3473 14.3985
v  -2.7380 26.2279 14.3985
v  -2.7380 26.2279 14.9567
v  -2.7380 26.3473 14.9567
v  -2.7380 26.3473 14.3985
v  -2.9480 26.4587 14.9567
v  -2.9480 26.3393 14.9567
v  -2.9480 26.3393 14.3985
v  -2.9480 26.4587 14.3985
v  -3.1724 26.3393 14.3985
v  -3.1724 26.3393 14.9567
v  -3.1724 26.4587 14.9567
v  -3.1724 26.4587 14.3985
v  -3.9951 26.3807 14.9567
v  -3.9951 26.2613 14.9567
v  -3.9951 26.2613 14.3985
v  -3.9951 26.3807 14.3985
v  -4.2195 26.2613 14.3985
v  -4.2195 26.2613 14.9567
v  -4.2195 26.3807 14.9567
v  -4.2195 26.3807 14.3985
v  -6.7131 26.2805 14.9567
v  -6.7131 26.1611 14.9567
v  -6.7131 26.1611 14.3985
v  -6.7131 26.2805 14.3985
v  -6.9375 26.1611 14.3985
v  -6.9375 26.1611 14.9567
v  -6.9375 26.2805 14.9567
v  -6.9375 26.2805 14.3985
v  -6.6797 28.0851 14.9567
v  -6.6797 27.9656 14.9567
v  -6.6797 27.9656 14.3985
v  -6.6797 28.0851 14.3985
v  -6.9041 27.9656 14.3985
v  -6.9041 27.9656 14.9567
v  -6.9041 28.0851 14.9567
v  -6.9041 28.0851 14.3985
v  -4.6831 27.9463 14.9567
v  -4.6831 27.8268 14.9567
v  -4.6831 27.8268 14.3985
v  -4.6831 27.9463 14.3985
v  -4.9075 27.8268 14.3985
v  -4.9075 27.8268 14.9567
v  -4.9075 27.9463 14.9567
v  -4.9075 27.9463 14.3985
v  -4.9086 26.4183 14.9567
v  -4.9086 26.3197 14.9567
v  -4.9086 26.3197 14.3985
v  -4.9086 26.4183 14.3985
v  -5.0939 26.3197 14.3985
v  -5.0939 26.3197 14.9567
v  -5.0939 26.4183 14.9567
v  -5.0939 26.4183 14.3985
v  1.8575 27.6551 14.9567
v  1.8575 27.5357 14.9567
v  1.8575 27.5357 14.3985
v  1.8575 27.6551 14.3985
v  1.6331 27.5357 14.3985
v  1.6331 27.5357 14.9567
v  1.6331 27.6551 14.9567
v  1.6331 27.6551 14.3985
v  -19.2684 -1.8593 10.7447
v  -19.2684 -1.8593 10.8473
v  -17.5272 -1.8593 10.8473
v  -17.5272 -1.8593 10.7447
v  -19.2684 8.5723 10.7447
v  -19.2684 8.5723 10.8473
v  -28.2367 11.7855 10.7447
v  -28.2367 11.7855 10.8473
v  -28.2367 -1.8593 10.8473
v  -28.2367 -1.8593 10.7447
v  -28.4783 -2.1009 10.8473
v  -28.4783 12.0271 10.8473
v  -19.5100 -2.1009 10.8473
v  -19.5100 8.3307 10.8473
v  -17.2856 -2.1009 10.8473
v  -17.5272 11.7855 10.8473
v  -17.2856 12.0271 10.8473
v  -26.6188 8.5723 10.8473
v  -26.3772 8.3307 10.8473
v  -26.6188 -1.8593 10.8473
v  -26.3772 -2.1009 10.8473
v  -26.6188 8.5723 10.7447
v  -17.5272 11.7855 10.7447
v  -26.6188 -1.8593 10.7447
v  -17.2856 12.0271 1.1342
v  -19.5100 8.3307 1.1342
v  -26.3772 8.3307 1.1342
v  -28.4783 12.0271 1.1342
v  -26.3772 -2.1009 1.1342
v  -28.4783 -2.1009 1.1342
v  -17.2856 -2.1009 1.1342
v  -19.5100 -2.1009 1.1342
v  -17.4083 12.0271 10.7245
v  -17.4083 12.0271 1.2569
v  -17.1667 12.0271 1.0153
v  -17.1667 12.0271 10.9661
v  -28.5971 12.0271 1.0153
v  -28.5971 12.0271 10.9661
v  -28.5971 12.1938 10.9661
v  -28.5971 12.1938 1.0153
v  -28.3555 12.0271 1.2569
v  -28.3555 12.0271 10.7245
v  -17.1667 12.1938 10.9661
v  -17.1667 12.1938 1.0153
v  -17.4083 16.3367 9.9881
v  -17.4083 16.3367 1.9933
v  -17.1667 16.3367 1.7517
v  -17.1667 16.3367 10.2297
v  -30.3077 16.3367 1.7517
v  -30.3077 16.3367 10.2297
v  -30.3077 16.5033 10.2297
v  -30.3077 16.5033 1.7517
v  -30.0661 16.3367 1.9933
v  -30.0661 16.3367 9.9881
v  -17.1667 16.5033 10.2297
v  -17.1667 16.5033 1.7517
v  -30.1888 16.3367 1.8706
v  -30.1888 16.3367 10.1109
v  -17.2856 16.3367 10.1109
v  -17.2856 16.3367 1.8706
v  -30.1888 -2.1009 10.1109
v  -30.1888 -2.1009 1.8706
v  -27.1418 11.2396 10.1109
v  -17.2856 11.2396 10.1109
v  -17.2856 11.2396 1.8706
v  -27.1418 11.2396 1.8706
v  -27.1418 -2.1009 1.8706
v  -27.1418 -2.1009 10.1109
v  18.3233 -2.1009 -1.2478
v  18.3233 33.7811 -1.2478
v  18.3233 33.7811 13.2293
v  18.3233 -2.1009 13.2293
v  -7.2263 23.1405 -1.2478
v  -7.2263 23.1405 13.2293
v  -7.2263 -2.1009 13.2293
v  -7.2263 -2.1009 -1.2478
v  -17.2856 27.6445 0.1524
v  -16.0417 27.6445 0.1524
v  -16.0417 -2.1009 0.1523
v  -17.2856 -2.1009 0.1523
v  -17.2856 -2.1009 11.8291
v  -16.0417 -2.1009 11.8291
v  -16.0417 27.6445 11.8291
v  -17.2856 27.6445 11.8291
v  9.3856 18.0251 -2.4752
v  9.3856 22.3538 -2.4752
v  17.2815 28.9879 -2.4751
v  17.2815 18.0251 -2.4752
v  -7.1040 22.3538 -2.4752
v  -14.9999 28.9879 -2.4751
v  -7.1040 28.9879 -2.4751
v  9.3856 28.9879 -2.4751
v  17.2815 28.9879 14.4566
v  9.3856 28.9879 14.4566
v  9.3856 22.3538 14.4566
v  -7.1040 22.3538 14.4566
v  -7.1040 28.9879 14.4566
v  -14.9999 28.9879 14.4566
v  19.5672 27.6445 11.8291
v  19.5672 -2.1009 11.8291
v  19.5672 -2.1009 0.1523
v  19.5672 27.6445 0.1524
v  18.3233 27.6445 0.1524
v  18.3233 -2.1009 0.1523
v  18.3233 -2.1009 11.8291
v  18.3233 27.6445 11.8291
v  -16.0417 -2.1009 13.2293
v  -16.0417 33.7811 13.2293
v  -16.0417 33.7811 -1.2478
v  -16.0417 -2.1009 -1.2478
v  9.5079 23.1405 13.2293
v  9.5079 23.1405 -1.2478
v  9.5079 -2.1009 13.2293
v  9.5079 -2.1009 -1.2478
v  -15.0494 -1.2811 14.6052
v  -15.0494 -1.2811 14.6579
v  -7.0545 -1.2811 14.6579
v  -7.0545 -1.2811 14.6052
v  -14.9999 18.0251 -2.4752
v  -7.1040 18.0251 -2.4752
v  -14.9999 18.0251 14.4566
v  9.3856 18.0251 14.4566
v  -7.1040 18.0251 14.4566
v  17.2815 18.0251 14.4566
v  -15.2012 18.0251 14.6579
v  -15.2012 18.0251 -2.6765
v  -6.9026 18.0251 -2.6765
v  -6.9026 18.0251 14.6579
v  17.4828 18.0251 -2.6765
v  9.1842 18.0251 -2.6765
v  17.4828 18.0251 14.6579
v  9.1842 18.0251 14.6579
v  17.4828 17.6956 -2.6765
v  9.1842 17.6956 -2.6765
v  9.1842 17.6956 14.6579
v  -15.2012 17.6956 14.6579
v  -15.2012 17.6956 -2.6765
v  -6.9026 17.6956 -2.6765
v  -6.9026 17.6956 14.6579
v  17.4828 17.6956 14.6579
v  -7.1040 17.6956 -2.4752
v  -7.1040 17.6956 14.4566
v  -14.9999 17.6956 14.4566
v  -14.9999 17.6956 -2.4752
v  17.2815 17.6956 -2.4752
v  9.3856 17.6956 -2.4752
v  9.3856 17.6956 14.4566
v  17.2815 17.6956 14.4566
v  -7.1040 1.5849 -2.4752
v  -7.1040 1.5849 14.4566
v  17.2815 1.5849 -2.4752
v  17.2815 1.5849 14.4566
v  -14.9999 1.5849 -2.4752
v  9.3856 1.5849 -2.4752
v  9.3856 1.5849 14.4566
v  -14.9999 1.5849 14.4566
v  -15.2012 1.5849 14.6579
v  -15.2012 1.5849 -2.6765
v  9.1440 -2.1009 5.9907
v  9.1440 -1.4330 5.9907
v  9.1440 -1.4330 -2.7167
v  9.1440 -2.1009 -2.7167
v  17.4828 1.5849 -2.6765
v  17.4828 1.5849 14.6579
v  -6.9026 1.5849 -2.6765
v  9.1842 1.5849 -2.6765
v  9.1440 -2.1009 14.6982
v  9.1440 -1.4330 14.6982
v  -15.2012 1.2682 -2.6765
v  -6.9026 1.2682 -2.6765
v  9.1842 1.2682 -2.6765
v  17.4828 1.2682 -2.6765
v  9.1842 -1.4330 14.6579
v  9.1842 -1.4330 5.9907
v  -15.2012 1.2682 14.6579
v  -6.9026 1.5849 14.6579
v  9.1842 1.5849 14.6579
v  9.1842 -1.4330 -2.6765
v  17.4828 1.2682 14.6579
v  -6.9026 1.2682 14.6579
v  -6.9554 -1.2811 6.1426
v  -6.9026 -1.2811 6.1426
v  -6.9026 -0.1135 6.1426
v  -6.9554 -0.1135 6.1426
v  -14.9999 1.2682 -2.4752
v  -7.1040 1.2682 -2.4752
v  -14.9999 1.2682 14.4566
v  9.1842 1.2682 14.6579
v  -7.0545 -0.1135 14.6579
v  -7.0545 -0.1135 14.6052
v  17.2815 1.2682 -2.4752
v  17.2815 1.2682 14.4566
v  9.3856 1.2682 -2.4752
v  -7.1040 1.2682 14.4566
v  9.3856 1.2682 14.4566
v  9.1842 0.0384 5.9907
v  9.3050 0.0384 5.9907
v  9.3050 0.0384 -2.5557
v  9.1842 0.0384 -2.6765
v  17.2815 0.2023 -2.4752
v  17.2815 0.2023 14.4566
v  -14.9999 0.2023 -2.4752
v  -7.1040 0.2023 -2.4752
v  9.3856 0.2023 -2.4752
v  9.1842 0.0384 14.6579
v  9.3050 0.0384 14.5371
v  -14.9999 0.2023 14.4566
v  9.3453 0.0384 14.4968
v  9.3453 0.0384 5.9907
v  -15.0402 0.2023 14.4968
v  -15.0402 0.2023 -2.5154
v  -7.1040 0.2023 14.4566
v  9.3856 0.2023 14.4566
v  9.3453 0.0384 -2.5154
v  17.3218 0.2023 -2.5154
v  17.3218 0.2023 14.4968
v  -7.0637 0.2023 -2.5154
v  9.3453 0.2023 -2.5154
v  -15.0402 0.0384 -2.5154
v  -7.0637 0.0384 -2.5154
v  17.3218 0.0384 -2.5154
v  9.3453 0.2023 14.4968
v  9.3453 0.2023 5.9907
v  -15.0402 0.0384 14.4968
v  -7.0637 0.2023 14.4968
v  17.3218 0.0384 14.4968
v  9.3856 0.2023 5.9907
v  17.3620 0.0384 -2.5557
v  17.3620 0.0384 14.5371
v  -15.0804 0.0384 -2.5557
v  -7.0234 0.0384 -2.5557
v  -15.0804 0.0384 14.5371
v  -7.0637 0.0384 14.4968
v  -7.0234 0.0384 14.5371
v  17.4828 0.0384 -2.6765
v  17.4828 0.0384 14.6579
v  -15.2012 0.0384 -2.6765
v  -6.9026 0.0384 -2.6765
v  -15.2012 0.0384 14.6579
v  17.4301 -1.2811 14.5061
v  17.4828 -1.2811 14.5061
v  17.4828 -1.2811 -2.5246
v  17.4301 -1.2811 -2.5246
v  -7.1040 0.2023 5.9907
v  9.2370 -0.1135 -2.5246
v  9.1842 -0.1135 -2.5246
v  9.1842 -1.2811 -2.5246
v  9.2370 -1.2811 -2.5246
v  -15.1485 -0.1135 14.5061
v  -15.2012 -0.1135 14.5061
v  -15.2012 -0.1135 -2.5246
v  -15.1485 -0.1135 -2.5246
v  -6.9026 -0.1135 14.5061
v  -6.9554 -0.1135 14.5061
v  9.2370 -1.2811 6.1426
v  9.1842 -1.2811 6.1426
v  9.1842 -1.2811 14.5061
v  9.2370 -1.2811 14.5061
v  17.4301 -0.1135 14.5061
v  17.4828 -0.1135 14.5061
v  -15.2415 -1.4330 -2.7167
v  -15.2012 -1.4330 -2.6765
v  -6.9026 -1.4330 -2.6765
v  -6.8624 -1.4330 -2.7167
v  17.4828 -1.4330 -2.6765
v  17.5231 -1.4330 -2.7167
v  -15.2415 -1.4330 14.6982
v  -15.2012 -1.4330 14.6579
v  -6.9026 0.0384 14.6579
v  17.4828 -1.4330 14.6579
v  17.5231 -1.4330 14.6982
v  17.5231 -2.1009 -2.7167
v  17.5231 -2.1009 14.6982
v  -15.2415 -2.1009 -2.7167
v  -6.8624 -2.1009 -2.7167
v  -15.2415 -2.1009 14.6982
v  -6.8624 -1.4330 14.6982
v  -6.9026 -1.4330 14.6579
v  -7.0254 28.9879 -2.3524
v  -14.8772 28.9879 -2.3524
v  -15.0785 28.9879 -2.5537
v  -7.0254 28.9879 -2.5537
v  17.1588 28.9879 14.3339
v  17.1588 28.9879 -2.3524
v  17.3601 28.9879 -2.5537
v  17.3601 28.9879 14.5352
v  9.3070 28.9879 -2.3524
v  9.3070 28.9879 -2.5537
v  -14.8772 28.9879 14.3339
v  -7.0254 28.9879 14.3339
v  -7.0254 28.9879 14.5352
v  -15.0785 28.9879 14.5352
v  9.3070 28.9879 14.3339
v  9.3070 28.9879 14.5352
v  -7.0254 29.1545 14.5352
v  -15.0785 29.1545 14.5352
v  9.3070 29.1545 14.5352
v  -15.0785 29.1545 -2.5537
v  17.3601 29.1545 14.5352
v  -7.0254 29.1545 -2.5537
v  17.3601 29.1545 -2.5537
v  9.3070 29.1545 -2.5537
v  -16.1203 33.7811 -1.3264
v  -16.1203 33.7811 13.3079
v  -16.1203 33.9478 13.3079
v  -16.1203 33.9478 -1.3264
v  -15.9631 27.8111 0.0737
v  -17.3642 27.8111 0.0737
v  -17.3642 27.8111 11.9077
v  -15.9631 27.8111 11.9077
v  -17.3642 27.6445 11.9077
v  -17.3642 27.6445 0.0737
v  -15.9631 27.6445 0.0737
v  -15.9631 27.6445 11.9077
v  19.6458 27.8111 0.0737
v  18.2447 27.8111 0.0737
v  18.2447 27.8111 11.9077
v  19.6458 27.8111 11.9077
v  18.2447 27.6445 11.9077
v  18.2447 27.6445 0.0737
v  19.6458 27.6445 0.0737
v  19.6458 27.6445 11.9077
v  7.2949 22.3538 -0.3844
v  -5.0133 22.3538 -0.3844
v  7.2949 22.3538 12.3659
v  -5.0133 22.3538 12.3659
v  18.2006 33.7811 13.1065
v  18.2006 33.7811 -1.1251
v  18.4019 33.7811 -1.3264
v  18.4019 33.7811 13.3079
v  18.4019 33.9478 13.3079
v  -31.5350 12.0271 2.9790
v  -31.5350 12.0271 9.0024
v  -31.5350 12.1938 9.0024
v  -31.5350 12.1938 2.9790
v  -30.0699 12.0271 9.0024
v  -30.0699 12.0271 2.9790
v  -30.0699 12.1938 9.0024
v  -30.0699 12.1938 2.9790
v  -31.4161 12.0271 3.0979
v  -30.1888 12.0271 3.0979
v  -30.1888 -2.1009 3.0979
v  -31.4161 -2.1009 3.0979
v  -31.4161 12.0271 8.8835
v  -31.4161 -2.1009 8.8835
v  -30.1888 12.0271 8.8835
v  -30.1888 -2.1009 8.8835
v  19.8088 -1.8593 10.8473
v  21.5500 -1.8593 10.8473
v  21.5500 -1.8593 10.7447
v  19.8088 -1.8593 10.7447
v  21.5500 8.5723 10.8473
v  21.5500 8.5723 10.7447
v  30.5183 -1.8593 10.8473
v  30.5183 11.7855 10.8473
v  30.5183 11.7855 10.7447
v  30.5183 -1.8593 10.7447
v  30.7598 -2.1009 10.8473
v  30.7598 12.0271 10.8473
v  21.7916 -2.1009 10.8473
v  21.7916 8.3307 10.8473
v  19.5672 -2.1009 10.8473
v  19.8088 11.7855 10.8473
v  19.5672 12.0271 10.8473
v  28.9004 8.5723 10.8473
v  28.6588 8.3307 10.8473
v  28.9004 -1.8593 10.8473
v  28.6588 -2.1009 10.8473
v  28.9004 8.5723 10.7447
v  19.8088 11.7855 10.7447
v  28.9004 -1.8593 10.7447
v  28.6588 8.3307 1.1342
v  21.7916 8.3307 1.1342
v  19.5672 12.0271 1.1342
v  30.7598 12.0271 1.1342
v  30.7598 -2.1009 1.1342
v  28.6588 -2.1009 1.1342
v  21.7916 -2.1009 1.1342
v  19.5672 -2.1009 1.1342
v  19.4483 12.0271 1.0153
v  19.6899 12.0271 1.2569
v  19.6899 12.0271 10.7245
v  19.4483 12.0271 10.9661
v  30.8787 12.1938 10.9661
v  30.8787 12.0271 10.9661
v  30.8787 12.0271 1.0153
v  30.8787 12.1938 1.0153
v  30.6371 12.0271 1.2569
v  30.6371 12.0271 10.7245
v  19.4483 12.1938 10.9661
v  19.4483 12.1938 1.0153
v  19.4483 16.3367 1.7517
v  19.6899 16.3367 1.9933
v  19.6899 16.3367 9.9881
v  19.4483 16.3367 10.2297
v  32.5892 16.5033 10.2297
v  32.5892 16.3367 10.2297
v  32.5892 16.3367 1.7517
v  32.5892 16.5033 1.7517
v  32.3477 16.3367 1.9933
v  32.3477 16.3367 9.9881
v  19.4483 16.5033 10.2297
v  19.4483 16.5033 1.7517
v  19.5672 16.3367 10.1109
v  32.4704 16.3367 10.1109
v  32.4704 16.3367 1.8706
v  19.5672 16.3367 1.8706
v  32.4704 -2.1009 10.1109
v  32.4704 -2.1009 1.8706
v  19.5672 11.2396 10.1109
v  29.4234 11.2396 10.1109
v  29.4234 11.2396 1.8706
v  19.5672 11.2396 1.8706
v  29.4234 -2.1009 1.8706
v  29.4234 -2.1009 10.1109
v  33.8166 12.1938 9.0024
v  33.8166 12.0271 9.0024
v  33.8166 12.0271 2.9790
v  33.8166 12.1938 2.9790
v  32.3515 12.0271 9.0024
v  32.3515 12.0271 2.9790
v  32.3515 12.1938 9.0024
v  32.3515 12.1938 2.9790
v  32.4704 -2.1009 3.0979
v  32.4704 12.0271 3.0979
v  33.6977 12.0271 3.0979
v  33.6977 -2.1009 3.0979
v  33.6977 12.0271 8.8835
v  33.6977 -2.1009 8.8835
v  32.4704 12.0271 8.8835
v  32.4704 -2.1009 8.8835
v  -15.9190 33.7811 -1.1251
v  -15.9190 33.7811 13.1065
v  18.4019 33.9478 -1.3264
v  -15.3871 33.9478 -0.5932
v  -15.3871 33.9478 12.5746
v  -15.3871 31.7840 12.5746
v  -15.3871 31.7840 -0.5932
v  17.6687 33.9478 12.5746
v  17.6687 31.7840 12.5746
v  17.6687 33.9478 -0.5932
v  17.6687 31.7840 -0.5932
v  -7.0637 0.2023 5.9907
v  -7.0637 0.0384 5.9907
v  -7.0234 0.0384 5.9907
v  -6.9026 0.0384 5.9907
v  9.2370 -0.1135 6.1426
v  9.1842 -0.1135 6.1426
v  -6.8624 -1.4330 5.9907
v  -6.9026 -1.4330 5.9907
v  -6.8624 -2.1009 5.9907
v  -6.8624 -2.1009 14.6982
v  17.4828 -0.1135 -2.5246
v  17.4301 -0.1135 -2.5246
v  9.1842 -0.1135 5.8389
v  9.1842 -1.2811 5.8389
v  9.1842 -0.1135 14.5061
v  9.3361 -0.1135 -2.6765
v  17.3310 -0.1135 -2.6765
v  17.3310 -1.2811 -2.6765
v  9.3361 -1.2811 -2.6765
v  -15.2012 -1.2811 -2.5246
v  -15.2012 -1.2811 14.5061
v  -15.0494 -0.1135 14.6579
v  9.3361 -0.1135 14.6579
v  9.3361 -1.2811 14.6579
v  17.3310 -0.1135 14.6579
v  17.3310 -1.2811 14.6579
v  -15.0494 -0.1135 -2.6765
v  -7.0545 -0.1135 -2.6765
v  -7.0545 -1.2811 -2.6765
v  -15.0494 -1.2811 -2.6765
v  -6.9026 -1.2811 14.5061
v  -6.9026 -0.1135 -2.5246
v  -6.9026 -0.1135 5.8389
v  -6.9026 -1.2811 5.8389
v  -6.9026 -1.2811 -2.5246
v  9.2370 -1.2811 5.8389
v  9.2370 -0.1135 5.8389
v  9.2370 -0.1135 14.5061
v  9.3361 -1.2811 -2.6237
v  9.3361 -0.1135 -2.6237
v  17.3310 -0.1135 -2.6237
v  17.3310 -1.2811 -2.6237
v  -15.1485 -1.2811 14.5061
v  -15.1485 -1.2811 -2.5246
v  -15.0494 -1.2811 -2.6237
v  -15.0494 -0.1135 -2.6237
v  -7.0545 -0.1135 -2.6237
v  -7.0545 -1.2811 -2.6237
v  -6.9554 -1.2811 14.5061
v  -6.9554 -1.2811 -2.5246
v  -6.9554 -0.1135 -2.5246
v  -6.9554 -0.1135 5.8389
v  -6.9554 -1.2811 5.8389
v  17.3310 -1.2811 14.6052
v  17.3310 -0.1135 14.6052
v  9.3361 -0.1135 14.6052
v  9.3361 -1.2811 14.6052
v  -15.0494 -0.1135 14.6052
v  -18.2827 -2.1009 8.1003
v  -19.5100 -2.1009 8.1003
v  -19.5100 5.5838 8.1003
v  -18.2827 5.5838 8.1003
v  -19.5100 -2.1009 3.8811
v  -19.5100 5.5838 3.8811
v  20.5643 5.5838 3.8811
v  20.5643 5.5838 8.1003
v  20.5643 -2.0367 8.1003
v  20.5643 -2.0367 3.8811
v  -18.2827 5.5838 3.8811
v  -18.2827 -2.1009 3.8811
v  20.5643 -2.1009 3.8811
v  21.7916 -2.1009 3.8811
v  21.7916 5.5838 3.8811
v  21.7916 -2.1009 8.1003
v  21.7916 5.5838 8.1003
v  20.5643 -2.1009 8.1003
v  -5.0133 23.2129 -0.3844
v  7.2949 23.2129 -0.3844
v  7.2949 23.2129 12.3659
v  -5.0133 23.2129 12.3659
v  -18.2827 -2.0367 3.8811
v  -18.2827 -2.0367 8.1003
v  -0.1023 29.1310 14.9200
v  -0.9767 29.2122 14.9200
v  -0.4249 30.7509 14.9200
v  -0.7770 30.7279 14.9200
v  0.1042 29.4808 14.9200
v  1.2017 32.7021 14.9200
v  -0.4675 33.6624 14.9200
v  -0.3148 23.1390 9.5217
v  -0.3148 23.3596 9.5217
v  -0.0623 23.3596 9.6905
v  -0.0623 23.1390 9.6905
v  -0.6127 23.1390 11.0191
v  -0.6127 23.3596 11.0191
v  -0.9105 23.3596 10.9599
v  -0.9105 23.1390 10.9599
v  -0.9105 23.1390 9.5217
v  -0.9105 23.3596 9.5217
v  -0.6127 23.3596 9.4625
v  -0.6127 23.1390 9.4625
v  -0.3148 23.1390 10.9599
v  -0.3148 23.3596 10.9599
v  -1.1631 23.1390 9.6905
v  -1.1631 23.3596 9.6905
v  -0.0623 23.1390 10.7912
v  -0.0623 23.3596 10.7912
v  -1.3318 23.1390 9.9430
v  -1.3318 23.3596 9.9430
v  0.1064 23.1390 10.5387
v  0.1064 23.3596 10.5387
v  -1.3910 23.1390 10.2408
v  -1.3910 23.3596 10.2408
v  0.1656 23.1390 10.2408
v  0.1656 23.3596 10.2408
v  -1.3318 23.1390 10.5387
v  -1.3318 23.3596 10.5387
v  0.1064 23.1390 9.9430
v  0.1064 23.3596 9.9430
v  -1.1631 23.1390 10.7912
v  -1.1631 23.3596 10.7912
v  -0.6127 23.1390 10.2408
v  3.1921 23.1390 1.0216
v  3.1921 23.3596 1.0216
v  3.4447 23.3596 1.1903
v  3.4447 23.1390 1.1903
v  2.8943 23.1390 2.5190
v  2.8943 23.3596 2.5190
v  2.5964 23.3596 2.4597
v  2.5964 23.1390 2.4597
v  2.5964 23.1390 1.0216
v  2.5964 23.3596 1.0216
v  2.8943 23.3596 0.9623
v  2.8943 23.1390 0.9623
v  3.1921 23.1390 2.4597
v  3.1921 23.3596 2.4597
v  2.3439 23.1390 1.1903
v  2.3439 23.3596 1.1903
v  3.4447 23.1390 2.2910
v  3.4447 23.3596 2.2910
v  2.1752 23.1390 1.4428
v  2.1752 23.3596 1.4428
v  3.6134 23.1390 2.0385
v  3.6134 23.3596 2.0385
v  2.1160 23.1390 1.7406
v  2.1160 23.3596 1.7406
v  3.6726 23.1390 1.7406
v  3.6726 23.3596 1.7406
v  2.1752 23.1390 2.0385
v  2.1752 23.3596 2.0385
v  3.6134 23.1390 1.4428
v  3.6134 23.3596 1.4428
v  2.3439 23.1390 2.2910
v  2.3439 23.3596 2.2910
v  2.8943 23.1390 1.7406
v  -0.3148 23.1390 1.0216
v  -0.3148 23.3596 1.0216
v  -0.0623 23.3596 1.1903
v  -0.0623 23.1390 1.1903
v  -0.6127 23.1390 2.5190
v  -0.6127 23.3596 2.5190
v  -0.9105 23.3596 2.4597
v  -0.9105 23.1390 2.4597
v  -0.9105 23.1390 1.0216
v  -0.9105 23.3596 1.0216
v  -0.6127 23.3596 0.9623
v  -0.6127 23.1390 0.9623
v  -0.3148 23.1390 2.4597
v  -0.3148 23.3596 2.4597
v  -1.1631 23.1390 1.1903
v  -1.1631 23.3596 1.1903
v  -0.0623 23.1390 2.2910
v  -0.0623 23.3596 2.2910
v  -1.3318 23.1390 1.4428
v  -1.3318 23.3596 1.4428
v  0.1064 23.1390 2.0385
v  0.1064 23.3596 2.0385
v  -1.3910 23.1390 1.7406
v  -1.3910 23.3596 1.7406
v  0.1656 23.1390 1.7406
v  0.1656 23.3596 1.7406
v  -1.3318 23.1390 2.0385
v  -1.3318 23.3596 2.0385
v  0.1064 23.1390 1.4428
v  0.1064 23.3596 1.4428
v  -1.1631 23.1390 2.2910
v  -1.1631 23.3596 2.2910
v  -0.6127 23.1390 1.7406
v  5.5413 23.1390 7.0988
v  5.5413 23.3596 7.0988
v  5.7939 23.3596 7.2676
v  5.7939 23.1390 7.2676
v  5.2435 23.1390 8.5962
v  5.2435 23.3596 8.5962
v  4.9456 23.3596 8.5370
v  4.9456 23.1390 8.5370
v  4.9456 23.1390 7.0988
v  4.9456 23.3596 7.0988
v  5.2435 23.3596 7.0396
v  5.2435 23.1390 7.0396
v  5.5413 23.1390 8.5370
v  5.5413 23.3596 8.5370
v  4.6931 23.1390 7.2676
v  4.6931 23.3596 7.2676
v  5.7939 23.1390 8.3683
v  5.7939 23.3596 8.3683
v  4.5244 23.1390 7.5201
v  4.5244 23.3596 7.5201
v  5.9626 23.1390 8.1158
v  5.9626 23.3596 8.1158
v  4.4652 23.1390 7.8179
v  4.4652 23.3596 7.8179
v  6.0218 23.1390 7.8179
v  6.0218 23.3596 7.8179
v  4.5244 23.1390 8.1158
v  4.5244 23.3596 8.1158
v  5.9626 23.1390 7.5201
v  5.9626 23.3596 7.5201
v  4.6931 23.1390 8.3683
v  4.6931 23.3596 8.3683
v  5.2435 23.1390 7.8179
v  5.5413 23.1390 3.4444
v  5.5413 23.3596 3.4444
v  5.7939 23.3596 3.6132
v  5.7939 23.1390 3.6132
v  5.2435 23.1390 4.9419
v  5.2435 23.3596 4.9419
v  4.9456 23.3596 4.8826
v  4.9456 23.1390 4.8826
v  4.9456 23.1390 3.4444
v  4.9456 23.3596 3.4444
v  5.2435 23.3596 3.3852
v  5.2435 23.1390 3.3852
v  5.5413 23.1390 4.8826
v  5.5413 23.3596 4.8826
v  4.6931 23.1390 3.6132
v  4.6931 23.3596 3.6132
v  5.7939 23.1390 4.7139
v  5.7939 23.3596 4.7139
v  4.5244 23.1390 3.8657
v  4.5244 23.3596 3.8657
v  5.9626 23.1390 4.4614
v  5.9626 23.3596 4.4614
v  4.4652 23.1390 4.1635
v  4.4652 23.3596 4.1635
v  6.0218 23.1390 4.1635
v  6.0218 23.3596 4.1635
v  4.5244 23.1390 4.4614
v  4.5244 23.3596 4.4614
v  5.9626 23.1390 3.8657
v  5.9626 23.3596 3.8657
v  4.6931 23.1390 4.7139
v  4.6931 23.3596 4.7139
v  5.2435 23.1390 4.1635
v  -2.6640 23.1390 3.4444
v  -2.6640 23.3596 3.4444
v  -2.4116 23.3596 3.6132
v  -2.4116 23.1390 3.6132
v  -2.9619 23.1390 4.9419
v  -2.9619 23.3596 4.9419
v  -3.2597 23.3596 4.8826
v  -3.2597 23.1390 4.8826
v  -3.2597 23.1390 3.4444
v  -3.2597 23.3596 3.4444
v  -2.9619 23.3596 3.3852
v  -2.9619 23.1390 3.3852
v  -2.6640 23.1390 4.8826
v  -2.6640 23.3596 4.8826
v  -3.5123 23.1390 3.6132
v  -3.5123 23.3596 3.6132
v  -2.4116 23.1390 4.7139
v  -2.4116 23.3596 4.7139
v  -3.6810 23.1390 3.8657
v  -3.6810 23.3596 3.8657
v  -2.2428 23.1390 4.4614
v  -2.2428 23.3596 4.4614
v  -3.7402 23.1390 4.1635
v  -3.7402 23.3596 4.1635
v  -2.1836 23.1390 4.1635
v  -2.1836 23.3596 4.1635
v  -3.6810 23.1390 4.4614
v  -3.6810 23.3596 4.4614
v  -2.2428 23.1390 3.8657
v  -2.2428 23.3596 3.8657
v  -3.5123 23.1390 4.7139
v  -3.5123 23.3596 4.7139
v  -2.9619 23.1390 4.1635
v  -2.6640 23.1390 7.0988
v  -2.6640 23.3596 7.0988
v  -2.4116 23.3596 7.2676
v  -2.4116 23.1390 7.2676
v  -2.9619 23.1390 8.5962
v  -2.9619 23.3596 8.5962
v  -3.2597 23.3596 8.5370
v  -3.2597 23.1390 8.5370
v  -3.2597 23.1390 7.0988
v  -3.2597 23.3596 7.0988
v  -2.9619 23.3596 7.0396
v  -2.9619 23.1390 7.0396
v  -2.6640 23.1390 8.5370
v  -2.6640 23.3596 8.5370
v  -3.5123 23.1390 7.2676
v  -3.5123 23.3596 7.2676
v  -2.4116 23.1390 8.3683
v  -2.4116 23.3596 8.3683
v  -3.6810 23.1390 7.5201
v  -3.6810 23.3596 7.5201
v  -2.2428 23.1390 8.1158
v  -2.2428 23.3596 8.1158
v  -3.7402 23.1390 7.8179
v  -3.7402 23.3596 7.8179
v  -2.1836 23.1390 7.8179
v  -2.1836 23.3596 7.8179
v  -3.6810 23.1390 8.1158
v  -3.6810 23.3596 8.1158
v  -2.2428 23.1390 7.5201
v  -2.2428 23.3596 7.5201
v  -3.5123 23.1390 8.3683
v  -3.5123 23.3596 8.3683
v  -2.9619 23.1390 7.8179
v  -22.6425 8.2307 5.2594
v  -22.6425 8.4514 5.2594
v  -22.3900 8.4514 5.4282
v  -22.3900 8.2307 5.4282
v  -22.9404 8.2307 6.7569
v  -22.9404 8.4514 6.7569
v  -23.2382 8.4514 6.6976
v  -23.2382 8.2307 6.6976
v  -23.2382 8.2307 5.2594
v  -23.2382 8.4514 5.2594
v  -22.9404 8.4514 5.2002
v  -22.9404 8.2307 5.2002
v  -22.6425 8.2307 6.6976
v  -22.6425 8.4514 6.6976
v  -23.4907 8.2307 5.4282
v  -23.4907 8.4514 5.4282
v  -22.3900 8.2307 6.5289
v  -22.3900 8.4514 6.5289
v  -23.6595 8.2307 5.6807
v  -23.6595 8.4514 5.6807
v  -22.2213 8.2307 6.2764
v  -22.2213 8.4514 6.2764
v  -23.7187 8.2307 5.9785
v  -23.7187 8.4514 5.9785
v  -22.1621 8.2307 5.9785
v  -22.1621 8.4514 5.9785
v  -23.6595 8.2307 6.2764
v  -23.6595 8.4514 6.2764
v  -22.2213 8.2307 5.6807
v  -22.2213 8.4514 5.6807
v  -23.4907 8.2307 6.5289
v  -23.4907 8.4514 6.5289
v  -22.9404 8.2307 5.9785
v  25.5234 8.2307 5.2594
v  25.5234 8.4514 5.2594
v  25.7759 8.4514 5.4282
v  25.7759 8.2307 5.4282
v  25.2255 8.2307 6.7569
v  25.2255 8.4514 6.7569
v  24.9277 8.4514 6.6976
v  24.9277 8.2307 6.6976
v  24.9277 8.2307 5.2594
v  24.9277 8.4514 5.2594
v  25.2255 8.4514 5.2002
v  25.2255 8.2307 5.2002
v  25.5234 8.2307 6.6976
v  25.5234 8.4514 6.6976
v  24.6752 8.2307 5.4282
v  24.6752 8.4514 5.4282
v  25.7759 8.2307 6.5289
v  25.7759 8.4514 6.5289
v  24.5064 8.2307 5.6807
v  24.5064 8.4514 5.6807
v  25.9446 8.2307 6.2764
v  25.9446 8.4514 6.2764
v  24.4472 8.2307 5.9785
v  24.4472 8.4514 5.9785
v  26.0038 8.2307 5.9785
v  26.0038 8.4514 5.9785
v  24.5064 8.2307 6.2764
v  24.5064 8.4514 6.2764
v  25.9446 8.2307 5.6807
v  25.9446 8.4514 5.6807
v  24.6752 8.2307 6.5289
v  24.6752 8.4514 6.5289
v  25.2255 8.2307 5.9785
# 4944 vertices

vn 1.0000 0.0000 -0.0000
vn 0.0000 -0.0000 1.0000
vn -0.6893 0.7245 0.0000
vn -0.0000 -0.0000 1.0000
vn -0.6893 0.7244 0.0000
vn -0.6893 -0.7245 -0.0000
vn -0.6894 -0.7244 -0.0000
vn 0.8662 -0.0000 0.4997
vn -0.8658 -0.0000 0.5003
vn -0.8658 -0.0000 0.5004
vn 0.8658 0.0000 -0.5003
vn 0.0004 -0.0000 1.0000
vn -0.8662 0.0000 -0.4997
vn -0.0004 0.0000 -1.0000
vn 0.0000 -1.0000 0.0000
vn 0.0000 -1.0000 -0.0000
vn -0.0003 0.0000 -1.0000
vn 0.8662 -0.0000 0.4996
vn 0.8658 0.0000 -0.5004
vn -0.8663 0.0000 -0.4996
vn 0.8663 -0.0000 0.4996
vn -0.8662 0.0000 -0.4996
vn -0.8662 -0.0000 0.4997
vn 0.8658 -0.0000 0.5003
vn -0.8659 0.0000 -0.5003
vn -0.0004 -0.0000 1.0000
vn 0.8662 0.0000 -0.4997
vn 0.0006 0.0000 -1.0000
vn 0.0000 1.0000 0.0000
vn 0.0000 1.0000 -0.0000
vn 0.0003 0.0000 -1.0000
vn -0.8662 -0.0000 0.4996
vn 0.8658 -0.0000 0.5004
vn -0.8658 0.0000 -0.5004
vn -0.0005 -0.0000 1.0000
vn 0.0004 0.0000 -1.0000
vn -0.8658 0.0000 -0.5003
vn 0.8663 0.0000 -0.4996
vn -1.0000 0.0001 0.0000
vn -0.4998 0.0001 -0.8661
vn -0.5003 0.0001 -0.8658
vn -0.8661 0.0001 0.4998
vn -0.8660 0.0001 0.5001
vn -0.8662 -0.0004 0.4996
vn -0.8663 0.0005 0.4995
vn -0.8660 -0.0001 0.5000
vn -0.8658 0.0003 0.5003
vn -0.8658 -0.0007 0.5004
vn -0.0001 0.0001 1.0000
vn 0.0001 0.0001 1.0000
vn -0.0004 -0.0004 1.0000
vn -0.0005 0.0005 1.0000
vn 0.0001 -0.0001 1.0000
vn -0.0001 -0.0001 1.0000
vn 0.0004 0.0004 1.0000
vn 0.0005 -0.0005 1.0000
vn 0.8660 0.0001 0.5000
vn 0.8661 0.0001 0.4999
vn 0.8658 -0.0005 0.5004
vn 0.8658 0.0002 0.5005
vn 0.8659 -0.0001 0.5002
vn 0.8662 0.0005 0.4997
vn 0.8663 -0.0004 0.4996
vn 0.8659 0.0001 -0.5002
vn 0.8662 -0.0005 -0.4997
vn 0.8663 0.0003 -0.4996
vn 0.8661 -0.0001 -0.4999
vn 0.8660 -0.0001 -0.5001
vn 0.8658 0.0003 -0.5004
vn 0.8658 -0.0002 -0.5004
vn 0.0001 0.0001 -1.0000
vn -0.0001 0.0001 -1.0000
vn 0.0004 -0.0004 -1.0000
vn 0.0005 0.0005 -1.0000
vn -0.0001 -0.0001 -1.0000
vn 0.0001 -0.0001 -1.0000
vn -0.0004 0.0004 -1.0000
vn -0.0005 -0.0005 -1.0000
vn -0.8661 0.0001 -0.4999
vn -0.8659 0.0001 -0.5002
vn -0.8658 -0.0001 -0.5003
vn -0.8658 0.0007 -0.5004
vn -0.8661 -0.0001 -0.4998
vn -0.8660 -0.0001 -0.5001
vn -0.8662 0.0004 -0.4996
vn -0.8663 -0.0004 -0.4995
vn -0.8657 0.0001 0.5005
vn -0.8663 -0.0001 0.4995
vn 0.0005 0.0001 1.0000
vn -0.0005 -0.0001 1.0000
vn 0.8663 0.0001 0.4996
vn 0.8658 -0.0001 0.5004
vn 0.8658 0.0001 -0.5005
vn 0.8663 -0.0001 -0.4996
vn -0.0005 0.0001 -1.0000
vn 0.0005 -0.0001 -1.0000
vn -0.8663 0.0001 -0.4995
vn -0.8657 -0.0001 -0.5005
vn -0.5001 0.0001 0.8660
vn -0.4998 0.0001 0.8662
vn -0.5004 -0.0001 -0.8658
vn -0.4990 -0.0001 -0.8666
vn -1.0000 -0.0001 -0.0000
vn -0.5001 -0.0001 0.8660
vn -0.5002 -0.0001 0.8659
vn 0.5001 -0.0001 0.8660
vn 0.5003 -0.0001 0.8659
vn 1.0000 -0.0001 -0.0000
vn 0.4997 -0.0001 -0.8662
vn 0.5002 -0.0001 -0.8659
vn 0.5000 0.0001 0.8660
vn 0.5001 0.0001 0.8660
vn 1.0000 0.0001 0.0000
vn 0.5003 0.0001 -0.8658
vn 0.4995 0.0001 -0.8663
vn 1.0000 -0.0000 0.0014
vn -1.0000 0.0000 -0.0013
vn 1.0000 0.0000 -0.0013
vn -1.0000 -0.0000 0.0014
vn 0.0005 -0.0001 1.0000
vn -0.0005 0.0001 1.0000
vn -0.8658 -0.0000 0.5005
vn -0.8663 -0.0000 0.4996
vn -0.4997 0.0001 -0.8662
vn -0.5002 0.0001 -0.8659
vn -0.8662 -0.0004 0.4997
vn -0.8663 0.0008 0.4995
vn -0.8658 -0.0001 0.5003
vn -0.8658 0.0009 0.5003
vn -0.8657 -0.0007 0.5005
vn 0.8659 0.0001 0.5003
vn 0.8660 -0.0001 0.5001
vn 0.8663 -0.0008 0.4995
vn 0.8660 0.0001 -0.5001
vn 0.8663 0.0007 -0.4995
vn 0.8659 -0.0001 -0.5002
vn 0.8658 0.0002 -0.5004
vn -0.8662 0.0001 -0.4997
vn -0.8658 -0.0006 -0.5003
vn -0.8657 0.0007 -0.5005
vn -0.8662 0.0004 -0.4997
vn -0.8663 -0.0008 -0.4995
vn -0.8658 0.0001 0.5004
vn 0.8658 0.0001 -0.5004
vn -0.8658 -0.0001 -0.5004
vn -0.5004 0.0001 0.8658
vn -0.5003 -0.0001 -0.8658
vn -0.4996 -0.0001 -0.8663
vn -0.5000 -0.0001 0.8660
vn 0.4997 -0.0001 0.8662
vn 0.4993 -0.0001 -0.8664
vn 0.4997 0.0001 0.8662
vn 0.5000 0.0001 -0.8660
vn 0.8663 -0.0000 0.4995
vn 0.0005 -0.0000 1.0000
vn 0.0003 -0.0000 1.0000
vn -0.0005 0.0000 -1.0000
vn 0.8662 0.0000 -0.4996
vn -0.8658 0.0000 -0.5005
vn 0.8659 -0.0000 0.5002
vn -0.0003 -0.0000 1.0000
vn 0.0005 0.0000 -1.0000
vn 0.8659 -0.0000 0.5003
vn 0.5004 0.0001 0.8658
vn 0.8659 0.0001 -0.5001
vn 0.8662 -0.0004 -0.4997
vn 0.8663 0.0008 -0.4995
vn 0.8658 0.0004 -0.5004
vn 0.8658 -0.0003 -0.5005
vn 0.0000 0.0001 -1.0000
vn -0.0000 -0.0001 -1.0000
vn -0.8659 0.0001 -0.5003
vn -0.8658 -0.0008 -0.5003
vn -0.8657 0.0008 -0.5005
vn -0.8662 0.0001 0.4997
vn -0.8663 0.0007 0.4995
vn -0.8659 -0.0001 0.5002
vn -0.8657 -0.0009 0.5005
vn -0.0005 -0.0005 1.0000
vn -0.0006 0.0006 1.0000
vn 0.0005 0.0005 1.0000
vn 0.0006 -0.0006 1.0000
vn 0.8659 0.0001 0.5002
vn 0.8658 -0.0004 0.5003
vn 0.8658 0.0005 0.5004
vn 0.8660 -0.0001 0.5000
vn 0.8659 -0.0001 0.5001
vn 0.8662 0.0004 0.4997
vn 0.8663 -0.0007 0.4995
vn 0.0006 0.0001 1.0000
vn -0.0006 -0.0001 1.0000
vn 0.4996 0.0001 -0.8662
vn 0.5002 0.0001 -0.8659
vn 0.5000 -0.0001 0.8660
vn 0.5002 -0.0001 0.8659
vn 0.5000 -0.0001 -0.8660
vn -0.5000 -0.0001 -0.8660
vn -0.5003 -0.0001 -0.8659
vn -0.5004 -0.0001 0.8658
vn -0.5004 0.0001 -0.8658
vn -0.5000 0.0001 -0.8660
vn -0.5003 0.0001 0.8658
vn -1.0000 0.0000 -0.0014
vn 1.0000 -0.0000 0.0013
vn -1.0000 -0.0000 0.0013
vn 1.0000 0.0000 -0.0014
vn -0.0006 -0.0001 -1.0000
vn 0.0006 0.0001 -1.0000
vn -0.8659 -0.0000 0.5002
vn 0.8659 0.0000 -0.5003
vn 0.8662 0.0000 -0.4998
vn 0.8663 0.0004 -0.4996
vn -0.8661 0.0001 -0.5000
vn -0.8660 0.0001 -0.5001
vn -0.8658 -0.0002 -0.5003
vn -0.8662 -0.0001 -0.4998
vn -0.8662 -0.0001 -0.4997
vn -0.8662 0.0001 -0.4996
vn -0.8663 -0.0004 -0.4996
vn -0.8662 0.0001 0.4996
vn -0.8662 0.0001 0.4998
vn -0.8662 -0.0001 0.4996
vn -0.8663 0.0003 0.4996
vn -0.8661 -0.0001 0.4999
vn -0.8658 -0.0009 0.5004
vn 0.8658 -0.0002 0.5004
vn 0.8658 0.0002 0.5004
vn 0.8663 -0.0003 0.4996
vn 0.8663 -0.0001 -0.4995
vn 0.0006 -0.0001 -1.0000
vn -0.8658 -0.0001 -0.5005
vn 0.8663 0.0001 0.4995
vn 0.8657 -0.0001 0.5005
vn 0.4998 0.0001 -0.8661
vn 0.5003 -0.0001 0.8658
vn 0.4992 -0.0001 0.8665
vn 0.5004 -0.0001 -0.8658
vn -0.4997 -0.0001 -0.8662
vn -0.4996 -0.0001 0.8662
vn -0.4999 -0.0001 0.8661
vn -0.5005 0.0001 -0.8658
vn -0.4996 0.0001 -0.8662
vn -0.4990 0.0001 0.8666
vn -0.0005 -0.0001 -1.0000
vn 0.0005 0.0001 -1.0000
vn 0.6893 -0.7245 -0.0000
vn 0.6892 0.7245 0.0000
vn -1.0000 0.0000 -0.0000
vn 0.6894 -0.7244 -0.0000
vn 0.6893 0.7245 0.0000
vn 0.0000 0.0000 -1.0000
vn -0.0000 0.0000 -1.0000
vn -0.6893 -0.7244 -0.0000
vn -0.6894 0.7244 0.0000
vn 0.5006 0.0000 -0.8657
vn 0.4998 0.0000 -0.8661
vn 0.4997 0.0000 -0.8662
vn -0.3445 0.7245 0.5970
vn -0.3450 0.7245 0.5967
vn 0.5001 0.0000 -0.8660
vn 0.5001 0.0000 -0.8659
vn 0.8660 -0.0000 0.5000
vn -0.3448 0.7244 0.5969
vn -0.3448 0.7245 0.5969
vn -0.3447 0.7245 0.5969
vn -0.3452 -0.7245 0.5965
vn -0.3443 -0.7245 0.5971
vn -0.3454 -0.7245 0.5965
vn -0.3445 -0.7244 0.5971
vn -0.3453 -0.7246 0.5965
vn -0.3445 -0.7245 0.5970
vn 0.3445 -0.7245 -0.5970
vn 0.3450 -0.7245 -0.5967
vn 0.3453 0.7245 -0.5965
vn 0.3444 0.7246 -0.5970
vn -0.5010 -0.0000 0.8654
vn 0.3448 -0.7244 -0.5970
vn 0.3447 -0.7245 -0.5969
vn 0.3448 -0.7245 -0.5969
vn -0.5009 -0.0000 0.8655
vn 0.3448 0.7245 -0.5969
vn 0.3451 0.7245 -0.5967
vn -0.5002 -0.0000 0.8659
vn 0.3454 0.7245 -0.5965
vn 0.3445 0.7245 -0.5970
vn -0.5011 -0.0000 0.8654
vn -0.4991 -0.0000 0.8665
vn -0.4991 -0.0000 0.8666
vn -0.4993 -0.0000 0.8664
vn 0.3442 0.7245 -0.5972
vn 0.3443 0.7245 -0.5972
vn -0.4990 -0.0000 0.8666
vn -0.8661 -0.0002 -0.4999
vn -0.8660 0.0000 -0.5000
vn 0.3440 0.7245 -0.5973
vn 0.3443 0.7244 -0.5972
vn 0.3445 0.7245 -0.5971
vn -0.8660 0.0000 -0.5001
vn 0.3449 -0.7245 -0.5968
vn 0.3451 -0.7244 -0.5967
vn 0.3450 -0.7244 -0.5968
vn 0.3451 -0.7245 -0.5966
vn -0.3442 -0.7244 0.5973
vn -0.3451 0.7245 0.5966
vn -0.3449 0.7246 0.5967
vn 0.5007 0.0000 -0.8656
vn -0.3441 -0.7244 0.5974
vn -0.3440 -0.7244 0.5974
vn 0.5003 -0.0003 -0.8658
vn 0.4993 0.0000 -0.8664
vn -0.3449 0.7244 0.5969
vn 0.4988 0.0000 -0.8667
vn -0.3451 0.7245 0.5967
vn -0.3449 0.7245 0.5968
vn -0.4995 0.0000 -0.8663
vn 0.8659 0.0000 -0.5002
vn -0.4998 0.0000 -0.8661
vn 0.3445 0.7245 0.5970
vn 0.3451 0.7246 0.5966
vn -0.4992 0.0000 -0.8665
vn 0.8661 0.0000 -0.4999
vn 0.3443 0.7245 0.5971
vn 0.3450 0.7245 0.5968
vn 0.3441 0.7245 0.5973
vn 0.3449 0.7245 0.5968
vn 0.8660 0.0000 -0.5000
vn 0.3440 -0.7245 0.5973
vn 0.3440 -0.7244 0.5974
vn 0.3441 -0.7244 0.5974
vn 0.3442 -0.7244 0.5973
vn 0.3441 -0.7245 0.5973
vn 0.3442 -0.7245 0.5972
vn -0.3445 -0.7245 -0.5970
vn -0.3451 -0.7245 -0.5967
vn -0.3441 0.7245 -0.5973
vn -0.3442 0.7245 -0.5972
vn 0.4992 -0.0000 0.8665
vn -0.3441 -0.7244 -0.5973
vn -0.3449 -0.7244 -0.5969
vn -0.3441 -0.7245 -0.5972
vn -0.3449 -0.7245 -0.5968
vn 0.4991 -0.0000 0.8666
vn 0.4991 -0.0000 0.8665
vn -0.3444 0.7244 -0.5972
vn -0.3448 0.7245 -0.5969
vn 0.4996 -0.0000 0.8663
vn 0.4995 -0.0000 0.8663
vn 0.4999 -0.0000 0.8661
vn -0.8661 -0.0000 0.4999
vn 0.4997 -0.0000 0.8662
vn -0.3444 0.7245 -0.5970
vn -0.3445 0.7245 -0.5970
vn 0.5002 -0.0000 0.8659
vn -0.8661 -0.0000 0.5000
vn -0.8660 -0.0000 0.5000
vn -0.8660 -0.0000 0.5001
vn -0.3444 0.7245 -0.5971
vn -0.3447 0.7245 -0.5968
vn -0.3443 0.7245 -0.5971
vn -0.3447 -0.7245 -0.5969
vn -0.3452 -0.7245 -0.5967
vn -0.3453 -0.7244 -0.5966
vn -0.3453 -0.7245 -0.5966
vn 0.3444 -0.7245 0.5971
vn 0.3445 -0.7245 0.5970
vn 0.3452 0.7246 0.5965
vn -0.5003 0.0000 -0.8658
vn 0.3448 -0.7244 0.5969
vn 0.3443 -0.7244 0.5972
vn 0.3448 -0.7245 0.5969
vn 0.3443 -0.7245 0.5971
vn -0.5001 0.0000 -0.8660
vn 0.3448 0.7244 0.5969
vn 0.3454 0.7245 0.5965
vn -0.5002 0.0000 -0.8659
vn 0.3453 0.7245 0.5965
vn -0.5004 0.0000 -0.8658
vn -0.6892 0.7245 0.0000
vn 0.6893 -0.7244 -0.0000
vn -0.6892 0.7246 0.0000
vn 0.8661 -0.0000 0.4999
vn 0.5004 0.0000 -0.8658
vn -0.3449 0.7245 0.5967
vn -0.3450 0.7246 0.5966
vn 0.8661 -0.0000 0.4998
vn 0.5008 0.0000 -0.8656
vn 0.5009 0.0000 -0.8655
vn 0.5008 0.0000 -0.8655
vn 0.8660 -0.0000 0.5001
vn -0.3451 0.7244 0.5967
vn -0.3453 0.7244 0.5966
vn -0.3446 0.7246 0.5969
vn -0.3447 -0.7245 0.5968
vn -0.3444 -0.7244 0.5971
vn -0.3449 -0.7244 0.5968
vn -0.3446 -0.7244 0.5971
vn -0.3449 -0.7245 0.5968
vn -0.3446 -0.7245 0.5970
vn 0.3449 -0.7245 -0.5967
vn 0.3449 0.7245 -0.5968
vn 0.3445 0.7245 -0.5969
vn -0.5004 -0.0000 0.8658
vn 0.3452 -0.7245 -0.5966
vn 0.3452 -0.7246 -0.5965
vn 0.3448 0.7244 -0.5969
vn 0.3447 0.7245 -0.5969
vn -0.5001 -0.0000 0.8660
vn 0.3446 0.7245 -0.5970
vn -0.5003 -0.0000 0.8658
vn -0.4992 -0.0000 0.8665
vn -0.4995 -0.0000 0.8663
vn 0.3443 0.7245 -0.5971
vn 0.3448 0.7245 -0.5968
vn 0.3441 0.7244 -0.5973
vn 0.3444 0.7245 -0.5971
vn 0.3451 -0.7244 -0.5968
vn 0.3454 -0.7244 -0.5966
vn 0.3453 -0.7245 -0.5965
vn -0.3448 -0.7245 0.5968
vn -0.3453 0.7245 0.5965
vn -0.3445 -0.7244 0.5972
vn -0.3440 -0.7245 0.5973
vn -0.3444 -0.7245 0.5971
vn 0.5003 -0.0003 -0.8659
vn 0.4992 0.0000 -0.8665
vn -0.3444 0.7245 0.5971
vn 0.4997 0.0001 -0.8662
vn 0.4987 0.0000 -0.8668
vn -0.4996 0.0000 -0.8663
vn -0.4996 0.0000 -0.8662
vn 0.8661 0.0000 -0.4998
vn -0.4997 0.0000 -0.8662
vn 0.3444 0.7245 0.5970
vn 0.3451 0.7245 0.5966
vn -0.4993 0.0000 -0.8665
vn 0.3444 0.7245 0.5971
vn 0.3451 0.7245 0.5967
vn 0.3441 0.7245 0.5972
vn 0.8660 0.0000 -0.5001
vn 0.3445 -0.7245 0.5971
vn 0.3446 -0.7244 0.5971
vn -0.3452 -0.7245 -0.5966
vn -0.3445 0.7245 -0.5969
vn -0.3441 0.7245 -0.5972
vn -0.3442 -0.7244 -0.5973
vn -0.3449 -0.7244 -0.5968
vn 0.4998 -0.0000 0.8661
vn 0.5001 -0.0000 0.8660
vn 0.5005 -0.0000 0.8657
vn 0.5005 -0.0000 0.8658
vn -0.3448 0.7245 -0.5968
vn 0.5001 -0.0000 0.8659
vn -0.3450 0.7245 -0.5967
vn -0.3447 0.7245 -0.5969
vn -0.3450 -0.7244 -0.5968
vn -0.3450 -0.7245 -0.5967
vn 0.3444 -0.7246 0.5970
vn 0.3449 -0.7245 0.5968
vn 0.3450 0.7245 0.5967
vn 0.3448 0.7245 0.5968
vn 0.3447 -0.7244 0.5970
vn 0.3447 -0.7245 0.5969
vn 0.3448 0.7245 0.5969
vn -0.5003 0.0000 -0.8659
vn -0.5005 0.0000 -0.8657
vn -0.3443 0.7245 0.5971
vn -0.3438 0.7245 0.5974
vn -0.3446 -0.7244 0.5970
vn -0.3448 -0.7244 0.5969
vn -0.3450 -0.7244 0.5968
vn 0.3446 -0.7244 -0.5971
vn 0.3443 -0.7244 -0.5972
vn -0.4997 -0.0000 0.8662
vn 0.3439 -0.7244 -0.5975
vn -0.4999 -0.0000 0.8661
vn -0.8661 0.0000 -0.4999
vn -0.4996 -0.0000 0.8663
vn 0.3443 0.7246 -0.5971
vn 0.3453 0.7245 -0.5966
vn -0.5000 -0.0000 0.8660
vn 0.3452 0.7244 -0.5967
vn 0.3453 0.7244 -0.5966
vn 0.3442 -0.7244 -0.5973
vn -0.3444 -0.7244 0.5972
vn -0.3453 -0.7244 0.5966
vn -0.3441 0.7246 0.5972
vn 0.4995 0.0000 -0.8663
vn -0.3448 -0.7244 0.5970
vn -0.3454 -0.7244 0.5966
vn 0.5005 0.0000 -0.8658
vn -0.3446 0.7245 0.5970
vn -0.3442 0.7245 0.5972
vn 0.4999 0.0000 -0.8661
vn -0.4991 0.0000 -0.8665
vn -0.4998 0.0000 -0.8662
vn 0.3442 0.7244 0.5973
vn 0.3439 0.7245 0.5974
vn 0.3448 -0.7244 0.5970
vn 0.3449 -0.7244 0.5969
vn 0.3438 -0.7244 0.5975
vn 0.3452 -0.7244 0.5968
vn -0.3445 -0.7244 -0.5971
vn -0.3438 0.7245 -0.5974
vn -0.3451 0.7246 -0.5966
vn 0.4988 -0.0000 0.8667
vn -0.3439 -0.7245 -0.5974
vn -0.3449 0.7245 -0.5968
vn -0.3438 0.7244 -0.5975
vn -0.3451 0.7245 -0.5966
vn 0.4993 -0.0000 0.8664
vn -0.3450 0.7246 -0.5966
vn -0.3439 0.7244 -0.5975
vn -0.3451 0.7245 -0.5967
vn -0.3438 -0.7245 -0.5974
vn -0.3452 -0.7244 -0.5967
vn -0.3444 -0.7244 -0.5972
vn -0.3443 -0.7244 -0.5972
vn 0.3451 -0.7244 0.5968
vn 0.3441 -0.7244 0.5973
vn 0.3447 -0.7244 0.5969
vn -0.4988 0.0000 -0.8667
vn 0.3447 0.7245 0.5970
vn 0.3444 0.7244 0.5971
vn -0.3443 0.7246 0.5971
vn 0.4996 0.0000 -0.8663
vn -0.3441 -0.7244 0.5973
vn -0.3449 -0.7244 0.5969
vn 0.3449 -0.7244 -0.5968
vn 0.3450 0.7245 -0.5967
vn 0.3444 -0.7245 -0.5971
vn 0.3447 -0.7244 -0.5970
vn 0.3444 0.7245 -0.5970
vn -0.5003 -0.0000 0.8659
vn 0.3439 0.7245 -0.5974
vn 0.3450 0.7245 -0.5968
vn -0.4998 -0.0000 0.8662
vn -0.4998 -0.0000 0.8661
vn 0.3458 0.7245 -0.5962
vn -0.5001 -0.0000 0.8659
vn 0.3452 0.7245 -0.5966
vn 0.3443 -0.7244 -0.5973
vn 0.3446 -0.7244 -0.5970
vn -0.3458 -0.7245 0.5963
vn -0.3446 0.7245 0.5969
vn 0.4994 0.0000 -0.8664
vn -0.5005 0.0000 -0.8658
vn 0.3441 0.7244 0.5973
vn 0.3443 0.7244 0.5972
vn 0.3449 0.7246 0.5967
vn 0.3440 0.7244 0.5974
vn 0.3453 -0.7244 0.5967
vn 0.3449 -0.7245 0.5969
vn 0.3443 -0.7245 0.5972
vn 0.4994 -0.0000 0.8664
vn -0.3450 -0.7244 -0.5969
vn 0.5008 -0.0000 0.8655
vn -0.3445 0.7244 -0.5971
vn -0.3454 0.7246 -0.5964
vn -0.3443 0.7245 -0.5972
vn -0.3447 -0.7244 -0.5970
vn -0.3444 -0.7245 -0.5971
vn -0.3448 -0.7244 -0.5970
vn -0.3448 -0.7244 -0.5969
vn 0.3455 -0.7243 0.5966
vn 0.3447 0.7246 0.5968
vn 0.3452 -0.7244 0.5967
vn -0.4989 0.0000 -0.8667
vn 0.3447 0.7245 0.5969
vn -0.5001 0.0000 -0.8659
vn 0.3827 0.0000 -0.9239
vn 0.7071 0.0000 -0.7071
vn -0.1950 -0.0000 0.9808
vn -0.3826 -0.0000 0.9239
vn -0.3827 0.0000 -0.9239
vn 0.3826 -0.0000 0.9239
vn 0.1950 -0.0000 0.9808
vn -0.7071 0.0000 -0.7071
vn 0.7071 -0.0000 0.7071
vn -0.9239 0.0000 -0.3827
vn 0.9239 -0.0000 0.3827
vn -0.9239 -0.0000 0.3827
vn 0.9239 0.0000 -0.3827
vn -0.7071 -0.0000 0.7071
vn 0.0002 -0.0000 1.0000
vn 0.0001 -0.0000 1.0000
vn -0.0001 -0.0000 1.0000
vn -0.0002 -0.0000 1.0000
vn 0.0313 -0.9995 -0.0000
vn -0.9566 -0.2915 -0.0000
vn 0.3443 -0.9389 -0.0000
vn 0.9894 -0.1451 -0.0000
vn 0.4338 0.9010 0.0000
vn 0.7610 -0.6488 -0.0000
vn -0.5836 0.8120 0.0000
vn -0.9692 -0.2464 -0.0000
vn 0.5809 -0.8140 -0.0000
vn -0.1483 0.9889 0.0000
vn 0.0416 -0.9991 -0.0000
vn -0.9699 -0.2437 -0.0000
vn 0.9321 0.3622 0.0000
vn -0.3902 0.9207 0.0000
vn 0.2967 0.9550 0.0000
vn 0.9640 -0.2658 -0.0000
vn -0.1777 -0.9841 -0.0000
vn 0.6082 0.7938 0.0000
vn -0.1225 0.9925 0.0000
vn 0.9976 0.0699 0.0000
vn -0.2174 0.9761 0.0000
vn -0.2173 0.9761 0.0000
vn 0.1288 0.9917 0.0000
vn -0.8321 -0.5547 -0.0000
vn 0.2120 0.9773 0.0000
vn -0.0697 0.9976 0.0000
vn 0.8253 0.5647 0.0000
vn -0.9731 0.2305 0.0000
vn 0.0327 -0.9995 -0.0000
vn -0.9878 -0.1555 -0.0000
vn 0.5834 0.8122 0.0000
vn -0.9565 -0.2917 -0.0000
vn -0.1893 -0.9819 -0.0000
vn 0.3555 -0.9347 -0.0000
vn 0.2537 0.9673 0.0000
vn -0.0752 -0.9972 -0.0000
vn 0.9161 0.4008 0.0000
vn 0.1032 -0.9947 -0.0000
vn -0.9527 0.3041 0.0000
vn 0.7735 0.6338 0.0000
vn -0.7129 0.7013 0.0000
vn -0.9855 -0.1699 -0.0000
vn 0.7966 0.6044 0.0000
vn 0.7967 0.6044 0.0000
vn 0.9997 0.0249 0.0000
vn 0.9997 0.0250 0.0000
vn -0.1958 0.9806 0.0000
vn -0.7779 -0.6284 -0.0000
vn -0.7779 -0.6283 -0.0000
vn -0.1627 0.9867 0.0000
vn -0.4902 -0.8716 -0.0000
vn -0.0577 0.9983 0.0000
vn 0.0947 -0.9955 -0.0000
vn -0.4673 0.8841 0.0000
vn 0.8595 -0.5111 -0.0000
vn 0.1421 -0.9899 -0.0000
vn 0.6247 -0.7809 -0.0000
vn -0.9518 0.3066 0.0000
vn -0.9519 0.3065 0.0000
vn 0.9131 -0.4076 -0.0000
vn 0.0236 -0.9997 -0.0000
vn -0.7445 -0.6676 -0.0000
vn -0.7445 -0.6677 -0.0000
vn -0.4261 -0.9047 -0.0000
vn -0.8174 0.5760 0.0000
vn 0.2026 0.9793 0.0000
vn -0.2358 0.9718 0.0000
vn -0.0406 -0.9992 -0.0000
vn 0.1475 -0.9891 -0.0000
vn -0.1310 0.9914 0.0000
vn 0.6601 0.7512 0.0000
vn 0.7229 0.6909 0.0000
vn -0.9868 0.1619 0.0000
vn -0.3911 0.9203 0.0000
vn -0.3912 0.9203 0.0000
vn 0.9613 -0.2756 -0.0000
vn 0.9748 0.2232 0.0000
vn 0.6062 0.7953 0.0000
vn -0.9771 -0.2128 -0.0000
vn -0.8493 0.5279 0.0000
vn 0.9457 -0.3251 -0.0000
vn 0.1722 0.9851 0.0000
vn 0.5241 -0.8517 -0.0000
vn 0.7300 0.6835 0.0000
vn 0.7300 0.6834 0.0000
vn 0.1011 -0.9949 -0.0000
vn 0.2722 0.9622 0.0000
vn 0.0593 0.9982 0.0000
vn 0.2095 -0.9778 -0.0000
vn 0.1496 -0.9887 -0.0000
vn 0.8290 0.5592 0.0000
vn 0.9991 0.0424 0.0000
vn 0.0890 0.9960 0.0000
vn 0.2006 -0.9797 -0.0000
vn 0.7538 0.6570 0.0000
vn 0.7539 0.6570 0.0000
vn -0.9962 0.0870 0.0000
vn 0.9848 0.1737 0.0000
vn -0.9117 -0.4109 -0.0000
vn -0.2232 0.9748 0.0000
vn -0.5224 -0.8527 -0.0000
vn -0.8262 0.5634 0.0000
vn -0.7081 0.7061 0.0000
vn -0.5504 0.8349 0.0000
vn 0.3659 -0.9306 -0.0000
vn 0.7503 0.6611 0.0000
vn -0.0407 0.9992 0.0000
vn 0.3567 0.9342 0.0000
vn 0.0428 -0.9991 -0.0000
vn -0.9303 -0.3667 -0.0000
vn 0.2680 -0.9634 -0.0000
vn 0.2679 -0.9634 -0.0000
vn -0.9372 0.3488 0.0000
vn 0.8376 0.5462 0.0000
vn -0.2353 -0.9719 -0.0000
vn -0.6477 0.7619 0.0000
vn -0.2990 -0.9543 -0.0000
vn -0.3673 0.9301 0.0000
vn 0.1177 0.9931 0.0000
vn -0.2130 0.9770 0.0000
vn -0.0269 0.9996 0.0000
vn -0.0526 0.9986 0.0000
vn 0.0704 -0.9975 -0.0000
vn 0.0892 0.9960 0.0000
vn -0.7900 0.6131 0.0000
vn -0.7901 0.6130 0.0000
vn 0.9971 -0.0756 -0.0000
vn 0.4819 0.8762 0.0000
vn 0.2354 0.9719 0.0000
vn -0.1328 0.9911 0.0000
vn 0.6333 0.7739 0.0000
vn 0.6334 0.7738 0.0000
vn 0.4104 0.9119 0.0000
vn -0.7615 -0.6481 -0.0000
vn -0.9761 0.2173 0.0000
vn -0.8502 -0.5264 -0.0000
vn 0.6963 0.7177 0.0000
vn 0.2829 -0.9592 -0.0000
vn 0.2829 -0.9591 -0.0000
vn 0.8596 0.5110 0.0000
vn 0.9655 -0.2604 -0.0000
vn 0.9994 0.0357 0.0000
vn -0.3915 0.9202 0.0000
vn 0.9204 -0.3911 -0.0000
vn -0.5445 -0.8387 -0.0000
vn -0.0464 0.9989 0.0000
vn -0.9858 0.1680 0.0000
vn 0.4876 0.8730 0.0000
vn 0.6156 -0.7880 -0.0000
vn -0.4800 0.8773 0.0000
vn 0.7255 0.6882 0.0000
vn 0.4236 -0.9059 -0.0000
vn 0.7756 0.6312 0.0000
vn 0.5614 0.8275 0.0000
vn 0.9023 0.4312 0.0000
vn 0.9923 -0.1237 -0.0000
vn 0.9923 -0.1241 -0.0000
vn 0.9468 0.3217 0.0000
vn 0.9793 0.2022 0.0000
vn 0.2969 -0.9549 -0.0000
vn -0.9988 0.0488 0.0000
vn 0.9991 -0.0430 -0.0000
vn -0.9378 0.3473 0.0000
vn 0.8863 0.4631 0.0000
vn -0.0380 -0.9993 -0.0000
vn 0.9951 -0.0985 -0.0000
vn -0.9014 0.4330 0.0000
vn 0.9772 -0.2124 -0.0000
vn 0.1423 0.9898 0.0000
vn -0.3747 -0.9272 -0.0000
vn 0.8984 -0.4391 -0.0000
vn 0.1391 -0.9903 -0.0000
vn -0.7422 -0.6702 -0.0000
vn -0.1563 -0.9877 -0.0000
vn -0.5887 0.8083 0.0000
vn 0.4474 -0.8944 -0.0000
vn 0.9869 0.1612 0.0000
vn -0.5960 0.8030 0.0000
vn 0.2811 0.9597 0.0000
vn 0.1238 -0.9923 -0.0000
vn 0.8825 -0.4703 -0.0000
vn -0.4754 0.8798 0.0000
vn -0.9961 -0.0879 -0.0000
vn -0.0797 -0.9968 -0.0000
vn 0.8900 -0.4560 -0.0000
vn -0.4132 0.9107 0.0000
vn -0.8856 -0.4645 -0.0000
vn 0.4401 -0.8979 -0.0000
vn 0.9851 -0.1719 -0.0000
vn -0.4979 -0.8672 -0.0000
vn 0.5734 0.8192 0.0000
vn -0.9144 0.4047 0.0000
vn 0.1648 -0.9863 -0.0000
vn 0.9942 -0.1076 -0.0000
vn 0.9942 -0.1078 -0.0000
vn 0.4647 -0.8855 -0.0000
vn -0.8066 -0.5911 -0.0000
vn -0.1916 -0.9815 -0.0000
vn 0.7279 -0.6857 -0.0000
vn 0.7279 -0.6856 -0.0000
vn -0.9799 0.1997 0.0000
vn -0.5247 0.8513 0.0000
vn -0.2280 0.9737 0.0000
vn -0.8148 0.5798 0.0000
vn 0.3508 -0.9364 -0.0000
vn -0.9923 0.1240 0.0000
vn -0.9641 0.2654 0.0000
vn -0.9996 -0.0270 -0.0000
vn -0.9648 -0.2631 -0.0000
vn 0.8710 0.4913 0.0000
vn 0.6979 0.7162 0.0000
vn 0.2895 0.9572 0.0000
vn -0.0341 0.9994 0.0000
vn -0.1768 0.9843 0.0000
vn -0.5444 -0.8388 -0.0000
vn 0.2789 -0.9603 -0.0000
vn -0.4801 0.8772 0.0000
vn -0.5332 -0.8460 -0.0000
vn -0.8862 0.4633 0.0000
vn -0.9986 -0.0536 -0.0000
vn -0.9986 -0.0533 -0.0000
vn -0.0867 -0.9962 -0.0000
vn -0.5283 -0.8490 -0.0000
vn -0.7030 0.7112 0.0000
vn 0.2970 -0.9549 -0.0000
vn 0.0610 -0.9981 -0.0000
vn 0.8863 0.4630 0.0000
vn -0.4293 -0.9032 -0.0000
vn 0.9958 0.0917 0.0000
vn 0.8162 0.5777 0.0000
vn 0.0251 0.9997 0.0000
vn 0.4248 0.9053 0.0000
vn 0.4473 -0.8944 -0.0000
vn 0.9988 -0.0490 -0.0000
vn 0.3822 0.9241 0.0000
vn -0.1407 -0.9901 -0.0000
vn -0.9689 -0.2473 -0.0000
vn 0.3911 -0.9204 -0.0000
vn 0.3910 -0.9204 -0.0000
vn 0.9546 -0.2980 -0.0000
vn 0.8013 -0.5982 -0.0000
vn 0.6293 0.7772 0.0000
vn -0.9993 0.0362 0.0000
vn -0.8847 0.4661 0.0000
vn 0.2897 -0.9571 -0.0000
vn -0.9979 0.0653 0.0000
vn 0.0547 -0.9985 -0.0000
vn -0.9998 0.0199 0.0000
vn -0.0226 -0.9997 -0.0000
vn 0.5734 0.8193 0.0000
vn 0.7124 -0.7018 -0.0000
vn 0.2894 -0.9572 -0.0000
vn 0.9997 0.0264 0.0000
vn -0.9393 -0.3431 -0.0000
vn -0.9393 -0.3432 -0.0000
vn 0.2499 0.9683 0.0000
vn -0.1580 -0.9874 -0.0000
vn 0.1231 0.9924 0.0000
vn -0.9989 0.0463 0.0000
vn 0.6478 0.7618 0.0000
vn -0.3172 -0.9484 -0.0000
vn -0.9719 0.2356 0.0000
vn 0.9625 -0.2711 -0.0000
vn 0.4089 0.9126 0.0000
vn 0.7749 0.6321 0.0000
vn 0.9998 -0.0196 -0.0000
vn 0.7911 -0.6117 -0.0000
vn -0.5670 -0.8237 -0.0000
vn 0.7603 0.6496 0.0000
vn 0.2508 -0.9680 -0.0000
vn -0.1483 -0.9889 -0.0000
vn 0.4745 -0.8803 -0.0000
vn 0.1329 -0.9911 -0.0000
vn 0.9837 -0.1796 -0.0000
vn 0.8609 -0.5087 -0.0000
vn 0.8914 0.4533 0.0000
vn 0.3856 0.9227 0.0000
vn -0.9427 0.3337 0.0000
vn 0.9864 0.1643 0.0000
vn -0.9165 0.4000 0.0000
vn 0.9775 0.2110 0.0000
vn 0.6587 -0.7524 -0.0000
vn 0.9461 -0.3239 -0.0000
vn 0.9463 -0.3233 -0.0000
vn -0.9876 0.1572 0.0000
vn -0.1724 -0.9850 -0.0000
vn -0.8662 -0.4997 -0.0000
vn 0.2971 -0.9548 -0.0000
vn 0.1202 -0.9928 -0.0000
vn 0.2837 -0.9589 -0.0000
vn -0.3749 -0.9271 -0.0000
vn -0.6605 -0.7508 -0.0000
vn -0.9145 0.4047 0.0000
vn -0.3444 -0.9388 -0.0000
vn 0.0687 0.9976 0.0000
vn 0.5836 0.8120 0.0000
vn 0.9616 -0.2744 -0.0000
vn -0.1814 -0.9834 -0.0000
vn 0.6328 -0.7743 -0.0000
vn -0.0416 -0.9991 -0.0000
vn 0.3017 0.9534 0.0000
vn 0.2398 -0.9708 -0.0000
vn 0.4341 0.9009 0.0000
vn 0.9469 -0.3215 -0.0000
vn -0.5556 -0.8315 -0.0000
vn -0.9420 -0.3357 -0.0000
vn 0.1778 -0.9841 -0.0000
vn -0.7121 0.7021 0.0000
vn 0.9193 -0.3937 -0.0000
vn -0.8979 0.4402 0.0000
vn 0.2009 0.9796 0.0000
vn -0.1119 0.9937 0.0000
vn -0.3264 -0.9452 -0.0000
vn 0.0446 0.9990 0.0000
vn 0.3865 0.9223 0.0000
vn 0.1071 -0.9942 -0.0000
vn -0.2170 0.9762 0.0000
vn 0.9893 -0.1460 -0.0000
vn -0.3830 0.9237 0.0000
vn -0.5859 0.8104 0.0000
vn -0.1261 -0.9920 -0.0000
vn 0.9580 -0.2867 -0.0000
vn 0.5062 -0.8624 -0.0000
vn -0.4919 -0.8706 -0.0000
vn -0.5489 0.8359 0.0000
vn -0.8497 -0.5273 -0.0000
vn -0.8918 0.4524 0.0000
vn -0.9593 -0.2823 -0.0000
vn -0.9593 -0.2822 -0.0000
vn -0.2582 -0.9661 -0.0000
vn 0.8002 -0.5997 -0.0000
vn -0.3084 -0.9512 -0.0000
vn -0.6979 0.7162 0.0000
vn 0.9178 0.3971 0.0000
vn 0.0341 0.9994 0.0000
vn -0.9960 0.0896 0.0000
vn 0.3329 0.9429 0.0000
vn 0.3330 0.9429 0.0000
vn -0.9941 0.1087 0.0000
vn 0.9857 0.1684 0.0000
vn 0.9857 0.1683 0.0000
vn -0.6333 0.7739 0.0000
vn 0.9909 0.1346 0.0000
vn 0.9428 0.3334 0.0000
vn 0.4067 0.9136 0.0000
vn 0.4219 0.9067 0.0000
vn 0.7204 0.6936 0.0000
vn 0.8320 -0.5548 -0.0000
vn 0.9578 0.2875 0.0000
vn 0.9579 0.2872 0.0000
vn -0.9317 0.3631 0.0000
vn -0.8938 -0.4485 -0.0000
vn 0.0509 -0.9987 -0.0000
vn -0.4022 -0.9155 -0.0000
vn -0.0114 -0.9999 -0.0000
vn 0.0362 -0.9993 -0.0000
vn -0.6932 -0.7208 -0.0000
vn -0.3009 -0.9537 -0.0000
vn -0.9911 0.1331 0.0000
vn 0.2072 0.9783 0.0000
vn -0.8758 -0.4826 -0.0000
vn 0.3456 -0.9384 -0.0000
vn -0.6758 0.7371 0.0000
vn -0.5421 -0.8403 -0.0000
vn -0.1769 0.9842 0.0000
vn -0.1720 -0.9851 -0.0000
vn 0.6699 0.7424 0.0000
vn 0.9236 0.3834 0.0000
vn -0.9995 0.0323 0.0000
vn 0.8641 -0.5034 -0.0000
vn 0.6060 -0.7955 -0.0000
vn -0.8683 0.4960 0.0000
vn -0.2038 0.9790 0.0000
vn -0.9410 -0.3383 -0.0000
vn 0.3080 0.9514 0.0000
vn -0.9418 0.3363 0.0000
vn -0.4771 0.8789 0.0000
vn -0.9957 0.0922 0.0000
vn 0.9972 0.0754 0.0000
vn 0.9932 0.1161 0.0000
vn -0.9971 0.0767 0.0000
vn -0.8812 -0.4727 -0.0000
vn -0.9984 0.0564 0.0000
vn -0.8108 0.5853 0.0000
vn -0.7526 0.6584 0.0000
vn -0.7527 0.6584 0.0000
vn 0.7271 0.6866 0.0000
vn -0.5488 0.8360 0.0000
vn -0.8255 -0.5643 -0.0000
vn -0.8255 -0.5644 -0.0000
vn -0.7407 0.6718 0.0000
vn -0.7608 0.6490 0.0000
vn 0.0499 -0.9988 -0.0000
vn 0.0156 -0.9999 -0.0000
vn -0.8295 0.5585 0.0000
vn -0.7933 0.6089 0.0000
vn 0.6115 -0.7912 -0.0000
vn 0.3402 0.9403 0.0000
vn -0.0451 -0.9990 -0.0000
vn -0.7904 0.6126 0.0000
vn -0.6829 0.7306 0.0000
vn 0.5378 0.8431 0.0000
vn -0.5491 0.8358 0.0000
vn -0.2904 -0.9569 -0.0000
vn 0.9026 0.4304 0.0000
vn 0.9025 0.4307 0.0000
vn -0.4363 0.8998 0.0000
vn 0.9317 -0.3631 -0.0000
vn 0.1205 0.9927 0.0000
vn 0.4294 0.9031 0.0000
vn 0.1019 0.9948 0.0000
vn 0.3204 -0.9473 -0.0000
vn 0.9987 0.0509 0.0000
vn 0.9987 0.0508 0.0000
vn 0.1920 0.9814 0.0000
vn -0.5615 0.8275 0.0000
vn 0.5102 0.8600 0.0000
vn 0.7601 -0.6498 -0.0000
vn -0.9850 -0.1724 -0.0000
vn 0.3638 -0.9315 -0.0000
vn 0.6475 -0.7621 -0.0000
vn 0.9484 0.3171 0.0000
vn -0.8152 -0.5792 -0.0000
vn -0.6230 -0.7822 -0.0000
vn -0.2766 -0.9610 -0.0000
vn 0.3530 -0.9356 -0.0000
vn 0.3796 -0.9252 -0.0000
vn -0.3773 0.9261 0.0000
vn 0.2963 -0.9551 -0.0000
vn -0.1229 0.9924 0.0000
vn 0.8592 -0.5117 -0.0000
vn 0.5444 -0.8388 -0.0000
vn -0.6934 0.7206 0.0000
vn -0.6933 0.7206 0.0000
vn -0.7236 0.6903 0.0000
vn 0.6046 0.7965 0.0000
vn 0.7070 -0.7072 -0.0000
vn -0.9717 -0.2361 -0.0000
vn 0.8001 -0.5999 -0.0000
vn -0.9877 -0.1565 -0.0000
vn 0.8087 -0.5882 -0.0000
vn 0.9990 0.0447 0.0000
vn 0.8429 -0.5381 -0.0000
vn -0.1019 -0.9948 -0.0000
vn -0.1281 -0.9918 -0.0000
vn 0.6099 -0.7925 -0.0000
vn 0.9363 -0.3513 -0.0000
vn 0.2089 -0.9779 -0.0000
vn 0.2760 0.9611 0.0000
vn 0.9193 -0.3936 -0.0000
vn 0.7998 0.6002 0.0000
vn -0.6943 0.7196 0.0000
vn 0.8664 -0.4993 -0.0000
vn 0.9855 0.1698 0.0000
vn 0.9855 0.1696 0.0000
vn 0.6709 0.7415 0.0000
vn 0.6709 0.7416 0.0000
vn -0.0317 0.9995 0.0000
vn 0.2226 0.9749 0.0000
vn 0.8204 -0.5718 -0.0000
vn 0.5863 -0.8101 -0.0000
vn -0.5050 0.8631 0.0000
vn 0.9614 -0.2753 -0.0000
vn -0.7717 -0.6359 -0.0000
vn 0.4928 0.8701 0.0000
vn -0.9304 -0.3664 -0.0000
vn -0.9462 -0.3236 -0.0000
vn 0.8322 0.5544 0.0000
vn -0.9878 0.1558 0.0000
vn -0.8754 -0.4835 -0.0000
vn 0.5070 0.8620 0.0000
vn -0.9950 0.1003 0.0000
vn -0.9950 0.1002 0.0000
vn -0.8454 0.5341 0.0000
vn 0.6402 0.7682 0.0000
vn 0.0711 -0.9975 -0.0000
vn -0.5281 0.8492 0.0000
vn 0.7655 -0.6435 -0.0000
vn -0.9545 -0.2983 -0.0000
vn -0.9545 -0.2982 -0.0000
vn -0.0808 0.9967 0.0000
vn -0.9603 -0.2790 -0.0000
vn -0.9603 -0.2789 -0.0000
vn -0.9600 -0.2801 -0.0000
vn 0.1962 0.9806 0.0000
vn -0.9951 -0.0990 -0.0000
vn 0.1722 -0.9851 -0.0000
vn 0.5201 0.8541 0.0000
vn 0.9420 -0.3356 -0.0000
vn 0.3670 0.9302 0.0000
vn 0.8036 -0.5952 -0.0000
vn -0.5631 -0.8264 -0.0000
vn 0.1115 -0.9938 -0.0000
vn -0.5434 -0.8395 -0.0000
vn -0.6449 -0.7643 -0.0000
vn -0.2424 -0.9702 -0.0000
vn -0.9705 -0.2411 -0.0000
vn 0.1842 -0.9829 -0.0000
vn -0.9992 -0.0395 -0.0000
vn -0.9992 -0.0396 -0.0000
vn 0.7719 0.6357 0.0000
vn 0.9423 -0.3348 -0.0000
vn 0.9423 -0.3349 -0.0000
vn 0.9615 0.2749 0.0000
vn -0.7083 0.7059 0.0000
vn -0.7083 0.7060 0.0000
vn 0.9979 -0.0651 -0.0000
vn -0.1495 0.9888 0.0000
vn 0.8551 -0.5184 -0.0000
vn 0.9885 -0.1512 -0.0000
vn 0.6805 -0.7328 -0.0000
vn -0.5462 -0.8377 -0.0000
vn 0.2574 -0.9663 -0.0000
vn -0.3469 -0.9379 -0.0000
vn -0.6852 -0.7283 -0.0000
vn 0.7607 -0.6490 -0.0000
vn -0.0898 0.9960 0.0000
vn 0.0669 -0.9978 -0.0000
vn 0.7283 -0.6852 -0.0000
vn 0.7623 -0.6472 -0.0000
vn 0.9083 -0.4183 -0.0000
vn -0.9951 0.0984 0.0000
vn 0.6255 -0.7802 -0.0000
vn 0.9896 -0.1436 -0.0000
vn -0.7687 -0.6396 -0.0000
vn 0.9183 0.3959 0.0000
vn 0.9975 -0.0712 -0.0000
vn 0.7294 -0.6841 -0.0000
vn -1.0000 0.0088 0.0000
vn -0.2608 -0.9654 -0.0000
vn 0.4959 -0.8684 -0.0000
vn 0.9960 -0.0894 -0.0000
vn 0.3391 -0.9408 -0.0000
vn 0.9846 -0.1750 -0.0000
vn 0.9806 -0.1961 -0.0000
vn 0.7470 0.6649 0.0000
vn -0.9322 0.3620 0.0000
vn -0.9322 0.3621 0.0000
vn 0.9297 -0.3683 -0.0000
vn 0.9986 0.0527 0.0000
vn 0.7257 -0.6880 -0.0000
vn -0.9570 -0.2900 -0.0000
vn 0.8649 0.5019 0.0000
vn 0.9102 -0.4141 -0.0000
vn -0.9855 0.1699 0.0000
vn -0.8774 0.4797 0.0000
vn 0.2225 0.9749 0.0000
vn -0.7626 0.6469 0.0000
vn -0.9346 -0.3558 -0.0000
vn -0.9769 0.2137 0.0000
vn 0.0909 -0.9959 -0.0000
vn -0.7717 -0.6360 -0.0000
vn -0.9975 0.0704 0.0000
vn -0.8000 -0.6001 -0.0000
vn 0.8045 0.5940 0.0000
vn -0.9508 0.3098 0.0000
vn -0.9878 0.1560 0.0000
vn 0.5053 0.8629 0.0000
vn 0.5053 0.8630 0.0000
vn -0.5548 0.8320 0.0000
vn -0.3581 0.9337 0.0000
vn -0.8455 0.5340 0.0000
vn -0.9993 0.0370 0.0000
vn 0.0977 0.9952 0.0000
vn -0.0644 0.9979 0.0000
vn -0.1588 0.9873 0.0000
vn -0.3626 0.9320 0.0000
vn 0.0493 0.9988 0.0000
vn -0.7506 0.6607 0.0000
vn 0.5200 0.8542 0.0000
vn -0.8250 -0.5651 -0.0000
vn -0.8250 -0.5652 -0.0000
vn -0.8288 0.5595 0.0000
vn 0.8035 -0.5953 -0.0000
vn -0.9999 0.0154 0.0000
vn 0.9725 -0.2330 -0.0000
vn -0.0468 -0.9989 -0.0000
vn 0.8989 -0.4382 -0.0000
vn 0.9945 -0.1046 -0.0000
vn 0.9945 -0.1045 -0.0000
vn 0.9615 0.2747 0.0000
vn -0.9971 -0.0764 -0.0000
vn -0.4224 0.9064 0.0000
vn -0.4859 0.8740 0.0000
vn 0.1724 -0.9850 -0.0000
vn -0.2835 0.9590 0.0000
vn 0.6806 -0.7327 -0.0000
vn -0.7523 0.6589 0.0000
vn 0.8880 -0.4598 -0.0000
vn 0.6974 -0.7167 -0.0000
vn -0.9742 0.2259 0.0000
vn -0.6852 -0.7284 -0.0000
vn 0.8175 -0.5759 -0.0000
vn 0.9979 -0.0654 -0.0000
vn -0.9567 0.2912 0.0000
vn 0.2923 -0.9563 -0.0000
vn -0.8116 0.5842 0.0000
vn -0.3458 -0.9383 -0.0000
vn -0.9997 0.0244 0.0000
vn -0.9933 0.1154 0.0000
vn 0.4609 -0.8874 -0.0000
vn 0.4609 -0.8875 -0.0000
vn -0.6042 0.7968 0.0000
vn 0.8252 -0.5649 -0.0000
vn -0.1361 -0.9907 -0.0000
vn 0.5171 -0.8559 -0.0000
vn 0.4221 -0.9065 -0.0000
vn 0.4221 -0.9066 -0.0000
vn -0.6777 0.7354 0.0000
vn 0.6031 -0.7976 -0.0000
vn -0.9869 -0.1612 -0.0000
vn 0.9745 -0.2243 -0.0000
vn 0.9744 -0.2246 -0.0000
vn 0.2480 -0.9688 -0.0000
vn 0.7056 0.7086 0.0000
vn 0.7057 0.7085 0.0000
vn -0.0454 -0.9990 -0.0000
vn 0.9468 -0.3218 -0.0000
vn -0.3280 -0.9447 -0.0000
vn 0.9042 -0.4271 -0.0000
vn 0.0120 -0.9999 -0.0000
vn -0.2634 0.9647 0.0000
vn -0.4603 0.8878 0.0000
vn -0.8845 -0.4665 -0.0000
vn -0.9999 0.0117 0.0000
vn 0.7901 -0.6130 -0.0000
vn 0.1727 -0.9850 -0.0000
vn 0.1462 0.9893 0.0000
vn 0.8306 -0.5569 -0.0000
vn 0.3849 -0.9230 -0.0000
vn 0.0243 -0.9997 -0.0000
vn -0.9491 -0.3150 -0.0000
vn 0.6519 0.7583 0.0000
vn -0.6829 -0.7305 -0.0000
vn 0.6782 0.7349 0.0000
vn -0.0663 0.9978 0.0000
vn -0.0985 -0.9951 -0.0000
vn -0.8120 0.5837 0.0000
vn -0.8119 0.5837 0.0000
vn -0.2709 0.9626 0.0000
vn -0.1244 0.9922 0.0000
vn -0.3772 -0.9261 -0.0000
vn -0.4548 0.8906 0.0000
vn 0.8895 -0.4569 -0.0000
vn -0.9925 0.1219 0.0000
vn -0.7572 0.6532 0.0000
vn -0.6374 0.7706 0.0000
vn -0.9582 0.2862 0.0000
vn -0.7014 0.7128 0.0000
vn -0.7014 0.7127 0.0000
vn -0.9965 -0.0840 -0.0000
vn 0.3031 -0.9529 -0.0000
vn 0.9965 -0.0836 -0.0000
vn -0.9341 -0.3571 -0.0000
vn 0.6965 -0.7176 -0.0000
vn -0.7710 -0.6368 -0.0000
vn -0.9579 -0.2870 -0.0000
vn -0.6533 -0.7571 -0.0000
vn -0.9406 0.3395 0.0000
vn 0.9944 0.1055 0.0000
vn 0.8878 -0.4602 -0.0000
vn 0.7764 0.6303 0.0000
vn 0.2813 -0.9596 -0.0000
vn -0.9450 0.3271 0.0000
vn -0.9450 0.3272 0.0000
vn -0.2853 0.9584 0.0000
vn -0.3683 -0.9297 -0.0000
vn 0.2995 0.9541 0.0000
vn -0.4615 0.8871 0.0000
vn -0.3234 -0.9463 -0.0000
vn -0.0396 -0.9992 -0.0000
vn -0.2200 0.9755 0.0000
vn -0.9215 0.3883 0.0000
vn 0.3715 0.9284 0.0000
vn -0.3054 0.9522 0.0000
vn -0.0951 0.9955 0.0000
vn 0.6941 0.7199 0.0000
vn -0.0574 0.9983 0.0000
vn -0.8017 0.5978 0.0000
vn 0.8844 0.4667 0.0000
vn 0.9846 0.1746 0.0000
vn 0.0726 0.9974 0.0000
vn 0.9948 0.1020 0.0000
vn 0.4620 0.8869 0.0000
vn 0.9572 -0.2893 -0.0000
vn 0.9572 -0.2894 -0.0000
vn 0.9795 -0.2017 -0.0000
vn 0.8199 0.5725 0.0000
vn 0.9850 0.1725 0.0000
vn 0.8404 -0.5420 -0.0000
vn -0.9472 0.3206 0.0000
vn 0.9285 0.3714 0.0000
vn 0.6660 -0.7460 -0.0000
vn 0.9975 0.0700 0.0000
vn 0.4825 -0.8759 -0.0000
vn 0.9517 -0.3070 -0.0000
vn 0.7165 -0.6976 -0.0000
vn -0.6941 -0.7199 -0.0000
vn 0.8725 -0.4886 -0.0000
vn -0.8844 -0.4667 -0.0000
vn 0.6369 -0.7710 -0.0000
vn -0.9948 -0.1020 -0.0000
vn 0.4471 -0.8945 -0.0000
vn -0.9795 0.2017 0.0000
vn 0.2477 -0.9688 -0.0000
vn -0.8403 0.5421 0.0000
vn 0.8774 0.4798 0.0000
vn -0.7985 -0.6019 -0.0000
vn -0.6660 0.7460 0.0000
vn 0.1775 -0.9841 -0.0000
vn -0.9688 0.2480 0.0000
vn 0.0557 -0.9984 -0.0000
vn 0.3731 0.9278 0.0000
vn 0.8163 -0.5777 -0.0000
vn 0.8162 -0.5777 -0.0000
vn -0.3987 -0.9171 -0.0000
vn 0.3721 0.9282 0.0000
vn -0.1046 -0.9945 -0.0000
vn 0.9402 -0.3407 -0.0000
vn 0.9402 -0.3406 -0.0000
vn 0.3511 -0.9363 -0.0000
vn -0.2435 -0.9699 -0.0000
vn -0.2436 -0.9699 -0.0000
vn 0.7769 -0.6296 -0.0000
vn 0.8951 -0.4459 -0.0000
vn 0.8950 -0.4461 -0.0000
vn -0.1207 -0.9927 -0.0000
vn -0.8124 -0.5831 -0.0000
vn -0.8123 -0.5832 -0.0000
vn 0.3653 -0.9309 -0.0000
vn -0.9789 -0.2041 -0.0000
vn 0.8670 -0.4983 -0.0000
vn -0.8868 -0.4622 -0.0000
vn -0.8868 -0.4621 -0.0000
vn 0.0878 -0.9961 -0.0000
vn 0.1986 0.9801 0.0000
vn -0.3925 -0.9197 -0.0000
vn -0.3925 -0.9198 -0.0000
vn 0.4843 -0.8749 -0.0000
vn 0.6839 -0.7295 -0.0000
vn -0.5077 0.8615 0.0000
vn 0.9048 -0.4259 -0.0000
vn 0.0673 -0.9977 -0.0000
vn -0.3633 0.9317 0.0000
vn 0.9028 -0.4300 -0.0000
vn 0.0337 0.9994 0.0000
vn -0.5743 0.8187 0.0000
vn -0.5743 0.8186 0.0000
vn -0.1951 0.9808 0.0000
vn 0.9627 0.2704 0.0000
vn -0.5555 0.8315 0.0000
vn -0.7788 0.6273 0.0000
vn -0.8315 0.5556 0.0000
vn -0.9491 0.3149 0.0000
vn -0.2077 -0.9782 -0.0000
vn -0.9808 0.1951 0.0000
vn 0.9158 0.4015 0.0000
vn -0.6354 0.7722 0.0000
vn 0.0431 -0.9991 -0.0000
vn -0.5556 -0.8314 -0.0000
vn 0.8097 -0.5868 -0.0000
vn 0.0550 0.9985 0.0000
vn -0.1951 -0.9808 -0.0000
vn 0.9747 -0.2236 -0.0000
vn -0.9954 -0.0962 -0.0000
vn -0.4188 -0.9081 -0.0000
vn 0.1951 -0.9808 -0.0000
vn 0.0996 -0.9950 -0.0000
vn 0.5557 -0.8314 -0.0000
vn 0.9029 0.4299 0.0000
vn 0.8314 -0.5557 -0.0000
vn 0.2415 0.9704 0.0000
vn 0.9808 -0.1951 -0.0000
vn -0.9891 0.1474 0.0000
vn 0.9808 0.1951 0.0000
vn 0.8314 0.5556 0.0000
vn -0.1578 -0.9875 -0.0000
vn -0.9430 0.3327 0.0000
vn 0.5556 0.8315 0.0000
vn 0.9434 -0.3316 -0.0000
vn 0.1951 0.9808 0.0000
vn -0.7778 -0.6285 -0.0000
vn 0.7918 0.6108 0.0000
vn -0.7041 -0.7101 -0.0000
vn -0.9702 -0.2424 -0.0000
vn 0.6880 -0.7258 -0.0000
vn 0.6879 -0.7258 -0.0000
vn -0.1797 0.9837 0.0000
vn -0.3443 0.9389 0.0000
vn -0.2187 -0.9758 -0.0000
vn -0.2705 0.9627 0.0000
vn -0.4931 0.8700 0.0000
vn 0.0536 -0.9986 -0.0000
vn 0.1797 0.9837 0.0000
vn 0.0902 -0.9959 -0.0000
vn -0.9808 0.1950 0.0000
vn 0.8551 0.5185 0.0000
vn -0.8078 0.5895 0.0000
vn -0.9808 -0.1950 -0.0000
vn 0.9380 -0.3467 -0.0000
vn 0.4172 -0.9088 -0.0000
vn -0.9825 -0.1864 -0.0000
vn -0.8315 -0.5556 -0.0000
vn -0.4932 -0.8699 -0.0000
vn -0.9958 -0.0912 -0.0000
vn 0.9763 -0.2166 -0.0000
vn 0.0027 -1.0000 -0.0000
vn -0.1796 -0.9837 -0.0000
vn -0.3201 0.9474 0.0000
vn -0.8538 -0.5206 -0.0000
vn 0.2244 0.9745 0.0000
vn 0.2471 0.9690 0.0000
vn -0.5237 -0.8519 -0.0000
vn 0.9231 -0.3845 -0.0000
vn -0.8498 0.5272 0.0000
vn 0.0200 -0.9998 -0.0000
vn 0.0461 -0.9989 -0.0000
vn 0.8888 0.4583 0.0000
vn 0.1058 -0.9944 -0.0000
vn 0.5030 0.8643 0.0000
vn -0.9808 -0.1951 -0.0000
vn -0.8314 -0.5556 -0.0000
vn -0.4651 -0.8853 -0.0000
vn 0.9431 0.3325 0.0000
vn -0.1731 0.9849 0.0000
vn 0.9965 0.0840 0.0000
vn -0.1921 -0.9814 -0.0000
vn 0.7071 -0.7071 -0.0000
vn 0.9404 0.3400 0.0000
vn -0.8155 -0.5788 -0.0000
vn 0.9887 0.1498 0.0000
vn 0.9273 -0.3742 -0.0000
vn 0.9274 -0.3740 -0.0000
vn -0.5865 0.8100 0.0000
vn -0.9844 0.1759 0.0000
vn 0.4729 -0.8811 -0.0000
vn 1.0000 0.0045 0.0000
vn -0.2556 -0.9668 -0.0000
vn 0.2050 0.9788 0.0000
vn -0.6179 0.7863 0.0000
vn -0.6178 0.7863 0.0000
vn 0.9998 0.0200 0.0000
vn -0.9542 0.2992 0.0000
vn -0.9542 0.2991 0.0000
vn 0.1810 0.9835 0.0000
vn 0.0226 -0.9997 -0.0000
vn 0.5643 -0.8256 -0.0000
vn 0.8168 -0.5769 -0.0000
vn 0.9971 -0.0765 -0.0000
vn -0.0659 0.9978 0.0000
vn -0.9051 -0.4252 -0.0000
vn -0.9051 -0.4253 -0.0000
vn -0.9970 -0.0776 -0.0000
vn 0.1538 0.9881 0.0000
vn 0.1580 -0.9874 -0.0000
vn -0.1571 0.9876 0.0000
vn -0.1572 0.9876 0.0000
vn 0.9981 0.0623 0.0000
vn -0.1580 0.9874 0.0000
vn -0.9426 0.3338 0.0000
vn -0.3196 -0.9476 -0.0000
vn 0.9875 0.1576 0.0000
vn 0.3293 -0.9442 -0.0000
vn -0.3030 -0.9530 -0.0000
vn -0.7008 -0.7134 -0.0000
vn -0.4242 0.9056 0.0000
vn 0.9696 -0.2447 -0.0000
vn 0.0208 -0.9998 -0.0000
vn -0.7784 0.6277 0.0000
vn -0.9991 0.0422 0.0000
vn 0.1392 -0.9903 -0.0000
vn 0.5779 0.8161 0.0000
vn 0.0067 -1.0000 -0.0000
vn 0.2583 -0.9661 -0.0000
vn 0.7317 0.6816 0.0000
vn -0.9427 -0.3336 -0.0000
vn 0.8633 -0.5047 -0.0000
vn -0.9811 -0.1936 -0.0000
vn 0.9427 0.3335 0.0000
vn 0.0292 0.9996 0.0000
vn -0.2588 -0.9659 -0.0000
vn 0.2765 -0.9610 -0.0000
vn 0.6931 -0.7208 -0.0000
vn -0.6587 -0.7524 -0.0000
vn 0.0814 0.9967 0.0000
vn 0.9566 -0.2915 -0.0000
vn 0.4521 -0.8920 -0.0000
vn -0.3965 -0.9180 -0.0000
vn 0.1726 -0.9850 -0.0000
vn -0.0857 -0.9963 -0.0000
vn -0.2835 -0.9590 -0.0000
vn 0.6601 -0.7512 -0.0000
vn 0.9922 0.1243 0.0000
vn -0.9918 0.1275 0.0000
vn -0.0935 -0.9956 -0.0000
vn 1.0000 -0.0000 -0.0000
vn 0.0000 0.0000 1.0000
vn 0.0000 -0.0000 -1.0000
vn -1.0000 -0.0000 -0.0000
vn 1.0000 0.0000 0.0000
vn 0.3826 0.0000 -0.9239
vn -0.3827 -0.0000 0.9239
vn -0.3826 0.0000 -0.9239
vn 0.3827 -0.0000 0.9239
vn -0.1951 -0.0000 0.9808
vn 0.1951 -0.0000 0.9808
vn 0.9239 -0.0000 0.3826
vn 0.9239 0.0000 -0.3826
# 1495 vertex normals

vt 0.9683 0.0937 0.0000
vt 0.9723 0.0937 0.0000
vt 0.9723 0.1204 0.0000
vt 0.9683 0.1204 0.0000
vt 0.9604 0.0937 0.0000
vt 0.9604 0.1204 0.0000
vt 0.9723 0.0616 0.0000
vt 0.9723 0.0850 0.0000
vt 0.9683 0.0850 0.0000
vt 0.9683 0.0616 0.0000
vt 0.8906 0.1466 0.0000
vt 0.8534 0.1466 0.0000
vt 0.8534 0.1422 0.0000
vt 0.8906 0.1422 0.0000
vt 0.9604 0.0850 0.0000
vt 0.9683 0.0529 0.0000
vt 0.9604 0.0616 0.0000
vt 0.9604 0.0529 0.0000
vt 0.9723 0.0257 0.0000
vt 0.9723 0.0529 0.0000
vt 0.9683 0.0257 0.0000
vt 0.9604 0.0257 0.0000
vt 0.9683 0.0065 0.0000
vt 0.9683 0.0166 0.0000
vt 0.9604 0.0166 0.0000
vt 0.9604 0.0065 0.0000
vt 0.9723 0.0065 0.0000
vt 0.9723 0.0166 0.0000
vt 0.8468 0.1353 0.0000
vt 0.8840 0.1353 0.0000
vt 0.8465 0.1350 0.0000
vt 0.8837 0.1350 0.0000
vt 0.8837 0.1307 0.0000
vt 0.8465 0.1307 0.0000
vt 0.8840 0.1310 0.0000
vt 0.8468 0.1310 0.0000
vt 0.6997 0.2694 0.0000
vt 0.6745 0.2694 0.0000
vt 0.6745 0.2587 0.0000
vt 0.6997 0.2587 0.0000
vt 0.6655 0.2431 0.0000
vt 0.7087 0.2431 0.0000
vt 0.7086 0.2431 0.0000
vt 0.6655 0.2328 0.0000
vt 0.7086 0.2328 0.0000
vt 0.6655 0.2329 0.0000
vt 0.7087 0.2329 0.0000
vt 0.7087 0.2328 0.0000
vt 0.6571 0.2183 0.0000
vt 0.7171 0.2183 0.0000
vt 0.6571 0.2182 0.0000
vt 0.7171 0.2182 0.0000
vt 0.6571 0.2117 0.0000
vt 0.7171 0.2117 0.0000
vt 0.6477 0.1953 0.0000
vt 0.7266 0.1953 0.0000
vt 0.7265 0.1953 0.0000
vt 0.6477 0.1954 0.0000
vt 0.7265 0.1954 0.0000
vt 0.6477 0.1823 0.0000
vt 0.7265 0.1823 0.0000
vt 0.7266 0.1823 0.0000
vt 0.6391 0.1674 0.0000
vt 0.7352 0.1674 0.0000
vt 0.7351 0.1674 0.0000
vt 0.6746 0.2694 0.0000
vt 0.6746 0.2587 0.0000
vt 0.6656 0.2431 0.0000
vt 0.6656 0.2329 0.0000
vt 0.7243 0.1565 0.0000
vt 0.6500 0.1565 0.0000
vt 0.6500 0.1513 0.0000
vt 0.7243 0.1514 0.0000
vt 0.6427 0.0641 0.0000
vt 0.9448 0.0641 0.0000
vt 0.9448 0.0669 0.0000
vt 0.6427 0.0670 0.0000
vt 0.7242 0.1565 0.0000
vt 0.6500 0.1514 0.0000
vt 0.7242 0.1514 0.0000
vt 0.7242 0.1513 0.0000
vt 0.9448 0.0670 0.0000
vt 0.7243 0.1513 0.0000
vt 0.6367 0.0582 0.0000
vt 0.9508 0.0581 0.0000
vt 0.9508 0.0582 0.0000
vt 0.6427 0.0522 0.0000
vt 0.9448 0.0522 0.0000
vt 0.9448 0.0521 0.0000
vt 0.6367 0.0015 0.0000
vt 0.9508 0.0015 0.0000
vt 0.9508 0.0438 0.0000
vt 0.6367 0.0438 0.0000
vt 0.9508 0.0439 0.0000
vt 0.6427 0.0493 0.0000
vt 0.9448 0.0493 0.0000
vt 0.8595 0.1695 0.0000
vt 0.8595 0.1541 0.0000
vt 0.8635 0.1541 0.0000
vt 0.8635 0.1695 0.0000
vt 0.8789 0.1541 0.0000
vt 0.8789 0.1695 0.0000
vt 0.8829 0.1695 0.0000
vt 0.8829 0.1541 0.0000
vt 0.8984 0.1541 0.0000
vt 0.8984 0.1695 0.0000
vt 0.9467 0.0795 0.0000
vt 0.9467 0.1182 0.0000
vt 0.6415 0.1182 0.0000
vt 0.6415 0.0795 0.0000
vt 0.9467 0.0753 0.0000
vt 0.6415 0.0753 0.0000
vt 0.9508 0.1182 0.0000
vt 0.9509 0.0795 0.0000
vt 0.6373 0.0795 0.0000
vt 0.6373 0.1182 0.0000
vt 0.6415 0.1223 0.0000
vt 0.9467 0.1223 0.0000
vt 0.8587 0.1984 0.0000
vt 0.8794 0.2103 0.0000
vt 0.8587 0.2223 0.0000
vt 0.8794 0.2342 0.0000
vt 0.8587 0.2462 0.0000
vt 0.8380 0.2342 0.0000
vt 0.8380 0.2103 0.0000
vt 0.6999 0.2695 0.0000
vt 0.6745 0.2695 0.0000
vt 0.6999 0.2587 0.0000
vt 0.6745 0.2586 0.0000
vt 0.6999 0.2586 0.0000
vt 0.6655 0.2429 0.0000
vt 0.7090 0.2429 0.0000
vt 0.6654 0.2429 0.0000
vt 0.6654 0.2325 0.0000
vt 0.7090 0.2325 0.0000
vt 0.6654 0.2326 0.0000
vt 0.7090 0.2326 0.0000
vt 0.6655 0.2326 0.0000
vt 0.6655 0.2325 0.0000
vt 0.6569 0.2178 0.0000
vt 0.7175 0.2178 0.0000
vt 0.6569 0.2112 0.0000
vt 0.7175 0.2112 0.0000
vt 0.6474 0.1947 0.0000
vt 0.7271 0.1947 0.0000
vt 0.7270 0.1947 0.0000
vt 0.6474 0.1815 0.0000
vt 0.7270 0.1815 0.0000
vt 0.7271 0.1815 0.0000
vt 0.6387 0.1665 0.0000
vt 0.7357 0.1665 0.0000
vt 0.6388 0.1665 0.0000
vt 0.6746 0.2695 0.0000
vt 0.6570 0.2178 0.0000
vt 0.6570 0.2112 0.0000
vt 0.7358 0.1665 0.0000
vt 0.7248 0.1555 0.0000
vt 0.6497 0.1555 0.0000
vt 0.6497 0.1503 0.0000
vt 0.7248 0.1503 0.0000
vt 0.6433 0.0651 0.0000
vt 0.9449 0.0650 0.0000
vt 0.9449 0.0679 0.0000
vt 0.6433 0.0679 0.0000
vt 0.7247 0.1555 0.0000
vt 0.7247 0.1503 0.0000
vt 0.9449 0.0651 0.0000
vt 0.6373 0.0591 0.0000
vt 0.9508 0.0590 0.0000
vt 0.9508 0.0591 0.0000
vt 0.6433 0.0531 0.0000
vt 0.9449 0.0531 0.0000
vt 0.6373 0.0025 0.0000
vt 0.9508 0.0025 0.0000
vt 0.9508 0.0448 0.0000
vt 0.6373 0.0448 0.0000
vt 0.6433 0.0503 0.0000
vt 0.9449 0.0503 0.0000
vt 0.9449 0.0502 0.0000
vt 0.9449 0.0678 0.0000
vt 0.8588 0.2459 0.0000
vt 0.8381 0.2340 0.0000
vt 0.8588 0.2220 0.0000
vt 0.8381 0.2100 0.0000
vt 0.8588 0.1981 0.0000
vt 0.8795 0.2100 0.0000
vt 0.8795 0.2340 0.0000
vt 0.9565 0.0850 0.0000
vt 0.9565 0.0616 0.0000
vt 0.9604 0.0026 0.0000
vt 0.9683 0.0026 0.0000
vt 0.9565 0.0166 0.0000
vt 0.9565 0.0065 0.0000
vt 0.9565 0.0937 0.0000
vt 0.9565 0.1204 0.0000
vt 0.9565 0.0529 0.0000
vt 0.9565 0.0257 0.0000
vt 0.9031 0.2129 0.0000
vt 0.9101 0.2129 0.0000
vt 0.9101 0.2225 0.0000
vt 0.9031 0.2225 0.0000
vt 0.9031 0.1267 0.0000
vt 0.9101 0.1267 0.0000
vt 0.9101 0.1362 0.0000
vt 0.9031 0.1362 0.0000
vt 0.9031 0.1937 0.0000
vt 0.9101 0.1937 0.0000
vt 0.9101 0.2033 0.0000
vt 0.9031 0.2033 0.0000
vt 0.9031 0.2704 0.0000
vt 0.9101 0.2704 0.0000
vt 0.9101 0.2800 0.0000
vt 0.9031 0.2800 0.0000
vt 0.9031 0.1841 0.0000
vt 0.9101 0.1841 0.0000
vt 0.9031 0.2608 0.0000
vt 0.9101 0.2608 0.0000
vt 0.9031 0.1746 0.0000
vt 0.9101 0.1746 0.0000
vt 0.9031 0.2512 0.0000
vt 0.9101 0.2512 0.0000
vt 0.9031 0.1650 0.0000
vt 0.9101 0.1650 0.0000
vt 0.9031 0.2416 0.0000
vt 0.9101 0.2416 0.0000
vt 0.9031 0.1554 0.0000
vt 0.9101 0.1554 0.0000
vt 0.9031 0.2321 0.0000
vt 0.9101 0.2321 0.0000
vt 0.9031 0.1458 0.0000
vt 0.9101 0.1458 0.0000
vt 0.8408 0.1964 0.0000
vt 0.8281 0.2017 0.0000
vt 0.8212 0.1671 0.0000
vt 0.7919 0.1475 0.0000
vt 0.8016 0.1378 0.0000
vt 0.8505 0.1867 0.0000
vt 0.7866 0.1602 0.0000
vt 0.8558 0.1602 0.0000
vt 0.8558 0.1740 0.0000
vt 0.7866 0.1740 0.0000
vt 0.8505 0.1475 0.0000
vt 0.7919 0.1867 0.0000
vt 0.8408 0.1378 0.0000
vt 0.8016 0.1964 0.0000
vt 0.8281 0.1325 0.0000
vt 0.8143 0.2017 0.0000
vt 0.8143 0.1325 0.0000
vt 0.6840 0.4702 0.0000
vt 0.6840 0.4755 0.0000
vt 0.6787 0.4755 0.0000
vt 0.6787 0.4702 0.0000
vt 0.6893 0.4755 0.0000
vt 0.6893 0.4702 0.0000
vt 0.6899 0.4599 0.0000
vt 0.6894 0.4599 0.0000
vt 0.6894 0.3947 0.0000
vt 0.6899 0.3947 0.0000
vt 0.6890 0.4599 0.0000
vt 0.6890 0.3947 0.0000
vt 0.6903 0.3947 0.0000
vt 0.6903 0.4599 0.0000
vt 0.7260 0.4581 0.0000
vt 0.7258 0.4479 0.0000
vt 0.7262 0.4533 0.0000
vt 0.7252 0.4638 0.0000
vt 0.7248 0.4422 0.0000
vt 0.7230 0.4685 0.0000
vt 0.7233 0.4364 0.0000
vt 0.7215 0.4307 0.0000
vt 0.7190 0.4704 0.0000
vt 0.7205 0.4676 0.0000
vt 0.7208 0.4671 0.0000
vt 0.7210 0.4663 0.0000
vt 0.7213 0.4647 0.0000
vt 0.7215 0.4632 0.0000
vt 0.7216 0.4617 0.0000
vt 0.7216 0.4602 0.0000
vt 0.7213 0.4531 0.0000
vt 0.7169 0.4208 0.0000
vt 0.7204 0.4464 0.0000
vt 0.7203 0.4679 0.0000
vt 0.7188 0.4399 0.0000
vt 0.7201 0.4680 0.0000
vt 0.7197 0.4676 0.0000
vt 0.7195 0.4667 0.0000
vt 0.7193 0.4657 0.0000
vt 0.7191 0.4652 0.0000
vt 0.7190 0.4650 0.0000
vt 0.7185 0.4701 0.0000
vt 0.7189 0.4649 0.0000
vt 0.7187 0.4648 0.0000
vt 0.7166 0.4333 0.0000
vt 0.7185 0.4648 0.0000
vt 0.7184 0.4648 0.0000
vt 0.7181 0.4693 0.0000
vt 0.7183 0.4648 0.0000
vt 0.7181 0.4649 0.0000
vt 0.7179 0.4651 0.0000
vt 0.7179 0.4681 0.0000
vt 0.7179 0.4654 0.0000
vt 0.7179 0.4658 0.0000
vt 0.7179 0.4669 0.0000
vt 0.7179 0.4663 0.0000
vt 0.7094 0.4098 0.0000
vt 0.7121 0.4235 0.0000
vt 0.7057 0.4141 0.0000
vt 0.7083 0.4408 0.0000
vt 0.7087 0.4381 0.0000
vt 0.7104 0.4397 0.0000
vt 0.6998 0.4009 0.0000
vt 0.7069 0.4372 0.0000
vt 0.7051 0.4416 0.0000
vt 0.7048 0.4367 0.0000
vt 0.6979 0.4069 0.0000
vt 0.7019 0.4421 0.0000
vt 0.7025 0.4365 0.0000
vt 0.7013 0.4364 0.0000
vt 0.7002 0.4423 0.0000
vt 0.7002 0.4363 0.0000
vt 0.6972 0.4424 0.0000
vt 0.6990 0.4362 0.0000
vt 0.6888 0.3972 0.0000
vt 0.6978 0.4361 0.0000
vt 0.6887 0.4041 0.0000
vt 0.6978 0.4351 0.0000
vt 0.6975 0.4296 0.0000
vt 0.6962 0.4225 0.0000
vt 0.6962 0.4474 0.0000
vt 0.6951 0.4514 0.0000
vt 0.6935 0.4165 0.0000
vt 0.6937 0.4548 0.0000
vt 0.6919 0.4576 0.0000
vt 0.6920 0.4352 0.0000
vt 0.6920 0.4345 0.0000
vt 0.6916 0.4299 0.0000
vt 0.6889 0.4139 0.0000
vt 0.6920 0.4356 0.0000
vt 0.6920 0.4360 0.0000
vt 0.6919 0.4365 0.0000
vt 0.6911 0.4587 0.0000
vt 0.6918 0.4427 0.0000
vt 0.6756 0.4364 0.0000
vt 0.6913 0.4482 0.0000
vt 0.6774 0.4434 0.0000
vt 0.6907 0.4252 0.0000
vt 0.6906 0.4532 0.0000
vt 0.6902 0.4595 0.0000
vt 0.6895 0.4214 0.0000
vt 0.6895 0.4568 0.0000
vt 0.6894 0.4600 0.0000
vt 0.6881 0.4191 0.0000
vt 0.6878 0.4582 0.0000
vt 0.6885 0.4601 0.0000
vt 0.6874 0.4144 0.0000
vt 0.6800 0.3997 0.0000
vt 0.6808 0.4069 0.0000
vt 0.6868 0.4598 0.0000
vt 0.6874 0.4197 0.0000
vt 0.6863 0.4577 0.0000
vt 0.6857 0.4156 0.0000
vt 0.6866 0.4205 0.0000
vt 0.6851 0.4589 0.0000
vt 0.6857 0.4214 0.0000
vt 0.6847 0.4563 0.0000
vt 0.6844 0.4172 0.0000
vt 0.6848 0.4223 0.0000
vt 0.6835 0.4577 0.0000
vt 0.6844 0.4216 0.0000
vt 0.6831 0.4545 0.0000
vt 0.6841 0.4208 0.0000
vt 0.6838 0.4191 0.0000
vt 0.6839 0.4199 0.0000
vt 0.6820 0.4565 0.0000
vt 0.6818 0.4527 0.0000
vt 0.6801 0.4545 0.0000
vt 0.6804 0.4508 0.0000
vt 0.6764 0.4136 0.0000
vt 0.6791 0.4484 0.0000
vt 0.6779 0.4517 0.0000
vt 0.6737 0.4062 0.0000
vt 0.6781 0.4459 0.0000
vt 0.6753 0.4479 0.0000
vt 0.6744 0.4219 0.0000
vt 0.6748 0.4345 0.0000
vt 0.6724 0.4433 0.0000
vt 0.6743 0.4326 0.0000
vt 0.6740 0.4293 0.0000
vt 0.6741 0.4308 0.0000
vt 0.6700 0.4152 0.0000
vt 0.6708 0.4430 0.0000
vt 0.6692 0.4426 0.0000
vt 0.6699 0.4362 0.0000
vt 0.6688 0.4253 0.0000
vt 0.6693 0.4363 0.0000
vt 0.6695 0.4335 0.0000
vt 0.6692 0.4308 0.0000
vt 0.6687 0.4365 0.0000
vt 0.6678 0.4421 0.0000
vt 0.6689 0.4280 0.0000
vt 0.6679 0.4367 0.0000
vt 0.6668 0.4371 0.0000
vt 0.6667 0.4414 0.0000
vt 0.6667 0.4377 0.0000
vt 0.6666 0.4383 0.0000
vt 0.6665 0.4397 0.0000
vt 0.6665 0.4390 0.0000
vt 0.7140 0.4401 0.0000
vt 0.7164 0.4364 0.0000
vt 0.7168 0.4371 0.0000
vt 0.7158 0.4360 0.0000
vt 0.7147 0.4360 0.0000
vt 0.7132 0.4363 0.0000
vt 0.7117 0.4314 0.0000
vt 0.7125 0.4237 0.0000
vt 0.7142 0.4267 0.0000
vt 0.7076 0.4441 0.0000
vt 0.7115 0.4373 0.0000
vt 0.7087 0.4222 0.0000
vt 0.7062 0.4368 0.0000
vt 0.7092 0.4262 0.0000
vt 0.7087 0.4392 0.0000
vt 0.7083 0.4279 0.0000
vt 0.7088 0.4255 0.0000
vt 0.7080 0.4253 0.0000
vt 0.7065 0.4404 0.0000
vt 0.7050 0.4218 0.0000
vt 0.7063 0.4299 0.0000
vt 0.7071 0.4253 0.0000
vt 0.6999 0.4461 0.0000
vt 0.7042 0.4256 0.0000
vt 0.7039 0.4416 0.0000
vt 0.7044 0.4314 0.0000
vt 0.7005 0.4414 0.0000
vt 0.6972 0.4249 0.0000
vt 0.7021 0.4328 0.0000
vt 0.7018 0.4267 0.0000
vt 0.7011 0.4420 0.0000
vt 0.6988 0.4346 0.0000
vt 0.6998 0.4284 0.0000
vt 0.7008 0.4420 0.0000
vt 0.7005 0.4420 0.0000
vt 0.7004 0.4415 0.0000
vt 0.7003 0.4418 0.0000
vt 0.7003 0.4416 0.0000
vt 0.7003 0.4417 0.0000
vt 0.6981 0.4459 0.0000
vt 0.6981 0.4308 0.0000
vt 0.6964 0.4357 0.0000
vt 0.6970 0.4332 0.0000
vt 0.6963 0.4454 0.0000
vt 0.6919 0.4315 0.0000
vt 0.6945 0.4447 0.0000
vt 0.6853 0.4480 0.0000
vt 0.6898 0.4394 0.0000
vt 0.6899 0.4389 0.0000
vt 0.6900 0.4383 0.0000
vt 0.6900 0.4378 0.0000
vt 0.6826 0.4417 0.0000
vt 0.6785 0.4496 0.0000
vt 0.6766 0.4432 0.0000
vt 0.6751 0.4501 0.0000
vt 0.6697 0.4449 0.0000
vt 0.6722 0.4494 0.0000
vt 0.6701 0.4477 0.0000
vt 0.6691 0.4451 0.0000
vt 0.7053 0.4321 0.0000
vt 0.7056 0.4260 0.0000
vt 0.7056 0.4268 0.0000
vt 0.7054 0.4251 0.0000
vt 0.7051 0.4237 0.0000
vt 0.7046 0.4363 0.0000
vt 0.7041 0.4228 0.0000
vt 0.7041 0.4396 0.0000
vt 0.7040 0.4407 0.0000
vt 0.7028 0.4218 0.0000
vt 0.7037 0.4413 0.0000
vt 0.7030 0.4416 0.0000
vt 0.7017 0.4408 0.0000
vt 0.7015 0.4213 0.0000
vt 0.7006 0.4392 0.0000
vt 0.7007 0.4221 0.0000
vt 0.7001 0.4237 0.0000
vt 0.6997 0.4373 0.0000
vt 0.6998 0.4254 0.0000
vt 0.6997 0.4279 0.0000
vt 0.6997 0.4296 0.0000
vt 0.6956 0.4391 0.0000
vt 0.6995 0.4324 0.0000
vt 0.6996 0.4320 0.0000
vt 0.6996 0.4317 0.0000
vt 0.6996 0.4313 0.0000
vt 0.6990 0.4328 0.0000
vt 0.6980 0.4331 0.0000
vt 0.6964 0.4333 0.0000
vt 0.6961 0.4332 0.0000
vt 0.6958 0.4330 0.0000
vt 0.6957 0.4326 0.0000
vt 0.6957 0.4271 0.0000
vt 0.6955 0.4261 0.0000
vt 0.6955 0.4398 0.0000
vt 0.6949 0.4258 0.0000
vt 0.6952 0.4404 0.0000
vt 0.6950 0.4410 0.0000
vt 0.6945 0.4412 0.0000
vt 0.6941 0.4257 0.0000
vt 0.6940 0.4413 0.0000
vt 0.6934 0.4257 0.0000
vt 0.6935 0.4414 0.0000
vt 0.6929 0.4413 0.0000
vt 0.6927 0.4257 0.0000
vt 0.6923 0.4411 0.0000
vt 0.6920 0.4260 0.0000
vt 0.6916 0.4408 0.0000
vt 0.6916 0.4265 0.0000
vt 0.6893 0.4417 0.0000
vt 0.6914 0.4350 0.0000
vt 0.6914 0.4349 0.0000
vt 0.6915 0.4284 0.0000
vt 0.6914 0.4313 0.0000
vt 0.6913 0.4352 0.0000
vt 0.6911 0.4353 0.0000
vt 0.6894 0.4358 0.0000
vt 0.6878 0.4364 0.0000
vt 0.6872 0.4424 0.0000
vt 0.6861 0.4371 0.0000
vt 0.6874 0.4275 0.0000
vt 0.6871 0.4258 0.0000
vt 0.6874 0.4267 0.0000
vt 0.6873 0.4283 0.0000
vt 0.6873 0.4291 0.0000
vt 0.6868 0.4332 0.0000
vt 0.6853 0.4427 0.0000
vt 0.6862 0.4251 0.0000
vt 0.6863 0.4359 0.0000
vt 0.6852 0.4248 0.0000
vt 0.6822 0.4420 0.0000
vt 0.6848 0.4249 0.0000
vt 0.6844 0.4250 0.0000
vt 0.6841 0.4253 0.0000
vt 0.6821 0.4280 0.0000
vt 0.6799 0.4401 0.0000
vt 0.6800 0.4320 0.0000
vt 0.6790 0.4367 0.0000
vt 0.7014 0.4223 0.0000
vt 0.6994 0.4188 0.0000
vt 0.7017 0.4218 0.0000
vt 0.7008 0.4225 0.0000
vt 0.7001 0.4226 0.0000
vt 0.6998 0.4226 0.0000
vt 0.6989 0.4223 0.0000
vt 0.6931 0.4154 0.0000
vt 0.6932 0.4207 0.0000
vt 0.6922 0.4334 0.0000
vt 0.6933 0.4278 0.0000
vt 0.6959 0.4307 0.0000
vt 0.6876 0.4240 0.0000
vt 0.6887 0.4195 0.0000
vt 0.6840 0.4138 0.0000
vt 0.6847 0.4352 0.0000
vt 0.6878 0.4296 0.0000
vt 0.6878 0.4294 0.0000
vt 0.6831 0.4191 0.0000
vt 0.6842 0.4273 0.0000
vt 0.6875 0.4297 0.0000
vt 0.6817 0.4200 0.0000
vt 0.6870 0.4299 0.0000
vt 0.6843 0.4301 0.0000
vt 0.6784 0.4358 0.0000
vt 0.6797 0.4303 0.0000
vt 0.6776 0.4238 0.0000
vt 0.6794 0.4145 0.0000
vt 0.6820 0.4191 0.0000
vt 0.6814 0.4192 0.0000
vt 0.6815 0.4198 0.0000
vt 0.6812 0.4196 0.0000
vt 0.6811 0.4195 0.0000
vt 0.6760 0.4307 0.0000
vt 0.6756 0.4164 0.0000
vt 0.6761 0.4356 0.0000
vt 0.6740 0.4195 0.0000
vt 0.6736 0.4347 0.0000
vt 0.6746 0.4310 0.0000
vt 0.6732 0.4316 0.0000
vt 0.6725 0.4329 0.0000
vt 0.7067 0.4417 0.0000
vt 0.7069 0.4340 0.0000
vt 0.7071 0.4376 0.0000
vt 0.7064 0.4308 0.0000
vt 0.7046 0.4487 0.0000
vt 0.7058 0.4281 0.0000
vt 0.7057 0.4276 0.0000
vt 0.7053 0.4274 0.0000
vt 0.7047 0.4273 0.0000
vt 0.7039 0.4275 0.0000
vt 0.6996 0.4524 0.0000
vt 0.7011 0.4460 0.0000
vt 0.7014 0.4440 0.0000
vt 0.7034 0.4281 0.0000
vt 0.7018 0.4402 0.0000
vt 0.7030 0.4289 0.0000
vt 0.7028 0.4297 0.0000
vt 0.7027 0.4306 0.0000
vt 0.7026 0.4314 0.0000
vt 0.7022 0.4353 0.0000
vt 0.7007 0.4473 0.0000
vt 0.7003 0.4482 0.0000
vt 0.7002 0.4483 0.0000
vt 0.7001 0.4484 0.0000
vt 0.7000 0.4484 0.0000
vt 0.6999 0.4483 0.0000
vt 0.6999 0.4482 0.0000
vt 0.6990 0.4457 0.0000
vt 0.6971 0.4518 0.0000
vt 0.6986 0.4433 0.0000
vt 0.6983 0.4406 0.0000
vt 0.6958 0.4301 0.0000
vt 0.6958 0.4490 0.0000
vt 0.6953 0.4427 0.0000
vt 0.6949 0.4385 0.0000
vt 0.6937 0.4339 0.0000
vt 0.6909 0.4280 0.0000
vt 0.6937 0.4475 0.0000
vt 0.6938 0.4414 0.0000
vt 0.6941 0.4444 0.0000
vt 0.6931 0.4381 0.0000
vt 0.6923 0.4501 0.0000
vt 0.6916 0.4317 0.0000
vt 0.6918 0.4349 0.0000
vt 0.6895 0.4512 0.0000
vt 0.6912 0.4482 0.0000
vt 0.6913 0.4471 0.0000
vt 0.6917 0.4348 0.0000
vt 0.6916 0.4347 0.0000
vt 0.6915 0.4347 0.0000
vt 0.6893 0.4344 0.0000
vt 0.6913 0.4347 0.0000
vt 0.6909 0.4442 0.0000
vt 0.6911 0.4348 0.0000
vt 0.6907 0.4491 0.0000
vt 0.6910 0.4349 0.0000
vt 0.6904 0.4358 0.0000
vt 0.6851 0.4304 0.0000
vt 0.6900 0.4415 0.0000
vt 0.6895 0.4494 0.0000
vt 0.6898 0.4373 0.0000
vt 0.6895 0.4391 0.0000
vt 0.6863 0.4495 0.0000
vt 0.6882 0.4485 0.0000
vt 0.6880 0.4397 0.0000
vt 0.6877 0.4461 0.0000
vt 0.6876 0.4434 0.0000
vt 0.6836 0.4452 0.0000
vt 0.6828 0.4353 0.0000
vt 0.6824 0.4393 0.0000
vt 0.7145 0.4495 0.0000
vt 0.7160 0.4396 0.0000
vt 0.7164 0.4426 0.0000
vt 0.7149 0.4374 0.0000
vt 0.7135 0.4363 0.0000
vt 0.7101 0.4548 0.0000
vt 0.7135 0.4361 0.0000
vt 0.7131 0.4343 0.0000
vt 0.7135 0.4360 0.0000
vt 0.7135 0.4362 0.0000
vt 0.7113 0.4470 0.0000
vt 0.7118 0.4326 0.0000
vt 0.7106 0.4373 0.0000
vt 0.7103 0.4359 0.0000
vt 0.7095 0.4318 0.0000
vt 0.7100 0.4503 0.0000
vt 0.7112 0.4469 0.0000
vt 0.7110 0.4469 0.0000
vt 0.7109 0.4469 0.0000
vt 0.7089 0.4489 0.0000
vt 0.7093 0.4415 0.0000
vt 0.7097 0.4354 0.0000
vt 0.7049 0.4570 0.0000
vt 0.7077 0.4524 0.0000
vt 0.7087 0.4354 0.0000
vt 0.7038 0.4345 0.0000
vt 0.7063 0.4455 0.0000
vt 0.7067 0.4511 0.0000
vt 0.7049 0.4375 0.0000
vt 0.7049 0.4534 0.0000
vt 0.7049 0.4527 0.0000
vt 0.7023 0.4489 0.0000
vt 0.7034 0.4567 0.0000
vt 0.7049 0.4533 0.0000
vt 0.7049 0.4528 0.0000
vt 0.7025 0.4421 0.0000
vt 0.7048 0.4532 0.0000
vt 0.7048 0.4529 0.0000
vt 0.7048 0.4531 0.0000
vt 0.6992 0.4405 0.0000
vt 0.7019 0.4561 0.0000
vt 0.7017 0.4467 0.0000
vt 0.7020 0.4488 0.0000
vt 0.7018 0.4486 0.0000
vt 0.7005 0.4551 0.0000
vt 0.7017 0.4483 0.0000
vt 0.7001 0.4552 0.0000
vt 0.6996 0.4552 0.0000
vt 0.6992 0.4553 0.0000
vt 0.6977 0.4549 0.0000
vt 0.6979 0.4512 0.0000
vt 0.6973 0.4465 0.0000
vt 0.6970 0.4519 0.0000
vt 0.6976 0.4497 0.0000
vt 0.6965 0.4542 0.0000
vt 0.6973 0.4481 0.0000
vt 0.6964 0.4525 0.0000
vt 0.6960 0.4534 0.0000
vt 0.6999 0.4149 0.0000
vt 0.6994 0.4126 0.0000
vt 0.6999 0.4146 0.0000
vt 0.6997 0.4150 0.0000
vt 0.6994 0.4151 0.0000
vt 0.6930 0.4158 0.0000
vt 0.6979 0.4117 0.0000
vt 0.6955 0.4114 0.0000
vt 0.6894 0.4112 0.0000
vt 0.6889 0.4162 0.0000
vt 0.6833 0.4108 0.0000
vt 0.6868 0.4163 0.0000
vt 0.6839 0.4165 0.0000
vt 0.6818 0.4165 0.0000
vt 0.6772 0.4107 0.0000
vt 0.6790 0.4166 0.0000
vt 0.6777 0.4163 0.0000
vt 0.6760 0.4159 0.0000
vt 0.6760 0.4109 0.0000
vt 0.6751 0.4151 0.0000
vt 0.6750 0.4116 0.0000
vt 0.6748 0.4144 0.0000
vt 0.6746 0.4130 0.0000
vt 0.6747 0.4137 0.0000
vt 0.6786 0.4515 0.0000
vt 0.6765 0.4553 0.0000
vt 0.6765 0.4437 0.0000
vt 0.6785 0.4466 0.0000
vt 0.6750 0.4553 0.0000
vt 0.6750 0.4437 0.0000
vt 0.7077 0.4465 0.0000
vt 0.6986 0.4431 0.0000
vt 0.7109 0.4353 0.0000
vt 0.7109 0.4499 0.0000
vt 0.7091 0.4499 0.0000
vt 0.7091 0.4353 0.0000
vt 0.7080 0.4386 0.0000
vt 0.6902 0.4292 0.0000
vt 0.6777 0.4321 0.0000
vt 0.7069 0.4212 0.0000
vt 0.6982 0.4216 0.0000
vt 0.7086 0.4239 0.0000
vt 0.7077 0.4143 0.0000
vt 0.7086 0.4124 0.0000
vt 0.7109 0.4124 0.0000
vt 0.7109 0.4239 0.0000
vt 0.6782 0.4095 0.0000
vt 0.6784 0.4199 0.0000
vt 0.6770 0.4053 0.0000
vt 0.6769 0.4226 0.0000
vt 0.6750 0.4226 0.0000
vt 0.6750 0.4053 0.0000
vt 0.6820 0.4491 0.0000
vt 0.6799 0.4529 0.0000
vt 0.6799 0.4413 0.0000
vt 0.6820 0.4442 0.0000
vt 0.6785 0.4529 0.0000
vt 0.6785 0.4413 0.0000
vt 0.7111 0.4441 0.0000
vt 0.7020 0.4407 0.0000
vt 0.7143 0.4329 0.0000
vt 0.7143 0.4475 0.0000
vt 0.7125 0.4475 0.0000
vt 0.7125 0.4329 0.0000
vt 0.7115 0.4362 0.0000
vt 0.6936 0.4268 0.0000
vt 0.6812 0.4297 0.0000
vt 0.7103 0.4188 0.0000
vt 0.7017 0.4192 0.0000
vt 0.7121 0.4215 0.0000
vt 0.7111 0.4119 0.0000
vt 0.7121 0.4100 0.0000
vt 0.7143 0.4100 0.0000
vt 0.7143 0.4215 0.0000
vt 0.6817 0.4071 0.0000
vt 0.6818 0.4175 0.0000
vt 0.6804 0.4029 0.0000
vt 0.6804 0.4202 0.0000
vt 0.6785 0.4202 0.0000
vt 0.6785 0.4029 0.0000
vt 0.6970 0.4171 0.0000
vt 0.6970 0.4318 0.0000
vt 0.6952 0.4318 0.0000
vt 0.6952 0.4171 0.0000
vt 0.6942 0.4204 0.0000
vt 0.6938 0.4284 0.0000
vt 0.6829 0.4204 0.0000
vt 0.6819 0.4284 0.0000
vt 0.6805 0.4204 0.0000
vt 0.6788 0.4274 0.0000
vt 0.6816 0.4172 0.0000
vt 0.6801 0.4178 0.0000
vt 0.7149 0.4263 0.0000
vt 0.7156 0.4281 0.0000
vt 0.7146 0.4292 0.0000
vt 0.7131 0.4292 0.0000
vt 0.7089 0.4308 0.0000
vt 0.7062 0.4260 0.0000
vt 0.7040 0.4215 0.0000
vt 0.7032 0.4241 0.0000
vt 0.7027 0.4225 0.0000
vt 0.6773 0.4314 0.0000
vt 0.6811 0.4322 0.0000
vt 0.6813 0.4341 0.0000
vt 0.6758 0.4358 0.0000
vt 0.7040 0.4511 0.0000
vt 0.7026 0.4451 0.0000
vt 0.7057 0.4432 0.0000
vt 0.7094 0.4460 0.0000
vt 0.6978 0.4535 0.0000
vt 0.6976 0.4458 0.0000
vt 0.6777 0.4479 0.0000
vt 0.6840 0.4402 0.0000
vt 0.6868 0.4428 0.0000
vt 0.6831 0.4516 0.0000
vt 0.7131 0.4389 0.0000
vt 0.7097 0.4366 0.0000
vt 0.6932 0.4455 0.0000
vt 0.6897 0.4539 0.0000
vt 0.6756 0.4408 0.0000
vt 0.6830 0.4385 0.0000
vt 0.7116 0.4426 0.0000
vt 0.7083 0.4402 0.0000
vt 0.7104 0.4220 0.0000
vt 0.7104 0.4162 0.0000
vt 0.7158 0.4162 0.0000
vt 0.7104 0.4437 0.0000
vt 0.7104 0.4379 0.0000
vt 0.7158 0.4437 0.0000
vt 0.6745 0.4220 0.0000
vt 0.6745 0.4379 0.0000
vt 0.7000 0.4408 0.0000
vt 0.6842 0.4278 0.0000
vt 0.6958 0.4196 0.0000
vt 0.7130 0.4337 0.0000
vt 0.7116 0.4245 0.0000
vt 0.7150 0.4220 0.0000
vt 0.7168 0.4249 0.0000
vt 0.7130 0.4267 0.0000
vt 0.7176 0.4293 0.0000
vt 0.7137 0.4297 0.0000
vt 0.7173 0.4340 0.0000
vt 0.7048 0.4424 0.0000
vt 0.7144 0.4387 0.0000
vt 0.7096 0.4417 0.0000
vt 0.6834 0.4350 0.0000
vt 0.6858 0.4376 0.0000
vt 0.6823 0.4412 0.0000
vt 0.6786 0.4372 0.0000
vt 0.6824 0.4309 0.0000
vt 0.6765 0.4313 0.0000
vt 0.6782 0.4248 0.0000
vt 0.6914 0.4184 0.0000
vt 0.6815 0.4213 0.0000
vt 0.6856 0.4187 0.0000
vt 0.6965 0.4379 0.0000
vt 0.6808 0.4249 0.0000
vt 0.6924 0.4167 0.0000
vt 0.7095 0.4309 0.0000
vt 0.7081 0.4217 0.0000
vt 0.7115 0.4191 0.0000
vt 0.7133 0.4220 0.0000
vt 0.7095 0.4238 0.0000
vt 0.7142 0.4264 0.0000
vt 0.7103 0.4268 0.0000
vt 0.7138 0.4311 0.0000
vt 0.7013 0.4396 0.0000
vt 0.7109 0.4358 0.0000
vt 0.7061 0.4388 0.0000
vt 0.6799 0.4321 0.0000
vt 0.6823 0.4348 0.0000
vt 0.6789 0.4383 0.0000
vt 0.6752 0.4344 0.0000
vt 0.6790 0.4280 0.0000
vt 0.6730 0.4284 0.0000
vt 0.6747 0.4219 0.0000
vt 0.6880 0.4155 0.0000
vt 0.6780 0.4184 0.0000
vt 0.6822 0.4159 0.0000
vt 0.7135 0.4396 0.0000
vt 0.6722 0.4396 0.0000
vt 0.6722 0.4236 0.0000
vt 0.7135 0.4236 0.0000
vt 0.6743 0.4293 0.0000
vt 0.6760 0.4233 0.0000
vt 0.6805 0.4269 0.0000
vt 0.6797 0.4297 0.0000
vt 0.7158 0.4169 0.0000
vt 0.7158 0.4222 0.0000
vt 0.6868 0.4222 0.0000
vt 0.6847 0.4169 0.0000
vt 0.7158 0.4297 0.0000
vt 0.7158 0.4436 0.0000
vt 0.6847 0.4439 0.0000
vt 0.6798 0.4194 0.0000
vt 0.6844 0.4230 0.0000
vt 0.6798 0.4423 0.0000
vt 0.6760 0.4382 0.0000
vt 0.6743 0.4339 0.0000
vt 0.6731 0.4433 0.0000
vt 0.6742 0.4271 0.0000
vt 0.6796 0.4271 0.0000
vt 0.6768 0.4224 0.0000
vt 0.6814 0.4173 0.0000
vt 0.6849 0.4200 0.0000
vt 0.6816 0.4237 0.0000
vt 0.6870 0.4137 0.0000
vt 0.6932 0.4124 0.0000
vt 0.6934 0.4165 0.0000
vt 0.6889 0.4174 0.0000
vt 0.7003 0.4131 0.0000
vt 0.7068 0.4166 0.0000
vt 0.7031 0.4195 0.0000
vt 0.6985 0.4170 0.0000
vt 0.7117 0.4217 0.0000
vt 0.7067 0.4232 0.0000
vt 0.7144 0.4433 0.0000
vt 0.7083 0.4271 0.0000
vt 0.7139 0.4271 0.0000
vt 0.6831 0.4451 0.0000
vt 0.6786 0.4383 0.0000
vt 0.6826 0.4383 0.0000
vt 0.6899 0.4496 0.0000
vt 0.7059 0.4496 0.0000
vt 0.7127 0.4451 0.0000
vt 0.7132 0.4383 0.0000
vt 0.7173 0.4383 0.0000
vt 0.6979 0.4093 0.0000
vt 0.7059 0.4109 0.0000
vt 0.7040 0.4161 0.0000
vt 0.6979 0.4148 0.0000
vt 0.6831 0.4155 0.0000
vt 0.6899 0.4109 0.0000
vt 0.6918 0.4161 0.0000
vt 0.6867 0.4195 0.0000
vt 0.6770 0.4303 0.0000
vt 0.6786 0.4223 0.0000
vt 0.6838 0.4247 0.0000
vt 0.6826 0.4307 0.0000
vt 0.7173 0.4223 0.0000
vt 0.7189 0.4303 0.0000
vt 0.7132 0.4307 0.0000
vt 0.7121 0.4247 0.0000
vt 0.7127 0.4155 0.0000
vt 0.7092 0.4195 0.0000
vt 0.7828 0.4977 0.0000
vt 0.7823 0.5116 0.0000
vt 0.7500 0.5116 0.0000
vt 0.7464 0.4978 0.0000
vt 0.7695 0.4914 0.0000
vt 0.7466 0.4909 0.0000
vt 0.7768 0.4915 0.0000
vt 0.7778 0.5178 0.0000
vt 0.7588 0.5178 0.0000
vt 0.7713 0.4804 0.0000
vt 0.7483 0.4799 0.0000
vt 0.7786 0.4648 0.0000
vt 0.7538 0.4643 0.0000
vt 0.7888 0.4566 0.0000
vt 0.7579 0.4405 0.0000
vt 0.7508 0.4380 0.0000
vt 0.7466 0.4618 0.0000
vt 0.7449 0.4397 0.0000
vt 0.7420 0.4565 0.0000
vt 0.7426 0.4424 0.0000
vt 0.7408 0.4525 0.0000
vt 0.7989 0.4425 0.0000
vt 0.7603 0.4339 0.0000
vt 0.8071 0.4231 0.0000
vt 0.7609 0.4207 0.0000
vt 0.8093 0.4053 0.0000
vt 0.7595 0.4128 0.0000
vt 0.8096 0.4006 0.0000
vt 0.7539 0.4091 0.0000
vt 0.8066 0.3963 0.0000
vt 0.7541 0.4024 0.0000
vt 0.7943 0.3909 0.0000
vt 0.7567 0.3955 0.0000
vt 0.7656 0.3707 0.0000
vt 0.7313 0.3822 0.0000
vt 0.7324 0.3711 0.0000
vt 0.7588 0.3631 0.0000
vt 0.7671 0.3783 0.0000
vt 0.7360 0.3906 0.0000
vt 0.7611 0.3872 0.0000
vt 0.7429 0.3961 0.0000
vt 0.7505 0.3974 0.0000
vt 0.7387 0.3632 0.0000
vt 0.7461 0.3599 0.0000
vt 0.7991 0.3879 0.0000
vt 0.7722 0.3701 0.0000
vt 0.8035 0.3720 0.0000
vt 0.8029 0.3817 0.0000
vt 0.7685 0.3574 0.0000
vt 0.9067 0.2983 0.0000
vt 0.8573 0.3271 0.0000
vt 0.9034 0.2910 0.0000
vt 0.9106 0.3223 0.0000
vt 0.9096 0.3100 0.0000
vt 0.9069 0.3487 0.0000
vt 0.9100 0.3344 0.0000
vt 0.8995 0.3632 0.0000
vt 0.9026 0.3596 0.0000
vt 0.8956 0.3647 0.0000
vt 0.8902 0.3647 0.0000
vt 0.9004 0.2879 0.0000
vt 0.8970 0.2859 0.0000
vt 0.8919 0.2857 0.0000
vt 0.8710 0.3910 0.0000
vt 0.8837 0.3731 0.0000
vt 0.8809 0.3839 0.0000
vt 0.8126 0.3940 0.0000
vt 0.8919 0.3742 0.0000
vt 0.8892 0.3782 0.0000
vt 0.8921 0.3697 0.0000
vt 0.8413 0.3984 0.0000
vt 0.8595 0.3961 0.0000
vt 0.8272 0.3980 0.0000
vt 0.8240 0.2502 0.0000
vt 0.8135 0.2525 0.0000
vt 0.8418 0.2489 0.0000
vt 0.8333 0.2493 0.0000
vt 0.8654 0.2550 0.0000
vt 0.8559 0.2518 0.0000
vt 0.8850 0.2676 0.0000
vt 0.8757 0.2600 0.0000
vt 0.8013 0.2584 0.0000
vt 0.8922 0.2743 0.0000
vt 0.8939 0.2774 0.0000
vt 0.8937 0.2814 0.0000
vt 0.7500 0.1366 0.0000
vt 0.7810 0.1366 0.0000
vt 0.7815 0.1506 0.0000
vt 0.7459 0.1504 0.0000
vt 0.7682 0.1569 0.0000
vt 0.7460 0.1573 0.0000
vt 0.7755 0.1567 0.0000
vt 0.7575 0.1311 0.0000
vt 0.7765 0.1311 0.0000
vt 0.7696 0.1678 0.0000
vt 0.7478 0.1683 0.0000
vt 0.7761 0.1824 0.0000
vt 0.7534 0.1850 0.0000
vt 0.7869 0.1916 0.0000
vt 0.7566 0.2078 0.0000
vt 0.7495 0.2103 0.0000
vt 0.7453 0.1865 0.0000
vt 0.7436 0.2085 0.0000
vt 0.7407 0.1918 0.0000
vt 0.7413 0.2058 0.0000
vt 0.7395 0.1957 0.0000
vt 0.7970 0.2057 0.0000
vt 0.7590 0.2143 0.0000
vt 0.8049 0.2220 0.0000
vt 0.7596 0.2275 0.0000
vt 0.8073 0.2339 0.0000
vt 0.7582 0.2354 0.0000
vt 0.8079 0.2472 0.0000
vt 0.7526 0.2391 0.0000
vt 0.8051 0.2511 0.0000
vt 0.7930 0.2573 0.0000
vt 0.7455 0.3100 0.0000
vt 0.7505 0.3016 0.0000
vt 0.7055 0.3377 0.0000
vt 0.7073 0.3354 0.0000
vt 0.7132 0.3364 0.0000
vt 0.7112 0.3394 0.0000
vt 0.6889 0.3649 0.0000
vt 0.6897 0.3691 0.0000
vt 0.6858 0.3714 0.0000
vt 0.6841 0.3654 0.0000
vt 0.6886 0.3613 0.0000
vt 0.6841 0.3602 0.0000
vt 0.6900 0.3583 0.0000
vt 0.6857 0.3549 0.0000
vt 0.6921 0.3551 0.0000
vt 0.6879 0.3515 0.0000
vt 0.6961 0.3509 0.0000
vt 0.6928 0.3467 0.0000
vt 0.6997 0.3481 0.0000
vt 0.6971 0.3434 0.0000
vt 0.7036 0.3450 0.0000
vt 0.7012 0.3405 0.0000
vt 0.6929 0.3745 0.0000
vt 0.6893 0.3739 0.0000
vt 0.7081 0.3420 0.0000
vt 0.7415 0.3495 0.0000
vt 0.7414 0.3450 0.0000
vt 0.7391 0.3426 0.0000
vt 0.7380 0.3391 0.0000
vt 0.7336 0.3366 0.0000
vt 0.7428 0.3053 0.0000
vt 0.7317 0.3338 0.0000
vt 0.7409 0.3040 0.0000
vt 0.7314 0.3317 0.0000
vt 0.7285 0.3318 0.0000
vt 0.7394 0.3013 0.0000
vt 0.7260 0.3332 0.0000
vt 0.7370 0.2985 0.0000
vt 0.7148 0.3353 0.0000
vt 0.7046 0.2997 0.0000
vt 0.7072 0.2975 0.0000
vt 0.7096 0.2952 0.0000
vt 0.7172 0.3351 0.0000
vt 0.7129 0.2937 0.0000
vt 0.7221 0.3346 0.0000
vt 0.7023 0.3000 0.0000
vt 0.7043 0.3344 0.0000
vt 0.6997 0.3002 0.0000
vt 0.7016 0.3349 0.0000
vt 0.6982 0.3016 0.0000
vt 0.6986 0.3375 0.0000
vt 0.6964 0.3048 0.0000
vt 0.6957 0.3381 0.0000
vt 0.6956 0.3071 0.0000
vt 0.6901 0.3082 0.0000
vt 0.6903 0.3214 0.0000
vt 0.6935 0.3364 0.0000
vt 0.6854 0.3391 0.0000
vt 0.6841 0.3261 0.0000
vt 0.6900 0.3230 0.0000
vt 0.6846 0.3402 0.0000
vt 0.6822 0.3281 0.0000
vt 0.6821 0.3403 0.0000
vt 0.6789 0.3283 0.0000
vt 0.6867 0.3225 0.0000
vt 0.6853 0.3101 0.0000
vt 0.6840 0.3244 0.0000
vt 0.6819 0.3244 0.0000
vt 0.6404 0.3386 0.0000
vt 0.6817 0.3431 0.0000
vt 0.6804 0.3464 0.0000
vt 0.6379 0.3484 0.0000
vt 0.6781 0.3484 0.0000
vt 0.6384 0.3585 0.0000
vt 0.6459 0.3314 0.0000
vt 0.6555 0.3268 0.0000
vt 0.6764 0.3496 0.0000
vt 0.6408 0.3654 0.0000
vt 0.6447 0.3700 0.0000
vt 0.6760 0.3564 0.0000
vt 0.6739 0.3638 0.0000
vt 0.6490 0.3735 0.0000
vt 0.6703 0.3709 0.0000
vt 0.6542 0.3755 0.0000
vt 0.6664 0.3743 0.0000
vt 0.6605 0.3760 0.0000
vt 0.6536 0.3220 0.0000
vt 0.6511 0.3148 0.0000
vt 0.6506 0.3032 0.0000
vt 0.6875 0.3030 0.0000
vt 0.6528 0.2948 0.0000
vt 0.6880 0.2950 0.0000
vt 0.6876 0.2900 0.0000
vt 0.6561 0.2882 0.0000
vt 0.6854 0.2856 0.0000
vt 0.6596 0.2840 0.0000
vt 0.6805 0.2822 0.0000
vt 0.6641 0.2815 0.0000
vt 0.6698 0.2796 0.0000
vt 0.6750 0.2800 0.0000
vt 0.7421 0.3001 0.0000
vt 0.7458 0.3012 0.0000
vt 0.7405 0.2365 0.0000
vt 0.7383 0.2362 0.0000
vt 0.7363 0.2374 0.0000
vt 0.7350 0.2397 0.0000
vt 0.7291 0.2623 0.0000
vt 0.7111 0.2895 0.0000
vt 0.7106 0.2843 0.0000
vt 0.7122 0.2799 0.0000
vt 0.7141 0.2783 0.0000
vt 0.7137 0.2746 0.0000
vt 0.7147 0.2720 0.0000
vt 0.7183 0.2699 0.0000
vt 0.7186 0.2668 0.0000
vt 0.7214 0.2639 0.0000
vt 0.7245 0.2624 0.0000
vt 0.6928 0.4101 0.0000
vt 0.6910 0.4101 0.0000
vt 0.6910 0.4084 0.0000
vt 0.6928 0.4084 0.0000
vt 0.6928 0.4413 0.0000
vt 0.6910 0.4413 0.0000
vt 0.6910 0.4465 0.0000
vt 0.6928 0.4465 0.0000
vt 0.8550 0.4690 0.0000
vt 0.8541 0.4683 0.0000
vt 0.8555 0.4665 0.0000
vt 0.8564 0.4671 0.0000
vt 0.6928 0.4517 0.0000
vt 0.6910 0.4517 0.0000
vt 0.6910 0.4491 0.0000
vt 0.6928 0.4491 0.0000
vt 0.6928 0.4496 0.0000
vt 0.6910 0.4496 0.0000
vt 0.6910 0.4497 0.0000
vt 0.6928 0.4497 0.0000
vt 0.6928 0.4300 0.0000
vt 0.6910 0.4300 0.0000
vt 0.6910 0.4299 0.0000
vt 0.6928 0.4299 0.0000
vt 0.8546 0.4695 0.0000
vt 0.8537 0.4688 0.0000
vt 0.8508 0.4727 0.0000
vt 0.8517 0.4734 0.0000
vt 0.6986 0.4222 0.0000
vt 0.6968 0.4222 0.0000
vt 0.6968 0.4232 0.0000
vt 0.6986 0.4232 0.0000
vt 0.6928 0.4073 0.0000
vt 0.6910 0.4073 0.0000
vt 0.6910 0.4070 0.0000
vt 0.6928 0.4070 0.0000
vt 0.6948 0.4288 0.0000
vt 0.6930 0.4288 0.0000
vt 0.6930 0.4320 0.0000
vt 0.6948 0.4320 0.0000
vt 0.8583 0.4628 0.0000
vt 0.8592 0.4635 0.0000
vt 0.6928 0.4379 0.0000
vt 0.6910 0.4379 0.0000
vt 0.6910 0.4388 0.0000
vt 0.6928 0.4388 0.0000
vt 0.6928 0.4456 0.0000
vt 0.6910 0.4456 0.0000
vt 0.6910 0.4434 0.0000
vt 0.6928 0.4434 0.0000
vt 0.8587 0.4642 0.0000
vt 0.8578 0.4635 0.0000
vt 0.6928 0.4430 0.0000
vt 0.6910 0.4430 0.0000
vt 0.6910 0.4431 0.0000
vt 0.6928 0.4431 0.0000
vt 0.6928 0.4577 0.0000
vt 0.6910 0.4577 0.0000
vt 0.6910 0.4574 0.0000
vt 0.6928 0.4574 0.0000
vt 0.8599 0.4607 0.0000
vt 0.8608 0.4613 0.0000
vt 0.6928 0.4407 0.0000
vt 0.6910 0.4407 0.0000
vt 0.6910 0.4417 0.0000
vt 0.6928 0.4417 0.0000
vt 0.8624 0.4593 0.0000
vt 0.8615 0.4586 0.0000
vt 0.6928 0.4422 0.0000
vt 0.6910 0.4422 0.0000
vt 0.6910 0.4416 0.0000
vt 0.6928 0.4416 0.0000
vt 0.6928 0.4501 0.0000
vt 0.6910 0.4501 0.0000
vt 0.6910 0.4502 0.0000
vt 0.6928 0.4502 0.0000
vt 0.6928 0.4446 0.0000
vt 0.6910 0.4446 0.0000
vt 0.6910 0.4463 0.0000
vt 0.6928 0.4463 0.0000
vt 0.8589 0.4639 0.0000
vt 0.8580 0.4633 0.0000
vt 0.8568 0.4648 0.0000
vt 0.8577 0.4655 0.0000
vt 0.6928 0.4316 0.0000
vt 0.6910 0.4316 0.0000
vt 0.6910 0.4332 0.0000
vt 0.6928 0.4332 0.0000
vt 0.8634 0.4580 0.0000
vt 0.8625 0.4573 0.0000
vt 0.6928 0.4504 0.0000
vt 0.6910 0.4504 0.0000
vt 0.6910 0.4471 0.0000
vt 0.6928 0.4471 0.0000
vt 0.6928 0.4354 0.0000
vt 0.6910 0.4354 0.0000
vt 0.6910 0.4372 0.0000
vt 0.6928 0.4372 0.0000
vt 0.8616 0.4603 0.0000
vt 0.8607 0.4596 0.0000
vt 0.8621 0.4578 0.0000
vt 0.8630 0.4585 0.0000
vt 0.6928 0.4483 0.0000
vt 0.6910 0.4483 0.0000
vt 0.6910 0.4487 0.0000
vt 0.6928 0.4487 0.0000
vt 0.8643 0.4568 0.0000
vt 0.8634 0.4561 0.0000
vt 0.6928 0.4455 0.0000
vt 0.6910 0.4455 0.0000
vt 0.6910 0.4460 0.0000
vt 0.6928 0.4460 0.0000
vt 0.6928 0.4392 0.0000
vt 0.6910 0.4392 0.0000
vt 0.8636 0.4559 0.0000
vt 0.8645 0.4566 0.0000
vt 0.6910 0.4426 0.0000
vt 0.6928 0.4426 0.0000
vt 0.6948 0.4155 0.0000
vt 0.6930 0.4155 0.0000
vt 0.6930 0.4129 0.0000
vt 0.6948 0.4129 0.0000
vt 0.8662 0.4544 0.0000
vt 0.8653 0.4537 0.0000
vt 0.8678 0.4503 0.0000
vt 0.8687 0.4510 0.0000
vt 0.6928 0.4380 0.0000
vt 0.6910 0.4380 0.0000
vt 0.6910 0.4357 0.0000
vt 0.6928 0.4357 0.0000
vt 0.8583 0.4647 0.0000
vt 0.8574 0.4640 0.0000
vt 0.8561 0.4657 0.0000
vt 0.8570 0.4664 0.0000
vt 0.6928 0.4423 0.0000
vt 0.6910 0.4423 0.0000
vt 0.6910 0.4421 0.0000
vt 0.6928 0.4421 0.0000
vt 0.6928 0.4481 0.0000
vt 0.6910 0.4481 0.0000
vt 0.8545 0.4678 0.0000
vt 0.8554 0.4685 0.0000
vt 0.6928 0.4507 0.0000
vt 0.6910 0.4507 0.0000
vt 0.6910 0.4505 0.0000
vt 0.6928 0.4505 0.0000
vt 0.6928 0.4500 0.0000
vt 0.6910 0.4500 0.0000
vt 0.6910 0.4498 0.0000
vt 0.6928 0.4498 0.0000
vt 0.6948 0.4200 0.0000
vt 0.6930 0.4200 0.0000
vt 0.6930 0.4228 0.0000
vt 0.6948 0.4228 0.0000
vt 0.8531 0.4697 0.0000
vt 0.8540 0.4704 0.0000
vt 0.6928 0.4105 0.0000
vt 0.6910 0.4105 0.0000
vt 0.6910 0.4128 0.0000
vt 0.6928 0.4128 0.0000
vt 0.8655 0.4552 0.0000
vt 0.8646 0.4546 0.0000
vt 0.8664 0.4522 0.0000
vt 0.8673 0.4529 0.0000
vt 0.6991 0.4267 0.0000
vt 0.6973 0.4267 0.0000
vt 0.6973 0.4309 0.0000
vt 0.6991 0.4309 0.0000
vt 0.8687 0.4492 0.0000
vt 0.8696 0.4499 0.0000
vt 0.6928 0.4166 0.0000
vt 0.6910 0.4166 0.0000
vt 0.6910 0.4193 0.0000
vt 0.6928 0.4193 0.0000
vt 0.6928 0.4493 0.0000
vt 0.6910 0.4493 0.0000
vt 0.6910 0.4480 0.0000
vt 0.6928 0.4480 0.0000
vt 0.6948 0.4261 0.0000
vt 0.6930 0.4261 0.0000
vt 0.6930 0.4232 0.0000
vt 0.6948 0.4232 0.0000
vt 0.8703 0.4470 0.0000
vt 0.8712 0.4477 0.0000
vt 0.6928 0.4477 0.0000
vt 0.6910 0.4477 0.0000
vt 0.8545 0.4697 0.0000
vt 0.8536 0.4690 0.0000
vt 0.8552 0.4669 0.0000
vt 0.8560 0.4676 0.0000
vt 0.6928 0.4077 0.0000
vt 0.6910 0.4077 0.0000
vt 0.6910 0.4108 0.0000
vt 0.6928 0.4108 0.0000
vt 0.6928 0.4100 0.0000
vt 0.6910 0.4100 0.0000
vt 0.6910 0.4091 0.0000
vt 0.6928 0.4091 0.0000
vt 0.6928 0.4494 0.0000
vt 0.6910 0.4494 0.0000
vt 0.6928 0.4450 0.0000
vt 0.6910 0.4450 0.0000
vt 0.6910 0.4435 0.0000
vt 0.6928 0.4435 0.0000
vt 0.6928 0.4468 0.0000
vt 0.6910 0.4468 0.0000
vt 0.6910 0.4472 0.0000
vt 0.6928 0.4472 0.0000
vt 0.8697 0.4498 0.0000
vt 0.8688 0.4491 0.0000
vt 0.8672 0.4512 0.0000
vt 0.8681 0.4519 0.0000
vt 0.6928 0.4352 0.0000
vt 0.6910 0.4352 0.0000
vt 0.6910 0.4382 0.0000
vt 0.6928 0.4382 0.0000
vt 0.6913 0.4221 0.0000
vt 0.6895 0.4221 0.0000
vt 0.6913 0.4214 0.0000
vt 0.6928 0.4335 0.0000
vt 0.6910 0.4335 0.0000
vt 0.6910 0.4331 0.0000
vt 0.6928 0.4331 0.0000
vt 0.6928 0.4147 0.0000
vt 0.6910 0.4147 0.0000
vt 0.6910 0.4153 0.0000
vt 0.6928 0.4153 0.0000
vt 0.6913 0.4218 0.0000
vt 0.6895 0.4218 0.0000
vt 0.6895 0.4220 0.0000
vt 0.6913 0.4220 0.0000
vt 0.6910 0.4499 0.0000
vt 0.6928 0.4499 0.0000
vt 0.6928 0.4461 0.0000
vt 0.6910 0.4461 0.0000
vt 0.6910 0.4466 0.0000
vt 0.6928 0.4466 0.0000
vt 0.6928 0.4521 0.0000
vt 0.6910 0.4521 0.0000
vt 0.6910 0.4522 0.0000
vt 0.6928 0.4522 0.0000
vt 0.6928 0.4373 0.0000
vt 0.6910 0.4373 0.0000
vt 0.6910 0.4362 0.0000
vt 0.6928 0.4362 0.0000
vt 0.6928 0.4206 0.0000
vt 0.6910 0.4206 0.0000
vt 0.6910 0.4222 0.0000
vt 0.6928 0.4222 0.0000
vt 0.6986 0.4352 0.0000
vt 0.6968 0.4352 0.0000
vt 0.6968 0.4368 0.0000
vt 0.6986 0.4368 0.0000
vt 0.8672 0.4530 0.0000
vt 0.8663 0.4523 0.0000
vt 0.6928 0.4492 0.0000
vt 0.6910 0.4492 0.0000
vt 0.6910 0.4488 0.0000
vt 0.6928 0.4488 0.0000
vt 0.6948 0.4198 0.0000
vt 0.6930 0.4198 0.0000
vt 0.6930 0.4231 0.0000
vt 0.6948 0.4231 0.0000
vt 0.8689 0.4489 0.0000
vt 0.8698 0.4496 0.0000
vt 0.6928 0.4365 0.0000
vt 0.6910 0.4365 0.0000
vt 0.6910 0.4363 0.0000
vt 0.6928 0.4363 0.0000
vt 0.6948 0.4166 0.0000
vt 0.6930 0.4166 0.0000
vt 0.6930 0.4164 0.0000
vt 0.6948 0.4164 0.0000
vt 0.6928 0.4489 0.0000
vt 0.6910 0.4489 0.0000
vt 0.6948 0.4127 0.0000
vt 0.6930 0.4127 0.0000
vt 0.6948 0.4158 0.0000
vt 0.6928 0.4325 0.0000
vt 0.6910 0.4325 0.0000
vt 0.6910 0.4321 0.0000
vt 0.6928 0.4321 0.0000
vt 0.6948 0.4177 0.0000
vt 0.6930 0.4177 0.0000
vt 0.6930 0.4173 0.0000
vt 0.6948 0.4173 0.0000
vt 0.6928 0.4503 0.0000
vt 0.6910 0.4503 0.0000
vt 0.6928 0.4474 0.0000
vt 0.6910 0.4474 0.0000
vt 0.6910 0.4439 0.0000
vt 0.6928 0.4439 0.0000
vt 0.6928 0.4387 0.0000
vt 0.6910 0.4387 0.0000
vt 0.6910 0.4402 0.0000
vt 0.6928 0.4402 0.0000
vt 0.6928 0.4131 0.0000
vt 0.6910 0.4131 0.0000
vt 0.6910 0.4104 0.0000
vt 0.6928 0.4104 0.0000
vt 0.6910 0.4478 0.0000
vt 0.6928 0.4478 0.0000
vt 0.8615 0.4604 0.0000
vt 0.8606 0.4598 0.0000
vt 0.8592 0.4616 0.0000
vt 0.8601 0.4623 0.0000
vt 0.8700 0.4493 0.0000
vt 0.8691 0.4486 0.0000
vt 0.6928 0.4203 0.0000
vt 0.6910 0.4203 0.0000
vt 0.6910 0.4217 0.0000
vt 0.6928 0.4217 0.0000
vt 0.6930 0.4205 0.0000
vt 0.6948 0.4205 0.0000
vt 0.8416 0.4865 0.0000
vt 0.8408 0.4858 0.0000
vt 0.8390 0.4881 0.0000
vt 0.8399 0.4888 0.0000
vt 0.6928 0.4324 0.0000
vt 0.6910 0.4324 0.0000
vt 0.6910 0.4337 0.0000
vt 0.6928 0.4337 0.0000
vt 0.8689 0.4507 0.0000
vt 0.8680 0.4501 0.0000
vt 0.8681 0.4518 0.0000
vt 0.6928 0.4525 0.0000
vt 0.6910 0.4525 0.0000
vt 0.6910 0.4520 0.0000
vt 0.6928 0.4520 0.0000
vt 0.8699 0.4495 0.0000
vt 0.8690 0.4488 0.0000
vt 0.8709 0.4481 0.0000
vt 0.8700 0.4474 0.0000
vt 0.6928 0.4232 0.0000
vt 0.6910 0.4232 0.0000
vt 0.6910 0.4229 0.0000
vt 0.6928 0.4229 0.0000
vt 0.8430 0.4848 0.0000
vt 0.8421 0.4841 0.0000
vt 0.8410 0.4856 0.0000
vt 0.8418 0.4863 0.0000
vt 0.6910 0.4490 0.0000
vt 0.6928 0.4490 0.0000
vt 0.6948 0.4339 0.0000
vt 0.6930 0.4339 0.0000
vt 0.6930 0.4334 0.0000
vt 0.6948 0.4334 0.0000
vt 0.8438 0.4837 0.0000
vt 0.8429 0.4830 0.0000
vt 0.6910 0.4438 0.0000
vt 0.6928 0.4438 0.0000
vt 0.6948 0.4222 0.0000
vt 0.6930 0.4222 0.0000
vt 0.6930 0.4185 0.0000
vt 0.6948 0.4185 0.0000
vt 0.8720 0.4467 0.0000
vt 0.8711 0.4460 0.0000
vt 0.6928 0.4408 0.0000
vt 0.6910 0.4408 0.0000
vt 0.8743 0.4437 0.0000
vt 0.8734 0.4430 0.0000
vt 0.6948 0.4134 0.0000
vt 0.6930 0.4134 0.0000
vt 0.6930 0.4144 0.0000
vt 0.6948 0.4144 0.0000
vt 0.8773 0.4398 0.0000
vt 0.8764 0.4391 0.0000
vt 0.6928 0.4074 0.0000
vt 0.6910 0.4074 0.0000
vt 0.6910 0.4079 0.0000
vt 0.6928 0.4079 0.0000
vt 0.8798 0.4364 0.0000
vt 0.8789 0.4358 0.0000
vt 0.6948 0.4317 0.0000
vt 0.6930 0.4317 0.0000
vt 0.6930 0.4308 0.0000
vt 0.6948 0.4308 0.0000
vt 0.8380 0.4913 0.0000
vt 0.8371 0.4907 0.0000
vt 0.8345 0.4940 0.0000
vt 0.8354 0.4947 0.0000
vt 0.6928 0.4414 0.0000
vt 0.6910 0.4414 0.0000
vt 0.6910 0.4415 0.0000
vt 0.6928 0.4415 0.0000
vt 0.6928 0.4532 0.0000
vt 0.6910 0.4532 0.0000
vt 0.6910 0.4530 0.0000
vt 0.6928 0.4530 0.0000
vt 0.6948 0.4234 0.0000
vt 0.6930 0.4234 0.0000
vt 0.6930 0.4247 0.0000
vt 0.6948 0.4247 0.0000
vt 0.8404 0.4881 0.0000
vt 0.8395 0.4874 0.0000
vt 0.6913 0.4204 0.0000
vt 0.6895 0.4204 0.0000
vt 0.8420 0.4861 0.0000
vt 0.8411 0.4854 0.0000
vt 0.6928 0.4547 0.0000
vt 0.6910 0.4547 0.0000
vt 0.6910 0.4560 0.0000
vt 0.6928 0.4560 0.0000
vt 0.6910 0.4374 0.0000
vt 0.6928 0.4374 0.0000
vt 0.6928 0.4583 0.0000
vt 0.6910 0.4583 0.0000
vt 0.6910 0.4589 0.0000
vt 0.6928 0.4589 0.0000
vt 0.8426 0.4853 0.0000
vt 0.8417 0.4846 0.0000
vt 0.6986 0.4362 0.0000
vt 0.6968 0.4362 0.0000
vt 0.6968 0.4351 0.0000
vt 0.6986 0.4351 0.0000
vt 0.8433 0.4844 0.0000
vt 0.8424 0.4837 0.0000
vt 0.8431 0.4828 0.0000
vt 0.8440 0.4834 0.0000
vt 0.6910 0.4571 0.0000
vt 0.6928 0.4571 0.0000
vt 0.8422 0.4858 0.0000
vt 0.8413 0.4851 0.0000
vt 0.6928 0.4400 0.0000
vt 0.6910 0.4400 0.0000
vt 0.6910 0.4378 0.0000
vt 0.6928 0.4378 0.0000
vt 0.8440 0.4835 0.0000
vt 0.8422 0.4840 0.0000
vt 0.8431 0.4847 0.0000
vt 0.6910 0.4515 0.0000
vt 0.6928 0.4515 0.0000
vt 0.6928 0.4194 0.0000
vt 0.6910 0.4194 0.0000
vt 0.6910 0.4179 0.0000
vt 0.6928 0.4179 0.0000
vt 0.8448 0.4824 0.0000
vt 0.8439 0.4817 0.0000
vt 0.6928 0.4383 0.0000
vt 0.6910 0.4383 0.0000
vt 0.6910 0.4548 0.0000
vt 0.6928 0.4548 0.0000
vt 0.8454 0.4815 0.0000
vt 0.8446 0.4809 0.0000
vt 0.6910 0.4457 0.0000
vt 0.6928 0.4457 0.0000
vt 0.6928 0.4350 0.0000
vt 0.6910 0.4350 0.0000
vt 0.8408 0.4877 0.0000
vt 0.8399 0.4870 0.0000
vt 0.8414 0.4850 0.0000
vt 0.8423 0.4857 0.0000
vt 0.6910 0.4330 0.0000
vt 0.6928 0.4330 0.0000
vt 0.6910 0.4568 0.0000
vt 0.6928 0.4568 0.0000
vt 0.8388 0.4902 0.0000
vt 0.8379 0.4896 0.0000
vt 0.6910 0.4376 0.0000
vt 0.6928 0.4376 0.0000
vt 0.6986 0.4310 0.0000
vt 0.6968 0.4310 0.0000
vt 0.6968 0.4372 0.0000
vt 0.6986 0.4372 0.0000
vt 0.8811 0.4348 0.0000
vt 0.8802 0.4341 0.0000
vt 0.8823 0.4313 0.0000
vt 0.8832 0.4320 0.0000
vt 0.6928 0.4259 0.0000
vt 0.6910 0.4259 0.0000
vt 0.6910 0.4341 0.0000
vt 0.6928 0.4341 0.0000
vt 0.6928 0.4297 0.0000
vt 0.6910 0.4297 0.0000
vt 0.6910 0.4296 0.0000
vt 0.6928 0.4296 0.0000
vt 0.8791 0.4374 0.0000
vt 0.8782 0.4367 0.0000
vt 0.8761 0.4413 0.0000
vt 0.8752 0.4406 0.0000
vt 0.6928 0.4277 0.0000
vt 0.6910 0.4277 0.0000
vt 0.6928 0.4399 0.0000
vt 0.6910 0.4399 0.0000
vt 0.8743 0.4436 0.0000
vt 0.6928 0.4482 0.0000
vt 0.6910 0.4482 0.0000
vt 0.6910 0.4381 0.0000
vt 0.6928 0.4381 0.0000
vt 0.6948 0.4118 0.0000
vt 0.6930 0.4118 0.0000
vt 0.6930 0.4103 0.0000
vt 0.6948 0.4103 0.0000
vt 0.8724 0.4462 0.0000
vt 0.8715 0.4455 0.0000
vt 0.8702 0.4491 0.0000
vt 0.8693 0.4484 0.0000
vt 0.6928 0.4071 0.0000
vt 0.6910 0.4071 0.0000
vt 0.6910 0.4322 0.0000
vt 0.6928 0.4322 0.0000
vt 0.8676 0.4524 0.0000
vt 0.8667 0.4517 0.0000
vt 0.6910 0.4368 0.0000
vt 0.6928 0.4368 0.0000
vt 0.6928 0.4130 0.0000
vt 0.6910 0.4130 0.0000
vt 0.6913 0.4228 0.0000
vt 0.6895 0.4228 0.0000
vt 0.6928 0.4176 0.0000
vt 0.6910 0.4176 0.0000
vt 0.6910 0.4189 0.0000
vt 0.6928 0.4189 0.0000
vt 0.6928 0.4140 0.0000
vt 0.6910 0.4140 0.0000
vt 0.6928 0.4550 0.0000
vt 0.6910 0.4550 0.0000
vt 0.6928 0.4089 0.0000
vt 0.6910 0.4089 0.0000
vt 0.6910 0.4113 0.0000
vt 0.6928 0.4113 0.0000
vt 0.6928 0.4238 0.0000
vt 0.6910 0.4238 0.0000
vt 0.6910 0.4235 0.0000
vt 0.6928 0.4235 0.0000
vt 0.6910 0.4557 0.0000
vt 0.6928 0.4557 0.0000
vt 0.6928 0.4187 0.0000
vt 0.6910 0.4187 0.0000
vt 0.6928 0.4512 0.0000
vt 0.6910 0.4512 0.0000
vt 0.6928 0.4172 0.0000
vt 0.6910 0.4172 0.0000
vt 0.6928 0.4437 0.0000
vt 0.6910 0.4437 0.0000
vt 0.6910 0.4549 0.0000
vt 0.6928 0.4549 0.0000
vt 0.6928 0.4553 0.0000
vt 0.6910 0.4553 0.0000
vt 0.6930 0.4347 0.0000
vt 0.6948 0.4347 0.0000
vt 0.6910 0.4317 0.0000
vt 0.6928 0.4317 0.0000
vt 0.6986 0.4380 0.0000
vt 0.6968 0.4380 0.0000
vt 0.6968 0.4376 0.0000
vt 0.6986 0.4376 0.0000
vt 0.6928 0.4306 0.0000
vt 0.6910 0.4306 0.0000
vt 0.8378 0.4915 0.0000
vt 0.8369 0.4909 0.0000
vt 0.6928 0.4009 0.0000
vt 0.6910 0.4009 0.0000
vt 0.6910 0.4010 0.0000
vt 0.6928 0.4010 0.0000
vt 0.6930 0.4169 0.0000
vt 0.6948 0.4169 0.0000
vt 0.6910 0.4082 0.0000
vt 0.6928 0.4082 0.0000
vt 0.6928 0.4485 0.0000
vt 0.6910 0.4485 0.0000
vt 0.6930 0.4102 0.0000
vt 0.6948 0.4102 0.0000
vt 0.6928 0.4395 0.0000
vt 0.6910 0.4395 0.0000
vt 0.6910 0.4391 0.0000
vt 0.6928 0.4391 0.0000
vt 0.6910 0.4377 0.0000
vt 0.6928 0.4377 0.0000
vt 0.6948 0.4270 0.0000
vt 0.6930 0.4270 0.0000
vt 0.6930 0.4286 0.0000
vt 0.6948 0.4286 0.0000
vt 0.6991 0.4220 0.0000
vt 0.6973 0.4220 0.0000
vt 0.6928 0.4057 0.0000
vt 0.6910 0.4057 0.0000
vt 0.6910 0.4048 0.0000
vt 0.6928 0.4048 0.0000
vt 0.8751 0.4408 0.0000
vt 0.8760 0.4414 0.0000
vt 0.8722 0.4446 0.0000
vt 0.8731 0.4453 0.0000
vt 0.8443 0.4830 0.0000
vt 0.8434 0.4823 0.0000
vt 0.8430 0.4847 0.0000
vt 0.6913 0.4213 0.0000
vt 0.6895 0.4213 0.0000
vt 0.8392 0.4878 0.0000
vt 0.8401 0.4885 0.0000
vt 0.8627 0.4589 0.0000
vt 0.8618 0.4582 0.0000
vt 0.8578 0.4634 0.0000
vt 0.8587 0.4641 0.0000
vt 0.6928 0.4127 0.0000
vt 0.6910 0.4127 0.0000
vt 0.6910 0.4133 0.0000
vt 0.6928 0.4133 0.0000
vt 0.6948 0.4184 0.0000
vt 0.6930 0.4184 0.0000
vt 0.6910 0.4433 0.0000
vt 0.6928 0.4433 0.0000
vt 0.6913 0.4216 0.0000
vt 0.6895 0.4216 0.0000
vt 0.6895 0.4238 0.0000
vt 0.6913 0.4238 0.0000
vt 0.6928 0.4342 0.0000
vt 0.6910 0.4342 0.0000
vt 0.6928 0.4312 0.0000
vt 0.6910 0.4312 0.0000
vt 0.6910 0.4313 0.0000
vt 0.6928 0.4313 0.0000
vt 0.6948 0.4248 0.0000
vt 0.6930 0.4248 0.0000
vt 0.6930 0.4331 0.0000
vt 0.6948 0.4331 0.0000
vt 0.6948 0.4194 0.0000
vt 0.6930 0.4194 0.0000
vt 0.6928 0.4295 0.0000
vt 0.6910 0.4295 0.0000
vt 0.6910 0.4285 0.0000
vt 0.6928 0.4285 0.0000
vt 0.6986 0.4365 0.0000
vt 0.6968 0.4365 0.0000
vt 0.6968 0.4370 0.0000
vt 0.6986 0.4370 0.0000
vt 0.6948 0.4267 0.0000
vt 0.6930 0.4267 0.0000
vt 0.6913 0.4208 0.0000
vt 0.6895 0.4208 0.0000
vt 0.6895 0.4206 0.0000
vt 0.6913 0.4206 0.0000
vt 0.6928 0.4145 0.0000
vt 0.6910 0.4145 0.0000
vt 0.6910 0.4134 0.0000
vt 0.6928 0.4134 0.0000
vt 0.6928 0.4470 0.0000
vt 0.6910 0.4470 0.0000
vt 0.6913 0.4207 0.0000
vt 0.6895 0.4207 0.0000
vt 0.6895 0.4188 0.0000
vt 0.6913 0.4188 0.0000
vt 0.6928 0.4403 0.0000
vt 0.6910 0.4403 0.0000
vt 0.6910 0.4418 0.0000
vt 0.6928 0.4418 0.0000
vt 0.6948 0.4119 0.0000
vt 0.6930 0.4119 0.0000
vt 0.6968 0.4428 0.0000
vt 0.6986 0.4428 0.0000
vt 0.6948 0.4130 0.0000
vt 0.6930 0.4130 0.0000
vt 0.6986 0.4373 0.0000
vt 0.6968 0.4373 0.0000
vt 0.6968 0.4397 0.0000
vt 0.6986 0.4397 0.0000
vt 0.6928 0.4069 0.0000
vt 0.6910 0.4069 0.0000
vt 0.6948 0.4176 0.0000
vt 0.6930 0.4176 0.0000
vt 0.6930 0.4079 0.0000
vt 0.6948 0.4079 0.0000
vt 0.6948 0.4260 0.0000
vt 0.6930 0.4260 0.0000
vt 0.6948 0.4342 0.0000
vt 0.6930 0.4342 0.0000
vt 0.6986 0.4309 0.0000
vt 0.6968 0.4309 0.0000
vt 0.6968 0.4268 0.0000
vt 0.6986 0.4268 0.0000
vt 0.6948 0.4161 0.0000
vt 0.6930 0.4161 0.0000
vt 0.8569 0.4665 0.0000
vt 0.8560 0.4658 0.0000
vt 0.8576 0.4638 0.0000
vt 0.8584 0.4645 0.0000
vt 0.8755 0.4421 0.0000
vt 0.8746 0.4415 0.0000
vt 0.6910 0.4516 0.0000
vt 0.6928 0.4516 0.0000
vt 0.8714 0.4474 0.0000
vt 0.8705 0.4468 0.0000
vt 0.6928 0.4396 0.0000
vt 0.6910 0.4396 0.0000
vt 0.8622 0.4595 0.0000
vt 0.8613 0.4589 0.0000
vt 0.8598 0.4609 0.0000
vt 0.8607 0.4615 0.0000
vt 0.8700 0.4494 0.0000
vt 0.8691 0.4487 0.0000
vt 0.6913 0.4172 0.0000
vt 0.6895 0.4172 0.0000
vt 0.6928 0.4442 0.0000
vt 0.6910 0.4442 0.0000
vt 0.6948 0.4281 0.0000
vt 0.6930 0.4281 0.0000
vt 0.6928 0.4542 0.0000
vt 0.6910 0.4542 0.0000
vt 0.6910 0.4508 0.0000
vt 0.6928 0.4508 0.0000
vt 0.6928 0.4575 0.0000
vt 0.6910 0.4575 0.0000
vt 0.8677 0.4524 0.0000
vt 0.8668 0.4517 0.0000
vt 0.8701 0.4492 0.0000
vt 0.8692 0.4485 0.0000
vt 0.8669 0.4516 0.0000
vt 0.8678 0.4522 0.0000
vt 0.6928 0.4447 0.0000
vt 0.6910 0.4447 0.0000
vt 0.6910 0.4529 0.0000
vt 0.6928 0.4529 0.0000
vt 0.6948 0.4268 0.0000
vt 0.6930 0.4268 0.0000
vt 0.6930 0.4278 0.0000
vt 0.6948 0.4278 0.0000
vt 0.8642 0.4570 0.0000
vt 0.8633 0.4563 0.0000
vt 0.6986 0.4294 0.0000
vt 0.6968 0.4294 0.0000
vt 0.6968 0.4332 0.0000
vt 0.6986 0.4332 0.0000
vt 0.6928 0.4514 0.0000
vt 0.6910 0.4514 0.0000
vt 0.6910 0.4464 0.0000
vt 0.6928 0.4464 0.0000
vt 0.8638 0.4556 0.0000
vt 0.8647 0.4562 0.0000
vt 0.6928 0.4294 0.0000
vt 0.6910 0.4294 0.0000
vt 0.8515 0.4736 0.0000
vt 0.8506 0.4729 0.0000
vt 0.8516 0.4716 0.0000
vt 0.8525 0.4723 0.0000
vt 0.6910 0.4386 0.0000
vt 0.6928 0.4386 0.0000
vt 0.6948 0.4252 0.0000
vt 0.6930 0.4252 0.0000
vt 0.8623 0.4594 0.0000
vt 0.8615 0.4587 0.0000
vt 0.8637 0.4557 0.0000
vt 0.8646 0.4564 0.0000
vt 0.8480 0.4782 0.0000
vt 0.8471 0.4776 0.0000
vt 0.8518 0.4713 0.0000
vt 0.8527 0.4720 0.0000
vt 0.6930 0.4149 0.0000
vt 0.6948 0.4149 0.0000
vt 0.8523 0.4707 0.0000
vt 0.8532 0.4714 0.0000
vt 0.6948 0.4326 0.0000
vt 0.6930 0.4326 0.0000
vt 0.8559 0.4678 0.0000
vt 0.8550 0.4672 0.0000
vt 0.8567 0.4649 0.0000
vt 0.8576 0.4656 0.0000
vt 0.8540 0.4703 0.0000
vt 0.8531 0.4696 0.0000
vt 0.8535 0.4691 0.0000
vt 0.8544 0.4698 0.0000
vt 0.6910 0.4412 0.0000
vt 0.6928 0.4412 0.0000
vt 0.6948 0.4219 0.0000
vt 0.6930 0.4219 0.0000
vt 0.8559 0.4660 0.0000
vt 0.8568 0.4667 0.0000
vt 0.8540 0.4685 0.0000
vt 0.8549 0.4692 0.0000
vt 0.6928 0.4448 0.0000
vt 0.6910 0.4448 0.0000
vt 0.8565 0.4652 0.0000
vt 0.8574 0.4658 0.0000
vt 0.8628 0.4588 0.0000
vt 0.8619 0.4581 0.0000
vt 0.8630 0.4567 0.0000
vt 0.8639 0.4574 0.0000
vt 0.6913 0.4303 0.0000
vt 0.6895 0.4303 0.0000
vt 0.6895 0.4385 0.0000
vt 0.6913 0.4385 0.0000
vt 0.6928 0.4298 0.0000
vt 0.6910 0.4298 0.0000
vt 0.8546 0.4676 0.0000
vt 0.8555 0.4683 0.0000
vt 0.6928 0.4519 0.0000
vt 0.6910 0.4519 0.0000
vt 0.8598 0.4627 0.0000
vt 0.8589 0.4620 0.0000
vt 0.8610 0.4592 0.0000
vt 0.8619 0.4599 0.0000
vt 0.6928 0.4469 0.0000
vt 0.6910 0.4469 0.0000
vt 0.6913 0.4321 0.0000
vt 0.6895 0.4321 0.0000
vt 0.6979 0.4441 0.0000
vt 0.6960 0.4441 0.0000
vt 0.6960 0.4384 0.0000
vt 0.6979 0.4384 0.0000
vt 0.6948 0.4238 0.0000
vt 0.6930 0.4238 0.0000
vt 0.8593 0.4634 0.0000
vt 0.8584 0.4627 0.0000
vt 0.6910 0.4495 0.0000
vt 0.6928 0.4495 0.0000
vt 0.8580 0.4650 0.0000
vt 0.8571 0.4644 0.0000
vt 0.8585 0.4625 0.0000
vt 0.8594 0.4632 0.0000
vt 0.6928 0.4506 0.0000
vt 0.6910 0.4506 0.0000
vt 0.6910 0.4535 0.0000
vt 0.6928 0.4535 0.0000
vt 0.6968 0.4342 0.0000
vt 0.6986 0.4342 0.0000
vt 0.8553 0.4687 0.0000
vt 0.8544 0.4680 0.0000
vt 0.6928 0.4314 0.0000
vt 0.6910 0.4314 0.0000
vt 0.6913 0.4361 0.0000
vt 0.6895 0.4361 0.0000
vt 0.6928 0.4347 0.0000
vt 0.6910 0.4347 0.0000
vt 0.6986 0.4387 0.0000
vt 0.6968 0.4387 0.0000
vt 0.6968 0.4334 0.0000
vt 0.6986 0.4334 0.0000
vt 0.6928 0.4536 0.0000
vt 0.6910 0.4536 0.0000
vt 0.8536 0.4708 0.0000
vt 0.8527 0.4702 0.0000
vt 0.6928 0.4546 0.0000
vt 0.6910 0.4546 0.0000
vt 0.6910 0.4537 0.0000
vt 0.6928 0.4537 0.0000
vt 0.6928 0.4271 0.0000
vt 0.6910 0.4271 0.0000
vt 0.6910 0.4293 0.0000
vt 0.6928 0.4293 0.0000
vt 0.8530 0.4697 0.0000
vt 0.8539 0.4704 0.0000
vt 0.6895 0.4306 0.0000
vt 0.6913 0.4306 0.0000
vt 0.6968 0.4371 0.0000
vt 0.6986 0.4371 0.0000
vt 0.8502 0.4734 0.0000
vt 0.8511 0.4741 0.0000
vt 0.6928 0.4406 0.0000
vt 0.6910 0.4406 0.0000
vt 0.6910 0.4385 0.0000
vt 0.6928 0.4385 0.0000
vt 0.6930 0.4240 0.0000
vt 0.6948 0.4240 0.0000
vt 0.6948 0.4251 0.0000
vt 0.6930 0.4251 0.0000
vt 0.8494 0.4745 0.0000
vt 0.8503 0.4751 0.0000
vt 0.6948 0.4265 0.0000
vt 0.6930 0.4265 0.0000
vt 0.6930 0.4233 0.0000
vt 0.6948 0.4233 0.0000
vt 0.6928 0.4588 0.0000
vt 0.6910 0.4588 0.0000
vt 0.6910 0.4582 0.0000
vt 0.6928 0.4582 0.0000
vt 0.8388 0.4884 0.0000
vt 0.8397 0.4890 0.0000
vt 0.6991 0.4182 0.0000
vt 0.6973 0.4182 0.0000
vt 0.6928 0.4398 0.0000
vt 0.6910 0.4398 0.0000
vt 0.8684 0.4514 0.0000
vt 0.8675 0.4507 0.0000
vt 0.8650 0.4540 0.0000
vt 0.8659 0.4547 0.0000
vt 0.6948 0.4195 0.0000
vt 0.6930 0.4195 0.0000
vt 0.6930 0.4186 0.0000
vt 0.6948 0.4186 0.0000
vt 0.6910 0.4411 0.0000
vt 0.6928 0.4411 0.0000
vt 0.6986 0.4396 0.0000
vt 0.6968 0.4396 0.0000
vt 0.6968 0.4375 0.0000
vt 0.6986 0.4375 0.0000
vt 0.8714 0.4475 0.0000
vt 0.6928 0.4349 0.0000
vt 0.6928 0.4453 0.0000
vt 0.6910 0.4453 0.0000
vt 0.6948 0.4207 0.0000
vt 0.6930 0.4207 0.0000
vt 0.6930 0.4217 0.0000
vt 0.6948 0.4217 0.0000
vt 0.6928 0.4390 0.0000
vt 0.6910 0.4390 0.0000
vt 0.8624 0.4592 0.0000
vt 0.6910 0.4475 0.0000
vt 0.6928 0.4475 0.0000
vt 0.6930 0.4224 0.0000
vt 0.6948 0.4224 0.0000
vt 0.6928 0.4351 0.0000
vt 0.6910 0.4351 0.0000
vt 0.6910 0.4359 0.0000
vt 0.6928 0.4359 0.0000
vt 0.6986 0.4347 0.0000
vt 0.6968 0.4347 0.0000
vt 0.6968 0.4381 0.0000
vt 0.6986 0.4381 0.0000
vt 0.8577 0.4636 0.0000
vt 0.8586 0.4643 0.0000
vt 0.6913 0.4211 0.0000
vt 0.6895 0.4211 0.0000
vt 0.8719 0.4468 0.0000
vt 0.8710 0.4461 0.0000
vt 0.8732 0.4432 0.0000
vt 0.8741 0.4439 0.0000
vt 0.8742 0.4420 0.0000
vt 0.8751 0.4427 0.0000
vt 0.6930 0.4180 0.0000
vt 0.6948 0.4180 0.0000
vt 0.8747 0.4413 0.0000
vt 0.8756 0.4420 0.0000
vt 0.8754 0.4404 0.0000
vt 0.8763 0.4411 0.0000
vt 0.8535 0.4692 0.0000
vt 0.8525 0.4704 0.0000
vt 0.8534 0.4711 0.0000
vt 0.6913 0.4383 0.0000
vt 0.6895 0.4383 0.0000
vt 0.8768 0.4404 0.0000
vt 0.8759 0.4397 0.0000
vt 0.8765 0.4389 0.0000
vt 0.8774 0.4396 0.0000
vt 0.6910 0.4486 0.0000
vt 0.6928 0.4486 0.0000
vt 0.8770 0.4384 0.0000
vt 0.8778 0.4390 0.0000
vt 0.6928 0.4256 0.0000
vt 0.6910 0.4256 0.0000
vt 0.6910 0.4272 0.0000
vt 0.6928 0.4272 0.0000
vt 0.8530 0.4717 0.0000
vt 0.8521 0.4710 0.0000
vt 0.8515 0.4718 0.0000
vt 0.8524 0.4724 0.0000
vt 0.6948 0.4343 0.0000
vt 0.6930 0.4343 0.0000
vt 0.8510 0.4725 0.0000
vt 0.8518 0.4731 0.0000
vt 0.6928 0.4144 0.0000
vt 0.6910 0.4144 0.0000
vt 0.6910 0.4148 0.0000
vt 0.6928 0.4148 0.0000
vt 0.8501 0.4735 0.0000
vt 0.8510 0.4742 0.0000
vt 0.6910 0.4441 0.0000
vt 0.6928 0.4441 0.0000
vt 0.8491 0.4749 0.0000
vt 0.8500 0.4756 0.0000
vt 0.8486 0.4755 0.0000
vt 0.8495 0.4762 0.0000
vt 0.6910 0.4527 0.0000
vt 0.6928 0.4527 0.0000
vt 0.8483 0.4760 0.0000
vt 0.8492 0.4767 0.0000
vt 0.6928 0.4524 0.0000
vt 0.6910 0.4524 0.0000
vt 0.8768 0.4403 0.0000
vt 0.8760 0.4397 0.0000
vt 0.8753 0.4405 0.0000
vt 0.8762 0.4411 0.0000
vt 0.6910 0.4559 0.0000
vt 0.6928 0.4559 0.0000
vt 0.6928 0.4451 0.0000
vt 0.6910 0.4451 0.0000
vt 0.8488 0.4772 0.0000
vt 0.8479 0.4765 0.0000
vt 0.8472 0.4774 0.0000
vt 0.8481 0.4781 0.0000
vt 0.6913 0.4436 0.0000
vt 0.6895 0.4436 0.0000
vt 0.6895 0.4408 0.0000
vt 0.6913 0.4408 0.0000
vt 0.6930 0.4159 0.0000
vt 0.6948 0.4159 0.0000
vt 0.8463 0.4786 0.0000
vt 0.8472 0.4793 0.0000
vt 0.8454 0.4797 0.0000
vt 0.8463 0.4804 0.0000
vt 0.6928 0.4452 0.0000
vt 0.6910 0.4452 0.0000
vt 0.6930 0.4276 0.0000
vt 0.6948 0.4276 0.0000
vt 0.6948 0.4300 0.0000
vt 0.6930 0.4300 0.0000
vt 0.8447 0.4807 0.0000
vt 0.8456 0.4814 0.0000
vt 0.8738 0.4443 0.0000
vt 0.8729 0.4436 0.0000
vt 0.8720 0.4448 0.0000
vt 0.8729 0.4455 0.0000
vt 0.8714 0.4457 0.0000
vt 0.8723 0.4464 0.0000
vt 0.6913 0.4476 0.0000
vt 0.6895 0.4476 0.0000
vt 0.8707 0.4465 0.0000
vt 0.8716 0.4472 0.0000
vt 0.8700 0.4475 0.0000
vt 0.8709 0.4482 0.0000
vt 0.6928 0.4393 0.0000
vt 0.6910 0.4393 0.0000
vt 0.6948 0.4299 0.0000
vt 0.6930 0.4299 0.0000
vt 0.6930 0.4318 0.0000
vt 0.6948 0.4318 0.0000
vt 0.8689 0.4508 0.0000
vt 0.8449 0.4822 0.0000
vt 0.8440 0.4816 0.0000
vt 0.8433 0.4826 0.0000
vt 0.8441 0.4832 0.0000
vt 0.6910 0.4360 0.0000
vt 0.6928 0.4360 0.0000
vt 0.6948 0.4303 0.0000
vt 0.6930 0.4303 0.0000
vt 0.8425 0.4835 0.0000
vt 0.8434 0.4842 0.0000
vt 0.8695 0.4499 0.0000
vt 0.8686 0.4493 0.0000
vt 0.8699 0.4476 0.0000
vt 0.8708 0.4483 0.0000
vt 0.6960 0.4333 0.0000
vt 0.6979 0.4333 0.0000
vt 0.8710 0.4462 0.0000
vt 0.8719 0.4469 0.0000
vt 0.8721 0.4447 0.0000
vt 0.8730 0.4454 0.0000
vt 0.6928 0.4088 0.0000
vt 0.6910 0.4088 0.0000
vt 0.6910 0.4111 0.0000
vt 0.6928 0.4111 0.0000
vt 0.6910 0.4401 0.0000
vt 0.6928 0.4401 0.0000
vt 0.8728 0.4438 0.0000
vt 0.8737 0.4445 0.0000
vt 0.6948 0.4258 0.0000
vt 0.6930 0.4258 0.0000
vt 0.8738 0.4425 0.0000
vt 0.8747 0.4432 0.0000
vt 0.6948 0.4244 0.0000
vt 0.6930 0.4244 0.0000
vt 0.6930 0.4274 0.0000
vt 0.6948 0.4274 0.0000
vt 0.6928 0.4566 0.0000
vt 0.6910 0.4566 0.0000
vt 0.8449 0.4823 0.0000
vt 0.8449 0.4804 0.0000
vt 0.8458 0.4811 0.0000
vt 0.6910 0.4540 0.0000
vt 0.6928 0.4540 0.0000
vt 0.8458 0.4793 0.0000
vt 0.8466 0.4800 0.0000
vt 0.6928 0.4484 0.0000
vt 0.6910 0.4484 0.0000
vt 0.6928 0.4476 0.0000
vt 0.6910 0.4476 0.0000
vt 0.6910 0.4444 0.0000
vt 0.6928 0.4444 0.0000
vt 0.8467 0.4781 0.0000
vt 0.8475 0.4788 0.0000
vt 0.6910 0.4375 0.0000
vt 0.6928 0.4375 0.0000
vt 0.8766 0.4407 0.0000
vt 0.8757 0.4400 0.0000
vt 0.8762 0.4394 0.0000
vt 0.8771 0.4400 0.0000
vt 0.6986 0.4385 0.0000
vt 0.6968 0.4385 0.0000
vt 0.6968 0.4382 0.0000
vt 0.6986 0.4382 0.0000
vt 0.6930 0.4477 0.0000
vt 0.6948 0.4477 0.0000
vt 0.6910 0.4290 0.0000
vt 0.6928 0.4290 0.0000
vt 0.6930 0.4253 0.0000
vt 0.6948 0.4253 0.0000
vt 0.6948 0.4218 0.0000
vt 0.6930 0.4218 0.0000
vt 0.6910 0.4066 0.0000
vt 0.6928 0.4066 0.0000
vt 0.6948 0.4178 0.0000
vt 0.6930 0.4178 0.0000
vt 0.6948 0.4349 0.0000
vt 0.6930 0.4349 0.0000
vt 0.6930 0.4438 0.0000
vt 0.6948 0.4438 0.0000
vt 0.8390 0.4900 0.0000
vt 0.8381 0.4894 0.0000
vt 0.6968 0.4242 0.0000
vt 0.6986 0.4242 0.0000
vt 0.6948 0.4322 0.0000
vt 0.6930 0.4322 0.0000
vt 0.8541 0.4684 0.0000
vt 0.6948 0.4295 0.0000
vt 0.6930 0.4295 0.0000
vt 0.8398 0.4890 0.0000
vt 0.8389 0.4883 0.0000
vt 0.8383 0.4890 0.0000
vt 0.8392 0.4897 0.0000
vt 0.8404 0.4882 0.0000
vt 0.8395 0.4875 0.0000
vt 0.6948 0.4213 0.0000
vt 0.6930 0.4213 0.0000
vt 0.6930 0.4239 0.0000
vt 0.6948 0.4239 0.0000
vt 0.8552 0.4687 0.0000
vt 0.8543 0.4680 0.0000
vt 0.8533 0.4694 0.0000
vt 0.8541 0.4701 0.0000
vt 0.8560 0.4677 0.0000
vt 0.8551 0.4670 0.0000
vt 0.6948 0.4162 0.0000
vt 0.6930 0.4162 0.0000
vt 0.6928 0.4067 0.0000
vt 0.6910 0.4067 0.0000
vt 0.6948 0.4145 0.0000
vt 0.6930 0.4145 0.0000
vt 0.6928 0.4458 0.0000
vt 0.6910 0.4458 0.0000
vt 0.6928 0.4328 0.0000
vt 0.6910 0.4328 0.0000
vt 0.6910 0.4356 0.0000
vt 0.6928 0.4356 0.0000
vt 0.6948 0.4283 0.0000
vt 0.6930 0.4283 0.0000
vt 0.6930 0.4264 0.0000
vt 0.6948 0.4264 0.0000
vt 0.6910 0.4424 0.0000
vt 0.6928 0.4424 0.0000
vt 0.6948 0.4171 0.0000
vt 0.6930 0.4171 0.0000
vt 0.6928 0.4233 0.0000
vt 0.6910 0.4233 0.0000
vt 0.6910 0.4209 0.0000
vt 0.6928 0.4209 0.0000
vt 0.6948 0.4189 0.0000
vt 0.6930 0.4189 0.0000
vt 0.6948 0.4211 0.0000
vt 0.6930 0.4211 0.0000
vt 0.6948 0.4372 0.0000
vt 0.6930 0.4372 0.0000
vt 0.6930 0.4275 0.0000
vt 0.6948 0.4275 0.0000
vt 0.6948 0.4397 0.0000
vt 0.6930 0.4397 0.0000
vt 0.6948 0.4430 0.0000
vt 0.6930 0.4430 0.0000
vt 0.6910 0.4427 0.0000
vt 0.6928 0.4427 0.0000
vt 0.6948 0.4453 0.0000
vt 0.6930 0.4453 0.0000
vt 0.6930 0.4141 0.0000
vt 0.6948 0.4141 0.0000
vt 0.6928 0.4154 0.0000
vt 0.6910 0.4154 0.0000
vt 0.8474 0.4790 0.0000
vt 0.8465 0.4783 0.0000
vt 0.8470 0.4776 0.0000
vt 0.8479 0.4783 0.0000
vt 0.6928 0.4121 0.0000
vt 0.6910 0.4121 0.0000
vt 0.8475 0.4770 0.0000
vt 0.8484 0.4777 0.0000
vt 0.6910 0.4339 0.0000
vt 0.6928 0.4339 0.0000
vt 0.8482 0.4761 0.0000
vt 0.8491 0.4767 0.0000
vt 0.6910 0.4523 0.0000
vt 0.6928 0.4523 0.0000
vt 0.6910 0.4156 0.0000
vt 0.6928 0.4156 0.0000
vt 0.8469 0.4797 0.0000
vt 0.8460 0.4790 0.0000
vt 0.8460 0.4808 0.0000
vt 0.8451 0.4801 0.0000
vt 0.6928 0.4150 0.0000
vt 0.6910 0.4150 0.0000
vt 0.8391 0.4899 0.0000
vt 0.8382 0.4892 0.0000
vt 0.8386 0.4905 0.0000
vt 0.8377 0.4899 0.0000
vt 0.8446 0.4808 0.0000
vt 0.8455 0.4815 0.0000
vt 0.8433 0.4843 0.0000
vt 0.6930 0.4188 0.0000
vt 0.6948 0.4188 0.0000
vt 0.6910 0.4318 0.0000
vt 0.6928 0.4318 0.0000
vt 0.8464 0.4784 0.0000
vt 0.8473 0.4791 0.0000
vt 0.6948 0.4154 0.0000
vt 0.6930 0.4154 0.0000
vt 0.6928 0.4552 0.0000
vt 0.6910 0.4552 0.0000
vt 0.6910 0.4544 0.0000
vt 0.6928 0.4544 0.0000
vt 0.8458 0.4792 0.0000
vt 0.8467 0.4798 0.0000
vt 0.6928 0.4326 0.0000
vt 0.6910 0.4326 0.0000
vt 0.6948 0.4131 0.0000
vt 0.6930 0.4131 0.0000
vt 0.8452 0.4800 0.0000
vt 0.8461 0.4807 0.0000
vt 0.6948 0.4113 0.0000
vt 0.6930 0.4113 0.0000
vt 0.8441 0.4814 0.0000
vt 0.8450 0.4821 0.0000
vt 0.8424 0.4836 0.0000
vt 0.8752 0.4407 0.0000
vt 0.8761 0.4414 0.0000
vt 0.6928 0.4152 0.0000
vt 0.6910 0.4152 0.0000
vt 0.6910 0.4155 0.0000
vt 0.6928 0.4155 0.0000
vt 0.8432 0.4845 0.0000
vt 0.8423 0.4838 0.0000
vt 0.8418 0.4845 0.0000
vt 0.8427 0.4852 0.0000
vt 0.6948 0.4148 0.0000
vt 0.6930 0.4148 0.0000
vt 0.6930 0.4174 0.0000
vt 0.6948 0.4174 0.0000
vt 0.8751 0.4407 0.0000
vt 0.8754 0.4422 0.0000
vt 0.6948 0.4122 0.0000
vt 0.6930 0.4122 0.0000
vt 0.8739 0.4424 0.0000
vt 0.8748 0.4431 0.0000
vt 0.7000 0.4360 0.0000
vt 0.6982 0.4360 0.0000
vt 0.6982 0.4385 0.0000
vt 0.7000 0.4385 0.0000
vt 0.6910 0.4075 0.0000
vt 0.6928 0.4075 0.0000
vt 0.8409 0.4856 0.0000
vt 0.7000 0.4343 0.0000
vt 0.6982 0.4343 0.0000
vt 0.6928 0.4364 0.0000
vt 0.6910 0.4364 0.0000
vt 0.8406 0.4861 0.0000
vt 0.8415 0.4868 0.0000
vt 0.6986 0.4401 0.0000
vt 0.6968 0.4401 0.0000
vt 0.6968 0.4389 0.0000
vt 0.6986 0.4389 0.0000
vt 0.6968 0.4343 0.0000
vt 0.6986 0.4343 0.0000
vt 0.6948 0.4124 0.0000
vt 0.6930 0.4124 0.0000
vt 0.6930 0.4107 0.0000
vt 0.6948 0.4107 0.0000
vt 0.6948 0.4146 0.0000
vt 0.6930 0.4146 0.0000
vt 0.6928 0.4320 0.0000
vt 0.6910 0.4320 0.0000
vt 0.6910 0.4225 0.0000
vt 0.6928 0.4225 0.0000
vt 0.8797 0.4366 0.0000
vt 0.8788 0.4360 0.0000
vt 0.8791 0.4355 0.0000
vt 0.8800 0.4362 0.0000
vt 0.6986 0.4390 0.0000
vt 0.6968 0.4390 0.0000
vt 0.6948 0.4133 0.0000
vt 0.6930 0.4133 0.0000
vt 0.6930 0.4096 0.0000
vt 0.6948 0.4096 0.0000
vt 0.8434 0.4824 0.0000
vt 0.8786 0.4380 0.0000
vt 0.8777 0.4374 0.0000
vt 0.8781 0.4368 0.0000
vt 0.8790 0.4375 0.0000
vt 0.6928 0.4445 0.0000
vt 0.6910 0.4445 0.0000
vt 0.6928 0.4555 0.0000
vt 0.6910 0.4555 0.0000
vt 0.8444 0.4829 0.0000
vt 0.8435 0.4823 0.0000
vt 0.8427 0.4833 0.0000
vt 0.8436 0.4840 0.0000
vt 0.6928 0.4043 0.0000
vt 0.6910 0.4043 0.0000
vt 0.6910 0.4029 0.0000
vt 0.6928 0.4029 0.0000
vt 0.6928 0.4122 0.0000
vt 0.6910 0.4122 0.0000
vt 0.8794 0.4370 0.0000
vt 0.8785 0.4364 0.0000
vt 0.8786 0.4381 0.0000
vt 0.6910 0.4449 0.0000
vt 0.6928 0.4449 0.0000
vt 0.6928 0.4266 0.0000
vt 0.6910 0.4266 0.0000
vt 0.6910 0.4265 0.0000
vt 0.6928 0.4265 0.0000
vt 0.6928 0.3984 0.0000
vt 0.6910 0.3984 0.0000
vt 0.6910 0.4001 0.0000
vt 0.6928 0.4001 0.0000
vt 0.6928 0.4420 0.0000
vt 0.6910 0.4420 0.0000
vt 0.8764 0.4409 0.0000
vt 0.8755 0.4403 0.0000
vt 0.8770 0.4383 0.0000
vt 0.8779 0.4389 0.0000
vt 0.8734 0.4429 0.0000
vt 0.8722 0.4464 0.0000
vt 0.8713 0.4457 0.0000
vt 0.6928 0.4534 0.0000
vt 0.6910 0.4534 0.0000
vt 0.6928 0.3992 0.0000
vt 0.6910 0.3992 0.0000
vt 0.8795 0.4369 0.0000
vt 0.8786 0.4362 0.0000
vt 0.8806 0.4336 0.0000
vt 0.8815 0.4343 0.0000
vt 0.6948 0.4448 0.0000
vt 0.6930 0.4448 0.0000
vt 0.6930 0.4420 0.0000
vt 0.6948 0.4420 0.0000
vt 0.6930 0.4408 0.0000
vt 0.6948 0.4408 0.0000
vt 0.6910 0.4440 0.0000
vt 0.6928 0.4440 0.0000
vt 0.6928 0.4161 0.0000
vt 0.6910 0.4161 0.0000
vt 0.6910 0.4191 0.0000
vt 0.6928 0.4191 0.0000
vt 0.6910 0.4081 0.0000
vt 0.6928 0.4081 0.0000
vt 0.6930 0.4447 0.0000
vt 0.6948 0.4447 0.0000
vt 0.6910 0.4210 0.0000
vt 0.6928 0.4210 0.0000
vt 0.6928 0.4304 0.0000
vt 0.6910 0.4304 0.0000
vt 0.6910 0.4281 0.0000
vt 0.6928 0.4281 0.0000
vt 0.8732 0.4433 0.0000
vt 0.8718 0.4452 0.0000
vt 0.8727 0.4458 0.0000
vt 0.8702 0.4472 0.0000
vt 0.8711 0.4478 0.0000
vt 0.6928 0.4409 0.0000
vt 0.6910 0.4409 0.0000
vt 0.6910 0.4257 0.0000
vt 0.6928 0.4257 0.0000
vt 0.8687 0.4491 0.0000
vt 0.8696 0.4498 0.0000
vt 0.6928 0.4539 0.0000
vt 0.6910 0.4539 0.0000
vt 0.8402 0.4885 0.0000
vt 0.8393 0.4878 0.0000
vt 0.8385 0.4889 0.0000
vt 0.8393 0.4895 0.0000
vt 0.8372 0.4905 0.0000
vt 0.8381 0.4912 0.0000
vt 0.6928 0.4196 0.0000
vt 0.6910 0.4196 0.0000
vt 0.6910 0.4218 0.0000
vt 0.6928 0.4218 0.0000
vt 0.8359 0.4922 0.0000
vt 0.8368 0.4929 0.0000
vt 0.8812 0.4346 0.0000
vt 0.8803 0.4339 0.0000
vt 0.8792 0.4354 0.0000
vt 0.8801 0.4360 0.0000
vt 0.6928 0.4197 0.0000
vt 0.6910 0.4197 0.0000
vt 0.6910 0.4175 0.0000
vt 0.6928 0.4175 0.0000
vt 0.8783 0.4365 0.0000
vt 0.8792 0.4372 0.0000
vt 0.6930 0.4421 0.0000
vt 0.6948 0.4421 0.0000
vt 0.6928 0.4231 0.0000
vt 0.6910 0.4231 0.0000
vt 0.6910 0.4429 0.0000
vt 0.6928 0.4429 0.0000
vt 0.8789 0.4377 0.0000
vt 0.8780 0.4370 0.0000
vt 0.8790 0.4357 0.0000
vt 0.8799 0.4364 0.0000
vt 0.6910 0.4110 0.0000
vt 0.6928 0.4110 0.0000
vt 0.6910 0.4157 0.0000
vt 0.6928 0.4157 0.0000
vt 0.8805 0.4337 0.0000
vt 0.8814 0.4344 0.0000
vt 0.8829 0.4305 0.0000
vt 0.8838 0.4312 0.0000
vt 0.6910 0.4428 0.0000
vt 0.6928 0.4428 0.0000
vt 0.6930 0.4172 0.0000
vt 0.6948 0.4172 0.0000
vt 0.8394 0.4894 0.0000
vt 0.8386 0.4887 0.0000
vt 0.8379 0.4914 0.0000
vt 0.6928 0.4370 0.0000
vt 0.6910 0.4370 0.0000
vt 0.8411 0.4872 0.0000
vt 0.8402 0.4865 0.0000
vt 0.6913 0.4201 0.0000
vt 0.6895 0.4201 0.0000
vt 0.6895 0.4164 0.0000
vt 0.6913 0.4164 0.0000
vt 0.8413 0.4852 0.0000
vt 0.6913 0.4240 0.0000
vt 0.6895 0.4240 0.0000
vt 0.8431 0.4846 0.0000
vt 0.6913 0.4275 0.0000
vt 0.6895 0.4275 0.0000
vt 0.6913 0.4307 0.0000
vt 0.6895 0.4307 0.0000
vt 0.8412 0.4872 0.0000
vt 0.8403 0.4865 0.0000
vt 0.6930 0.4117 0.0000
vt 0.6948 0.4117 0.0000
vt 0.8401 0.4886 0.0000
vt 0.8392 0.4879 0.0000
vt 0.8389 0.4902 0.0000
vt 0.8380 0.4895 0.0000
vt 0.6948 0.4150 0.0000
vt 0.6930 0.4150 0.0000
vt 0.8370 0.4907 0.0000
vt 0.6913 0.4184 0.0000
vt 0.6895 0.4184 0.0000
vt 0.8425 0.4854 0.0000
vt 0.8416 0.4847 0.0000
vt 0.6895 0.4239 0.0000
vt 0.6913 0.4239 0.0000
vt 0.6895 0.4264 0.0000
vt 0.6913 0.4264 0.0000
vt 0.8394 0.4895 0.0000
vt 0.8385 0.4888 0.0000
vt 0.6895 0.4287 0.0000
vt 0.6913 0.4287 0.0000
vt 0.6910 0.4404 0.0000
vt 0.6928 0.4404 0.0000
vt 0.6948 0.4132 0.0000
vt 0.6930 0.4132 0.0000
vt 0.6930 0.4153 0.0000
vt 0.6948 0.4153 0.0000
vt 0.6986 0.4168 0.0000
vt 0.6968 0.4168 0.0000
vt 0.6968 0.4211 0.0000
vt 0.6986 0.4211 0.0000
vt 0.6928 0.4355 0.0000
vt 0.6910 0.4355 0.0000
vt 0.8414 0.4869 0.0000
vt 0.8405 0.4862 0.0000
vt 0.6928 0.3979 0.0000
vt 0.6910 0.3979 0.0000
vt 0.8425 0.4836 0.0000
vt 0.8434 0.4843 0.0000
vt 0.8443 0.4831 0.0000
vt 0.8490 0.4769 0.0000
vt 0.8481 0.4763 0.0000
vt 0.8485 0.4757 0.0000
vt 0.8494 0.4764 0.0000
vt 0.8446 0.4826 0.0000
vt 0.8437 0.4820 0.0000
vt 0.8445 0.4809 0.0000
vt 0.8454 0.4816 0.0000
vt 0.6928 0.4311 0.0000
vt 0.6910 0.4311 0.0000
vt 0.6948 0.4440 0.0000
vt 0.6930 0.4440 0.0000
vt 0.8450 0.4802 0.0000
vt 0.8459 0.4809 0.0000
vt 0.8495 0.4763 0.0000
vt 0.8486 0.4756 0.0000
vt 0.8493 0.4746 0.0000
vt 0.8502 0.4752 0.0000
vt 0.8464 0.4803 0.0000
vt 0.8455 0.4796 0.0000
vt 0.8461 0.4788 0.0000
vt 0.8470 0.4795 0.0000
vt 0.6928 0.4173 0.0000
vt 0.6910 0.4173 0.0000
vt 0.6910 0.4163 0.0000
vt 0.6928 0.4163 0.0000
vt 0.8467 0.4780 0.0000
vt 0.8476 0.4787 0.0000
vt 0.8509 0.4744 0.0000
vt 0.8500 0.4737 0.0000
vt 0.6948 0.4263 0.0000
vt 0.6930 0.4263 0.0000
vt 0.6928 0.4353 0.0000
vt 0.6910 0.4353 0.0000
vt 0.6928 0.4208 0.0000
vt 0.6910 0.4208 0.0000
vt 0.6930 0.4340 0.0000
vt 0.6948 0.4340 0.0000
vt 0.6930 0.4378 0.0000
vt 0.6948 0.4378 0.0000
vt 0.6948 0.4269 0.0000
vt 0.6930 0.4269 0.0000
vt 0.6968 0.4366 0.0000
vt 0.6986 0.4366 0.0000
vt 0.6930 0.4353 0.0000
vt 0.6948 0.4353 0.0000
vt 0.6930 0.4093 0.0000
vt 0.6948 0.4093 0.0000
vt 0.6930 0.4250 0.0000
vt 0.6948 0.4250 0.0000
vt 0.6948 0.4437 0.0000
vt 0.6930 0.4437 0.0000
vt 0.6930 0.4398 0.0000
vt 0.6948 0.4398 0.0000
vt 0.6928 0.4058 0.0000
vt 0.6910 0.4058 0.0000
vt 0.6910 0.4065 0.0000
vt 0.6928 0.4065 0.0000
vt 0.6910 0.4509 0.0000
vt 0.6928 0.4509 0.0000
vt 0.6948 0.4439 0.0000
vt 0.6930 0.4439 0.0000
vt 0.6930 0.4297 0.0000
vt 0.6948 0.4297 0.0000
vt 0.6910 0.4102 0.0000
vt 0.6928 0.4102 0.0000
vt 0.6968 0.4421 0.0000
vt 0.6986 0.4421 0.0000
vt 0.6895 0.4293 0.0000
vt 0.6913 0.4293 0.0000
vt 0.6930 0.4201 0.0000
vt 0.6948 0.4201 0.0000
vt 0.6913 0.4230 0.0000
vt 0.6895 0.4230 0.0000
vt 0.6913 0.4195 0.0000
vt 0.6895 0.4195 0.0000
vt 0.6910 0.4425 0.0000
vt 0.6928 0.4425 0.0000
vt 0.6913 0.4166 0.0000
vt 0.6895 0.4166 0.0000
vt 0.6910 0.4394 0.0000
vt 0.6928 0.4394 0.0000
vt 0.6986 0.4132 0.0000
vt 0.6968 0.4132 0.0000
vt 0.6928 0.4149 0.0000
vt 0.6910 0.4149 0.0000
vt 0.6910 0.4160 0.0000
vt 0.6928 0.4160 0.0000
vt 0.6910 0.4308 0.0000
vt 0.6928 0.4308 0.0000
vt 0.6928 0.4287 0.0000
vt 0.6910 0.4287 0.0000
vt 0.6910 0.4286 0.0000
vt 0.6928 0.4286 0.0000
vt 0.8379 0.4895 0.0000
vt 0.6910 0.4278 0.0000
vt 0.6928 0.4278 0.0000
vt 0.6928 0.4538 0.0000
vt 0.6910 0.4538 0.0000
vt 0.6930 0.4292 0.0000
vt 0.6948 0.4292 0.0000
vt 0.8610 0.4612 0.0000
vt 0.8601 0.4605 0.0000
vt 0.8616 0.4585 0.0000
vt 0.8625 0.4592 0.0000
vt 0.8436 0.4821 0.0000
vt 0.8445 0.4828 0.0000
vt 0.8459 0.4791 0.0000
vt 0.8468 0.4798 0.0000
vt 0.8467 0.4799 0.0000
vt 0.8492 0.4748 0.0000
vt 0.8500 0.4755 0.0000
vt 0.6948 0.4279 0.0000
vt 0.6930 0.4279 0.0000
vt 0.8499 0.4756 0.0000
vt 0.8490 0.4750 0.0000
vt 0.8650 0.4559 0.0000
vt 0.8641 0.4552 0.0000
vt 0.8620 0.4580 0.0000
vt 0.8629 0.4587 0.0000
vt 0.6928 0.4107 0.0000
vt 0.6910 0.4107 0.0000
vt 0.6910 0.4348 0.0000
vt 0.6928 0.4348 0.0000
vt 0.8553 0.4668 0.0000
vt 0.8562 0.4675 0.0000
vt 0.6928 0.4556 0.0000
vt 0.6910 0.4556 0.0000
vt 0.8570 0.4663 0.0000
vt 0.8562 0.4656 0.0000
vt 0.8577 0.4637 0.0000
vt 0.8585 0.4644 0.0000
vt 0.6948 0.4125 0.0000
vt 0.6930 0.4125 0.0000
vt 0.6960 0.4296 0.0000
vt 0.6979 0.4296 0.0000
vt 0.8506 0.4748 0.0000
vt 0.8497 0.4741 0.0000
vt 0.8517 0.4733 0.0000
vt 0.8558 0.4679 0.0000
vt 0.8549 0.4673 0.0000
vt 0.6910 0.4192 0.0000
vt 0.6928 0.4192 0.0000
vt 0.6913 0.4232 0.0000
vt 0.6895 0.4232 0.0000
vt 0.8543 0.4681 0.0000
vt 0.8552 0.4688 0.0000
vt 0.6787 0.4840 0.0000
vt 0.6879 0.4840 0.0000
vt 0.6879 0.4870 0.0000
vt 0.6787 0.4870 0.0000
vt 0.6879 0.4755 0.0000
vt 0.6879 0.4785 0.0000
vt 0.6787 0.4785 0.0000
vt 0.6879 0.4925 0.0000
vt 0.6787 0.4925 0.0000
vt 0.3858 0.4612 0.0000
vt 0.3843 0.4612 0.0000
vt 0.3843 0.4351 0.0000
vt 0.3858 0.4351 0.0000
vt 0.3855 0.4351 0.0000
vt 0.3855 0.5580 0.0000
vt 0.3843 0.5580 0.0000
vt 0.3855 0.5958 0.0000
vt 0.3843 0.5958 0.0000
vt 0.3576 0.4356 0.0000
vt 0.3612 0.4393 0.0000
vt 0.3612 0.6448 0.0000
vt 0.3576 0.6484 0.0000
vt 0.4926 0.4356 0.0000
vt 0.4963 0.4393 0.0000
vt 0.4963 0.5964 0.0000
vt 0.4926 0.5927 0.0000
vt 0.5261 0.4356 0.0000
vt 0.5225 0.4393 0.0000
vt 0.5225 0.6448 0.0000
vt 0.5261 0.6484 0.0000
vt 0.3856 0.5964 0.0000
vt 0.3892 0.5927 0.0000
vt 0.3856 0.4393 0.0000
vt 0.3892 0.4356 0.0000
vt 0.5735 0.6455 0.0000
vt 0.6352 0.5229 0.0000
vt 0.9157 0.5229 0.0000
vt 0.9821 0.6455 0.0000
vt 0.9821 0.1248 0.0000
vt 0.9157 0.1248 0.0000
vt 0.6352 0.1248 0.0000
vt 0.5735 0.1248 0.0000
vt 0.3858 0.5958 0.0000
vt 0.3858 0.5454 0.0000
vt 0.3843 0.5454 0.0000
vt 0.3858 0.4594 0.0000
vt 0.3843 0.4594 0.0000
vt 0.3580 0.6474 0.0000
vt 0.3911 0.5923 0.0000
vt 0.4935 0.5923 0.0000
vt 0.5248 0.6474 0.0000
vt 0.4935 0.4367 0.0000
vt 0.5248 0.4367 0.0000
vt 0.3580 0.4367 0.0000
vt 0.3911 0.4367 0.0000
vt 0.3806 0.4366 0.0000
vt 0.5262 0.4366 0.0000
vt 0.5262 0.6485 0.0000
vt 0.3806 0.6485 0.0000
vt 0.0061 0.1068 0.0000
vt 0.1884 0.1068 0.0000
vt 0.1929 0.1113 0.0000
vt 0.0016 0.1113 0.0000
vt 0.2021 0.1095 0.0000
vt 0.0108 0.1095 0.0000
vt 0.0108 0.1063 0.0000
vt 0.2021 0.1063 0.0000
vt 0.1117 0.1126 0.0000
vt 0.0069 0.1126 0.0000
vt 0.0046 0.1104 0.0000
vt 0.1139 0.1104 0.0000
vt 0.1976 0.1140 0.0000
vt 0.0154 0.1140 0.0000
vt 0.0069 0.1088 0.0000
vt 0.1117 0.1088 0.0000
vt 0.1139 0.1111 0.0000
vt 0.0046 0.1111 0.0000
vt 0.1139 0.1126 0.0000
vt 0.0046 0.1126 0.0000
vt 0.0046 0.1088 0.0000
vt 0.1139 0.1088 0.0000
vt 0.3769 0.0937 0.0000
vt 0.3769 0.0160 0.0000
vt 0.4658 0.0160 0.0000
vt 0.4658 0.0937 0.0000
vt 0.3669 0.5991 0.0000
vt 0.3669 0.4362 0.0000
vt 0.5185 0.4362 0.0000
vt 0.5185 0.5991 0.0000
vt 0.3856 0.5973 0.0000
vt 0.3856 0.5212 0.0000
vt 0.4932 0.5212 0.0000
vt 0.4932 0.5973 0.0000
vt 0.0085 0.1089 0.0000
vt 0.1631 0.1089 0.0000
vt 0.1676 0.1134 0.0000
vt 0.0039 0.1134 0.0000
vt 0.1722 0.1120 0.0000
vt 0.0085 0.1120 0.0000
vt 0.1722 0.1089 0.0000
vt 0.1680 0.1126 0.0000
vt 0.1702 0.1104 0.0000
vt 0.1676 0.1165 0.0000
vt 0.0130 0.1165 0.0000
vt 0.1680 0.1088 0.0000
vt 0.1702 0.1111 0.0000
vt 0.1702 0.1126 0.0000
vt 0.1702 0.1088 0.0000
vt 0.3713 0.0861 0.0000
vt 0.3713 0.0197 0.0000
vt 0.5061 0.0197 0.0000
vt 0.5061 0.0861 0.0000
vt 1.2641 0.1517 0.0000
vt 0.1507 0.2396 0.0000
vt 0.4244 0.2396 0.0000
vt 0.4244 0.3619 0.0000
vt 0.1507 0.3619 0.0000
vt 0.4246 0.3617 0.0000
vt 0.3490 0.3165 0.0000
vt 0.3490 0.1704 0.0000
vt 0.4246 0.1704 0.0000
vt 0.1512 0.3165 0.0000
vt 0.1512 0.3617 0.0000
vt 0.5526 0.4235 0.0000
vt 0.5526 0.9923 0.0000
vt 0.3231 0.9923 0.0000
vt 0.3231 0.4235 0.0000
vt 0.5526 0.8236 0.0000
vt 0.3231 0.8236 0.0000
vt 0.4871 0.8412 0.0000
vt 0.4871 0.8592 0.0000
vt 0.0556 0.8592 0.0000
vt 0.0556 0.8412 0.0000
vt 0.0556 0.6718 0.0000
vt 0.0556 0.6537 0.0000
vt 0.4871 0.6537 0.0000
vt 0.4871 0.6718 0.0000
vt 0.1439 0.1617 0.0000
vt 0.1439 0.2364 0.0000
vt 0.0076 0.3509 0.0000
vt 0.0076 0.1617 0.0000
vt 0.4284 0.2364 0.0000
vt 0.5646 0.3509 0.0000
vt 0.4284 0.3509 0.0000
vt 0.1439 0.3509 0.0000
vt 0.5526 0.9925 0.0000
vt 0.0077 0.9925 0.0000
vt 0.1475 0.8237 0.0000
vt 0.4129 0.8237 0.0000
vt 0.8375 0.6958 0.0000
vt 0.7042 0.6958 0.0000
vt 0.5646 0.1617 0.0000
vt 0.4284 0.1617 0.0000
vt 0.2992 0.1621 0.0000
vt 0.2992 0.3509 0.0000
vt 0.1439 0.1624 0.0000
vt 0.4333 0.1624 0.0000
vt 0.4333 0.2364 0.0000
vt 0.4129 0.4235 0.0000
vt 0.1475 0.4235 0.0000
vt 0.0077 0.4235 0.0000
vt 0.0076 0.1621 0.0000
vt 0.7017 0.6643 0.0000
vt 0.7051 0.6624 0.0000
vt 0.9874 0.6624 0.0000
vt 0.9908 0.6644 0.0000
vt 0.9908 0.6675 0.0000
vt 0.9874 0.6695 0.0000
vt 0.7051 0.6695 0.0000
vt 0.7017 0.6675 0.0000
vt 0.8367 0.6624 0.0000
vt 0.8401 0.6643 0.0000
vt 0.8401 0.6644 0.0000
vt 0.7017 0.6644 0.0000
vt 0.9874 0.6694 0.0000
vt 0.7051 0.6694 0.0000
vt 0.9908 0.6643 0.0000
vt 0.8401 0.6675 0.0000
vt 0.8367 0.6694 0.0000
vt 0.8367 0.6695 0.0000
vt 0.9912 0.7117 0.0000
vt 0.9912 0.9918 0.0000
vt 0.6969 0.9918 0.0000
vt 0.6969 0.7117 0.0000
vt 0.5596 0.9918 0.0000
vt 0.5596 0.7117 0.0000
vt 0.7017 0.6710 0.0000
vt 0.7051 0.6691 0.0000
vt 0.9873 0.6691 0.0000
vt 0.9907 0.6710 0.0000
vt 0.8462 0.7041 0.0000
vt 0.8462 0.6976 0.0000
vt 0.9914 0.6976 0.0000
vt 0.9914 0.7041 0.0000
vt 0.7051 0.6625 0.0000
vt 0.9873 0.6625 0.0000
vt 0.9907 0.6644 0.0000
vt 0.8367 0.6691 0.0000
vt 0.8401 0.6710 0.0000
vt 0.8367 0.6625 0.0000
vt 0.8400 0.6644 0.0000
vt 0.7010 0.7041 0.0000
vt 0.7010 0.6976 0.0000
vt 0.7017 0.6741 0.0000
vt 0.8401 0.6741 0.0000
vt 0.8400 0.6675 0.0000
vt 0.7017 0.6973 0.0000
vt 0.8462 0.6973 0.0000
vt 0.9907 0.6741 0.0000
vt 0.9907 0.6973 0.0000
vt 0.9907 0.6675 0.0000
vt 0.8401 0.6740 0.0000
vt 0.8487 0.6958 0.0000
vt 0.8487 0.6846 0.0000
vt 0.7051 0.6760 0.0000
vt 0.8367 0.6760 0.0000
vt 0.9873 0.6760 0.0000
vt 0.7042 0.6846 0.0000
vt 0.9873 0.6694 0.0000
vt 0.8462 0.6831 0.0000
vt 0.8462 0.6820 0.0000
vt 0.9887 0.6820 0.0000
vt 0.9907 0.6831 0.0000
vt 0.9910 0.7117 0.0000
vt 0.9910 0.7302 0.0000
vt 0.6968 0.7302 0.0000
vt 0.6968 0.7117 0.0000
vt 0.5596 0.7302 0.0000
vt 0.7017 0.6831 0.0000
vt 0.7037 0.6820 0.0000
vt 0.7044 0.6816 0.0000
vt 0.8462 0.6816 0.0000
vt 0.7044 0.6800 0.0000
vt 0.7051 0.6796 0.0000
vt 0.9873 0.6796 0.0000
vt 0.9880 0.6800 0.0000
vt 0.9880 0.6816 0.0000
vt 0.8367 0.6796 0.0000
vt 0.8374 0.6800 0.0000
vt 0.8374 0.6816 0.0000
vt 0.8462 0.6800 0.0000
vt 0.8462 0.6796 0.0000
vt 0.8380 0.6820 0.0000
vt 0.8400 0.6831 0.0000
vt 0.9882 0.6958 0.0000
vt 0.9910 0.7154 0.0000
vt 0.9910 0.7339 0.0000
vt 0.6968 0.7339 0.0000
vt 0.6968 0.7154 0.0000
vt 0.8439 0.7154 0.0000
vt 0.9882 0.6846 0.0000
vt 0.8437 0.6958 0.0000
vt 0.8400 0.6973 0.0000
vt 0.8407 0.6976 0.0000
vt 0.8401 0.6831 0.0000
vt 0.8407 0.7041 0.0000
vt 0.8401 0.6973 0.0000
vt 0.0804 0.1123 0.0000
vt 0.0065 0.1123 0.0000
vt 0.0823 0.1104 0.0000
vt 0.3262 0.1089 0.0000
vt 0.3300 0.1127 0.0000
vt 0.0047 0.1127 0.0000
vt 0.1609 0.1123 0.0000
vt 0.1628 0.1104 0.0000
vt 0.0808 0.1088 0.0000
vt 0.0827 0.1107 0.0000
vt 0.0050 0.1107 0.0000
vt 0.1613 0.1088 0.0000
vt 0.1631 0.1107 0.0000
vt 0.3300 0.1158 0.0000
vt 0.0122 0.1158 0.0000
vt 0.3337 0.1120 0.0000
vt 0.0827 0.1123 0.0000
vt 0.0050 0.1123 0.0000
vt 0.1631 0.1123 0.0000
vt 0.3337 0.1089 0.0000
vt 0.0823 0.1088 0.0000
vt 0.0047 0.1158 0.0000
vt 0.1628 0.1088 0.0000
vt 0.3848 0.1107 0.0000
vt 0.3848 0.0090 0.0000
vt 0.4335 0.0090 0.0000
vt 0.4335 0.1107 0.0000
vt 0.5034 0.0197 0.0000
vt 0.5034 0.0829 0.0000
vt 0.3713 0.0829 0.0000
vt 0.4057 0.0185 0.0000
vt 0.5035 0.0185 0.0000
vt 0.5035 0.1138 0.0000
vt 0.4057 0.1138 0.0000
vt 0.2877 0.1120 0.0000
vt 0.2877 0.1089 0.0000
vt 0.4271 0.0264 0.0000
vt 0.4271 0.0371 0.0000
vt 0.3489 0.0371 0.0000
vt 0.3489 0.0264 0.0000
vt 0.4886 0.1121 0.0000
vt 0.4886 0.0089 0.0000
vt 0.5918 0.0089 0.0000
vt 0.5918 0.1121 0.0000
vt 0.2351 0.1089 0.0000
vt 0.2351 0.1120 0.0000
vt 0.0223 0.1088 0.0000
vt 0.0223 0.1104 0.0000
vt 0.0069 0.1104 0.0000
vt 0.0355 0.1104 0.0000
vt 0.0200 0.1104 0.0000
vt 0.0200 0.1088 0.0000
vt 0.0355 0.1088 0.0000
vt 0.0741 0.1115 0.0000
vt 0.2766 0.1115 0.0000
vt 0.2766 0.1143 0.0000
vt 0.0741 0.1143 0.0000
vt 0.3027 0.1137 0.0000
vt 0.0760 0.1137 0.0000
vt 0.0760 0.1106 0.0000
vt 0.3027 0.1106 0.0000
vt 0.4324 0.4127 0.0000
vt 0.3973 0.3776 0.0000
vt 0.3973 0.1707 0.0000
vt 0.4324 0.1355 0.0000
vt 0.1478 0.4127 0.0000
vt 0.1829 0.3776 0.0000
vt 0.1478 0.1355 0.0000
vt 0.1829 0.1707 0.0000
vt 0.2801 0.1089 0.0000
vt 0.2839 0.1127 0.0000
vt 0.3300 0.1111 0.0000
vt 0.3300 0.1126 0.0000
vt 0.1330 0.1171 0.0000
vt 0.0154 0.1171 0.0000
vt 0.1330 0.1140 0.0000
vt 0.1342 0.1110 0.0000
vt 0.1644 0.1110 0.0000
vt 0.1644 0.1144 0.0000
vt 0.1342 0.1144 0.0000
vt 0.0545 0.1120 0.0000
vt 0.1722 0.1151 0.0000
vt 0.0545 0.1151 0.0000
vt 0.3895 0.0375 0.0000
vt 0.3489 0.0375 0.0000
vt 0.3895 0.0264 0.0000
vt 0.3623 0.2997 0.0000
vt 0.3623 0.3181 0.0000
vt 0.1507 0.3181 0.0000
vt 0.1507 0.2997 0.0000
vt 0.3623 0.2131 0.0000
vt 0.1507 0.2131 0.0000
vt 0.3623 0.1947 0.0000
vt 0.1507 0.1947 0.0000
vt 0.3874 0.5964 0.0000
vt 0.3874 0.4393 0.0000
vt 0.3911 0.4356 0.0000
vt 0.3911 0.5927 0.0000
vt 0.4981 0.5964 0.0000
vt 0.4945 0.5927 0.0000
vt 0.4981 0.4393 0.0000
vt 0.4945 0.4356 0.0000
vt 0.3893 0.5923 0.0000
vt 0.4917 0.5923 0.0000
vt 0.3893 0.4367 0.0000
vt 0.4917 0.4367 0.0000
vt 0.1998 0.1089 0.0000
vt 0.1953 0.1134 0.0000
vt 0.0130 0.1134 0.0000
vt 0.0108 0.1096 0.0000
vt 0.0108 0.1064 0.0000
vt 0.2021 0.1064 0.0000
vt 0.2021 0.1096 0.0000
vt 0.0715 0.1151 0.0000
vt 0.0715 0.1120 0.0000
vt 0.2351 0.1151 0.0000
vt 0.1679 0.1126 0.0000
vt 0.0760 0.1075 0.0000
vt 0.2306 0.1075 0.0000
vt 0.1679 0.1088 0.0000
vt 0.4179 0.2629 0.0000
vt 0.4179 0.3852 0.0000
vt 0.1442 0.3852 0.0000
vt 0.1442 0.2629 0.0000
vt 0.3472 0.3617 0.0000
vt 0.3472 0.2163 0.0000
vt 0.4223 0.1714 0.0000
vt 0.4223 0.3617 0.0000
vt 0.3490 0.2156 0.0000
vt 0.3490 0.3617 0.0000
vt 0.1512 0.2156 0.0000
vt 0.1512 0.1704 0.0000
vt 0.1505 0.2163 0.0000
vt 0.1505 0.1714 0.0000
vt 0.0753 0.1145 0.0000
vt 0.0753 0.1113 0.0000
vt 0.1929 0.1145 0.0000
vt 0.2981 0.1151 0.0000
vt 0.2981 0.1120 0.0000
vt 0.2839 0.1158 0.0000
vt 0.3300 0.1104 0.0000
vt 0.3282 0.1123 0.0000
vt 0.3300 0.1088 0.0000
vt 0.4559 0.1178 0.0000
vt 0.3455 0.1178 0.0000
vt 0.3455 0.0996 0.0000
vt 0.4559 0.0996 0.0000
vt 0.3455 0.0997 0.0000
vt 0.6270 0.0997 0.0000
vt 0.6270 0.1181 0.0000
vt 0.3455 0.1181 0.0000
vt 0.4409 0.0266 0.0000
vt 0.5484 0.0266 0.0000
vt 0.5553 0.0336 0.0000
vt 0.4340 0.0336 0.0000
vt 0.5509 0.0334 0.0000
vt 0.4435 0.0334 0.0000
vt 0.4365 0.0264 0.0000
vt 0.5579 0.0264 0.0000
vt 0.6185 0.0332 0.0000
vt 0.3556 0.0332 0.0000
vt 0.3488 0.0263 0.0000
vt 0.6253 0.0263 0.0000
vt 0.3542 0.0263 0.0000
vt 0.6170 0.0263 0.0000
vt 0.6238 0.0332 0.0000
vt 0.3474 0.0332 0.0000
vt 0.3455 0.0060 0.0000
vt 0.6270 0.0060 0.0000
vt 0.8437 0.6846 0.0000
vt 0.8375 0.6846 0.0000
vt 0.7010 0.7040 0.0000
vt 0.8407 0.7040 0.0000
vt 0.4555 0.4365 0.0000
vt 0.4745 0.4365 0.0000
vt 0.4745 0.5557 0.0000
vt 0.4555 0.5557 0.0000
vt 0.4098 0.4362 0.0000
vt 0.4098 0.5562 0.0000
vt 0.4756 0.5562 0.0000
vt 0.4756 0.4362 0.0000
vt 0.1164 0.5951 0.0000
vt 0.0505 0.5951 0.0000
vt 0.0505 0.5181 0.0000
vt 0.1164 0.5181 0.0000
vt 0.1991 0.3778 0.0000
vt 0.1847 0.3778 0.0000
vt 0.1847 0.1711 0.0000
vt 0.1991 0.1711 0.0000
vt 0.2135 0.1711 0.0000
vt 0.2135 0.3778 0.0000
vt 0.1996 0.1711 0.0000
vt 0.1996 0.3778 0.0000
vt 0.1857 0.3778 0.0000
vt 0.1857 0.1711 0.0000
vt 0.8022 0.5099 0.0000
vt 0.8122 0.5184 0.0000
vt 0.8160 0.5142 0.0000
vt 0.8047 0.5047 0.0000
vt 0.8136 0.5088 0.0000
vt 0.8066 0.5026 0.0000
vt 0.8158 0.5107 0.0000
vt 0.8033 0.5142 0.0000
vt 0.8092 0.5192 0.0000
vt 0.8170 0.5058 0.0000
vt 0.8100 0.4996 0.0000
vt 0.8234 0.5029 0.0000
vt 0.8158 0.4962 0.0000
vt 0.8287 0.5031 0.0000
vt 0.8234 0.4900 0.0000
vt 0.8218 0.4873 0.0000
vt 0.8143 0.4936 0.0000
vt 0.8195 0.4863 0.0000
vt 0.8142 0.4907 0.0000
vt 0.8181 0.4865 0.0000
vt 0.8149 0.4892 0.0000
vt 0.8355 0.5014 0.0000
vt 0.8259 0.4885 0.0000
vt 0.8432 0.4975 0.0000
vt 0.8295 0.4846 0.0000
vt 0.8486 0.4926 0.0000
vt 0.8311 0.4818 0.0000
vt 0.8499 0.4912 0.0000
vt 0.8304 0.4792 0.0000
vt 0.8501 0.4891 0.0000
vt 0.8322 0.4771 0.0000
vt 0.8477 0.4842 0.0000
vt 0.8348 0.4757 0.0000
vt 0.8337 0.4617 0.0000
vt 0.8305 0.4649 0.0000
vt 0.8441 0.4703 0.0000
vt 0.8440 0.4662 0.0000
vt 0.8297 0.4687 0.0000
vt 0.8426 0.4731 0.0000
vt 0.8304 0.4722 0.0000
vt 0.8384 0.4743 0.0000
vt 0.8324 0.4747 0.0000
vt 0.8409 0.4619 0.0000
vt 0.8377 0.4609 0.0000
vt 0.8500 0.4845 0.0000
vt 0.8555 0.4807 0.0000
vt 0.8463 0.4719 0.0000
vt 0.8528 0.4835 0.0000
vt 0.8485 0.4670 0.0000
vt 0.9069 0.4850 0.0000
vt 0.9078 0.4819 0.0000
vt 0.8840 0.4810 0.0000
vt 0.9018 0.4935 0.0000
vt 0.9047 0.4894 0.0000
vt 0.8937 0.5007 0.0000
vt 0.8984 0.4971 0.0000
vt 0.8876 0.5033 0.0000
vt 0.8895 0.5029 0.0000
vt 0.8860 0.5027 0.0000
vt 0.8843 0.5013 0.0000
vt 0.9077 0.4801 0.0000
vt 0.9072 0.4786 0.0000
vt 0.9056 0.4772 0.0000
vt 0.8715 0.5044 0.0000
vt 0.8764 0.5048 0.0000
vt 0.8801 0.5022 0.0000
vt 0.8526 0.4899 0.0000
vt 0.8805 0.5052 0.0000
vt 0.8823 0.5047 0.0000
vt 0.8836 0.5033 0.0000
vt 0.8603 0.4988 0.0000
vt 0.8665 0.5029 0.0000
vt 0.8560 0.4950 0.0000
vt 0.8939 0.4484 0.0000
vt 0.8901 0.4463 0.0000
vt 0.8998 0.4526 0.0000
vt 0.8970 0.4505 0.0000
vt 0.9055 0.4607 0.0000
vt 0.9034 0.4573 0.0000
vt 0.9083 0.4698 0.0000
vt 0.9074 0.4650 0.0000
vt 0.8847 0.4449 0.0000
vt 0.9087 0.4738 0.0000
vt 0.9084 0.4752 0.0000
vt 0.9073 0.4764 0.0000
vt 0.9070 0.4063 0.0000
vt 0.9105 0.4019 0.0000
vt 0.9009 0.3937 0.0000
vt 0.8960 0.3969 0.0000
vt 0.9012 0.4048 0.0000
vt 0.8942 0.3991 0.0000
vt 0.9035 0.4066 0.0000
vt 0.9105 0.3989 0.0000
vt 0.9047 0.3939 0.0000
vt 0.8987 0.4085 0.0000
vt 0.8918 0.4029 0.0000
vt 0.8969 0.4147 0.0000
vt 0.8892 0.4096 0.0000
vt 0.8978 0.4205 0.0000
vt 0.8842 0.4175 0.0000
vt 0.8813 0.4164 0.0000
vt 0.8863 0.4079 0.0000
vt 0.8800 0.4143 0.0000
vt 0.8835 0.4083 0.0000
vt 0.8799 0.4128 0.0000
vt 0.8821 0.4092 0.0000
vt 0.8973 0.4275 0.0000
vt 0.8832 0.4202 0.0000
vt 0.8954 0.4346 0.0000
vt 0.8799 0.4244 0.0000
vt 0.8930 0.4389 0.0000
vt 0.8774 0.4265 0.0000
vt 0.8897 0.4432 0.0000
vt 0.8747 0.4261 0.0000
vt 0.8878 0.4437 0.0000
vt 0.8824 0.4424 0.0000
vt 0.8539 0.4463 0.0000
vt 0.8576 0.4450 0.0000
vt 0.8369 0.4459 0.0000
vt 0.8353 0.4441 0.0000
vt 0.8342 0.4443 0.0000
vt 0.8355 0.4463 0.0000
vt 0.8192 0.4496 0.0000
vt 0.8210 0.4499 0.0000
vt 0.8219 0.4484 0.0000
vt 0.8202 0.4472 0.0000
vt 0.8227 0.4472 0.0000
vt 0.8216 0.4456 0.0000
vt 0.8239 0.4466 0.0000
vt 0.8235 0.4444 0.0000
vt 0.8254 0.4462 0.0000
vt 0.8251 0.4440 0.0000
vt 0.8278 0.4459 0.0000
vt 0.8279 0.4437 0.0000
vt 0.8296 0.4460 0.0000
vt 0.8301 0.4439 0.0000
vt 0.8317 0.4461 0.0000
vt 0.8321 0.4440 0.0000
vt 0.8196 0.4512 0.0000
vt 0.8206 0.4524 0.0000
vt 0.8338 0.4463 0.0000
vt 0.8422 0.4574 0.0000
vt 0.8434 0.4560 0.0000
vt 0.8433 0.4547 0.0000
vt 0.8439 0.4533 0.0000
vt 0.8543 0.4441 0.0000
vt 0.8431 0.4514 0.0000
vt 0.8540 0.4432 0.0000
vt 0.8433 0.4500 0.0000
vt 0.8438 0.4492 0.0000
vt 0.8542 0.4419 0.0000
vt 0.8429 0.4485 0.0000
vt 0.8542 0.4404 0.0000
vt 0.8417 0.4483 0.0000
vt 0.8439 0.4323 0.0000
vt 0.8377 0.4460 0.0000
vt 0.8453 0.4323 0.0000
vt 0.8466 0.4322 0.0000
vt 0.8385 0.4466 0.0000
vt 0.8480 0.4326 0.0000
vt 0.8401 0.4477 0.0000
vt 0.8431 0.4318 0.0000
vt 0.8346 0.4430 0.0000
vt 0.8422 0.4312 0.0000
vt 0.8414 0.4312 0.0000
vt 0.8337 0.4424 0.0000
vt 0.8400 0.4317 0.0000
vt 0.8321 0.4424 0.0000
vt 0.8392 0.4322 0.0000
vt 0.8310 0.4418 0.0000
vt 0.8372 0.4311 0.0000
vt 0.8338 0.4352 0.0000
vt 0.8306 0.4351 0.0000
vt 0.8276 0.4394 0.0000
vt 0.8308 0.4408 0.0000
vt 0.8332 0.4357 0.0000
vt 0.8295 0.4352 0.0000
vt 0.8270 0.4396 0.0000
vt 0.8284 0.4344 0.0000
vt 0.8262 0.4390 0.0000
vt 0.8352 0.4304 0.0000
vt 0.8323 0.4346 0.0000
vt 0.8310 0.4345 0.0000
vt 0.8303 0.4340 0.0000
vt 0.8241 0.4404 0.0000
vt 0.8254 0.4397 0.0000
vt 0.8137 0.4275 0.0000
vt 0.8104 0.4298 0.0000
vt 0.8229 0.4404 0.0000
vt 0.8079 0.4331 0.0000
vt 0.8174 0.4267 0.0000
vt 0.8215 0.4278 0.0000
vt 0.8220 0.4403 0.0000
vt 0.8068 0.4359 0.0000
vt 0.8068 0.4383 0.0000
vt 0.8201 0.4423 0.0000
vt 0.8072 0.4405 0.0000
vt 0.8175 0.4441 0.0000
vt 0.8145 0.4453 0.0000
vt 0.8083 0.4425 0.0000
vt 0.8101 0.4443 0.0000
vt 0.8124 0.4453 0.0000
vt 0.8222 0.4258 0.0000
vt 0.8233 0.4229 0.0000
vt 0.8377 0.4288 0.0000
vt 0.8262 0.4192 0.0000
vt 0.8400 0.4265 0.0000
vt 0.8291 0.4171 0.0000
vt 0.8412 0.4248 0.0000
vt 0.8319 0.4160 0.0000
vt 0.8416 0.4229 0.0000
vt 0.8340 0.4156 0.0000
vt 0.8410 0.4205 0.0000
vt 0.8361 0.4160 0.0000
vt 0.8399 0.4184 0.0000
vt 0.8384 0.4169 0.0000
vt 0.8554 0.4423 0.0000
vt 0.8563 0.4436 0.0000
vt 0.8716 0.4221 0.0000
vt 0.8710 0.4215 0.0000
vt 0.8701 0.4213 0.0000
vt 0.8691 0.4217 0.0000
vt 0.8613 0.4272 0.0000
vt 0.8486 0.4308 0.0000
vt 0.8498 0.4291 0.0000
vt 0.8515 0.4282 0.0000
vt 0.8525 0.4282 0.0000
vt 0.8533 0.4269 0.0000
vt 0.8543 0.4264 0.0000
vt 0.8560 0.4267 0.0000
vt 0.8569 0.4258 0.0000
vt 0.8585 0.4256 0.0000
vt 0.8599 0.4260 0.0000
# 3488 texture coords

o SM_MGM_Arch
g SM_MGM_Arch
usemtl 01___Default
s off
f 1/1/1 2/2/1 3/3/1 
f 3/3/1 4/4/1 1/1/1 
f 5/5/2 1/1/2 4/4/2 
f 4/4/2 6/6/2 5/5/2 
f 7/7/1 8/8/1 9/9/1 
f 9/9/1 10/10/1 7/7/1 
f 11/11/3 7/12/3 10/13/3 
f 10/13/3 12/14/3 11/11/3 
f 9/9/2 1/1/2 5/5/2 
f 5/5/2 13/15/2 9/9/2 
f 14/16/2 10/10/2 15/17/2 
f 15/17/2 16/18/2 14/16/2 
f 17/19/1 18/20/1 14/16/1 
f 14/16/1 19/21/1 17/19/1 
f 10/10/2 9/9/2 13/15/2 
f 13/15/2 15/17/2 10/10/2 
f 19/21/2 14/16/2 16/18/2 
f 16/18/2 20/22/2 19/21/2 
f 21/23/2 22/24/2 23/25/2 
f 23/25/2 24/26/2 21/23/2 
f 22/24/2 19/21/2 20/22/2 
f 20/22/2 23/25/2 22/24/2 
f 25/27/1 26/28/1 22/24/1 
f 22/24/1 21/23/1 25/27/1 
f 12/14/2 10/13/2 14/29/2 
f 14/29/4 27/30/4 12/14/4 
f 28/14/4 1/13/4 9/29/4 
f 9/29/2 29/30/2 28/14/2 
f 30/11/5 2/12/5 1/13/5 
f 1/13/5 28/14/5 30/11/5 
f 31/14/2 19/13/2 22/31/2 
f 22/31/4 32/32/4 31/14/4 
f 33/11/3 17/12/3 19/13/3 
f 19/13/3 31/14/3 33/11/3 
f 34/32/2 23/31/2 20/13/2 
f 20/13/4 35/14/4 34/32/4 
f 36/30/2 13/29/2 5/13/2 
f 5/13/2 37/14/2 36/30/2 
f 38/33/6 39/34/6 23/31/6 
f 23/31/6 34/32/6 38/33/6 
f 40/35/7 41/36/7 16/29/7 
f 16/29/7 42/30/7 40/35/7 
f 42/30/2 16/29/2 15/13/2 
f 15/13/4 43/14/4 42/30/4 
f 44/35/6 45/36/6 13/29/6 
f 13/29/6 36/30/6 44/35/6 
f 46/37/8 47/38/8 48/39/8 
f 48/39/8 49/40/8 46/37/8 
f 50/37/9 51/38/9 52/39/9 
f 52/39/10 53/40/10 50/37/10 
f 47/37/11 54/38/11 55/39/11 
f 55/39/11 48/40/11 47/37/11 
f 51/37/12 46/38/12 49/39/12 
f 49/39/12 52/40/12 51/37/12 
f 56/37/13 50/38/13 53/39/13 
f 53/39/13 57/40/13 56/37/13 
f 54/37/14 56/38/14 57/39/14 
f 57/39/14 55/40/14 54/37/14 
f 48/40/15 55/39/15 58/41/15 
f 58/41/16 59/42/16 48/40/16 
f 52/40/16 49/39/16 60/41/16 
f 60/41/15 61/42/15 52/40/15 
f 57/40/16 53/39/16 62/41/16 
f 62/41/15 63/42/15 57/40/15 
f 55/40/16 57/39/16 63/41/16 
f 63/41/16 58/43/16 55/40/16 
f 49/40/16 48/39/16 59/41/16 
f 59/41/15 60/42/15 49/40/15 
f 53/40/16 52/39/16 61/41/16 
f 61/41/15 62/42/15 53/40/15 
f 58/43/17 63/41/17 64/44/17 
f 64/44/17 65/45/17 58/43/17 
f 60/42/18 59/41/18 66/46/18 
f 66/46/18 67/47/18 60/42/18 
f 62/42/10 61/41/10 68/46/10 
f 68/46/10 69/47/10 62/42/10 
f 59/42/19 58/41/19 65/44/19 
f 65/44/19 66/48/19 59/42/19 
f 61/42/12 60/41/12 67/44/12 
f 67/44/12 68/48/12 61/42/12 
f 63/42/20 62/41/20 69/44/20 
f 69/44/20 64/48/20 63/42/20 
f 66/48/16 65/44/16 70/49/16 
f 70/49/15 71/50/15 66/48/15 
f 68/48/16 67/44/16 72/51/16 
f 72/51/15 73/52/15 68/48/15 
f 64/48/16 69/44/16 74/51/16 
f 74/51/15 75/52/15 64/48/15 
f 65/45/15 64/44/15 75/51/15 
f 75/51/15 70/52/15 65/45/15 
f 67/47/16 66/46/16 71/49/16 
f 71/49/15 72/50/15 67/47/15 
f 69/47/15 68/46/15 73/49/15 
f 73/49/16 74/50/16 69/47/16 
f 70/52/14 75/51/14 76/53/14 
f 76/53/14 77/54/14 70/52/14 
f 72/50/21 71/49/21 78/53/21 
f 78/53/21 79/54/21 72/50/21 
f 74/50/9 73/49/9 80/53/9 
f 80/53/9 81/54/9 74/50/9 
f 71/50/11 70/49/11 77/53/11 
f 77/53/11 78/54/11 71/50/11 
f 73/52/12 72/51/12 79/53/12 
f 79/53/12 80/54/12 73/52/12 
f 75/52/13 74/51/13 81/53/13 
f 81/53/13 76/54/13 75/52/13 
f 78/54/16 77/53/16 82/55/16 
f 82/55/16 83/56/16 78/54/16 
f 80/54/15 79/53/15 84/55/15 
f 84/55/15 85/56/15 80/54/15 
f 76/54/15 81/53/15 86/55/15 
f 86/55/16 87/56/16 76/54/16 
f 77/54/16 76/53/16 87/55/16 
f 87/55/15 82/57/15 77/54/15 
f 79/54/16 78/53/16 83/58/16 
f 83/58/16 84/59/16 79/54/16 
f 81/54/16 80/53/16 85/58/16 
f 85/58/15 86/59/15 81/54/15 
f 84/59/8 83/58/8 88/60/8 
f 88/60/8 89/61/8 84/59/8 
f 86/59/9 85/58/9 90/60/9 
f 90/60/9 91/61/9 86/59/9 
f 83/56/19 82/55/19 92/60/19 
f 92/60/19 88/62/19 83/56/19 
f 85/56/12 84/55/12 89/60/12 
f 89/60/12 90/62/12 85/56/12 
f 87/56/22 86/55/22 91/60/22 
f 91/60/22 93/62/22 87/56/22 
f 82/57/14 87/55/14 93/60/14 
f 93/60/14 92/61/14 82/57/14 
f 90/62/15 89/60/15 94/63/15 
f 94/63/16 95/64/16 90/62/16 
f 93/62/15 91/60/15 96/63/15 
f 96/63/16 97/64/16 93/62/16 
f 92/61/16 93/60/16 97/63/16 
f 97/63/16 98/65/16 92/61/16 
f 89/61/15 88/60/15 99/63/15 
f 99/63/16 94/65/16 89/61/16 
f 91/61/16 90/60/16 95/63/16 
f 95/63/16 96/65/16 91/61/16 
f 88/62/15 92/60/15 98/63/15 
f 98/63/16 99/64/16 88/62/16 
f 100/37/23 101/38/23 102/39/23 
f 102/39/23 103/40/23 100/37/23 
f 104/37/24 105/38/24 106/39/24 
f 106/39/24 107/40/24 104/37/24 
f 101/37/25 108/38/25 109/39/25 
f 109/39/25 102/40/25 101/37/25 
f 105/37/26 100/38/26 103/39/26 
f 103/39/26 106/40/26 105/37/26 
f 110/37/27 104/38/27 107/39/27 
f 107/39/27 111/40/27 110/37/27 
f 108/37/28 110/66/28 111/67/28 
f 111/67/28 109/40/28 108/37/28 
f 102/40/29 109/39/29 112/41/29 
f 112/41/29 113/42/29 102/40/29 
f 106/40/29 103/39/29 114/41/29 
f 114/41/30 115/42/30 106/40/30 
f 111/40/29 107/39/29 116/41/29 
f 116/41/30 117/42/30 111/40/30 
f 109/40/29 111/67/29 117/68/29 
f 117/68/29 112/42/29 109/40/29 
f 103/40/29 102/39/29 113/41/29 
f 113/41/29 114/43/29 103/40/29 
f 107/40/29 106/39/29 115/41/29 
f 115/41/29 116/43/29 107/40/29 
f 112/42/31 117/68/31 118/69/31 
f 118/69/31 119/48/31 112/42/31 
f 114/43/32 113/41/32 120/44/32 
f 120/44/32 121/45/32 114/43/32 
f 116/43/33 115/41/33 122/44/33 
f 122/44/33 123/45/33 116/43/33 
f 113/42/34 112/41/34 119/44/34 
f 119/44/34 120/48/34 113/42/34 
f 115/42/35 114/41/35 121/44/35 
f 121/44/35 122/48/35 115/42/35 
f 117/42/27 116/41/27 123/44/27 
f 123/44/27 118/48/27 117/42/27 
f 120/48/29 119/44/29 124/51/29 
f 124/51/29 125/52/29 120/48/29 
f 122/48/29 121/44/29 126/51/29 
f 126/51/30 127/50/30 122/48/30 
f 118/48/30 123/44/30 128/51/30 
f 128/51/30 129/52/30 118/48/30 
f 119/48/29 118/69/29 129/49/29 
f 129/49/29 124/52/29 119/48/29 
f 121/45/29 120/44/29 125/51/29 
f 125/51/30 126/52/30 121/45/30 
f 123/45/29 122/44/29 127/51/29 
f 127/51/29 128/52/29 123/45/29 
f 124/52/36 129/49/36 130/53/36 
f 130/53/36 131/54/36 124/52/36 
f 126/52/23 125/51/23 132/53/23 
f 132/53/23 133/54/23 126/52/23 
f 128/52/24 127/51/24 134/53/24 
f 134/53/33 135/54/33 128/52/33 
f 125/52/37 124/51/37 131/53/37 
f 131/53/34 132/54/34 125/52/34 
f 127/50/26 126/51/26 133/53/26 
f 133/53/26 134/54/26 127/50/26 
f 129/52/38 128/51/38 135/53/38 
f 135/53/38 130/54/38 129/52/38 
f 132/54/29 131/53/29 136/55/29 
f 136/55/29 137/56/29 132/54/29 
f 134/54/30 133/53/30 138/55/30 
f 138/55/30 139/56/30 134/54/30 
f 130/54/29 135/53/29 140/55/29 
f 140/55/29 141/56/29 130/54/29 
f 131/54/29 130/53/29 141/58/29 
f 141/58/30 136/57/30 131/54/30 
f 133/54/29 132/53/29 137/55/29 
f 137/55/30 138/57/30 133/54/30 
f 135/54/29 134/53/29 139/55/29 
f 139/55/29 140/57/29 135/54/29 
f 138/57/32 137/55/32 142/60/32 
f 142/60/32 143/61/32 138/57/32 
f 140/57/24 139/55/24 144/60/24 
f 144/60/24 145/61/24 140/57/24 
f 137/56/34 136/55/34 146/60/34 
f 146/60/34 142/62/34 137/56/34 
f 139/56/26 138/55/26 143/60/26 
f 143/60/26 144/62/26 139/56/26 
f 141/56/27 140/55/27 145/60/27 
f 145/60/27 147/62/27 141/56/27 
f 136/57/36 141/58/36 147/60/36 
f 147/60/36 146/61/36 136/57/36 
f 144/62/29 143/60/29 148/63/29 
f 148/63/29 149/64/29 144/62/29 
f 147/62/29 145/60/29 150/63/29 
f 150/63/29 151/64/29 147/62/29 
f 146/61/30 147/60/30 151/63/30 
f 151/63/29 152/65/29 146/61/29 
f 143/61/29 142/60/29 153/63/29 
f 153/63/30 148/65/30 143/61/30 
f 145/61/30 144/60/30 149/63/30 
f 149/63/29 150/65/29 145/61/29 
f 142/62/29 146/60/29 152/63/29 
f 152/63/29 153/64/29 142/62/29 
f 154/70/16 155/71/16 156/72/16 
f 156/72/16 157/73/16 154/70/16 
f 158/74/39 159/75/39 160/76/39 
f 160/76/39 161/77/39 158/74/39 
f 162/78/29 163/71/29 164/79/29 
f 164/79/29 165/80/29 162/78/29 
f 166/78/16 167/71/16 168/72/16 
f 168/72/16 169/81/16 166/78/16 
f 170/74/40 171/75/40 172/82/40 
f 172/82/41 173/77/41 170/74/41 
f 174/70/29 175/71/29 176/72/29 
f 176/72/29 177/83/29 174/70/29 
f 153/84/42 96/85/42 178/75/42 
f 178/75/43 167/74/43 153/84/43 
f 148/65/44 153/63/44 167/71/44 
f 167/71/45 166/78/45 148/65/45 
f 95/86/46 148/84/46 166/87/46 
f 166/87/46 179/88/46 95/86/46 
f 96/65/47 95/63/47 179/71/47 
f 179/71/48 178/78/48 96/65/48 
f 148/84/49 95/86/49 174/75/49 
f 174/75/50 155/74/50 148/84/50 
f 149/64/51 148/63/51 155/71/51 
f 155/71/52 154/70/52 149/64/52 
f 94/86/53 149/84/53 154/87/53 
f 154/87/54 175/88/54 94/86/54 
f 95/64/55 94/63/55 175/71/55 
f 175/71/56 174/70/56 95/64/56 
f 149/84/57 94/86/57 162/75/57 
f 162/75/58 180/74/58 149/84/58 
f 150/65/59 149/63/59 180/71/59 
f 180/71/60 181/78/60 150/65/60 
f 99/86/61 150/84/61 181/87/61 
f 181/87/61 163/88/61 99/86/61 
f 94/65/62 99/63/62 163/71/62 
f 163/71/63 162/78/63 94/65/63 
f 150/84/64 99/86/64 171/75/64 
f 171/75/64 170/74/64 150/84/64 
f 151/64/65 150/63/65 170/71/65 
f 170/71/66 182/70/66 151/64/66 
f 98/85/67 151/84/67 182/87/67 
f 182/87/68 183/88/68 98/85/68 
f 99/64/69 98/63/69 183/71/69 
f 183/71/70 171/70/70 99/64/70 
f 151/84/71 98/85/71 159/75/71 
f 159/75/72 158/74/72 151/84/72 
f 152/65/73 151/63/73 158/71/73 
f 158/71/74 184/78/74 152/65/74 
f 97/85/75 152/84/75 184/87/75 
f 184/87/76 185/88/76 97/85/76 
f 98/65/77 97/63/77 185/71/77 
f 185/71/78 159/78/78 98/65/78 
f 152/84/79 97/85/79 186/75/79 
f 186/75/80 187/74/80 152/84/80 
f 153/64/81 152/63/81 187/71/81 
f 187/71/82 188/70/82 153/64/82 
f 96/85/83 153/84/83 188/87/83 
f 188/87/84 189/89/84 96/85/84 
f 97/64/85 96/63/85 189/71/85 
f 189/71/86 186/70/86 97/64/86 
f 168/90/87 190/91/87 191/92/87 
f 191/92/88 169/93/88 168/90/88 
f 156/90/89 177/91/89 176/94/89 
f 176/94/90 157/93/90 156/90/90 
f 192/90/91 165/91/91 164/92/91 
f 164/92/92 193/93/92 192/90/92 
f 173/90/93 172/91/93 194/92/93 
f 194/92/94 195/93/94 173/90/94 
f 161/90/95 160/91/95 196/92/95 
f 196/92/96 197/93/96 161/90/96 
f 198/90/97 199/91/97 200/92/97 
f 200/92/98 201/93/98 198/90/98 
f 171/70/29 183/71/29 194/79/29 
f 194/79/30 172/73/30 171/70/30 
f 187/74/99 186/75/99 199/76/99 
f 199/76/100 198/77/100 187/74/100 
f 179/88/101 166/87/101 169/95/101 
f 169/95/102 191/96/102 179/88/102 
f 181/78/16 180/71/16 192/72/16 
f 192/72/15 193/81/15 181/78/15 
f 159/78/29 185/71/29 196/72/29 
f 196/72/29 160/81/29 159/78/29 
f 175/88/103 154/87/103 157/95/103 
f 157/95/103 176/96/103 175/88/103 
f 182/70/16 170/71/16 173/72/16 
f 173/72/15 195/83/15 182/70/15 
f 186/70/29 189/71/29 200/72/29 
f 200/72/29 199/83/29 186/70/29 
f 163/88/104 181/87/104 193/95/104 
f 193/95/105 164/96/105 163/88/105 
f 184/78/16 158/71/16 161/79/16 
f 161/79/16 197/81/16 184/78/16 
f 183/88/106 182/87/106 195/95/106 
f 195/95/107 194/96/107 183/88/107 
f 188/70/16 187/71/16 198/72/16 
f 198/72/16 201/83/16 188/70/16 
f 185/88/108 184/87/108 197/95/108 
f 197/95/108 196/96/108 185/88/108 
f 189/89/109 188/87/109 201/95/109 
f 201/95/110 200/96/110 189/89/110 
f 167/74/111 178/75/111 190/76/111 
f 190/76/112 168/77/112 167/74/112 
f 155/74/113 174/75/113 177/82/113 
f 177/82/113 156/77/113 155/74/113 
f 178/78/30 179/71/30 191/79/30 
f 191/79/29 190/80/29 178/78/29 
f 180/74/114 162/75/114 165/82/114 
f 165/82/115 192/77/115 180/74/115 
f 202/97/116 203/98/116 204/99/116 
f 204/99/116 205/100/116 202/97/116 
f 205/100/16 204/99/16 206/101/16 
f 206/101/15 207/102/15 205/100/15 
f 208/103/29 209/104/29 203/105/29 
f 203/105/29 202/106/29 208/103/29 
f 207/102/117 206/101/117 209/104/117 
f 209/104/117 208/103/117 207/102/117 
f 210/97/118 211/98/118 212/99/118 
f 212/99/118 213/100/118 210/97/118 
f 214/103/30 215/104/30 211/105/30 
f 211/105/29 210/106/29 214/103/29 
f 213/100/16 212/99/16 216/101/16 
f 216/101/15 217/102/15 213/100/15 
f 217/102/119 216/101/119 215/104/119 
f 215/104/119 214/103/119 217/102/119 
f 218/107/120 219/108/120 220/109/120 
f 220/109/121 221/110/121 218/107/121 
f 222/111/39 218/107/39 221/110/39 
f 221/110/39 223/112/39 222/111/39 
f 224/113/16 219/108/16 218/107/16 
f 218/107/16 222/114/16 224/113/16 
f 223/115/29 221/110/29 220/109/29 
f 220/109/29 225/116/29 223/115/29 
f 225/117/108 220/109/108 219/108/108 
f 219/108/108 224/118/108 225/117/108 
f 104/119/30 110/120/30 226/121/30 
f 110/120/29 108/122/29 226/121/29 
f 101/123/29 100/124/29 226/121/29 
f 105/125/29 104/119/29 226/121/29 
f 108/122/30 101/123/30 226/121/30 
f 100/124/30 105/125/30 226/121/30 
f 47/119/16 46/120/16 227/121/16 
f 51/122/16 50/123/16 227/121/16 
f 54/125/16 47/119/16 227/121/16 
f 46/120/16 51/122/16 227/121/16 
f 50/123/16 56/124/16 227/121/16 
f 56/124/16 54/125/16 227/121/16 
f 228/126/21 229/127/21 230/39/21 
f 230/39/21 231/128/21 228/126/21 
f 232/126/122 233/127/122 234/39/122 
f 234/39/122 235/128/122 232/126/122 
f 229/126/11 236/127/11 237/129/11 
f 237/129/11 230/130/11 229/126/11 
f 233/126/12 228/127/12 231/129/12 
f 231/129/12 234/130/12 233/126/12 
f 238/126/13 232/127/13 235/129/13 
f 235/129/13 239/130/13 238/126/13 
f 236/126/14 238/127/14 239/129/14 
f 239/129/14 237/130/14 236/126/14 
f 230/130/15 237/129/15 240/131/15 
f 240/131/16 241/132/16 230/130/16 
f 234/130/16 231/129/16 242/131/16 
f 242/131/16 243/132/16 234/130/16 
f 239/130/16 235/129/16 244/131/16 
f 244/131/15 245/132/15 239/130/15 
f 237/130/15 239/129/15 245/133/15 
f 245/133/15 240/132/15 237/130/15 
f 231/128/15 230/39/15 241/133/15 
f 241/133/16 242/132/16 231/128/16 
f 235/128/16 234/39/16 243/133/16 
f 243/133/16 244/132/16 235/128/16 
f 240/132/17 245/133/17 246/134/17 
f 246/134/17 247/135/17 240/132/17 
f 242/132/18 241/133/18 248/136/18 
f 248/136/18 249/137/18 242/132/18 
f 244/132/10 243/133/10 250/136/10 
f 250/136/10 251/137/10 244/132/10 
f 241/132/19 240/131/19 247/138/19 
f 247/138/19 248/137/19 241/132/19 
f 243/132/12 242/131/12 249/139/12 
f 249/139/12 250/135/12 243/132/12 
f 245/132/20 244/131/20 251/139/20 
f 251/139/20 246/135/20 245/132/20 
f 248/137/15 247/138/15 252/140/15 
f 252/140/16 253/141/16 248/137/16 
f 250/135/15 249/139/15 254/140/15 
f 254/140/16 255/141/16 250/135/16 
f 246/135/16 251/139/16 256/140/16 
f 256/140/15 257/141/15 246/135/15 
f 247/135/15 246/134/15 257/140/15 
f 257/140/16 252/141/16 247/135/16 
f 249/137/15 248/136/15 253/140/15 
f 253/140/16 254/141/16 249/137/16 
f 251/137/16 250/136/16 255/140/16 
f 255/140/16 256/141/16 251/137/16 
f 252/141/14 257/140/14 258/142/14 
f 258/142/14 259/143/14 252/141/14 
f 254/141/21 253/140/21 260/142/21 
f 260/142/21 261/143/21 254/141/21 
f 256/141/10 255/140/10 262/142/10 
f 262/142/10 263/143/10 256/141/10 
f 253/141/11 252/140/11 259/142/11 
f 259/142/11 260/143/11 253/141/11 
f 255/141/12 254/140/12 261/142/12 
f 261/142/12 262/143/12 255/141/12 
f 257/141/13 256/140/13 263/142/13 
f 263/142/13 258/143/13 257/141/13 
f 260/143/16 259/142/16 264/144/16 
f 264/144/16 265/145/16 260/143/16 
f 262/143/16 261/142/16 266/144/16 
f 266/144/15 267/145/15 262/143/15 
f 258/143/16 263/142/16 268/144/16 
f 268/144/15 269/145/15 258/143/15 
f 259/143/15 258/142/15 269/144/15 
f 269/144/15 264/146/15 259/143/15 
f 261/143/16 260/142/16 265/144/16 
f 265/144/15 266/146/15 261/143/15 
f 263/143/15 262/142/15 267/144/15 
f 267/144/16 268/146/16 263/143/16 
f 266/146/8 265/144/8 270/147/8 
f 270/147/8 271/148/8 266/146/8 
f 268/146/9 267/144/9 272/147/9 
f 272/147/9 273/148/9 268/146/9 
f 265/145/19 264/144/19 274/147/19 
f 274/147/19 270/149/19 265/145/19 
f 267/145/12 266/144/12 271/147/12 
f 271/147/12 272/149/12 267/145/12 
f 269/145/22 268/144/22 273/147/22 
f 273/147/22 275/149/22 269/145/22 
f 264/146/14 269/144/14 275/147/14 
f 275/147/14 274/148/14 264/146/14 
f 272/149/16 271/147/16 276/150/16 
f 276/150/16 277/151/16 272/149/16 
f 275/149/16 273/147/16 278/150/16 
f 278/150/15 279/151/15 275/149/15 
f 274/148/15 275/147/15 279/152/15 
f 279/152/16 280/151/16 274/148/16 
f 271/148/15 270/147/15 281/152/15 
f 281/152/16 276/151/16 271/148/16 
f 273/148/16 272/147/16 277/152/16 
f 277/152/16 278/151/16 273/148/16 
f 270/149/15 274/147/15 280/150/15 
f 280/150/16 281/151/16 270/149/16 
f 282/126/23 283/127/23 284/129/23 
f 284/129/23 285/130/23 282/126/23 
f 286/126/24 287/127/24 288/129/24 
f 288/129/24 289/130/24 286/126/24 
f 283/126/34 290/127/34 291/129/34 
f 291/129/34 284/130/34 283/126/34 
f 287/126/26 282/127/26 285/129/26 
f 285/129/26 288/130/26 287/126/26 
f 292/126/38 286/127/38 289/129/38 
f 289/129/38 293/130/38 292/126/38 
f 290/126/28 292/153/28 293/67/28 
f 293/67/28 291/130/28 290/126/28 
f 284/130/29 291/129/29 294/131/29 
f 294/131/29 295/132/29 284/130/29 
f 288/130/29 285/129/29 296/131/29 
f 296/131/29 297/132/29 288/130/29 
f 293/130/29 289/129/29 298/131/29 
f 298/131/30 299/132/30 293/130/30 
f 291/130/29 293/67/29 299/131/29 
f 299/131/29 294/132/29 291/130/29 
f 285/130/29 284/129/29 295/133/29 
f 295/133/29 296/132/29 285/130/29 
f 289/130/29 288/129/29 297/133/29 
f 297/133/29 298/132/29 289/130/29 
f 294/132/31 299/131/31 300/138/31 
f 300/138/31 301/135/31 294/132/31 
f 296/132/32 295/133/32 302/134/32 
f 302/134/32 303/135/32 296/132/32 
f 298/132/24 297/133/24 304/134/24 
f 304/134/24 305/135/24 298/132/24 
f 295/132/34 294/131/34 301/139/34 
f 301/139/34 302/135/34 295/132/34 
f 297/132/35 296/131/35 303/139/35 
f 303/139/35 304/137/35 297/132/35 
f 299/132/27 298/131/27 305/139/27 
f 305/139/27 300/135/27 299/132/27 
f 302/135/29 301/139/29 306/140/29 
f 306/140/29 307/141/29 302/135/29 
f 304/137/29 303/139/29 308/140/29 
f 308/140/30 309/141/30 304/137/30 
f 300/135/29 305/139/29 310/140/29 
f 310/140/30 311/141/30 300/135/30 
f 301/135/30 300/138/30 311/154/30 
f 311/154/29 306/141/29 301/135/29 
f 303/135/29 302/134/29 307/140/29 
f 307/140/30 308/141/30 303/135/30 
f 305/135/29 304/134/29 309/140/29 
f 309/140/29 310/141/29 305/135/29 
f 306/141/36 311/154/36 312/155/36 
f 312/155/36 313/143/36 306/141/36 
f 308/141/23 307/140/23 314/142/23 
f 314/142/23 315/143/23 308/141/23 
f 310/141/24 309/140/24 316/142/24 
f 316/142/33 317/143/33 310/141/33 
f 307/141/34 306/140/34 313/142/34 
f 313/142/34 314/143/34 307/141/34 
f 309/141/26 308/140/26 315/142/26 
f 315/142/26 316/143/26 309/141/26 
f 311/141/38 310/140/38 317/142/38 
f 317/142/38 312/143/38 311/141/38 
f 314/143/29 313/142/29 318/144/29 
f 318/144/29 319/145/29 314/143/29 
f 316/143/30 315/142/30 320/144/30 
f 320/144/29 321/145/29 316/143/29 
f 312/143/29 317/142/29 322/144/29 
f 322/144/30 323/145/30 312/143/30 
f 313/143/29 312/155/29 323/144/29 
f 323/144/30 318/146/30 313/143/30 
f 315/143/29 314/142/29 319/144/29 
f 319/144/29 320/146/29 315/143/29 
f 317/143/29 316/142/29 321/144/29 
f 321/144/30 322/146/30 317/143/30 
f 320/146/123 319/144/123 324/147/123 
f 324/147/123 325/148/123 320/146/123 
f 322/146/33 321/144/33 326/147/33 
f 326/147/33 327/148/33 322/146/33 
f 319/145/34 318/144/34 328/147/34 
f 328/147/34 324/149/34 319/145/34 
f 321/145/26 320/144/26 325/147/26 
f 325/147/26 326/149/26 321/145/26 
f 323/145/27 322/144/27 327/147/27 
f 327/147/27 329/149/27 323/145/27 
f 318/146/36 323/144/36 329/147/36 
f 329/147/36 328/148/36 318/146/36 
f 326/149/29 325/147/29 330/150/29 
f 330/150/30 331/156/30 326/149/30 
f 329/149/29 327/147/29 332/150/29 
f 332/150/30 333/151/30 329/149/30 
f 328/148/29 329/147/29 333/152/29 
f 333/152/29 334/151/29 328/148/29 
f 325/148/30 324/147/30 335/152/30 
f 335/152/29 330/151/29 325/148/29 
f 327/148/30 326/147/30 331/152/30 
f 331/152/29 332/151/29 327/148/29 
f 324/149/29 328/147/29 334/150/29 
f 334/150/29 335/151/29 324/149/29 
f 336/157/16 337/158/16 338/159/16 
f 338/159/16 339/160/16 336/157/16 
f 340/161/39 341/162/39 342/163/39 
f 342/163/39 343/164/39 340/161/39 
f 344/165/29 345/158/29 346/159/29 
f 346/159/29 347/166/29 344/165/29 
f 348/165/15 349/158/15 350/159/15 
f 350/159/16 351/166/16 348/165/16 
f 352/161/124 353/167/124 354/163/124 
f 354/163/125 355/164/125 352/161/125 
f 356/157/29 357/158/29 358/159/29 
f 358/159/29 359/160/29 356/157/29 
f 335/168/42 278/169/42 360/162/42 
f 360/162/43 349/161/43 335/168/43 
f 330/151/126 335/152/126 349/158/126 
f 349/158/127 348/165/127 330/151/127 
f 277/170/128 330/168/128 348/171/128 
f 348/171/88 361/172/88 277/170/88 
f 278/151/129 277/152/129 361/158/129 
f 361/158/130 360/165/130 278/151/130 
f 330/168/49 277/170/49 356/167/49 
f 356/167/50 337/161/50 330/168/50 
f 331/156/51 330/150/51 337/158/51 
f 337/158/52 336/157/52 331/156/52 
f 276/170/53 331/168/53 336/171/53 
f 336/171/54 357/172/54 276/170/54 
f 277/151/55 276/150/55 357/158/55 
f 357/158/56 356/157/56 277/151/56 
f 331/168/131 276/170/131 344/167/131 
f 344/167/58 362/161/58 331/168/58 
f 332/151/59 331/152/59 362/158/59 
f 362/158/60 363/165/60 332/151/60 
f 281/170/61 332/168/61 363/171/61 
f 363/171/132 345/172/132 281/170/132 
f 276/151/62 281/152/62 345/158/62 
f 345/158/133 344/165/133 276/151/133 
f 332/168/64 281/170/64 353/167/64 
f 353/167/134 352/161/134 332/168/134 
f 333/151/65 332/150/65 352/158/65 
f 352/158/135 364/157/135 333/151/135 
f 280/170/136 333/168/136 364/171/136 
f 364/171/68 365/172/68 280/170/68 
f 281/151/137 280/150/137 365/158/137 
f 365/158/70 353/157/70 281/151/70 
f 333/168/71 280/170/71 341/162/71 
f 341/162/72 340/161/72 333/168/72 
f 334/151/73 333/152/73 340/158/73 
f 340/158/74 366/165/74 334/151/74 
f 279/170/75 334/168/75 366/171/75 
f 366/171/76 367/172/76 279/170/76 
f 280/151/77 279/152/77 367/158/77 
f 367/158/78 341/165/78 280/151/78 
f 334/168/80 279/170/80 368/162/80 
f 368/162/138 369/161/138 334/168/138 
f 335/151/139 334/150/139 369/158/139 
f 369/158/140 370/157/140 335/151/140 
f 278/169/83 335/168/83 370/171/83 
f 370/171/84 371/172/84 278/169/84 
f 279/151/141 278/150/141 371/158/141 
f 371/158/142 368/157/142 279/151/142 
f 350/173/143 372/174/143 373/175/143 
f 373/175/88 351/176/88 350/173/88 
f 338/173/89 359/174/89 358/175/89 
f 358/175/90 339/176/90 338/173/90 
f 374/173/91 347/174/91 346/175/91 
f 346/175/92 375/176/92 374/173/92 
f 355/173/144 354/174/144 376/175/144 
f 376/175/94 377/176/94 355/173/94 
f 343/173/95 342/174/95 378/175/95 
f 378/175/96 379/176/96 343/173/96 
f 380/173/97 381/174/97 382/175/97 
f 382/175/145 383/176/145 380/173/145 
f 353/157/29 365/158/29 376/159/29 
f 376/159/30 354/160/30 353/157/30 
f 369/161/99 368/162/99 381/163/99 
f 381/163/146 380/164/146 369/161/146 
f 361/172/147 348/171/147 351/177/147 
f 351/177/148 373/178/148 361/172/148 
f 363/165/16 362/158/16 374/159/16 
f 374/159/16 375/166/16 363/165/16 
f 341/165/29 367/158/29 378/159/29 
f 378/159/29 342/166/29 341/165/29 
f 357/172/103 336/171/103 339/177/103 
f 339/177/103 358/178/103 357/172/103 
f 364/157/16 352/158/16 355/159/16 
f 355/159/15 377/160/15 364/157/15 
f 368/157/30 371/158/30 382/159/30 
f 382/159/29 381/160/29 368/157/29 
f 345/172/149 363/171/149 375/177/149 
f 375/177/104 346/178/104 345/172/104 
f 366/165/16 340/158/16 343/159/16 
f 343/159/16 379/166/16 366/165/16 
f 365/172/150 364/171/150 377/177/150 
f 377/177/107 376/178/107 365/172/107 
f 370/157/16 369/158/16 380/159/16 
f 380/159/16 383/160/16 370/157/16 
f 367/172/108 366/171/108 379/177/108 
f 379/177/108 378/178/108 367/172/108 
f 371/172/151 370/171/151 383/177/151 
f 383/177/110 382/179/110 371/172/110 
f 349/161/152 360/162/152 372/180/152 
f 372/180/112 350/164/112 349/161/112 
f 337/161/113 356/167/113 359/163/113 
f 359/163/113 338/164/113 337/161/113 
f 360/165/29 361/158/29 373/159/29 
f 373/159/30 372/166/30 360/165/30 
f 362/161/153 344/167/153 347/163/153 
f 347/163/115 374/164/115 362/161/115 
f 384/97/116 385/98/116 386/99/116 
f 386/99/116 387/100/116 384/97/116 
f 387/100/16 386/99/16 388/101/16 
f 388/101/16 389/102/16 387/100/16 
f 390/103/29 391/104/29 385/105/29 
f 385/105/29 384/106/29 390/103/29 
f 389/102/117 388/101/117 391/104/117 
f 391/104/117 390/103/117 389/102/117 
f 392/97/118 393/98/118 394/99/118 
f 394/99/118 395/100/118 392/97/118 
f 396/103/29 397/104/29 393/105/29 
f 393/105/29 392/106/29 396/103/29 
f 395/100/16 394/99/16 398/101/16 
f 398/101/16 399/102/16 395/100/16 
f 399/102/119 398/101/119 397/104/119 
f 397/104/119 396/103/119 399/102/119 
f 400/107/120 401/108/120 402/109/120 
f 402/109/121 403/110/121 400/107/121 
f 404/111/39 400/107/39 403/110/39 
f 403/110/39 405/112/39 404/111/39 
f 406/113/16 401/108/16 400/107/16 
f 400/107/16 404/114/16 406/113/16 
f 405/115/29 403/110/29 402/109/29 
f 402/109/29 407/116/29 405/115/29 
f 407/117/108 402/109/108 401/108/108 
f 401/108/108 406/118/108 407/117/108 
f 286/181/29 292/182/29 408/183/29 
f 292/182/29 290/184/29 408/183/29 
f 283/185/29 282/186/29 408/183/29 
f 287/187/29 286/181/29 408/183/29 
f 290/184/29 283/185/29 408/183/29 
f 282/186/30 287/187/30 408/183/30 
f 229/181/16 228/182/16 409/183/16 
f 233/184/16 232/185/16 409/183/16 
f 236/187/16 229/181/16 409/183/16 
f 228/182/16 233/184/16 409/183/16 
f 232/185/16 238/186/16 409/183/16 
f 238/186/16 236/187/16 409/183/16 
f 410/126/13 411/127/13 412/39/13 
f 412/39/13 413/128/13 410/126/13 
f 414/126/11 415/127/11 416/39/11 
f 416/39/11 417/128/11 414/126/11 
f 411/126/9 418/127/9 419/129/9 
f 419/129/9 412/130/9 411/126/9 
f 415/126/14 410/127/14 413/129/14 
f 413/129/14 416/130/14 415/126/14 
f 420/126/154 414/127/154 417/129/154 
f 417/129/154 421/130/154 420/126/154 
f 418/126/155 420/127/155 421/129/155 
f 421/129/155 419/130/155 418/126/155 
f 412/130/16 419/129/16 422/131/16 
f 422/131/16 423/132/16 412/130/16 
f 416/130/15 413/129/15 424/131/15 
f 424/131/15 425/132/15 416/130/15 
f 421/130/15 417/129/15 426/131/15 
f 426/131/16 427/132/16 421/130/16 
f 419/130/16 421/129/16 427/133/16 
f 427/133/16 422/132/16 419/130/16 
f 413/128/16 412/39/16 423/133/16 
f 423/133/15 424/132/15 413/128/15 
f 417/128/15 416/39/15 425/133/15 
f 425/133/16 426/132/16 417/128/16 
f 422/132/156 427/133/156 428/134/156 
f 428/134/156 429/135/156 422/132/156 
f 424/132/20 423/133/20 430/136/20 
f 430/136/20 431/137/20 424/132/20 
f 426/132/11 425/133/11 432/136/11 
f 432/136/11 433/137/11 426/132/11 
f 423/132/10 422/131/10 429/138/10 
f 429/138/10 430/137/10 423/132/10 
f 425/132/157 424/131/157 431/139/157 
f 431/139/157 432/135/157 425/132/157 
f 427/132/8 426/131/8 433/139/8 
f 433/139/8 428/135/8 427/132/8 
f 430/137/16 429/138/16 434/140/16 
f 434/140/16 435/141/16 430/137/16 
f 432/135/15 431/139/15 436/140/15 
f 436/140/16 437/141/16 432/135/16 
f 428/135/15 433/139/15 438/140/15 
f 438/140/16 439/141/16 428/135/16 
f 429/135/15 428/134/15 439/140/15 
f 439/140/16 434/141/16 429/135/16 
f 431/137/16 430/136/16 435/140/16 
f 435/140/15 436/141/15 431/137/15 
f 433/137/15 432/136/15 437/140/15 
f 437/140/16 438/141/16 433/137/16 
f 434/141/155 439/140/155 440/142/155 
f 440/142/155 441/143/155 434/141/155 
f 436/141/13 435/140/13 442/142/13 
f 442/142/13 443/143/13 436/141/13 
f 438/141/11 437/140/11 444/142/11 
f 444/142/11 445/143/11 438/141/11 
f 435/141/9 434/140/9 441/142/9 
f 441/142/9 442/143/9 435/141/9 
f 437/141/14 436/140/14 443/142/14 
f 443/142/14 444/143/14 437/141/14 
f 439/141/21 438/140/21 445/142/21 
f 445/142/21 440/143/21 439/141/21 
f 442/143/16 441/142/16 446/144/16 
f 446/144/16 447/145/16 442/143/16 
f 444/143/15 443/142/15 448/144/15 
f 448/144/15 449/145/15 444/143/15 
f 440/143/16 445/142/16 450/144/16 
f 450/144/15 451/145/15 440/143/15 
f 441/143/15 440/142/15 451/144/15 
f 451/144/16 446/146/16 441/143/16 
f 443/143/16 442/142/16 447/144/16 
f 447/144/15 448/146/15 443/143/15 
f 445/143/16 444/142/16 449/144/16 
f 449/144/16 450/146/16 445/143/16 
f 448/146/20 447/144/20 452/147/20 
f 452/147/20 453/148/20 448/146/20 
f 450/146/19 449/144/19 454/147/19 
f 454/147/19 455/148/19 450/146/19 
f 447/145/10 446/144/10 456/147/10 
f 456/147/10 452/149/10 447/145/10 
f 449/145/14 448/144/14 453/147/14 
f 453/147/14 454/149/14 449/145/14 
f 451/145/8 450/144/8 455/147/8 
f 455/147/8 457/149/8 451/145/8 
f 446/146/12 451/144/12 457/147/12 
f 457/147/12 456/148/12 446/146/12 
f 454/149/15 453/147/15 458/150/15 
f 458/150/16 459/151/16 454/149/16 
f 457/149/15 455/147/15 460/150/15 
f 460/150/16 461/151/16 457/149/16 
f 456/148/16 457/147/16 461/152/16 
f 461/152/16 462/151/16 456/148/16 
f 453/148/16 452/147/16 463/152/16 
f 463/152/15 458/151/15 453/148/15 
f 455/148/15 454/147/15 459/152/15 
f 459/152/16 460/151/16 455/148/16 
f 452/149/16 456/147/16 462/150/16 
f 462/150/16 463/151/16 452/149/16 
f 464/126/38 465/127/38 466/129/38 
f 466/129/158 467/130/158 464/126/158 
f 468/126/159 469/127/159 470/129/159 
f 470/129/159 471/130/159 468/126/159 
f 465/126/160 472/127/160 473/129/160 
f 473/129/160 466/130/160 465/126/160 
f 469/126/36 464/127/36 467/129/36 
f 467/129/36 470/130/36 469/126/36 
f 474/126/23 468/127/23 471/129/23 
f 471/129/32 475/130/32 474/126/32 
f 472/126/35 474/153/35 475/67/35 
f 475/67/35 473/130/35 472/126/35 
f 466/130/29 473/129/29 476/131/29 
f 476/131/29 477/132/29 466/130/29 
f 470/130/29 467/129/29 478/131/29 
f 478/131/29 479/132/29 470/130/29 
f 475/130/29 471/129/29 480/131/29 
f 480/131/29 481/132/29 475/130/29 
f 473/130/29 475/67/29 481/131/29 
f 481/131/29 476/132/29 473/130/29 
f 467/130/29 466/129/29 477/133/29 
f 477/133/30 478/132/30 467/130/30 
f 471/130/29 470/129/29 479/133/29 
f 479/133/29 480/132/29 471/130/29 
f 476/132/161 481/131/161 482/138/161 
f 482/138/161 483/135/161 476/132/161 
f 478/132/27 477/133/27 484/134/27 
f 484/134/27 485/135/27 478/132/27 
f 480/132/34 479/133/34 486/134/34 
f 486/134/37 487/135/37 480/132/37 
f 477/132/33 476/131/33 483/139/33 
f 483/139/33 484/135/33 477/132/33 
f 479/132/162 478/131/162 485/139/162 
f 485/139/162 486/137/162 479/132/162 
f 481/132/123 480/131/123 487/139/123 
f 487/139/32 482/135/32 481/132/32 
f 484/135/30 483/139/30 488/140/30 
f 488/140/29 489/141/29 484/135/29 
f 486/137/29 485/139/29 490/140/29 
f 490/140/30 491/141/30 486/137/30 
f 482/135/29 487/139/29 492/140/29 
f 492/140/30 493/141/30 482/135/30 
f 483/135/30 482/138/30 493/154/30 
f 493/154/29 488/141/29 483/135/29 
f 485/135/29 484/134/29 489/140/29 
f 489/140/30 490/141/30 485/135/30 
f 487/135/29 486/134/29 491/140/29 
f 491/140/30 492/141/30 487/135/30 
f 488/141/35 493/154/35 494/155/35 
f 494/155/35 495/143/35 488/141/35 
f 490/141/38 489/140/38 496/142/38 
f 496/142/158 497/143/158 490/141/158 
f 492/141/37 491/140/37 498/142/37 
f 498/142/34 499/143/34 492/141/34 
f 489/141/24 488/140/24 495/142/24 
f 495/142/163 496/143/163 489/141/163 
f 491/141/36 490/140/36 497/142/36 
f 497/142/36 498/143/36 491/141/36 
f 493/141/23 492/140/23 499/142/23 
f 499/142/23 494/143/23 493/141/23 
f 496/143/29 495/142/29 500/144/29 
f 500/144/30 501/145/30 496/143/30 
f 498/143/29 497/142/29 502/144/29 
f 502/144/30 503/145/30 498/143/30 
f 494/143/29 499/142/29 504/144/29 
f 504/144/29 505/145/29 494/143/29 
f 495/143/30 494/155/30 505/144/30 
f 505/144/29 500/146/29 495/143/29 
f 497/143/29 496/142/29 501/144/29 
f 501/144/30 502/146/30 497/143/30 
f 499/143/30 498/142/30 503/144/30 
f 503/144/29 504/146/29 499/143/29 
f 502/146/27 501/144/27 506/147/27 
f 506/147/27 507/148/27 502/146/27 
f 504/146/37 503/144/37 508/147/37 
f 508/147/37 509/148/37 504/146/37 
f 501/145/33 500/144/33 510/147/33 
f 510/147/33 506/149/33 501/145/33 
f 503/145/36 502/144/36 507/147/36 
f 507/147/36 508/149/36 503/145/36 
f 505/145/32 504/144/32 509/147/32 
f 509/147/32 511/149/32 505/145/32 
f 500/146/26 505/144/26 511/147/26 
f 511/147/26 510/148/26 500/146/26 
f 508/149/29 507/147/29 512/150/29 
f 512/150/29 513/156/29 508/149/29 
f 511/149/30 509/147/30 514/150/30 
f 514/150/29 515/151/29 511/149/29 
f 510/148/29 511/147/29 515/152/29 
f 515/152/30 516/151/30 510/148/30 
f 507/148/29 506/147/29 517/152/29 
f 517/152/30 512/151/30 507/148/30 
f 509/148/29 508/147/29 513/152/29 
f 513/152/29 514/151/29 509/148/29 
f 506/149/30 510/147/30 516/150/30 
f 516/150/29 517/151/29 506/149/29 
f 518/157/16 519/158/16 520/159/16 
f 520/159/16 521/160/16 518/157/16 
f 522/161/113 523/162/113 524/163/113 
f 524/163/113 525/164/113 522/161/113 
f 526/165/30 527/158/30 528/159/30 
f 528/159/29 529/166/29 526/165/29 
f 530/165/16 531/158/16 532/159/16 
f 532/159/15 533/166/15 530/165/15 
f 534/161/152 535/167/152 536/163/152 
f 536/163/164 537/164/164 534/161/164 
f 538/157/29 539/158/29 540/159/29 
f 540/159/29 541/160/29 538/157/29 
f 517/168/165 460/169/165 542/162/165 
f 542/162/134 531/161/134 517/168/134 
f 512/151/166 517/152/166 531/158/166 
f 531/158/167 530/165/167 512/151/167 
f 459/170/136 512/168/136 530/171/136 
f 530/171/67 543/172/67 459/170/67 
f 460/151/168 459/152/168 543/158/168 
f 543/158/169 542/165/169 460/151/169 
f 512/168/170 459/170/170 538/167/170 
f 538/167/72 519/161/72 512/168/72 
f 513/156/73 512/150/73 519/158/73 
f 519/158/74 518/157/74 513/156/74 
f 458/170/171 513/168/171 518/171/171 
f 518/171/76 539/172/76 458/170/76 
f 459/151/77 458/150/77 539/158/77 
f 539/158/78 538/157/78 459/151/78 
f 513/168/172 458/170/172 526/167/172 
f 526/167/97 544/161/97 513/168/97 
f 514/151/173 513/152/173 544/158/173 
f 544/158/174 545/165/174 514/151/174 
f 463/170/83 514/168/83 545/171/83 
f 545/171/84 527/172/84 463/170/84 
f 458/151/141 463/152/141 527/158/141 
f 527/158/142 526/165/142 458/151/142 
f 514/168/175 463/170/175 535/167/175 
f 535/167/43 534/161/43 514/168/43 
f 515/151/126 514/150/126 534/158/126 
f 534/158/176 546/157/176 515/151/176 
f 462/170/177 515/168/177 546/171/177 
f 546/171/88 547/172/88 462/170/88 
f 463/151/129 462/150/129 547/158/129 
f 547/158/178 535/157/178 463/151/178 
f 515/168/49 462/170/49 523/162/49 
f 523/162/50 522/161/50 515/168/50 
f 516/151/179 515/152/179 522/158/179 
f 522/158/180 548/165/180 516/151/180 
f 461/170/53 516/168/53 548/171/53 
f 548/171/54 549/172/54 461/170/54 
f 462/151/181 461/152/181 549/158/181 
f 549/158/182 523/165/182 462/151/182 
f 516/168/183 461/170/183 550/162/183 
f 550/162/58 551/161/58 516/168/58 
f 517/151/184 516/150/184 551/158/184 
f 551/158/185 552/157/185 517/151/185 
f 460/169/186 517/168/186 552/171/186 
f 552/171/187 553/172/187 460/169/187 
f 461/151/188 460/150/188 553/158/188 
f 553/158/189 550/157/189 461/151/189 
f 532/173/144 554/174/144 555/175/144 
f 555/175/94 533/176/94 532/173/94 
f 520/173/95 541/174/95 540/175/95 
f 540/175/96 521/176/96 520/173/96 
f 556/173/97 529/174/97 528/175/97 
f 528/175/145 557/176/145 556/173/145 
f 537/173/143 536/174/143 558/175/143 
f 558/175/88 559/176/88 537/173/88 
f 525/173/190 524/174/190 560/175/190 
f 560/175/191 561/176/191 525/173/191 
f 562/173/91 563/174/91 564/175/91 
f 564/175/92 565/176/92 562/173/92 
f 535/157/29 547/158/29 558/159/29 
f 558/159/30 536/160/30 535/157/30 
f 551/161/192 550/162/192 563/163/192 
f 563/163/193 562/164/193 551/161/193 
f 543/172/194 530/171/194 533/177/194 
f 533/177/195 555/178/195 543/172/195 
f 545/165/16 544/158/16 556/159/16 
f 556/159/16 557/166/16 545/165/16 
f 523/165/29 549/158/29 560/159/29 
f 560/159/29 524/166/29 523/165/29 
f 539/172/108 518/171/108 521/177/108 
f 521/177/108 540/178/108 539/172/108 
f 546/157/15 534/158/15 537/159/15 
f 537/159/16 559/160/16 546/157/16 
f 550/157/29 553/158/29 564/159/29 
f 564/159/29 563/160/29 550/157/29 
f 527/172/196 545/171/196 557/177/196 
f 557/177/196 528/178/196 527/172/196 
f 548/165/16 522/158/16 525/159/16 
f 525/159/16 561/166/16 548/165/16 
f 547/172/197 546/171/197 559/177/197 
f 559/177/198 558/178/198 547/172/198 
f 552/157/16 551/158/16 562/159/16 
f 562/159/16 565/160/16 552/157/16 
f 549/172/103 548/171/103 561/177/103 
f 561/177/103 560/178/103 549/172/103 
f 553/172/149 552/171/149 565/177/149 
f 565/177/199 564/179/199 553/172/199 
f 531/161/200 542/162/200 554/180/200 
f 554/180/201 532/164/201 531/161/201 
f 519/161/39 538/167/39 541/163/39 
f 541/163/39 520/164/39 519/161/39 
f 542/165/29 543/158/29 555/159/29 
f 555/159/30 554/166/30 542/165/30 
f 544/161/202 526/167/202 529/163/202 
f 529/163/202 556/164/202 544/161/202 
f 566/97/203 567/98/203 568/99/203 
f 568/99/203 569/100/203 566/97/203 
f 569/100/16 568/99/16 570/101/16 
f 570/101/16 571/102/16 569/100/16 
f 572/103/29 573/104/29 567/105/29 
f 567/105/29 566/106/29 572/103/29 
f 571/102/204 570/101/204 573/104/204 
f 573/104/204 572/103/204 571/102/204 
f 574/97/205 575/98/205 576/99/205 
f 576/99/205 577/100/205 574/97/205 
f 578/103/29 579/104/29 575/105/29 
f 575/105/29 574/106/29 578/103/29 
f 577/100/16 576/99/16 580/101/16 
f 580/101/16 581/102/16 577/100/16 
f 581/102/206 580/101/206 579/104/206 
f 579/104/206 578/103/206 581/102/206 
f 582/107/207 583/108/207 584/109/207 
f 584/109/208 585/110/208 582/107/208 
f 586/111/113 582/107/113 585/110/113 
f 585/110/113 587/112/113 586/111/113 
f 588/113/16 583/108/16 582/107/16 
f 582/107/16 586/114/16 588/113/16 
f 587/115/29 585/110/29 584/109/29 
f 584/109/29 589/116/29 587/115/29 
f 589/117/103 584/109/103 583/108/103 
f 583/108/103 588/118/103 589/117/103 
f 468/181/29 474/182/29 590/183/29 
f 474/182/30 472/184/30 590/183/30 
f 465/185/29 464/186/29 590/183/29 
f 469/187/29 468/181/29 590/183/29 
f 472/184/29 465/185/29 590/183/29 
f 464/186/29 469/187/29 590/183/29 
f 411/181/16 410/182/16 591/183/16 
f 415/184/16 414/185/16 591/183/16 
f 418/187/16 411/181/16 591/183/16 
f 410/182/16 415/184/16 591/183/16 
f 414/185/16 420/186/16 591/183/16 
f 420/186/16 418/187/16 591/183/16 
f 592/126/13 593/127/13 594/39/13 
f 594/39/13 595/128/13 592/126/13 
f 596/126/11 597/127/11 598/39/11 
f 598/39/11 599/128/11 596/126/11 
f 593/126/209 600/127/209 601/129/209 
f 601/129/209 594/130/209 593/126/209 
f 597/126/14 592/127/14 595/129/14 
f 595/129/14 598/130/14 597/126/14 
f 602/126/8 596/127/8 599/129/8 
f 599/129/8 603/130/8 602/126/8 
f 600/126/155 602/127/155 603/129/155 
f 603/129/155 601/130/155 600/126/155 
f 594/130/16 601/129/16 604/131/16 
f 604/131/15 605/132/15 594/130/15 
f 598/130/16 595/129/16 606/131/16 
f 606/131/16 607/132/16 598/130/16 
f 603/130/16 599/129/16 608/131/16 
f 608/131/15 609/132/15 603/130/15 
f 601/130/16 603/129/16 609/133/16 
f 609/133/15 604/132/15 601/130/15 
f 595/128/16 594/39/16 605/133/16 
f 605/133/15 606/132/15 595/128/15 
f 599/128/15 598/39/15 607/133/15 
f 607/133/16 608/132/16 599/128/16 
f 604/132/156 609/133/156 610/134/156 
f 610/134/156 611/135/156 604/132/156 
f 606/132/20 605/133/20 612/136/20 
f 612/136/20 613/137/20 606/132/20 
f 608/132/11 607/133/11 614/136/11 
f 614/136/19 615/137/19 608/132/19 
f 605/132/10 604/131/10 611/138/10 
f 611/138/10 612/137/10 605/132/10 
f 607/132/157 606/131/157 613/139/157 
f 613/139/157 614/135/157 607/132/157 
f 609/132/8 608/131/8 615/139/8 
f 615/139/8 610/135/8 609/132/8 
f 612/137/15 611/138/15 616/140/15 
f 616/140/16 617/141/16 612/137/16 
f 614/135/15 613/139/15 618/140/15 
f 618/140/15 619/141/15 614/135/15 
f 610/135/16 615/139/16 620/140/16 
f 620/140/15 621/141/15 610/135/15 
f 611/135/15 610/134/15 621/140/15 
f 621/140/16 616/141/16 611/135/16 
f 613/137/16 612/136/16 617/140/16 
f 617/140/15 618/141/15 613/137/15 
f 615/137/16 614/136/16 619/140/16 
f 619/140/15 620/141/15 615/137/15 
f 616/141/12 621/140/12 622/142/12 
f 622/142/12 623/143/12 616/141/12 
f 618/141/13 617/140/13 624/142/13 
f 624/142/13 625/143/13 618/141/13 
f 620/141/11 619/140/11 626/142/11 
f 626/142/11 627/143/11 620/141/11 
f 617/141/9 616/140/9 623/142/9 
f 623/142/9 624/143/9 617/141/9 
f 619/141/14 618/140/14 625/142/14 
f 625/142/14 626/143/14 619/141/14 
f 621/141/8 620/140/8 627/142/8 
f 627/142/8 622/143/8 621/141/8 
f 624/143/16 623/142/16 628/144/16 
f 628/144/15 629/145/15 624/143/15 
f 626/143/16 625/142/16 630/144/16 
f 630/144/15 631/145/15 626/143/15 
f 622/143/16 627/142/16 632/144/16 
f 632/144/15 633/145/15 622/143/15 
f 623/143/15 622/142/15 633/144/15 
f 633/144/15 628/146/15 623/143/15 
f 625/143/15 624/142/15 629/144/15 
f 629/144/16 630/146/16 625/143/16 
f 627/143/16 626/142/16 631/144/16 
f 631/144/15 632/146/15 627/143/15 
f 630/146/22 629/144/22 634/147/22 
f 634/147/22 635/148/22 630/146/22 
f 632/146/11 631/144/11 636/147/11 
f 636/147/210 637/148/210 632/146/210 
f 629/145/10 628/144/10 638/147/10 
f 638/147/10 634/149/10 629/145/10 
f 631/145/14 630/144/14 635/147/14 
f 635/147/14 636/149/14 631/145/14 
f 633/145/18 632/144/18 637/147/18 
f 637/147/18 639/149/18 633/145/18 
f 628/146/12 633/144/12 639/147/12 
f 639/147/12 638/148/12 628/146/12 
f 636/149/16 635/147/16 640/150/16 
f 640/150/16 641/151/16 636/149/16 
f 639/149/15 637/147/15 642/150/15 
f 642/150/16 643/151/16 639/149/16 
f 638/148/15 639/147/15 643/152/15 
f 643/152/16 644/151/16 638/148/16 
f 635/148/15 634/147/15 645/152/15 
f 645/152/16 640/151/16 635/148/16 
f 637/148/15 636/147/15 641/152/15 
f 641/152/16 642/151/16 637/148/16 
f 634/149/16 638/147/16 644/150/16 
f 644/150/16 645/151/16 634/149/16 
f 646/126/27 647/127/27 648/129/27 
f 648/129/211 649/130/211 646/126/211 
f 650/126/37 651/127/37 652/129/37 
f 652/129/37 653/130/37 650/126/37 
f 647/126/160 654/127/160 655/129/160 
f 655/129/160 648/130/160 647/126/160 
f 651/126/36 646/127/36 649/129/36 
f 649/129/36 652/130/36 651/126/36 
f 656/126/23 650/127/23 653/129/23 
f 653/129/23 657/130/23 656/126/23 
f 654/126/35 656/153/35 657/67/35 
f 657/67/35 655/130/35 654/126/35 
f 648/130/29 655/129/29 658/131/29 
f 658/131/29 659/132/29 648/130/29 
f 652/130/29 649/129/29 660/131/29 
f 660/131/29 661/132/29 652/130/29 
f 657/130/29 653/129/29 662/131/29 
f 662/131/29 663/132/29 657/130/29 
f 655/130/29 657/67/29 663/131/29 
f 663/131/30 658/132/30 655/130/30 
f 649/130/29 648/129/29 659/133/29 
f 659/133/30 660/132/30 649/130/30 
f 653/130/29 652/129/29 661/133/29 
f 661/133/29 662/132/29 653/130/29 
f 658/132/161 663/131/161 664/138/161 
f 664/138/161 665/135/161 658/132/161 
f 660/132/27 659/133/27 666/134/27 
f 666/134/27 667/135/27 660/132/27 
f 662/132/37 661/133/37 668/134/37 
f 668/134/37 669/135/37 662/132/37 
f 659/132/33 658/131/33 665/139/33 
f 665/139/33 666/135/33 659/132/33 
f 661/132/162 660/131/162 667/139/162 
f 667/139/162 668/137/162 661/132/162 
f 663/132/123 662/131/123 669/139/123 
f 669/139/32 664/135/32 663/132/32 
f 666/135/30 665/139/30 670/140/30 
f 670/140/29 671/141/29 666/135/29 
f 668/137/30 667/139/30 672/140/30 
f 672/140/29 673/141/29 668/137/29 
f 664/135/29 669/139/29 674/140/29 
f 674/140/30 675/141/30 664/135/30 
f 665/135/29 664/138/29 675/154/29 
f 675/154/29 670/141/29 665/135/29 
f 667/135/30 666/134/30 671/140/30 
f 671/140/29 672/141/29 667/135/29 
f 669/135/29 668/134/29 673/140/29 
f 673/140/29 674/141/29 669/135/29 
f 670/141/26 675/154/26 676/155/26 
f 676/155/26 677/143/26 670/141/26 
f 672/141/27 671/140/27 678/142/27 
f 678/142/27 679/143/27 672/141/27 
f 674/141/37 673/140/37 680/142/37 
f 680/142/34 681/143/34 674/141/34 
f 671/141/24 670/140/24 677/142/24 
f 677/142/24 678/143/24 671/141/24 
f 673/141/36 672/140/36 679/142/36 
f 679/142/36 680/143/36 673/141/36 
f 675/141/23 674/140/23 681/142/23 
f 681/142/23 676/143/23 675/141/23 
f 678/143/29 677/142/29 682/144/29 
f 682/144/29 683/145/29 678/143/29 
f 680/143/29 679/142/29 684/144/29 
f 684/144/30 685/145/30 680/143/30 
f 676/143/29 681/142/29 686/144/29 
f 686/144/30 687/145/30 676/143/30 
f 677/143/30 676/155/30 687/144/30 
f 687/144/30 682/146/30 677/143/30 
f 679/143/29 678/142/29 683/144/29 
f 683/144/29 684/146/29 679/143/29 
f 681/143/29 680/142/29 685/144/29 
f 685/144/29 686/146/29 681/143/29 
f 684/146/158 683/144/158 688/147/158 
f 688/147/158 689/148/158 684/146/158 
f 686/146/37 685/144/37 690/147/37 
f 690/147/37 691/148/37 686/146/37 
f 683/145/24 682/144/24 692/147/24 
f 692/147/24 688/149/24 683/145/24 
f 685/145/36 684/144/36 689/147/36 
f 689/147/36 690/149/36 685/145/36 
f 687/145/32 686/144/32 691/147/32 
f 691/147/32 693/149/32 687/145/32 
f 682/146/26 687/144/26 693/147/26 
f 693/147/26 692/148/26 682/146/26 
f 690/149/30 689/147/30 694/150/30 
f 694/150/29 695/156/29 690/149/29 
f 693/149/29 691/147/29 696/150/29 
f 696/150/30 697/151/30 693/149/30 
f 692/148/29 693/147/29 697/152/29 
f 697/152/29 698/151/29 692/148/29 
f 689/148/30 688/147/30 699/152/30 
f 699/152/29 694/151/29 689/148/29 
f 691/148/29 690/147/29 695/152/29 
f 695/152/29 696/151/29 691/148/29 
f 688/149/29 692/147/29 698/150/29 
f 698/150/30 699/151/30 688/149/30 
f 700/157/16 701/158/16 702/159/16 
f 702/159/16 703/160/16 700/157/16 
f 704/161/113 705/162/113 706/163/113 
f 706/163/113 707/164/113 704/161/113 
f 708/165/29 709/158/29 710/159/29 
f 710/159/29 711/166/29 708/165/29 
f 712/165/16 713/158/16 714/159/16 
f 714/159/16 715/166/16 712/165/16 
f 716/161/111 717/167/111 718/163/111 
f 718/163/111 719/164/111 716/161/111 
f 720/157/29 721/158/29 722/159/29 
f 722/159/29 723/160/29 720/157/29 
f 699/168/64 642/169/64 724/162/64 
f 724/162/165 713/161/165 699/168/165 
f 694/151/65 699/152/65 713/158/65 
f 713/158/212 712/165/212 694/151/212 
f 641/170/67 694/168/67 712/171/67 
f 712/171/67 725/172/67 641/170/67 
f 642/151/168 641/152/168 725/158/168 
f 725/158/169 724/165/169 642/151/169 
f 694/168/170 641/170/170 720/167/170 
f 720/167/72 701/161/72 694/168/72 
f 695/156/73 694/150/73 701/158/73 
f 701/158/74 700/157/74 695/156/74 
f 640/170/171 695/168/171 700/171/171 
f 700/171/76 721/172/76 640/170/76 
f 641/151/77 640/150/77 721/158/77 
f 721/158/78 720/157/78 641/151/78 
f 695/168/213 640/170/213 708/167/213 
f 708/167/214 726/161/214 695/168/214 
f 696/151/215 695/152/215 726/158/215 
f 726/158/82 727/165/82 696/151/82 
f 645/170/216 696/168/216 727/171/216 
f 727/171/217 709/172/217 645/170/217 
f 640/151/218 645/152/218 709/158/218 
f 709/158/219 708/165/219 640/151/219 
f 696/168/220 645/170/220 717/167/220 
f 717/167/221 716/161/221 696/168/221 
f 697/151/222 696/150/222 716/158/222 
f 716/158/223 728/157/223 697/151/223 
f 644/170/224 697/168/224 728/171/224 
f 728/171/128 729/172/128 644/170/128 
f 645/151/9 644/150/9 729/158/9 
f 729/158/225 717/157/225 645/151/225 
f 697/168/49 644/170/49 705/162/49 
f 705/162/50 704/161/50 697/168/50 
f 698/151/51 697/152/51 704/158/51 
f 704/158/52 730/165/52 698/151/52 
f 643/170/53 698/168/53 730/171/53 
f 730/171/54 731/172/54 643/170/54 
f 644/151/55 643/152/55 731/158/55 
f 731/158/56 705/165/56 644/151/56 
f 698/168/58 643/170/58 732/162/58 
f 732/162/183 733/161/183 698/168/183 
f 699/151/226 698/150/226 733/158/226 
f 733/158/227 734/157/227 699/151/227 
f 642/169/61 699/168/61 734/171/61 
f 734/171/61 735/172/61 642/169/61 
f 643/151/62 642/150/62 735/158/62 
f 735/158/228 732/157/228 643/151/228 
f 714/173/93 736/174/93 737/175/93 
f 737/175/229 715/176/229 714/173/229 
f 702/173/95 723/174/95 722/175/95 
f 722/175/230 703/176/230 702/173/230 
f 738/173/97 711/174/97 710/175/97 
f 710/175/231 739/176/231 738/173/231 
f 719/173/87 718/174/87 740/175/87 
f 740/175/88 741/176/88 719/173/88 
f 707/173/190 706/174/190 742/175/190 
f 742/175/191 743/176/191 707/173/191 
f 744/173/232 745/174/232 746/175/232 
f 746/175/233 747/176/233 744/173/233 
f 717/157/30 729/158/30 740/159/30 
f 740/159/29 718/160/29 717/157/29 
f 733/161/153 732/162/153 745/163/153 
f 745/163/234 744/164/234 733/161/234 
f 725/172/235 712/171/235 715/177/235 
f 715/177/236 737/178/236 725/172/236 
f 727/165/16 726/158/16 738/159/16 
f 738/159/16 739/166/16 727/165/16 
f 705/165/29 731/158/29 742/159/29 
f 742/159/29 706/166/29 705/165/29 
f 721/172/108 700/171/108 703/177/108 
f 703/177/108 722/178/108 721/172/108 
f 728/157/15 716/158/15 719/159/15 
f 719/159/16 741/160/16 728/157/16 
f 732/157/30 735/158/30 746/159/30 
f 746/159/29 745/160/29 732/157/29 
f 709/172/237 727/171/237 739/177/237 
f 739/177/109 710/178/109 709/172/109 
f 730/165/16 704/158/16 707/159/16 
f 707/159/16 743/166/16 730/165/16 
f 729/172/197 728/171/197 741/177/197 
f 741/177/238 740/178/238 729/172/238 
f 734/157/16 733/158/16 744/159/16 
f 744/159/16 747/160/16 734/157/16 
f 731/172/103 730/171/103 743/177/103 
f 743/177/103 742/178/103 731/172/103 
f 735/172/239 734/171/239 747/177/239 
f 747/177/240 746/179/240 735/172/240 
f 713/161/241 724/162/241 736/180/241 
f 736/180/242 714/164/242 713/161/242 
f 701/161/39 720/167/39 723/163/39 
f 723/163/39 702/164/39 701/161/39 
f 724/165/29 725/158/29 737/159/29 
f 737/159/29 736/166/29 724/165/29 
f 726/161/146 708/167/146 711/163/146 
f 711/163/243 738/164/243 726/161/243 
f 748/97/203 749/98/203 750/99/203 
f 750/99/203 751/100/203 748/97/203 
f 751/100/15 750/99/15 752/101/15 
f 752/101/16 753/102/16 751/100/16 
f 754/103/29 755/104/29 749/105/29 
f 749/105/29 748/106/29 754/103/29 
f 753/102/204 752/101/204 755/104/204 
f 755/104/204 754/103/204 753/102/204 
f 756/97/205 757/98/205 758/99/205 
f 758/99/205 759/100/205 756/97/205 
f 760/103/29 761/104/29 757/105/29 
f 757/105/29 756/106/29 760/103/29 
f 759/100/16 758/99/16 762/101/16 
f 762/101/16 763/102/16 759/100/16 
f 763/102/206 762/101/206 761/104/206 
f 761/104/206 760/103/206 763/102/206 
f 764/107/244 765/108/244 766/109/244 
f 766/109/245 767/110/245 764/107/245 
f 768/111/113 764/107/113 767/110/113 
f 767/110/113 769/112/113 768/111/113 
f 770/113/16 765/108/16 764/107/16 
f 764/107/16 768/114/16 770/113/16 
f 769/115/29 767/110/29 766/109/29 
f 766/109/29 771/116/29 769/115/29 
f 771/117/103 766/109/103 765/108/103 
f 765/108/103 770/118/103 771/117/103 
f 650/181/29 656/182/29 772/183/29 
f 656/182/30 654/184/30 772/183/30 
f 647/185/30 646/186/30 772/183/30 
f 651/187/30 650/181/30 772/183/30 
f 654/184/29 647/185/29 772/183/29 
f 646/186/29 651/187/29 772/183/29 
f 593/181/16 592/182/16 773/183/16 
f 597/184/16 596/185/16 773/183/16 
f 600/187/16 593/181/16 773/183/16 
f 592/182/16 597/184/16 773/183/16 
f 596/185/16 602/186/16 773/183/16 
f 602/186/16 600/187/16 773/183/16 
f 29/30/246 9/29/246 8/36/246 
f 8/36/246 774/35/246 29/30/246 
f 43/14/247 15/13/247 775/12/247 
f 775/12/247 776/11/247 43/14/247 
f 15/17/248 13/15/248 45/188/248 
f 45/188/248 775/189/248 15/17/248 
f 27/30/249 14/29/249 18/36/249 
f 18/36/249 777/35/249 27/30/249 
f 24/26/16 778/190/16 25/191/16 
f 25/191/16 21/23/16 24/26/16 
f 32/32/246 22/31/246 26/34/246 
f 26/34/246 779/33/246 32/32/246 
f 24/26/248 23/25/248 39/192/248 
f 39/192/248 778/193/248 24/26/248 
f 37/14/250 5/13/250 780/12/250 
f 780/12/250 781/11/250 37/14/250 
f 780/194/248 5/5/248 6/6/248 
f 6/6/248 782/195/248 780/194/248 
f 35/14/250 20/13/250 783/12/250 
f 783/12/250 784/11/250 35/14/250 
f 20/22/248 16/18/248 41/196/248 
f 41/196/248 783/197/248 20/22/248 
f 785/1/248 786/2/248 787/3/248 
f 787/3/248 788/4/248 785/1/248 
f 789/5/251 785/1/251 788/4/251 
f 788/4/251 790/6/251 789/5/251 
f 791/7/248 792/8/248 793/9/248 
f 793/9/248 794/10/248 791/7/248 
f 795/11/247 791/12/247 794/13/247 
f 794/13/247 796/14/247 795/11/247 
f 793/9/251 785/1/251 789/5/251 
f 789/5/251 797/15/251 793/9/251 
f 798/16/251 794/10/251 799/17/251 
f 799/17/251 800/18/251 798/16/251 
f 801/19/248 802/20/248 798/16/248 
f 798/16/248 803/21/248 801/19/248 
f 794/10/251 793/9/251 797/15/251 
f 797/15/251 799/17/251 794/10/251 
f 803/21/251 798/16/251 800/18/251 
f 800/18/251 804/22/251 803/21/251 
f 805/23/251 806/24/251 807/25/251 
f 807/25/251 808/26/251 805/23/251 
f 806/24/251 803/21/251 804/22/251 
f 804/22/251 807/25/251 806/24/251 
f 809/27/248 810/28/248 806/24/248 
f 806/24/248 805/23/248 809/27/248 
f 796/14/251 794/13/251 798/29/251 
f 798/29/252 811/30/252 796/14/252 
f 812/14/252 785/13/252 793/29/252 
f 793/29/251 813/30/251 812/14/251 
f 814/11/250 786/12/250 785/13/250 
f 785/13/250 812/14/250 814/11/250 
f 815/14/251 803/13/251 806/31/251 
f 806/31/252 816/32/252 815/14/252 
f 817/11/250 801/12/250 803/13/250 
f 803/13/250 815/14/250 817/11/250 
f 818/32/251 807/31/251 804/13/251 
f 804/13/251 819/14/251 818/32/251 
f 820/30/251 797/29/251 789/13/251 
f 789/13/251 821/14/251 820/30/251 
f 822/33/246 823/34/246 807/31/246 
f 807/31/246 818/32/246 822/33/246 
f 824/35/249 825/36/249 800/29/249 
f 800/29/249 826/30/249 824/35/249 
f 826/30/251 800/29/251 799/13/251 
f 799/13/252 827/14/252 826/30/252 
f 828/35/246 829/36/246 797/29/246 
f 797/29/246 820/30/246 828/35/246 
f 813/30/6 793/29/6 792/36/6 
f 792/36/6 830/35/6 813/30/6 
f 827/14/3 799/13/3 831/12/3 
f 831/12/3 832/11/3 827/14/3 
f 799/17/1 797/15/1 829/188/1 
f 829/188/1 831/189/1 799/17/1 
f 811/30/7 798/29/7 802/36/7 
f 802/36/253 833/35/253 811/30/253 
f 808/26/16 834/190/16 809/191/16 
f 809/191/16 805/23/16 808/26/16 
f 816/32/6 806/31/6 810/34/6 
f 810/34/6 835/33/6 816/32/6 
f 808/26/1 807/25/1 823/192/1 
f 823/192/1 834/193/1 808/26/1 
f 821/14/254 789/13/254 836/12/254 
f 836/12/5 837/11/5 821/14/5 
f 836/194/1 789/5/1 790/6/1 
f 790/6/1 838/195/1 836/194/1 
f 819/14/3 804/13/3 839/12/3 
f 839/12/3 840/11/3 819/14/3 
f 804/22/1 800/18/1 825/196/1 
f 825/196/1 839/197/1 804/22/1 
f 841/1/255 842/2/255 843/3/255 
f 843/3/255 844/4/255 841/1/255 
f 845/5/160 841/1/160 844/4/160 
f 844/4/160 846/6/160 845/5/160 
f 847/7/256 848/8/256 849/9/256 
f 849/9/257 850/10/257 847/7/257 
f 851/11/258 847/12/258 850/13/258 
f 850/13/259 852/14/259 851/11/259 
f 849/9/160 841/1/160 845/5/160 
f 845/5/160 853/15/160 849/9/160 
f 854/16/160 850/10/160 855/17/160 
f 855/17/160 856/18/160 854/16/160 
f 857/19/260 858/20/260 854/16/260 
f 854/16/261 859/21/261 857/19/261 
f 850/10/160 849/9/160 853/15/160 
f 853/15/160 855/17/160 850/10/160 
f 859/21/160 854/16/160 856/18/160 
f 856/18/160 860/22/160 859/21/160 
f 861/23/160 862/24/160 863/25/160 
f 863/25/160 864/26/160 861/23/160 
f 862/24/160 859/21/160 860/22/160 
f 860/22/160 863/25/160 862/24/160 
f 865/27/260 866/28/260 862/24/260 
f 862/24/260 861/23/260 865/27/260 
f 852/14/262 850/13/262 854/29/262 
f 854/29/262 867/30/262 852/14/262 
f 868/14/262 841/13/262 849/29/262 
f 849/29/262 869/30/262 868/14/262 
f 870/11/259 842/12/259 841/13/259 
f 841/13/263 868/14/263 870/11/263 
f 871/14/262 859/13/262 862/31/262 
f 862/31/262 872/32/262 871/14/262 
f 873/11/264 857/12/264 859/13/264 
f 859/13/265 871/14/265 873/11/265 
f 874/32/262 863/31/262 860/13/262 
f 860/13/262 875/14/262 874/32/262 
f 876/30/262 853/29/262 845/13/262 
f 845/13/262 877/14/262 876/30/262 
f 878/33/266 879/34/266 863/31/266 
f 863/31/267 874/32/267 878/33/267 
f 880/35/268 881/36/268 856/29/268 
f 856/29/269 882/30/269 880/35/269 
f 882/30/262 856/29/262 855/13/262 
f 855/13/262 883/14/262 882/30/262 
f 884/35/270 885/36/270 853/29/270 
f 853/29/271 876/30/271 884/35/271 
f 869/30/272 849/29/272 848/36/272 
f 848/36/273 886/35/273 869/30/273 
f 883/14/274 855/13/274 887/12/274 
f 887/12/275 888/11/275 883/14/275 
f 855/17/276 853/15/276 885/188/276 
f 885/188/276 887/189/276 855/17/276 
f 867/30/277 854/29/277 858/36/277 
f 858/36/277 889/35/277 867/30/277 
f 864/26/16 890/190/16 865/191/16 
f 865/191/16 861/23/16 864/26/16 
f 872/32/278 862/31/278 866/34/278 
f 866/34/279 891/33/279 872/32/279 
f 864/26/280 863/25/280 879/192/280 
f 879/192/280 890/193/280 864/26/280 
f 877/14/281 845/13/281 892/12/281 
f 892/12/282 893/11/282 877/14/282 
f 892/194/283 845/5/283 846/6/283 
f 846/6/283 894/195/283 892/194/283 
f 875/14/284 860/13/284 895/12/284 
f 895/12/285 896/11/285 875/14/285 
f 860/22/286 856/18/286 881/196/286 
f 881/196/276 895/197/276 860/22/276 
f 897/1/287 898/2/287 899/3/287 
f 899/3/288 900/4/288 897/1/288 
f 901/5/13 897/1/13 900/4/13 
f 900/4/79 902/6/79 901/5/79 
f 903/7/289 904/8/289 905/9/289 
f 905/9/289 906/10/289 903/7/289 
f 907/11/290 903/12/290 906/13/290 
f 906/13/291 908/14/291 907/11/291 
f 905/9/13 897/1/13 901/5/13 
f 901/5/13 909/15/13 905/9/13 
f 910/16/13 906/10/13 911/17/13 
f 911/17/13 912/18/13 910/16/13 
f 913/19/288 914/20/288 910/16/288 
f 910/16/292 915/21/292 913/19/292 
f 906/10/13 905/9/13 909/15/13 
f 909/15/13 911/17/13 906/10/13 
f 915/21/13 910/16/13 912/18/13 
f 912/18/13 916/22/13 915/21/13 
f 917/23/13 918/24/13 919/25/13 
f 919/25/293 920/26/293 917/23/293 
f 918/24/13 915/21/13 916/22/13 
f 916/22/13 919/25/13 918/24/13 
f 921/27/288 922/28/288 918/24/288 
f 918/24/292 917/23/292 921/27/292 
f 908/14/294 906/13/294 910/29/294 
f 910/29/294 923/30/294 908/14/294 
f 924/14/294 897/13/294 905/29/294 
f 905/29/294 925/30/294 924/14/294 
f 926/11/295 898/12/295 897/13/295 
f 897/13/296 924/14/296 926/11/296 
f 927/14/294 915/13/294 918/31/294 
f 918/31/294 928/32/294 927/14/294 
f 929/11/295 913/12/295 915/13/295 
f 915/13/297 927/14/297 929/11/297 
f 930/32/298 919/31/298 916/13/298 
f 916/13/298 931/14/298 930/32/298 
f 932/30/298 909/29/298 901/13/298 
f 901/13/298 933/14/298 932/30/298 
f 934/33/299 935/34/299 919/31/299 
f 919/31/279 930/32/279 934/33/279 
f 936/35/300 937/36/300 912/29/300 
f 912/29/301 938/30/301 936/35/301 
f 938/30/298 912/29/298 911/13/298 
f 911/13/298 939/14/298 938/30/298 
f 940/35/302 941/36/302 909/29/302 
f 909/29/299 932/30/299 940/35/299 
f 925/30/303 905/29/303 904/36/303 
f 904/36/267 942/35/267 925/30/267 
f 939/14/304 911/13/304 943/12/304 
f 943/12/305 944/11/305 939/14/305 
f 911/17/306 909/15/306 941/188/306 
f 941/188/306 943/189/306 911/17/306 
f 923/30/307 910/29/307 914/36/307 
f 914/36/269 945/35/269 923/30/269 
f 920/26/16 946/190/16 921/191/16 
f 921/191/16 917/23/16 920/26/16 
f 928/32/308 918/31/308 922/34/308 
f 922/34/271 947/33/271 928/32/271 
f 920/26/309 919/25/309 935/192/309 
f 935/192/310 946/193/310 920/26/310 
f 933/14/258 901/13/258 948/12/258 
f 948/12/311 949/11/311 933/14/311 
f 948/194/234 901/5/234 902/6/234 
f 902/6/312 950/195/312 948/194/312 
f 931/14/313 916/13/313 951/12/313 
f 951/12/314 952/11/314 931/14/314 
f 916/22/306 912/18/306 937/196/306 
f 937/196/306 951/197/306 916/22/306 
f 953/1/315 954/2/315 955/3/315 
f 955/3/315 956/4/315 953/1/315 
f 957/5/316 953/1/316 956/4/316 
f 956/4/316 958/6/316 957/5/316 
f 959/7/317 960/8/317 961/9/317 
f 961/9/317 962/10/317 959/7/317 
f 963/11/318 959/12/318 962/13/318 
f 962/13/319 964/14/319 963/11/319 
f 961/9/316 953/1/316 957/5/316 
f 957/5/316 965/15/316 961/9/316 
f 966/16/316 962/10/316 967/17/316 
f 967/17/316 968/18/316 966/16/316 
f 969/19/320 970/20/320 966/16/320 
f 966/16/320 971/21/320 969/19/320 
f 962/10/316 961/9/316 965/15/316 
f 965/15/316 967/17/316 962/10/316 
f 971/21/316 966/16/316 968/18/316 
f 968/18/316 972/22/316 971/21/316 
f 973/23/316 974/24/316 975/25/316 
f 975/25/316 976/26/316 973/23/316 
f 974/24/316 971/21/316 972/22/316 
f 972/22/316 975/25/316 974/24/316 
f 977/27/320 978/28/320 974/24/320 
f 974/24/320 973/23/320 977/27/320 
f 964/14/321 962/13/321 966/29/321 
f 966/29/321 979/30/321 964/14/321 
f 980/14/321 953/13/321 961/29/321 
f 961/29/321 981/30/321 980/14/321 
f 982/11/322 954/12/322 953/13/322 
f 953/13/323 980/14/323 982/11/323 
f 983/14/321 971/13/321 974/31/321 
f 974/31/321 984/32/321 983/14/321 
f 985/11/324 969/12/324 971/13/324 
f 971/13/325 983/14/325 985/11/325 
f 986/32/326 975/31/326 972/13/326 
f 972/13/326 987/14/326 986/32/326 
f 988/30/326 965/29/326 957/13/326 
f 957/13/326 989/14/326 988/30/326 
f 990/33/327 991/34/327 975/31/327 
f 975/31/328 986/32/328 990/33/328 
f 992/35/329 993/36/329 968/29/329 
f 968/29/330 994/30/330 992/35/330 
f 994/30/326 968/29/326 967/13/326 
f 967/13/326 995/14/326 994/30/326 
f 996/35/331 997/36/331 965/29/331 
f 965/29/332 988/30/332 996/35/332 
f 981/30/333 961/29/333 960/36/333 
f 960/36/334 998/35/334 981/30/334 
f 995/14/335 967/13/335 999/12/335 
f 999/12/336 1000/11/336 995/14/336 
f 967/17/337 965/15/337 997/188/337 
f 997/188/337 999/189/337 967/17/337 
f 979/30/338 966/29/338 970/36/338 
f 970/36/339 1001/35/339 979/30/339 
f 976/26/16 1002/190/16 977/191/16 
f 977/191/15 973/23/15 976/26/15 
f 984/32/340 974/31/340 978/34/340 
f 978/34/341 1003/33/341 984/32/341 
f 976/26/342 975/25/342 991/192/342 
f 991/192/343 1002/193/343 976/26/343 
f 989/14/344 957/13/344 1004/12/344 
f 1004/12/345 1005/11/345 989/14/345 
f 1004/194/346 957/5/346 958/6/346 
f 958/6/347 1006/195/347 1004/194/347 
f 987/14/335 972/13/335 1007/12/335 
f 1007/12/336 1008/11/336 987/14/336 
f 972/22/337 968/18/337 993/196/337 
f 993/196/337 1007/197/337 972/22/337 
f 1009/1/348 1010/2/348 1011/3/348 
f 1011/3/348 1012/4/348 1009/1/348 
f 1013/5/349 1009/1/349 1012/4/349 
f 1012/4/349 1014/6/349 1013/5/349 
f 1015/7/350 1016/8/350 1017/9/350 
f 1017/9/350 1018/10/350 1015/7/350 
f 1019/11/351 1015/12/351 1018/13/351 
f 1018/13/352 1020/14/352 1019/11/352 
f 1017/9/349 1009/1/349 1013/5/349 
f 1013/5/349 1021/15/349 1017/9/349 
f 1022/16/349 1018/10/349 1023/17/349 
f 1023/17/349 1024/18/349 1022/16/349 
f 1025/19/353 1026/20/353 1022/16/353 
f 1022/16/353 1027/21/353 1025/19/353 
f 1018/10/354 1017/9/354 1021/15/354 
f 1021/15/349 1023/17/349 1018/10/349 
f 1027/21/349 1022/16/349 1024/18/349 
f 1024/18/349 1028/22/349 1027/21/349 
f 1029/23/349 1030/24/349 1031/25/349 
f 1031/25/349 1032/26/349 1029/23/349 
f 1030/24/354 1027/21/354 1028/22/354 
f 1028/22/354 1031/25/354 1030/24/354 
f 1033/27/353 1034/28/353 1030/24/353 
f 1030/24/353 1029/23/353 1033/27/353 
f 1020/14/355 1018/13/355 1022/29/355 
f 1022/29/356 1035/30/356 1020/14/356 
f 1036/14/356 1009/13/356 1017/29/356 
f 1017/29/356 1037/30/356 1036/14/356 
f 1038/11/352 1010/12/352 1009/13/352 
f 1009/13/357 1036/14/357 1038/11/357 
f 1039/14/356 1027/13/356 1030/31/356 
f 1030/31/356 1040/32/356 1039/14/356 
f 1041/11/358 1025/12/358 1027/13/358 
f 1027/13/359 1039/14/359 1041/11/359 
f 1042/32/354 1031/31/354 1028/13/354 
f 1028/13/355 1043/14/355 1042/32/355 
f 1044/30/355 1021/29/355 1013/13/355 
f 1013/13/355 1045/14/355 1044/30/355 
f 1046/33/360 1047/34/360 1031/31/360 
f 1031/31/361 1042/32/361 1046/33/361 
f 1048/35/339 1049/36/339 1024/29/339 
f 1024/29/362 1050/30/362 1048/35/362 
f 1050/30/355 1024/29/355 1023/13/355 
f 1023/13/354 1051/14/354 1050/30/354 
f 1052/35/341 1053/36/341 1021/29/341 
f 1021/29/363 1044/30/363 1052/35/363 
f 1037/30/364 1017/29/364 1016/36/364 
f 1016/36/365 1054/35/365 1037/30/365 
f 1051/14/325 1023/13/325 1055/12/325 
f 1055/12/366 1056/11/366 1051/14/366 
f 1023/17/367 1021/15/367 1053/188/367 
f 1053/188/367 1055/189/367 1023/17/367 
f 1035/30/368 1022/29/368 1026/36/368 
f 1026/36/369 1057/35/369 1035/30/369 
f 1032/26/16 1058/190/16 1033/191/16 
f 1033/191/16 1029/23/16 1032/26/16 
f 1040/32/370 1030/31/370 1034/34/370 
f 1034/34/371 1059/33/371 1040/32/371 
f 1032/26/372 1031/25/372 1047/192/372 
f 1047/192/372 1058/193/372 1032/26/372 
f 1045/14/373 1013/13/373 1060/12/373 
f 1060/12/374 1061/11/374 1045/14/374 
f 1060/194/375 1013/5/375 1014/6/375 
f 1014/6/375 1062/195/375 1060/194/375 
f 1043/14/325 1028/13/325 1063/12/325 
f 1063/12/376 1064/11/376 1043/14/376 
f 1028/22/377 1024/18/377 1049/196/377 
f 1049/196/367 1063/197/367 1028/22/367 
f 1065/1/1 1066/2/1 1067/3/1 
f 1067/3/1 1068/4/1 1065/1/1 
f 1069/5/2 1065/1/2 1068/4/2 
f 1068/4/2 1070/6/2 1069/5/2 
f 1071/7/1 1072/8/1 1073/9/1 
f 1073/9/1 1074/10/1 1071/7/1 
f 1075/11/378 1071/12/378 1074/13/378 
f 1074/13/378 1076/14/378 1075/11/378 
f 1073/9/2 1065/1/2 1069/5/2 
f 1069/5/2 1077/15/2 1073/9/2 
f 1078/16/2 1074/10/2 1079/17/2 
f 1079/17/2 1080/18/2 1078/16/2 
f 1081/19/1 1082/20/1 1078/16/1 
f 1078/16/1 1083/21/1 1081/19/1 
f 1074/10/2 1073/9/2 1077/15/2 
f 1077/15/2 1079/17/2 1074/10/2 
f 1083/21/2 1078/16/2 1080/18/2 
f 1080/18/2 1084/22/2 1083/21/2 
f 1085/23/2 1086/24/2 1087/25/2 
f 1087/25/2 1088/26/2 1085/23/2 
f 1086/24/2 1083/21/2 1084/22/2 
f 1084/22/2 1087/25/2 1086/24/2 
f 1089/27/1 1090/28/1 1086/24/1 
f 1086/24/1 1085/23/1 1089/27/1 
f 1076/14/2 1074/13/2 1078/29/2 
f 1078/29/4 1091/30/4 1076/14/4 
f 1092/14/4 1065/13/4 1073/29/4 
f 1073/29/2 1093/30/2 1092/14/2 
f 1094/11/3 1066/12/3 1065/13/3 
f 1065/13/3 1092/14/3 1094/11/3 
f 1095/14/2 1083/13/2 1086/31/2 
f 1086/31/4 1096/32/4 1095/14/4 
f 1097/11/3 1081/12/3 1083/13/3 
f 1083/13/3 1095/14/3 1097/11/3 
f 1098/32/2 1087/31/2 1084/13/2 
f 1084/13/4 1099/14/4 1098/32/4 
f 1100/30/2 1077/29/2 1069/13/2 
f 1069/13/2 1101/14/2 1100/30/2 
f 1102/33/6 1103/34/6 1087/31/6 
f 1087/31/6 1098/32/6 1102/33/6 
f 1104/35/7 1105/36/7 1080/29/7 
f 1080/29/7 1106/30/7 1104/35/7 
f 1106/30/2 1080/29/2 1079/13/2 
f 1079/13/4 1107/14/4 1106/30/4 
f 1108/35/6 1109/36/6 1077/29/6 
f 1077/29/6 1100/30/6 1108/35/6 
f 1093/30/246 1073/29/246 1072/36/246 
f 1072/36/246 1110/35/246 1093/30/246 
f 1107/14/250 1079/13/250 1111/12/250 
f 1111/12/247 1112/11/247 1107/14/247 
f 1079/17/248 1077/15/248 1109/188/248 
f 1109/188/248 1111/189/248 1079/17/248 
f 1091/30/249 1078/29/249 1082/36/249 
f 1082/36/379 1113/35/379 1091/30/379 
f 1088/26/16 1114/190/16 1089/191/16 
f 1089/191/16 1085/23/16 1088/26/16 
f 1096/32/246 1086/31/246 1090/34/246 
f 1090/34/246 1115/33/246 1096/32/246 
f 1088/26/248 1087/25/248 1103/192/248 
f 1103/192/248 1114/193/248 1088/26/248 
f 1101/14/250 1069/13/250 1116/12/250 
f 1116/12/250 1117/11/250 1101/14/250 
f 1116/194/248 1069/5/248 1070/6/248 
f 1070/6/248 1118/195/248 1116/194/248 
f 1099/14/250 1084/13/250 1119/12/250 
f 1119/12/250 1120/11/250 1099/14/250 
f 1084/22/248 1080/18/248 1105/196/248 
f 1105/196/248 1119/197/248 1084/22/248 
f 1121/1/248 1122/2/248 1123/3/248 
f 1123/3/248 1124/4/248 1121/1/248 
f 1125/5/251 1121/1/251 1124/4/251 
f 1124/4/251 1126/6/251 1125/5/251 
f 1127/7/248 1128/8/248 1129/9/248 
f 1129/9/248 1130/10/248 1127/7/248 
f 1131/11/250 1127/12/250 1130/13/250 
f 1130/13/250 1132/14/250 1131/11/250 
f 1129/9/251 1121/1/251 1125/5/251 
f 1125/5/251 1133/15/251 1129/9/251 
f 1134/16/251 1130/10/251 1135/17/251 
f 1135/17/251 1136/18/251 1134/16/251 
f 1137/19/248 1138/20/248 1134/16/248 
f 1134/16/248 1139/21/248 1137/19/248 
f 1130/10/251 1129/9/251 1133/15/251 
f 1133/15/251 1135/17/251 1130/10/251 
f 1139/21/251 1134/16/251 1136/18/251 
f 1136/18/251 1140/22/251 1139/21/251 
f 1141/23/251 1142/24/251 1143/25/251 
f 1143/25/251 1144/26/251 1141/23/251 
f 1142/24/251 1139/21/251 1140/22/251 
f 1140/22/251 1143/25/251 1142/24/251 
f 1145/27/248 1146/28/248 1142/24/248 
f 1142/24/248 1141/23/248 1145/27/248 
f 1132/14/251 1130/13/251 1134/29/251 
f 1134/29/252 1147/30/252 1132/14/252 
f 1148/14/252 1121/13/252 1129/29/252 
f 1129/29/251 1149/30/251 1148/14/251 
f 1150/11/250 1122/12/250 1121/13/250 
f 1121/13/250 1148/14/250 1150/11/250 
f 1151/14/251 1139/13/251 1142/31/251 
f 1142/31/252 1152/32/252 1151/14/252 
f 1153/11/250 1137/12/250 1139/13/250 
f 1139/13/250 1151/14/250 1153/11/250 
f 1154/32/251 1143/31/251 1140/13/251 
f 1140/13/251 1155/14/251 1154/32/251 
f 1156/30/251 1133/29/251 1125/13/251 
f 1125/13/251 1157/14/251 1156/30/251 
f 1158/33/246 1159/34/246 1143/31/246 
f 1143/31/246 1154/32/246 1158/33/246 
f 1160/35/379 1161/36/379 1136/29/379 
f 1136/29/379 1162/30/379 1160/35/379 
f 1162/30/251 1136/29/251 1135/13/251 
f 1135/13/252 1163/14/252 1162/30/252 
f 1164/35/246 1165/36/246 1133/29/246 
f 1133/29/246 1156/30/246 1164/35/246 
f 1149/30/6 1129/29/6 1128/36/6 
f 1128/36/6 1166/35/6 1149/30/6 
f 1163/14/380 1135/13/380 1167/12/380 
f 1167/12/378 1168/11/378 1163/14/378 
f 1135/17/1 1133/15/1 1165/188/1 
f 1165/188/1 1167/189/1 1135/17/1 
f 1147/30/7 1134/29/7 1138/36/7 
f 1138/36/253 1169/35/253 1147/30/253 
f 1144/26/16 1170/190/16 1145/191/16 
f 1145/191/16 1141/23/16 1144/26/16 
f 1152/32/6 1142/31/6 1146/34/6 
f 1146/34/6 1171/33/6 1152/32/6 
f 1144/26/1 1143/25/1 1159/192/1 
f 1159/192/1 1170/193/1 1144/26/1 
f 1157/14/3 1125/13/3 1172/12/3 
f 1172/12/3 1173/11/3 1157/14/3 
f 1172/194/1 1125/5/1 1126/6/1 
f 1126/6/1 1174/195/1 1172/194/1 
f 1155/14/3 1140/13/3 1175/12/3 
f 1175/12/3 1176/11/3 1155/14/3 
f 1140/22/1 1136/18/1 1161/196/1 
f 1161/196/1 1175/197/1 1140/22/1 
f 1177/1/255 1178/2/255 1179/3/255 
f 1179/3/255 1180/4/255 1177/1/255 
f 1181/5/381 1177/1/381 1180/4/381 
f 1180/4/381 1182/6/381 1181/5/381 
f 1183/7/382 1184/8/382 1185/9/382 
f 1185/9/382 1186/10/382 1183/7/382 
f 1187/11/383 1183/12/383 1186/13/383 
f 1186/13/384 1188/14/384 1187/11/384 
f 1185/9/385 1177/1/385 1181/5/385 
f 1181/5/385 1189/15/385 1185/9/385 
f 1190/16/385 1186/10/385 1191/17/385 
f 1191/17/381 1192/18/381 1190/16/381 
f 1193/19/386 1194/20/386 1190/16/386 
f 1190/16/387 1195/21/387 1193/19/387 
f 1186/10/381 1185/9/381 1189/15/381 
f 1189/15/381 1191/17/381 1186/10/381 
f 1195/21/381 1190/16/381 1192/18/381 
f 1192/18/381 1196/22/381 1195/21/381 
f 1197/23/385 1198/24/385 1199/25/385 
f 1199/25/381 1200/26/381 1197/23/381 
f 1198/24/381 1195/21/381 1196/22/381 
f 1196/22/385 1199/25/385 1198/24/385 
f 1201/27/386 1202/28/386 1198/24/386 
f 1198/24/388 1197/23/388 1201/27/388 
f 1188/14/389 1186/13/389 1190/29/389 
f 1190/29/389 1203/30/389 1188/14/389 
f 1204/14/389 1177/13/389 1185/29/389 
f 1185/29/389 1205/30/389 1204/14/389 
f 1206/11/390 1178/12/390 1177/13/390 
f 1177/13/265 1204/14/265 1206/11/265 
f 1207/14/389 1195/13/389 1198/31/389 
f 1198/31/389 1208/32/389 1207/14/389 
f 1209/11/391 1193/12/391 1195/13/391 
f 1195/13/392 1207/14/392 1209/11/392 
f 1210/32/262 1199/31/262 1196/13/262 
f 1196/13/262 1211/14/262 1210/32/262 
f 1212/30/262 1189/29/262 1181/13/262 
f 1181/13/262 1213/14/262 1212/30/262 
f 1214/33/393 1215/34/393 1199/31/393 
f 1199/31/394 1210/32/394 1214/33/394 
f 1216/35/395 1217/36/395 1192/29/395 
f 1192/29/396 1218/30/396 1216/35/396 
f 1218/30/262 1192/29/262 1191/13/262 
f 1191/13/262 1219/14/262 1218/30/262 
f 1220/35/397 1221/36/397 1189/29/397 
f 1189/29/398 1212/30/398 1220/35/398 
f 1205/30/399 1185/29/399 1184/36/399 
f 1184/36/273 1222/35/273 1205/30/273 
f 1219/14/400 1191/13/400 1223/12/400 
f 1223/12/401 1224/11/401 1219/14/401 
f 1191/17/402 1189/15/402 1221/188/402 
f 1221/188/402 1223/189/402 1191/17/402 
f 1203/30/403 1190/29/403 1194/36/403 
f 1194/36/277 1225/35/277 1203/30/277 
f 1200/26/16 1226/190/16 1201/191/16 
f 1201/191/16 1197/23/16 1200/26/16 
f 1208/32/404 1198/31/404 1202/34/404 
f 1202/34/278 1227/33/278 1208/32/278 
f 1200/26/283 1199/25/283 1215/192/283 
f 1215/192/283 1226/193/283 1200/26/283 
f 1213/14/405 1181/13/405 1228/12/405 
f 1228/12/406 1229/11/406 1213/14/406 
f 1228/194/283 1181/5/283 1182/6/283 
f 1182/6/407 1230/195/407 1228/194/407 
f 1211/14/400 1196/13/400 1231/12/400 
f 1231/12/408 1232/11/408 1211/14/408 
f 1196/22/402 1192/18/402 1217/196/402 
f 1217/196/409 1231/197/409 1196/22/409 
f 1233/1/410 1234/2/410 1235/3/410 
f 1235/3/287 1236/4/287 1233/1/287 
f 1237/5/13 1233/1/13 1236/4/13 
f 1236/4/79 1238/6/79 1237/5/79 
f 1239/7/411 1240/8/411 1241/9/411 
f 1241/9/411 1242/10/411 1239/7/411 
f 1243/11/412 1239/12/412 1242/13/412 
f 1242/13/413 1244/14/413 1243/11/413 
f 1241/9/13 1233/1/13 1237/5/13 
f 1237/5/13 1245/15/13 1241/9/13 
f 1246/16/13 1242/10/13 1247/17/13 
f 1247/17/13 1248/18/13 1246/16/13 
f 1249/19/287 1250/20/287 1246/16/287 
f 1246/16/288 1251/21/288 1249/19/288 
f 1242/10/13 1241/9/13 1245/15/13 
f 1245/15/13 1247/17/13 1242/10/13 
f 1251/21/13 1246/16/13 1248/18/13 
f 1248/18/13 1252/22/13 1251/21/13 
f 1253/23/13 1254/24/13 1255/25/13 
f 1255/25/293 1256/26/293 1253/23/293 
f 1254/24/13 1251/21/13 1252/22/13 
f 1252/22/13 1255/25/13 1254/24/13 
f 1257/27/287 1258/28/287 1254/24/287 
f 1254/24/288 1253/23/288 1257/27/288 
f 1244/14/294 1242/13/294 1246/29/294 
f 1246/29/294 1259/30/294 1244/14/294 
f 1260/14/294 1233/13/294 1241/29/294 
f 1241/29/294 1261/30/294 1260/14/294 
f 1262/11/414 1234/12/414 1233/13/414 
f 1233/13/291 1260/14/291 1262/11/291 
f 1263/14/294 1251/13/294 1254/31/294 
f 1254/31/294 1264/32/294 1263/14/294 
f 1265/11/295 1249/12/295 1251/13/295 
f 1251/13/415 1263/14/415 1265/11/415 
f 1266/32/298 1255/31/298 1252/13/298 
f 1252/13/298 1267/14/298 1266/32/298 
f 1268/30/298 1245/29/298 1237/13/298 
f 1237/13/298 1269/14/298 1268/30/298 
f 1270/33/299 1271/34/299 1255/31/299 
f 1255/31/403 1266/32/403 1270/33/403 
f 1272/35/416 1273/36/416 1248/29/416 
f 1248/29/417 1274/30/417 1272/35/417 
f 1274/30/298 1248/29/298 1247/13/298 
f 1247/13/298 1275/14/298 1274/30/298 
f 1276/35/273 1277/36/273 1245/29/273 
f 1245/29/418 1268/30/418 1276/35/418 
f 1261/30/267 1241/29/267 1240/36/267 
f 1240/36/419 1278/35/419 1261/30/419 
f 1275/14/313 1247/13/313 1279/12/313 
f 1279/12/420 1280/11/420 1275/14/420 
f 1247/17/255 1245/15/255 1277/188/255 
f 1277/188/255 1279/189/255 1247/17/255 
f 1259/30/307 1246/29/307 1250/36/307 
f 1250/36/421 1281/35/421 1259/30/421 
f 1256/26/16 1282/190/16 1257/191/16 
f 1257/191/16 1253/23/16 1256/26/16 
f 1264/32/422 1254/31/422 1258/34/422 
f 1258/34/423 1283/33/423 1264/32/423 
f 1256/26/424 1255/25/424 1271/192/424 
f 1271/192/425 1282/193/425 1256/26/425 
f 1269/14/426 1237/13/426 1284/12/426 
f 1284/12/264 1285/11/264 1269/14/264 
f 1284/194/427 1237/5/427 1238/6/427 
f 1238/6/428 1286/195/428 1284/194/428 
f 1267/14/259 1252/13/259 1287/12/259 
f 1287/12/420 1288/11/420 1267/14/420 
f 1252/22/255 1248/18/255 1273/196/255 
f 1273/196/255 1287/197/255 1252/22/255 
f 1289/1/429 1290/2/429 1291/3/429 
f 1291/3/430 1292/4/430 1289/1/430 
f 1293/5/431 1289/1/431 1292/4/431 
f 1292/4/431 1294/6/431 1293/5/431 
f 1295/7/432 1296/8/432 1297/9/432 
f 1297/9/432 1298/10/432 1295/7/432 
f 1299/11/433 1295/12/433 1298/13/433 
f 1298/13/434 1300/14/434 1299/11/434 
f 1297/9/431 1289/1/431 1293/5/431 
f 1293/5/431 1301/15/431 1297/9/431 
f 1302/16/431 1298/10/431 1303/17/431 
f 1303/17/431 1304/18/431 1302/16/431 
f 1305/19/435 1306/20/435 1302/16/435 
f 1302/16/435 1307/21/435 1305/19/435 
f 1298/10/431 1297/9/431 1301/15/431 
f 1301/15/431 1303/17/431 1298/10/431 
f 1307/21/431 1302/16/431 1304/18/431 
f 1304/18/431 1308/22/431 1307/21/431 
f 1309/23/431 1310/24/431 1311/25/431 
f 1311/25/431 1312/26/431 1309/23/431 
f 1310/24/431 1307/21/431 1308/22/431 
f 1308/22/431 1311/25/431 1310/24/431 
f 1313/27/435 1314/28/435 1310/24/435 
f 1310/24/435 1309/23/435 1313/27/435 
f 1300/14/321 1298/13/321 1302/29/321 
f 1302/29/321 1315/30/321 1300/14/321 
f 1316/14/321 1289/13/321 1297/29/321 
f 1297/29/321 1317/30/321 1316/14/321 
f 1318/11/436 1290/12/436 1289/13/436 
f 1289/13/437 1316/14/437 1318/11/437 
f 1319/14/321 1307/13/321 1310/31/321 
f 1310/31/321 1320/32/321 1319/14/321 
f 1321/11/438 1305/12/438 1307/13/438 
f 1307/13/325 1319/14/325 1321/11/325 
f 1322/32/439 1311/31/439 1308/13/439 
f 1308/13/439 1323/14/439 1322/32/439 
f 1324/30/439 1301/29/439 1293/13/439 
f 1293/13/439 1325/14/439 1324/30/439 
f 1326/33/440 1327/34/440 1311/31/440 
f 1311/31/327 1322/32/327 1326/33/327 
f 1328/35/441 1329/36/441 1304/29/441 
f 1304/29/330 1330/30/330 1328/35/330 
f 1330/30/439 1304/29/439 1303/13/439 
f 1303/13/439 1331/14/439 1330/30/439 
f 1332/35/365 1333/36/365 1301/29/365 
f 1301/29/331 1324/30/331 1332/35/331 
f 1317/30/333 1297/29/333 1296/36/333 
f 1296/36/442 1334/35/442 1317/30/442 
f 1331/14/443 1303/13/443 1335/12/443 
f 1335/12/444 1336/11/444 1331/14/444 
f 1303/17/348 1301/15/348 1333/188/348 
f 1333/188/348 1335/189/348 1303/17/348 
f 1315/30/445 1302/29/445 1306/36/445 
f 1306/36/446 1337/35/446 1315/30/446 
f 1312/26/16 1338/190/16 1313/191/16 
f 1313/191/16 1309/23/16 1312/26/16 
f 1320/32/340 1310/31/340 1314/34/340 
f 1314/34/341 1339/33/341 1320/32/341 
f 1312/26/447 1311/25/447 1327/192/447 
f 1327/192/447 1338/193/447 1312/26/447 
f 1325/14/345 1293/13/345 1340/12/345 
f 1340/12/344 1341/11/344 1325/14/344 
f 1340/194/353 1293/5/353 1294/6/353 
f 1294/6/448 1342/195/448 1340/194/448 
f 1323/14/352 1308/13/352 1343/12/352 
f 1343/12/336 1344/11/336 1323/14/336 
f 1308/22/447 1304/18/447 1329/196/447 
f 1329/196/348 1343/197/348 1308/22/348 
f 1345/1/449 1346/2/449 1347/3/449 
f 1347/3/450 1348/4/450 1345/1/450 
f 1349/5/349 1345/1/349 1348/4/349 
f 1348/4/349 1350/6/349 1349/5/349 
f 1351/7/350 1352/8/350 1353/9/350 
f 1353/9/350 1354/10/350 1351/7/350 
f 1355/11/351 1351/12/351 1354/13/351 
f 1354/13/451 1356/14/451 1355/11/451 
f 1353/9/349 1345/1/349 1349/5/349 
f 1349/5/349 1357/15/349 1353/9/349 
f 1358/16/349 1354/10/349 1359/17/349 
f 1359/17/349 1360/18/349 1358/16/349 
f 1361/19/448 1362/20/448 1358/16/448 
f 1358/16/353 1363/21/353 1361/19/353 
f 1354/10/349 1353/9/349 1357/15/349 
f 1357/15/349 1359/17/349 1354/10/349 
f 1363/21/349 1358/16/349 1360/18/349 
f 1360/18/349 1364/22/349 1363/21/349 
f 1365/23/349 1366/24/349 1367/25/349 
f 1367/25/349 1368/26/349 1365/23/349 
f 1366/24/349 1363/21/349 1364/22/349 
f 1364/22/349 1367/25/349 1366/24/349 
f 1369/27/452 1370/28/452 1366/24/452 
f 1366/24/452 1365/23/452 1369/27/452 
f 1356/14/356 1354/13/356 1358/29/356 
f 1358/29/356 1371/30/356 1356/14/356 
f 1372/14/356 1345/13/356 1353/29/356 
f 1353/29/356 1373/30/356 1372/14/356 
f 1374/11/453 1346/12/453 1345/13/453 
f 1345/13/357 1372/14/357 1374/11/357 
f 1375/14/356 1363/13/356 1366/31/356 
f 1366/31/356 1376/32/356 1375/14/356 
f 1377/11/358 1361/12/358 1363/13/358 
f 1363/13/454 1375/14/454 1377/11/454 
f 1378/32/356 1367/31/356 1364/13/356 
f 1364/13/356 1379/14/356 1378/32/356 
f 1380/30/356 1357/29/356 1349/13/356 
f 1349/13/356 1381/14/356 1380/30/356 
f 1382/33/360 1383/34/360 1367/31/360 
f 1367/31/360 1378/32/360 1382/33/360 
f 1384/35/455 1385/36/455 1360/29/455 
f 1360/29/339 1386/30/339 1384/35/339 
f 1386/30/356 1360/29/356 1359/13/356 
f 1359/13/356 1387/14/356 1386/30/356 
f 1388/35/456 1389/36/456 1357/29/456 
f 1357/29/341 1380/30/341 1388/35/341 
f 1373/30/457 1353/29/457 1352/36/457 
f 1352/36/458 1390/35/458 1373/30/458 
f 1387/14/459 1359/13/459 1391/12/459 
f 1391/12/460 1392/11/460 1387/14/460 
f 1359/17/377 1357/15/377 1389/188/377 
f 1389/188/377 1391/189/377 1359/17/377 
f 1371/30/368 1358/29/368 1362/36/368 
f 1362/36/461 1393/35/461 1371/30/461 
f 1368/26/16 1394/190/16 1369/191/16 
f 1369/191/15 1365/23/15 1368/26/15 
f 1376/32/462 1366/31/462 1370/34/462 
f 1370/34/462 1395/33/462 1376/32/462 
f 1368/26/372 1367/25/372 1383/192/372 
f 1383/192/372 1394/193/372 1368/26/372 
f 1381/14/463 1349/13/463 1396/12/463 
f 1396/12/459 1397/11/459 1381/14/459 
f 1396/194/464 1349/5/464 1350/6/464 
f 1350/6/375 1398/195/375 1396/194/375 
f 1379/14/323 1364/13/323 1399/12/323 
f 1399/12/325 1400/11/325 1379/14/325 
f 1364/22/465 1360/18/465 1385/196/465 
f 1385/196/377 1399/197/377 1364/22/377 
f 1401/1/1 1402/2/1 1403/3/1 
f 1403/3/1 1404/4/1 1401/1/1 
f 1405/5/2 1401/1/2 1404/4/2 
f 1404/4/2 1406/6/2 1405/5/2 
f 1407/7/1 1408/8/1 1409/9/1 
f 1409/9/1 1410/10/1 1407/7/1 
f 1411/11/3 1407/12/3 1410/13/3 
f 1410/13/3 1412/14/3 1411/11/3 
f 1409/9/2 1401/1/2 1405/5/2 
f 1405/5/2 1413/15/2 1409/9/2 
f 1414/16/2 1410/10/2 1415/17/2 
f 1415/17/2 1416/18/2 1414/16/2 
f 1417/19/1 1418/20/1 1414/16/1 
f 1414/16/1 1419/21/1 1417/19/1 
f 1410/10/2 1409/9/2 1413/15/2 
f 1413/15/2 1415/17/2 1410/10/2 
f 1419/21/2 1414/16/2 1416/18/2 
f 1416/18/2 1420/22/2 1419/21/2 
f 1421/23/2 1422/24/2 1423/25/2 
f 1423/25/2 1424/26/2 1421/23/2 
f 1422/24/2 1419/21/2 1420/22/2 
f 1420/22/2 1423/25/2 1422/24/2 
f 1425/27/1 1426/28/1 1422/24/1 
f 1422/24/1 1421/23/1 1425/27/1 
f 1412/14/4 1410/13/4 1414/29/4 
f 1414/29/2 1427/30/2 1412/14/2 
f 1428/14/2 1401/13/2 1409/29/2 
f 1409/29/2 1429/30/2 1428/14/2 
f 1430/11/5 1402/12/5 1401/13/5 
f 1401/13/254 1428/14/254 1430/11/254 
f 1431/14/4 1419/13/4 1422/31/4 
f 1422/31/2 1432/32/2 1431/14/2 
f 1433/11/3 1417/12/3 1419/13/3 
f 1419/13/3 1431/14/3 1433/11/3 
f 1434/32/2 1423/31/2 1420/13/2 
f 1420/13/2 1435/14/2 1434/32/2 
f 1436/30/4 1413/29/4 1405/13/4 
f 1405/13/2 1437/14/2 1436/30/2 
f 1438/33/7 1439/34/7 1423/31/7 
f 1423/31/7 1434/32/7 1438/33/7 
f 1440/35/253 1441/36/253 1416/29/253 
f 1416/29/7 1442/30/7 1440/35/7 
f 1442/30/2 1416/29/2 1415/13/2 
f 1415/13/2 1443/14/2 1442/30/2 
f 1444/35/253 1445/36/253 1413/29/253 
f 1413/29/7 1436/30/7 1444/35/7 
f 1429/30/249 1409/29/249 1408/36/249 
f 1408/36/249 1446/35/249 1429/30/249 
f 1443/14/247 1415/13/247 1447/12/247 
f 1447/12/247 1448/11/247 1443/14/247 
f 1415/17/248 1413/15/248 1445/188/248 
f 1445/188/248 1447/189/248 1415/17/248 
f 1427/30/249 1414/29/249 1418/36/249 
f 1418/36/249 1449/35/249 1427/30/249 
f 1424/26/16 1450/190/16 1425/191/16 
f 1425/191/16 1421/23/16 1424/26/16 
f 1432/32/249 1422/31/249 1426/34/249 
f 1426/34/249 1451/33/249 1432/32/249 
f 1424/26/248 1423/25/248 1439/192/248 
f 1439/192/248 1450/193/248 1424/26/248 
f 1437/14/250 1405/13/250 1452/12/250 
f 1452/12/250 1453/11/250 1437/14/250 
f 1452/194/248 1405/5/248 1406/6/248 
f 1406/6/248 1454/195/248 1452/194/248 
f 1435/14/250 1420/13/250 1455/12/250 
f 1455/12/250 1456/11/250 1435/14/250 
f 1420/22/248 1416/18/248 1441/196/248 
f 1441/196/248 1455/197/248 1420/22/248 
f 1457/1/248 1458/2/248 1459/3/248 
f 1459/3/248 1460/4/248 1457/1/248 
f 1461/5/251 1457/1/251 1460/4/251 
f 1460/4/251 1462/6/251 1461/5/251 
f 1463/7/248 1464/8/248 1465/9/248 
f 1465/9/248 1466/10/248 1463/7/248 
f 1467/11/247 1463/12/247 1466/13/247 
f 1466/13/247 1468/14/247 1467/11/247 
f 1465/9/251 1457/1/251 1461/5/251 
f 1461/5/251 1469/15/251 1465/9/251 
f 1470/16/251 1466/10/251 1471/17/251 
f 1471/17/251 1472/18/251 1470/16/251 
f 1473/19/248 1474/20/248 1470/16/248 
f 1470/16/248 1475/21/248 1473/19/248 
f 1466/10/251 1465/9/251 1469/15/251 
f 1469/15/251 1471/17/251 1466/10/251 
f 1475/21/251 1470/16/251 1472/18/251 
f 1472/18/251 1476/22/251 1475/21/251 
f 1477/23/251 1478/24/251 1479/25/251 
f 1479/25/251 1480/26/251 1477/23/251 
f 1478/24/251 1475/21/251 1476/22/251 
f 1476/22/251 1479/25/251 1478/24/251 
f 1481/27/248 1482/28/248 1478/24/248 
f 1478/24/248 1477/23/248 1481/27/248 
f 1468/14/251 1466/13/251 1470/29/251 
f 1470/29/252 1483/30/252 1468/14/252 
f 1484/14/251 1457/13/251 1465/29/251 
f 1465/29/251 1485/30/251 1484/14/251 
f 1486/11/250 1458/12/250 1457/13/250 
f 1457/13/250 1484/14/250 1486/11/250 
f 1487/14/252 1475/13/252 1478/31/252 
f 1478/31/251 1488/32/251 1487/14/251 
f 1489/11/250 1473/12/250 1475/13/250 
f 1475/13/250 1487/14/250 1489/11/250 
f 1490/32/252 1479/31/252 1476/13/252 
f 1476/13/251 1491/14/251 1490/32/251 
f 1492/30/252 1469/29/252 1461/13/252 
f 1461/13/251 1493/14/251 1492/30/251 
f 1494/33/249 1495/34/249 1479/31/249 
f 1479/31/249 1490/32/249 1494/33/249 
f 1496/35/249 1497/36/249 1472/29/249 
f 1472/29/249 1498/30/249 1496/35/249 
f 1498/30/251 1472/29/251 1471/13/251 
f 1471/13/252 1499/14/252 1498/30/252 
f 1500/35/249 1501/36/249 1469/29/249 
f 1469/29/249 1492/30/249 1500/35/249 
f 1485/30/7 1465/29/7 1464/36/7 
f 1464/36/253 1502/35/253 1485/30/253 
f 1499/14/3 1471/13/3 1503/12/3 
f 1503/12/3 1504/11/3 1499/14/3 
f 1471/17/1 1469/15/1 1501/188/1 
f 1501/188/1 1503/189/1 1471/17/1 
f 1483/30/7 1470/29/7 1474/36/7 
f 1474/36/7 1505/35/7 1483/30/7 
f 1480/26/16 1506/190/16 1481/191/16 
f 1481/191/16 1477/23/16 1480/26/16 
f 1488/32/7 1478/31/7 1482/34/7 
f 1482/34/7 1507/33/7 1488/32/7 
f 1480/26/1 1479/25/1 1495/192/1 
f 1495/192/1 1506/193/1 1480/26/1 
f 1493/14/5 1461/13/5 1508/12/5 
f 1508/12/5 1509/11/5 1493/14/5 
f 1508/194/1 1461/5/1 1462/6/1 
f 1462/6/1 1510/195/1 1508/194/1 
f 1491/14/3 1476/13/3 1511/12/3 
f 1511/12/3 1512/11/3 1491/14/3 
f 1476/22/1 1472/18/1 1497/196/1 
f 1497/196/1 1511/197/1 1476/22/1 
f 1513/1/257 1514/2/257 1515/3/257 
f 1515/3/257 1516/4/257 1513/1/257 
f 1517/5/163 1513/1/163 1516/4/163 
f 1516/4/163 1518/6/163 1517/5/163 
f 1519/7/256 1520/8/256 1521/9/256 
f 1521/9/256 1522/10/256 1519/7/256 
f 1523/11/258 1519/12/258 1522/13/258 
f 1522/13/466 1524/14/466 1523/11/466 
f 1521/9/163 1513/1/163 1517/5/163 
f 1517/5/163 1525/15/163 1521/9/163 
f 1526/16/160 1522/10/160 1527/17/160 
f 1527/17/160 1528/18/160 1526/16/160 
f 1529/19/312 1530/20/312 1526/16/312 
f 1526/16/312 1531/21/312 1529/19/312 
f 1522/10/163 1521/9/163 1525/15/163 
f 1525/15/163 1527/17/163 1522/10/163 
f 1531/21/163 1526/16/163 1528/18/163 
f 1528/18/160 1532/22/160 1531/21/160 
f 1533/23/163 1534/24/163 1535/25/163 
f 1535/25/163 1536/26/163 1533/23/163 
f 1534/24/163 1531/21/163 1532/22/163 
f 1532/22/163 1535/25/163 1534/24/163 
f 1537/27/312 1538/28/312 1534/24/312 
f 1534/24/312 1533/23/312 1537/27/312 
f 1524/14/262 1522/13/262 1526/29/262 
f 1526/29/262 1539/30/262 1524/14/262 
f 1540/14/262 1513/13/262 1521/29/262 
f 1521/29/262 1541/30/262 1540/14/262 
f 1542/11/426 1514/12/426 1513/13/426 
f 1513/13/263 1540/14/263 1542/11/263 
f 1543/14/262 1531/13/262 1534/31/262 
f 1534/31/262 1544/32/262 1543/14/262 
f 1545/11/467 1529/12/467 1531/13/467 
f 1531/13/265 1543/14/265 1545/11/265 
f 1546/32/381 1535/31/381 1532/13/381 
f 1532/13/381 1547/14/381 1546/32/381 
f 1548/30/381 1525/29/381 1517/13/381 
f 1517/13/381 1549/14/381 1548/30/381 
f 1550/33/468 1551/34/468 1535/31/468 
f 1535/31/469 1546/32/469 1550/33/469 
f 1552/35/269 1553/36/269 1528/29/269 
f 1528/29/470 1554/30/470 1552/35/470 
f 1554/30/381 1528/29/381 1527/13/381 
f 1527/13/381 1555/14/381 1554/30/381 
f 1556/35/269 1557/36/269 1525/29/269 
f 1525/29/470 1548/30/470 1556/35/470 
f 1541/30/471 1521/29/471 1520/36/471 
f 1520/36/472 1558/35/472 1541/30/472 
f 1555/14/275 1527/13/275 1559/12/275 
f 1559/12/400 1560/11/400 1555/14/400 
f 1527/17/473 1525/15/473 1557/188/473 
f 1557/188/473 1559/189/473 1527/17/473 
f 1539/30/474 1526/29/474 1530/36/474 
f 1530/36/278 1561/35/278 1539/30/278 
f 1536/26/16 1562/190/16 1537/191/16 
f 1537/191/16 1533/23/16 1536/26/16 
f 1544/32/474 1534/31/474 1538/34/474 
f 1538/34/278 1563/33/278 1544/32/278 
f 1536/26/475 1535/25/475 1551/192/475 
f 1551/192/475 1562/193/475 1536/26/475 
f 1549/14/400 1517/13/400 1564/12/400 
f 1564/12/406 1565/11/406 1549/14/406 
f 1564/194/409 1517/5/409 1518/6/409 
f 1518/6/409 1566/195/409 1564/194/409 
f 1547/14/275 1532/13/275 1567/12/275 
f 1567/12/400 1568/11/400 1547/14/400 
f 1532/22/473 1528/18/473 1553/196/473 
f 1553/196/473 1567/197/473 1532/22/473 
f 1569/1/288 1570/2/288 1571/3/288 
f 1571/3/287 1572/4/287 1569/1/287 
f 1573/5/476 1569/1/476 1572/4/476 
f 1572/4/476 1574/6/476 1573/5/476 
f 1575/7/411 1576/8/411 1577/9/411 
f 1577/9/477 1578/10/477 1575/7/477 
f 1579/11/478 1575/12/478 1578/13/478 
f 1578/13/479 1580/14/479 1579/11/479 
f 1577/9/476 1569/1/476 1573/5/476 
f 1573/5/476 1581/15/476 1577/9/476 
f 1582/16/476 1578/10/476 1583/17/476 
f 1583/17/476 1584/18/476 1582/16/476 
f 1585/19/480 1586/20/480 1582/16/480 
f 1582/16/407 1587/21/407 1585/19/407 
f 1578/10/476 1577/9/476 1581/15/476 
f 1581/15/476 1583/17/476 1578/10/476 
f 1587/21/476 1582/16/476 1584/18/476 
f 1584/18/476 1588/22/476 1587/21/476 
f 1589/23/476 1590/24/476 1591/25/476 
f 1591/25/476 1592/26/476 1589/23/476 
f 1590/24/476 1587/21/476 1588/22/476 
f 1588/22/476 1591/25/476 1590/24/476 
f 1593/27/407 1594/28/407 1590/24/407 
f 1590/24/407 1589/23/407 1593/27/407 
f 1580/14/294 1578/13/294 1582/29/294 
f 1582/29/294 1595/30/294 1580/14/294 
f 1596/14/294 1569/13/294 1577/29/294 
f 1577/29/294 1597/30/294 1596/14/294 
f 1598/11/295 1570/12/295 1569/13/295 
f 1569/13/481 1596/14/481 1598/11/481 
f 1599/14/294 1587/13/294 1590/31/294 
f 1590/31/294 1600/32/294 1599/14/294 
f 1601/11/406 1585/12/406 1587/13/406 
f 1587/13/482 1599/14/482 1601/11/482 
f 1602/32/298 1591/31/298 1588/13/298 
f 1588/13/298 1603/14/298 1602/32/298 
f 1604/30/298 1581/29/298 1573/13/298 
f 1573/13/298 1605/14/298 1604/30/298 
f 1606/33/299 1607/34/299 1591/31/299 
f 1591/31/474 1602/32/474 1606/33/474 
f 1608/35/472 1609/36/472 1584/29/472 
f 1584/29/483 1610/30/483 1608/35/483 
f 1610/30/298 1584/29/298 1583/13/298 
f 1583/13/298 1611/14/298 1610/30/298 
f 1612/35/472 1613/36/472 1581/29/472 
f 1581/29/483 1604/30/483 1612/35/483 
f 1597/30/484 1577/29/484 1576/36/484 
f 1576/36/485 1614/35/485 1597/30/485 
f 1611/14/466 1583/13/466 1615/12/466 
f 1615/12/486 1616/11/486 1611/14/486 
f 1583/17/487 1581/15/487 1613/188/487 
f 1613/188/487 1615/189/487 1583/17/487 
f 1595/30/488 1582/29/488 1586/36/488 
f 1586/36/489 1617/35/489 1595/30/489 
f 1592/26/16 1618/190/16 1593/191/16 
f 1593/191/16 1589/23/16 1592/26/16 
f 1600/32/488 1590/31/488 1594/34/488 
f 1594/34/489 1619/33/489 1600/32/489 
f 1592/26/490 1591/25/490 1607/192/490 
f 1607/192/382 1618/193/382 1592/26/382 
f 1605/14/491 1573/13/491 1620/12/491 
f 1620/12/492 1621/11/492 1605/14/492 
f 1620/194/493 1573/5/493 1574/6/493 
f 1574/6/493 1622/195/493 1620/194/493 
f 1603/14/466 1588/13/466 1623/12/466 
f 1623/12/492 1624/11/492 1603/14/492 
f 1588/22/487 1584/18/487 1609/196/487 
f 1609/196/487 1623/197/487 1588/22/487 
f 1625/1/494 1626/2/494 1627/3/494 
f 1627/3/320 1628/4/320 1625/1/320 
f 1629/5/316 1625/1/316 1628/4/316 
f 1628/4/316 1630/6/316 1629/5/316 
f 1631/7/317 1632/8/317 1633/9/317 
f 1633/9/495 1634/10/495 1631/7/495 
f 1635/11/318 1631/12/318 1634/13/318 
f 1634/13/318 1636/14/318 1635/11/318 
f 1633/9/316 1625/1/316 1629/5/316 
f 1629/5/316 1637/15/316 1633/9/316 
f 1638/16/316 1634/10/316 1639/17/316 
f 1639/17/316 1640/18/316 1638/16/316 
f 1641/19/367 1642/20/367 1638/16/367 
f 1638/16/377 1643/21/377 1641/19/377 
f 1634/10/316 1633/9/316 1637/15/316 
f 1637/15/316 1639/17/316 1634/10/316 
f 1643/21/316 1638/16/316 1640/18/316 
f 1640/18/316 1644/22/316 1643/21/316 
f 1645/23/316 1646/24/316 1647/25/316 
f 1647/25/316 1648/26/316 1645/23/316 
f 1646/24/316 1643/21/316 1644/22/316 
f 1644/22/316 1647/25/316 1646/24/316 
f 1649/27/367 1650/28/367 1646/24/367 
f 1646/24/377 1645/23/377 1649/27/377 
f 1636/14/326 1634/13/326 1638/29/326 
f 1638/29/326 1651/30/326 1636/14/326 
f 1652/14/326 1625/13/326 1633/29/326 
f 1633/29/326 1653/30/326 1652/14/326 
f 1654/11/324 1626/12/324 1625/13/324 
f 1625/13/496 1652/14/496 1654/11/496 
f 1655/14/326 1643/13/326 1646/31/326 
f 1646/31/326 1656/32/326 1655/14/326 
f 1657/11/460 1641/12/460 1643/13/460 
f 1643/13/497 1655/14/497 1657/11/497 
f 1658/32/326 1647/31/326 1644/13/326 
f 1644/13/326 1659/14/326 1658/32/326 
f 1660/30/326 1637/29/326 1629/13/326 
f 1629/13/326 1661/14/326 1660/30/326 
f 1662/33/498 1663/34/498 1647/31/498 
f 1647/31/499 1658/32/499 1662/33/499 
f 1664/35/500 1665/36/500 1640/29/500 
f 1640/29/501 1666/30/501 1664/35/501 
f 1666/30/326 1640/29/326 1639/13/326 
f 1639/13/326 1667/14/326 1666/30/326 
f 1668/35/500 1669/36/500 1637/29/500 
f 1637/29/501 1660/30/501 1668/35/501 
f 1653/30/502 1633/29/502 1632/36/502 
f 1632/36/502 1670/35/502 1653/30/502 
f 1667/14/503 1639/13/503 1671/12/503 
f 1671/12/504 1672/11/504 1667/14/504 
f 1639/17/505 1637/15/505 1669/188/505 
f 1669/188/505 1671/189/505 1639/17/505 
f 1651/30/339 1638/29/339 1642/36/339 
f 1642/36/506 1673/35/506 1651/30/506 
f 1648/26/16 1674/190/16 1649/191/16 
f 1649/191/15 1645/23/15 1648/26/15 
f 1656/32/339 1646/31/339 1650/34/339 
f 1650/34/506 1675/33/506 1656/32/506 
f 1648/26/448 1647/25/448 1663/192/448 
f 1663/192/448 1674/193/448 1648/26/448 
f 1661/14/344 1629/13/344 1676/12/344 
f 1676/12/507 1677/11/507 1661/14/507 
f 1676/194/346 1629/5/346 1630/6/346 
f 1630/6/346 1678/195/346 1676/194/346 
f 1659/14/508 1644/13/508 1679/12/508 
f 1679/12/509 1680/11/509 1659/14/509 
f 1644/22/505 1640/18/505 1665/196/505 
f 1665/196/505 1679/197/505 1644/22/505 
f 1681/1/505 1682/2/505 1683/3/505 
f 1683/3/505 1684/4/505 1681/1/505 
f 1685/5/355 1681/1/355 1684/4/355 
f 1684/4/355 1686/6/355 1685/5/355 
f 1687/7/510 1688/8/510 1689/9/510 
f 1689/9/510 1690/10/510 1687/7/510 
f 1691/11/444 1687/12/444 1690/13/444 
f 1690/13/511 1692/14/511 1691/11/511 
f 1689/9/355 1681/1/355 1685/5/355 
f 1685/5/355 1693/15/355 1689/9/355 
f 1694/16/355 1690/10/355 1695/17/355 
f 1695/17/355 1696/18/355 1694/16/355 
f 1697/19/337 1698/20/337 1694/16/337 
f 1694/16/337 1699/21/337 1697/19/337 
f 1690/10/355 1689/9/355 1693/15/355 
f 1693/15/355 1695/17/355 1690/10/355 
f 1699/21/355 1694/16/355 1696/18/355 
f 1696/18/355 1700/22/355 1699/21/355 
f 1701/23/355 1702/24/355 1703/25/355 
f 1703/25/355 1704/26/355 1701/23/355 
f 1702/24/355 1699/21/355 1700/22/355 
f 1700/22/355 1703/25/355 1702/24/355 
f 1705/27/343 1706/28/343 1702/24/343 
f 1702/24/337 1701/23/337 1705/27/337 
f 1692/14/355 1690/13/355 1694/29/355 
f 1694/29/355 1707/30/355 1692/14/355 
f 1708/14/355 1681/13/355 1689/29/355 
f 1689/29/355 1709/30/355 1708/14/355 
f 1710/11/512 1682/12/512 1681/13/512 
f 1681/13/513 1708/14/513 1710/11/513 
f 1711/14/355 1699/13/355 1702/31/355 
f 1702/31/355 1712/32/355 1711/14/355 
f 1713/11/335 1697/12/335 1699/13/335 
f 1699/13/358 1711/14/358 1713/11/358 
f 1714/32/349 1703/31/349 1700/13/349 
f 1700/13/354 1715/14/354 1714/32/354 
f 1716/30/349 1693/29/349 1685/13/349 
f 1685/13/354 1717/14/354 1716/30/354 
f 1718/33/514 1719/34/514 1703/31/514 
f 1703/31/515 1714/32/515 1718/33/515 
f 1720/35/516 1721/36/516 1696/29/516 
f 1696/29/515 1722/30/515 1720/35/515 
f 1722/30/354 1696/29/354 1695/13/354 
f 1695/13/349 1723/14/349 1722/30/349 
f 1724/35/517 1725/36/517 1693/29/517 
f 1693/29/515 1716/30/515 1724/35/515 
f 1709/30/332 1689/29/332 1688/36/332 
f 1688/36/518 1726/35/518 1709/30/518 
f 1723/14/322 1695/13/322 1727/12/322 
f 1727/12/319 1728/11/319 1723/14/319 
f 1695/17/429 1693/15/429 1725/188/429 
f 1725/188/315 1727/189/315 1695/17/315 
f 1707/30/519 1694/29/519 1698/36/519 
f 1698/36/520 1729/35/520 1707/30/520 
f 1704/26/16 1730/190/16 1705/191/16 
f 1705/191/16 1701/23/16 1704/26/16 
f 1712/32/519 1702/31/519 1706/34/519 
f 1706/34/520 1731/33/520 1712/32/520 
f 1704/26/521 1703/25/521 1719/192/521 
f 1719/192/521 1730/193/521 1704/26/521 
f 1717/14/522 1685/13/522 1732/12/522 
f 1732/12/523 1733/11/523 1717/14/523 
f 1732/194/372 1685/5/372 1686/6/372 
f 1686/6/372 1734/195/372 1732/194/372 
f 1715/14/322 1700/13/322 1735/12/322 
f 1735/12/319 1736/11/319 1715/14/319 
f 1700/22/315 1696/18/315 1721/196/315 
f 1721/196/429 1735/197/429 1700/22/429 
f 1737/1/1 1738/2/1 1739/3/1 
f 1739/3/1 1740/4/1 1737/1/1 
f 1741/5/2 1737/1/2 1740/4/2 
f 1740/4/2 1742/6/2 1741/5/2 
f 1743/7/1 1744/8/1 1745/9/1 
f 1745/9/1 1746/10/1 1743/7/1 
f 1747/11/378 1743/12/378 1746/13/378 
f 1746/13/378 1748/14/378 1747/11/378 
f 1745/9/2 1737/1/2 1741/5/2 
f 1741/5/2 1749/15/2 1745/9/2 
f 1750/16/2 1746/10/2 1751/17/2 
f 1751/17/2 1752/18/2 1750/16/2 
f 1753/19/1 1754/20/1 1750/16/1 
f 1750/16/1 1755/21/1 1753/19/1 
f 1746/10/2 1745/9/2 1749/15/2 
f 1749/15/2 1751/17/2 1746/10/2 
f 1755/21/2 1750/16/2 1752/18/2 
f 1752/18/2 1756/22/2 1755/21/2 
f 1757/23/2 1758/24/2 1759/25/2 
f 1759/25/2 1760/26/2 1757/23/2 
f 1758/24/2 1755/21/2 1756/22/2 
f 1756/22/2 1759/25/2 1758/24/2 
f 1761/27/1 1762/28/1 1758/24/1 
f 1758/24/1 1757/23/1 1761/27/1 
f 1748/14/4 1746/13/4 1750/29/4 
f 1750/29/2 1763/30/2 1748/14/2 
f 1764/14/2 1737/13/2 1745/29/2 
f 1745/29/2 1765/30/2 1764/14/2 
f 1766/11/3 1738/12/3 1737/13/3 
f 1737/13/3 1764/14/3 1766/11/3 
f 1767/14/4 1755/13/4 1758/31/4 
f 1758/31/2 1768/32/2 1767/14/2 
f 1769/11/3 1753/12/3 1755/13/3 
f 1755/13/3 1767/14/3 1769/11/3 
f 1770/32/2 1759/31/2 1756/13/2 
f 1756/13/2 1771/14/2 1770/32/2 
f 1772/30/4 1749/29/4 1741/13/4 
f 1741/13/2 1773/14/2 1772/30/2 
f 1774/33/7 1775/34/7 1759/31/7 
f 1759/31/7 1770/32/7 1774/33/7 
f 1776/35/7 1777/36/7 1752/29/7 
f 1752/29/7 1778/30/7 1776/35/7 
f 1778/30/2 1752/29/2 1751/13/2 
f 1751/13/2 1779/14/2 1778/30/2 
f 1780/35/7 1781/36/7 1749/29/7 
f 1749/29/7 1772/30/7 1780/35/7 
f 1765/30/379 1745/29/379 1744/36/379 
f 1744/36/379 1782/35/379 1765/30/379 
f 1779/14/250 1751/13/250 1783/12/250 
f 1783/12/250 1784/11/250 1779/14/250 
f 1751/17/248 1749/15/248 1781/188/248 
f 1781/188/248 1783/189/248 1751/17/248 
f 1763/30/249 1750/29/249 1754/36/249 
f 1754/36/379 1785/35/379 1763/30/379 
f 1760/26/16 1786/190/16 1761/191/16 
f 1761/191/16 1757/23/16 1760/26/16 
f 1768/32/249 1758/31/249 1762/34/249 
f 1762/34/379 1787/33/379 1768/32/379 
f 1760/26/248 1759/25/248 1775/192/248 
f 1775/192/248 1786/193/248 1760/26/248 
f 1773/14/250 1741/13/250 1788/12/250 
f 1788/12/250 1789/11/250 1773/14/250 
f 1788/194/248 1741/5/248 1742/6/248 
f 1742/6/248 1790/195/248 1788/194/248 
f 1771/14/250 1756/13/250 1791/12/250 
f 1791/12/250 1792/11/250 1771/14/250 
f 1756/22/248 1752/18/248 1777/196/248 
f 1777/196/248 1791/197/248 1756/22/248 
f 1793/1/248 1794/2/248 1795/3/248 
f 1795/3/248 1796/4/248 1793/1/248 
f 1797/5/251 1793/1/251 1796/4/251 
f 1796/4/251 1798/6/251 1797/5/251 
f 1799/7/248 1800/8/248 1801/9/248 
f 1801/9/248 1802/10/248 1799/7/248 
f 1803/11/247 1799/12/247 1802/13/247 
f 1802/13/250 1804/14/250 1803/11/250 
f 1801/9/251 1793/1/251 1797/5/251 
f 1797/5/251 1805/15/251 1801/9/251 
f 1806/16/251 1802/10/251 1807/17/251 
f 1807/17/251 1808/18/251 1806/16/251 
f 1809/19/248 1810/20/248 1806/16/248 
f 1806/16/248 1811/21/248 1809/19/248 
f 1802/10/251 1801/9/251 1805/15/251 
f 1805/15/251 1807/17/251 1802/10/251 
f 1811/21/251 1806/16/251 1808/18/251 
f 1808/18/251 1812/22/251 1811/21/251 
f 1813/23/251 1814/24/251 1815/25/251 
f 1815/25/251 1816/26/251 1813/23/251 
f 1814/24/251 1811/21/251 1812/22/251 
f 1812/22/251 1815/25/251 1814/24/251 
f 1817/27/248 1818/28/248 1814/24/248 
f 1814/24/248 1813/23/248 1817/27/248 
f 1804/14/251 1802/13/251 1806/29/251 
f 1806/29/252 1819/30/252 1804/14/252 
f 1820/14/251 1793/13/251 1801/29/251 
f 1801/29/251 1821/30/251 1820/14/251 
f 1822/11/250 1794/12/250 1793/13/250 
f 1793/13/250 1820/14/250 1822/11/250 
f 1823/14/252 1811/13/252 1814/31/252 
f 1814/31/251 1824/32/251 1823/14/251 
f 1825/11/250 1809/12/250 1811/13/250 
f 1811/13/250 1823/14/250 1825/11/250 
f 1826/32/252 1815/31/252 1812/13/252 
f 1812/13/251 1827/14/251 1826/32/251 
f 1828/30/252 1805/29/252 1797/13/252 
f 1797/13/251 1829/14/251 1828/30/251 
f 1830/33/379 1831/34/379 1815/31/379 
f 1815/31/379 1826/32/379 1830/33/379 
f 1832/35/379 1833/36/379 1808/29/379 
f 1808/29/379 1834/30/379 1832/35/379 
f 1834/30/251 1808/29/251 1807/13/251 
f 1807/13/252 1835/14/252 1834/30/252 
f 1836/35/379 1837/36/379 1805/29/379 
f 1805/29/379 1828/30/379 1836/35/379 
f 1821/30/7 1801/29/7 1800/36/7 
f 1800/36/7 1838/35/7 1821/30/7 
f 1835/14/378 1807/13/378 1839/12/378 
f 1839/12/378 1840/11/378 1835/14/378 
f 1807/17/1 1805/15/1 1837/188/1 
f 1837/188/1 1839/189/1 1807/17/1 
f 1819/30/7 1806/29/7 1810/36/7 
f 1810/36/7 1841/35/7 1819/30/7 
f 1816/26/16 1842/190/16 1817/191/16 
f 1817/191/16 1813/23/16 1816/26/16 
f 1824/32/7 1814/31/7 1818/34/7 
f 1818/34/7 1843/33/7 1824/32/7 
f 1816/26/1 1815/25/1 1831/192/1 
f 1831/192/1 1842/193/1 1816/26/1 
f 1829/14/3 1797/13/3 1844/12/3 
f 1844/12/3 1845/11/3 1829/14/3 
f 1844/194/1 1797/5/1 1798/6/1 
f 1798/6/1 1846/195/1 1844/194/1 
f 1827/14/3 1812/13/3 1847/12/3 
f 1847/12/3 1848/11/3 1827/14/3 
f 1812/22/1 1808/18/1 1833/196/1 
f 1833/196/1 1847/197/1 1812/22/1 
f 1849/1/257 1850/2/257 1851/3/257 
f 1851/3/257 1852/4/257 1849/1/257 
f 1853/5/381 1849/1/381 1852/4/381 
f 1852/4/381 1854/6/381 1853/5/381 
f 1855/7/382 1856/8/382 1857/9/382 
f 1857/9/382 1858/10/382 1855/7/382 
f 1859/11/314 1855/12/314 1858/13/314 
f 1858/13/524 1860/14/524 1859/11/524 
f 1857/9/381 1849/1/381 1853/5/381 
f 1853/5/381 1861/15/381 1857/9/381 
f 1862/16/381 1858/10/381 1863/17/381 
f 1863/17/381 1864/18/381 1862/16/381 
f 1865/19/487 1866/20/487 1862/16/487 
f 1862/16/487 1867/21/487 1865/19/487 
f 1858/10/381 1857/9/381 1861/15/381 
f 1861/15/381 1863/17/381 1858/10/381 
f 1867/21/381 1862/16/381 1864/18/381 
f 1864/18/381 1868/22/381 1867/21/381 
f 1869/23/381 1870/24/381 1871/25/381 
f 1871/25/381 1872/26/381 1869/23/381 
f 1870/24/381 1867/21/381 1868/22/381 
f 1868/22/381 1871/25/381 1870/24/381 
f 1873/27/487 1874/28/487 1870/24/487 
f 1870/24/525 1869/23/525 1873/27/525 
f 1860/14/389 1858/13/389 1862/29/389 
f 1862/29/389 1875/30/389 1860/14/389 
f 1876/14/389 1849/13/389 1857/29/389 
f 1857/29/389 1877/30/389 1876/14/389 
f 1878/11/426 1850/12/426 1849/13/426 
f 1849/13/265 1876/14/265 1878/11/265 
f 1879/14/389 1867/13/389 1870/31/389 
f 1870/31/389 1880/32/389 1879/14/389 
f 1881/11/466 1865/12/466 1867/13/466 
f 1867/13/392 1879/14/392 1881/11/392 
f 1882/32/381 1871/31/381 1868/13/381 
f 1868/13/381 1883/14/381 1882/32/381 
f 1884/30/381 1861/29/381 1853/13/381 
f 1853/13/381 1885/14/381 1884/30/381 
f 1886/33/526 1887/34/526 1871/31/526 
f 1871/31/527 1882/32/527 1886/33/527 
f 1888/35/308 1889/36/308 1864/29/308 
f 1864/29/470 1890/30/470 1888/35/470 
f 1890/30/381 1864/29/381 1863/13/381 
f 1863/13/381 1891/14/381 1890/30/381 
f 1892/35/308 1893/36/308 1861/29/308 
f 1861/29/470 1884/30/470 1892/35/470 
f 1877/30/528 1857/29/528 1856/36/528 
f 1856/36/472 1894/35/472 1877/30/472 
f 1891/14/295 1863/13/295 1895/12/295 
f 1895/12/529 1896/11/529 1891/14/529 
f 1863/17/292 1861/15/292 1893/188/292 
f 1893/188/292 1895/189/292 1863/17/292 
f 1875/30/530 1862/29/530 1866/36/530 
f 1866/36/278 1897/35/278 1875/30/278 
f 1872/26/16 1898/190/16 1873/191/16 
f 1873/191/16 1869/23/16 1872/26/16 
f 1880/32/530 1870/31/530 1874/34/530 
f 1874/34/531 1899/33/531 1880/32/531 
f 1872/26/410 1871/25/410 1887/192/410 
f 1887/192/287 1898/193/287 1872/26/287 
f 1885/14/281 1853/13/281 1900/12/281 
f 1900/12/532 1901/11/532 1885/14/532 
f 1900/194/533 1853/5/533 1854/6/533 
f 1854/6/533 1902/195/533 1900/194/533 
f 1883/14/534 1868/13/534 1903/12/534 
f 1903/12/535 1904/11/535 1883/14/535 
f 1868/22/292 1864/18/292 1889/196/292 
f 1889/196/292 1903/197/292 1868/22/292 
f 1905/1/287 1906/2/287 1907/3/287 
f 1907/3/410 1908/4/410 1905/1/410 
f 1909/5/476 1905/1/476 1908/4/476 
f 1908/4/476 1910/6/476 1909/5/476 
f 1911/7/536 1912/8/536 1913/9/536 
f 1913/9/537 1914/10/537 1911/7/537 
f 1915/11/275 1911/12/275 1914/13/275 
f 1914/13/538 1916/14/538 1915/11/538 
f 1913/9/476 1905/1/476 1909/5/476 
f 1909/5/476 1917/15/476 1913/9/476 
f 1918/16/476 1914/10/476 1919/17/476 
f 1919/17/476 1920/18/476 1918/16/476 
f 1921/19/407 1922/20/407 1918/16/407 
f 1918/16/283 1923/21/283 1921/19/283 
f 1914/10/476 1913/9/476 1917/15/476 
f 1917/15/476 1919/17/476 1914/10/476 
f 1923/21/476 1918/16/476 1920/18/476 
f 1920/18/476 1924/22/476 1923/21/476 
f 1925/23/476 1926/24/476 1927/25/476 
f 1927/25/476 1928/26/476 1925/23/476 
f 1926/24/476 1923/21/476 1924/22/476 
f 1924/22/476 1927/25/476 1926/24/476 
f 1929/27/539 1930/28/539 1926/24/539 
f 1926/24/539 1925/23/539 1929/27/539 
f 1916/14/294 1914/13/294 1918/29/294 
f 1918/29/294 1931/30/294 1916/14/294 
f 1932/14/294 1905/13/294 1913/29/294 
f 1913/29/294 1933/30/294 1932/14/294 
f 1934/11/295 1906/12/295 1905/13/295 
f 1905/13/540 1932/14/540 1934/11/540 
f 1935/14/294 1923/13/294 1926/31/294 
f 1926/31/294 1936/32/294 1935/14/294 
f 1937/11/406 1921/12/406 1923/13/406 
f 1923/13/479 1935/14/479 1937/11/479 
f 1938/32/298 1927/31/298 1924/13/298 
f 1924/13/298 1939/14/298 1938/32/298 
f 1940/30/298 1917/29/298 1909/13/298 
f 1909/13/298 1941/14/298 1940/30/298 
f 1942/33/299 1943/34/299 1927/31/299 
f 1927/31/472 1938/32/472 1942/33/472 
f 1944/35/541 1945/36/541 1920/29/541 
f 1920/29/542 1946/30/542 1944/35/542 
f 1946/30/298 1920/29/298 1919/13/298 
f 1919/13/298 1947/14/298 1946/30/298 
f 1948/35/541 1949/36/541 1917/29/541 
f 1917/29/542 1940/30/542 1948/35/542 
f 1933/30/269 1913/29/269 1912/36/269 
f 1912/36/543 1950/35/543 1933/30/543 
f 1947/14/492 1919/13/492 1951/12/492 
f 1951/12/544 1952/11/544 1947/14/544 
f 1919/17/545 1917/15/545 1949/188/545 
f 1949/188/545 1951/189/545 1919/17/545 
f 1931/30/488 1918/29/488 1922/36/488 
f 1922/36/485 1953/35/485 1931/30/485 
f 1928/26/16 1954/190/16 1929/191/16 
f 1929/191/16 1925/23/16 1928/26/16 
f 1936/32/488 1926/31/488 1930/34/488 
f 1930/34/485 1955/33/485 1936/32/485 
f 1928/26/382 1927/25/382 1943/192/382 
f 1943/192/382 1954/193/382 1928/26/382 
f 1941/14/258 1909/13/258 1956/12/258 
f 1956/12/492 1957/11/492 1941/14/492 
f 1956/194/256 1909/5/256 1910/6/256 
f 1910/6/256 1958/195/256 1956/194/256 
f 1939/14/492 1924/13/492 1959/12/492 
f 1959/12/544 1960/11/544 1939/14/544 
f 1924/22/545 1920/18/545 1945/196/545 
f 1945/196/545 1959/197/545 1924/22/545 
f 1961/1/320 1962/2/320 1963/3/320 
f 1963/3/435 1964/4/435 1961/1/435 
f 1965/5/431 1961/1/431 1964/4/431 
f 1964/4/431 1966/6/431 1965/5/431 
f 1967/7/432 1968/8/432 1969/9/432 
f 1969/9/432 1970/10/432 1967/7/432 
f 1971/11/433 1967/12/433 1970/13/433 
f 1970/13/318 1972/14/318 1971/11/318 
f 1969/9/431 1961/1/431 1965/5/431 
f 1965/5/431 1973/15/431 1969/9/431 
f 1974/16/431 1970/10/431 1975/17/431 
f 1975/17/431 1976/18/431 1974/16/431 
f 1977/19/377 1978/20/377 1974/16/377 
f 1974/16/465 1979/21/465 1977/19/465 
f 1970/10/431 1969/9/431 1973/15/431 
f 1973/15/431 1975/17/431 1970/10/431 
f 1979/21/431 1974/16/431 1976/18/431 
f 1976/18/431 1980/22/431 1979/21/431 
f 1981/23/431 1982/24/431 1983/25/431 
f 1983/25/431 1984/26/431 1981/23/431 
f 1982/24/431 1979/21/431 1980/22/431 
f 1980/22/431 1983/25/431 1982/24/431 
f 1985/27/377 1986/28/377 1982/24/377 
f 1982/24/546 1981/23/546 1985/27/546 
f 1972/14/326 1970/13/326 1974/29/326 
f 1974/29/326 1987/30/326 1972/14/326 
f 1988/14/326 1961/13/326 1969/29/326 
f 1969/29/326 1989/30/326 1988/14/326 
f 1990/11/547 1962/12/547 1961/13/547 
f 1961/13/548 1988/14/548 1990/11/548 
f 1991/14/326 1979/13/326 1982/31/326 
f 1982/31/326 1992/32/326 1991/14/326 
f 1993/11/549 1977/12/549 1979/13/549 
f 1979/13/550 1991/14/550 1993/11/550 
f 1994/32/439 1983/31/439 1980/13/439 
f 1980/13/439 1995/14/439 1994/32/439 
f 1996/30/439 1973/29/439 1965/13/439 
f 1965/13/439 1997/14/439 1996/30/439 
f 1998/33/551 1999/34/551 1983/31/551 
f 1983/31/552 1994/32/552 1998/33/552 
f 2000/35/553 2001/36/553 1976/29/553 
f 1976/29/518 2002/30/518 2000/35/518 
f 2002/30/439 1976/29/439 1975/13/439 
f 1975/13/439 2003/14/439 2002/30/439 
f 2004/35/553 2005/36/553 1973/29/553 
f 1973/29/518 1996/30/518 2004/35/518 
f 1989/30/502 1969/29/502 1968/36/502 
f 1968/36/502 2006/35/502 1989/30/502 
f 2003/14/359 1975/13/359 2007/12/359 
f 2007/12/511 2008/11/511 2003/14/511 
f 1975/17/554 1973/15/554 2005/188/554 
f 2005/188/347 2007/189/347 1975/17/347 
f 1987/30/455 1974/29/455 1978/36/455 
f 1978/36/506 2009/35/506 1987/30/506 
f 1984/26/16 2010/190/16 1985/191/16 
f 1985/191/16 1981/23/16 1984/26/16 
f 1992/32/555 1982/31/555 1986/34/555 
f 1986/34/506 2011/33/506 1992/32/506 
f 1984/26/556 1983/25/556 1999/192/556 
f 1999/192/556 2010/193/556 1984/26/556 
f 1997/14/345 1965/13/345 2012/12/345 
f 2012/12/557 2013/11/557 1997/14/557 
f 2012/194/353 1965/5/353 1966/6/353 
f 1966/6/353 2014/195/353 2012/194/353 
f 1995/14/336 1980/13/336 2015/12/336 
f 2015/12/509 2016/11/509 1995/14/509 
f 1980/22/347 1976/18/347 2001/196/347 
f 2001/196/554 2015/197/554 1980/22/554 
f 2017/1/554 2018/2/554 2019/3/554 
f 2019/3/554 2020/4/554 2017/1/554 
f 2021/5/349 2017/1/349 2020/4/349 
f 2020/4/349 2022/6/349 2021/5/349 
f 2023/7/554 2024/8/554 2025/9/554 
f 2025/9/510 2026/10/510 2023/7/510 
f 2027/11/336 2023/12/336 2026/13/336 
f 2026/13/558 2028/14/558 2027/11/558 
f 2025/9/349 2017/1/349 2021/5/349 
f 2021/5/349 2029/15/349 2025/9/349 
f 2030/16/349 2026/10/349 2031/17/349 
f 2031/17/349 2032/18/349 2030/16/349 
f 2033/19/343 2034/20/343 2030/16/343 
f 2030/16/343 2035/21/343 2033/19/343 
f 2026/10/349 2025/9/349 2029/15/349 
f 2029/15/349 2031/17/349 2026/10/349 
f 2035/21/349 2030/16/349 2032/18/349 
f 2032/18/349 2036/22/349 2035/21/349 
f 2037/23/349 2038/24/349 2039/25/349 
f 2039/25/349 2040/26/349 2037/23/349 
f 2038/24/349 2035/21/349 2036/22/349 
f 2036/22/349 2039/25/349 2038/24/349 
f 2041/27/343 2042/28/343 2038/24/343 
f 2038/24/337 2037/23/337 2041/27/337 
f 2028/14/355 2026/13/355 2030/29/355 
f 2030/29/355 2043/30/355 2028/14/355 
f 2044/14/355 2017/13/355 2025/29/355 
f 2025/29/355 2045/30/355 2044/14/355 
f 2046/11/559 2018/12/559 2017/13/559 
f 2017/13/509 2044/14/509 2046/11/509 
f 2047/14/355 2035/13/355 2038/31/355 
f 2038/31/355 2048/32/355 2047/14/355 
f 2049/11/335 2033/12/335 2035/13/335 
f 2035/13/504 2047/14/504 2049/11/504 
f 2050/32/356 2039/31/356 2036/13/356 
f 2036/13/356 2051/14/356 2050/32/356 
f 2052/30/356 2029/29/356 2021/13/356 
f 2021/13/356 2053/14/356 2052/30/356 
f 2054/33/506 2055/34/506 2039/31/506 
f 2039/31/560 2050/32/560 2054/33/560 
f 2056/35/561 2057/36/561 2032/29/561 
f 2032/29/562 2058/30/562 2056/35/562 
f 2058/30/356 2032/29/356 2031/13/356 
f 2031/13/356 2059/14/356 2058/30/356 
f 2060/35/561 2061/36/561 2029/29/561 
f 2029/29/563 2052/30/563 2060/35/563 
f 2045/30/332 2025/29/332 2024/36/332 
f 2024/36/564 2062/35/564 2045/30/564 
f 2059/14/436 2031/13/436 2063/12/436 
f 2063/12/565 2064/11/565 2059/14/565 
f 2031/17/432 2029/15/432 2061/188/432 
f 2061/188/430 2063/189/430 2031/17/430 
f 2043/30/327 2030/29/327 2034/36/327 
f 2034/36/566 2065/35/566 2043/30/566 
f 2040/26/16 2066/190/16 2041/191/16 
f 2041/191/15 2037/23/15 2040/26/15 
f 2048/32/331 2038/31/331 2042/34/331 
f 2042/34/566 2067/33/566 2048/32/566 
f 2040/26/567 2039/25/567 2055/192/567 
f 2055/192/521 2066/193/521 2040/26/521 
f 2053/14/568 2021/13/568 2068/12/568 
f 2068/12/547 2069/11/547 2053/14/547 
f 2068/194/569 2021/5/569 2022/6/569 
f 2022/6/569 2070/195/569 2068/194/569 
f 2051/14/436 2036/13/436 2071/12/436 
f 2071/12/565 2072/11/565 2051/14/565 
f 2036/22/430 2032/18/430 2057/196/430 
f 2057/196/432 2071/197/432 2036/22/432 
f 2073/198/570 2074/199/570 2075/200/571 
f 2075/200/571 2076/201/571 2073/198/570 
f 2077/202/572 2078/203/572 2079/204/573 
f 2079/204/573 2080/205/573 2077/202/572 
f 2081/206/574 2082/207/574 2083/208/251 
f 2083/208/251 2084/209/251 2081/206/574 
f 2084/209/251 2083/208/251 2074/199/570 
f 2074/199/570 2073/198/570 2084/209/251 
f 2085/210/575 2086/211/575 2078/212/576 
f 2078/212/576 2077/213/576 2085/210/575 
f 2087/214/577 2088/215/577 2082/207/574 
f 2082/207/574 2081/206/574 2087/214/577 
f 2089/216/578 2090/217/578 2086/211/575 
f 2086/211/575 2085/210/575 2089/216/578 
f 2091/218/579 2092/219/579 2088/215/577 
f 2088/215/577 2087/214/577 2091/218/579 
f 2093/220/580 2094/221/580 2090/217/578 
f 2090/217/578 2089/216/578 2093/220/580 
f 2095/222/248 2096/223/248 2092/219/579 
f 2092/219/579 2091/218/579 2095/222/248 
f 2097/224/1 2098/225/1 2094/221/580 
f 2094/221/580 2093/220/580 2097/224/1 
f 2099/226/581 2100/227/581 2096/223/248 
f 2096/223/248 2095/222/248 2099/226/581 
f 2101/228/582 2102/229/582 2098/225/1 
f 2098/225/1 2097/224/1 2101/228/582 
f 2103/230/583 2104/231/583 2100/227/581 
f 2100/227/581 2099/226/581 2103/230/583 
f 2076/201/571 2075/200/571 2102/229/582 
f 2102/229/582 2101/228/582 2076/201/571 
f 2080/205/573 2079/204/573 2104/231/583 
f 2104/231/583 2103/230/583 2080/205/573 
f 2076/232/16 2101/233/16 2105/234/16 
f 2080/235/16 2103/236/16 2105/234/16 
f 2073/237/16 2076/232/16 2105/234/16 
f 2077/238/16 2080/235/16 2105/234/16 
f 2081/239/16 2084/240/16 2105/234/16 
f 2084/240/16 2073/237/16 2105/234/16 
f 2085/241/16 2077/238/16 2105/234/16 
f 2087/242/15 2081/239/15 2105/234/15 
f 2089/243/16 2085/241/16 2105/234/16 
f 2091/244/15 2087/242/15 2105/234/15 
f 2093/245/15 2089/243/15 2105/234/15 
f 2095/246/16 2091/244/16 2105/234/16 
f 2097/247/16 2093/245/16 2105/234/16 
f 2099/248/15 2095/246/15 2105/234/15 
f 2101/233/16 2097/247/16 2105/234/16 
f 2103/236/16 2099/248/16 2105/234/16 
f 2106/249/1 2107/250/1 2108/251/1 
f 2108/251/1 2109/252/1 2106/249/1 
f 2110/253/248 2111/250/248 2112/249/248 
f 2112/249/248 2113/254/248 2110/253/248 
f 2113/255/2 2112/256/2 2107/257/2 
f 2107/257/2 2106/258/2 2113/255/2 
f 2111/259/16 2108/260/16 2107/257/16 
f 2107/257/16 2112/256/16 2111/259/16 
f 2109/261/29 2110/262/29 2113/255/29 
f 2113/255/29 2106/258/29 2109/261/29 
f 2114/263/2 2115/264/2 2116/265/2 
f 2117/266/4 2115/264/4 2114/263/4 
f 2117/266/2 2118/267/2 2115/264/2 
f 2119/268/2 2118/267/2 2117/266/2 
f 2119/268/2 2120/269/2 2118/267/2 
f 2119/268/2 2121/270/2 2120/269/2 
f 2122/271/4 2123/272/4 2119/268/4 
f 2123/272/2 2124/273/2 2119/268/2 
f 2124/273/2 2125/274/2 2119/268/2 
f 2125/274/2 2126/275/2 2119/268/2 
f 2126/275/2 2127/276/2 2119/268/2 
f 2127/276/4 2128/277/4 2119/268/4 
f 2128/277/2 2129/278/2 2119/268/2 
f 2129/278/2 2121/270/2 2119/268/2 
f 2130/279/2 2121/270/2 2129/278/2 
f 2130/279/2 2131/280/2 2121/270/2 
f 2132/281/584 2131/280/584 2130/279/584 
f 2122/271/585 2133/282/585 2123/272/585 
f 2134/283/2 2131/280/2 2132/281/2 
f 2122/271/2 2135/284/2 2133/282/2 
f 2122/271/2 2136/285/2 2135/284/2 
f 2122/271/2 2137/286/2 2136/285/2 
f 2122/271/2 2138/287/2 2137/286/2 
f 2122/271/2 2139/288/2 2138/287/2 
f 2122/271/2 2140/289/2 2139/288/2 
f 2141/290/4 2140/289/4 2122/271/4 
f 2141/290/4 2142/291/4 2140/289/4 
f 2141/290/2 2143/292/2 2142/291/2 
f 2144/293/4 2131/280/4 2134/283/4 
f 2141/290/2 2145/294/2 2143/292/2 
f 2141/290/2 2146/295/2 2145/294/2 
f 2147/296/4 2146/295/4 2141/290/4 
f 2147/296/2 2148/297/2 2146/295/2 
f 2147/296/2 2149/298/2 2148/297/2 
f 2147/296/2 2150/299/2 2149/298/2 
f 2151/300/2 2150/299/2 2147/296/2 
f 2151/300/4 2152/301/4 2150/299/4 
f 2151/300/2 2153/302/2 2152/301/2 
f 2154/303/2 2153/302/2 2151/300/2 
f 2154/303/2 2155/304/2 2153/302/2 
f 2144/293/2 2156/305/2 2131/280/2 
f 2157/306/2 2156/305/2 2144/293/2 
f 2158/307/2 2156/305/2 2157/306/2 
f 2159/308/4 2160/309/4 2161/310/4 
f 2158/307/2 2162/311/2 2156/305/2 
f 2159/308/2 2163/312/2 2160/309/2 
f 2164/313/2 2163/312/2 2159/308/2 
f 2164/313/2 2165/314/2 2163/312/2 
f 2166/315/2 2162/311/2 2158/307/2 
f 2167/316/4 2165/314/4 2164/313/4 
f 2167/316/2 2168/317/2 2165/314/2 
f 2167/316/4 2169/318/4 2168/317/4 
f 2170/319/2 2169/318/2 2167/316/2 
f 2170/319/2 2171/320/2 2169/318/2 
f 2172/321/4 2171/320/4 2170/319/4 
f 2172/321/2 2173/322/2 2171/320/2 
f 2166/315/4 2174/323/4 2162/311/4 
f 2172/321/4 2175/324/4 2173/322/4 
f 2176/325/2 2174/323/2 2166/315/2 
f 2172/321/2 2177/326/2 2175/324/2 
f 2172/321/2 2178/327/2 2177/326/2 
f 2172/321/2 2179/328/2 2178/327/2 
f 2180/329/2 2179/328/2 2172/321/2 
f 2181/330/4 2179/328/4 2180/329/4 
f 2181/330/2 2182/331/2 2179/328/2 
f 2183/332/2 2182/331/2 2181/330/2 
f 2184/333/2 2182/331/2 2183/332/2 
f 2184/333/4 2185/334/4 2182/331/4 
f 2185/334/2 2186/335/2 2182/331/2 
f 2186/335/2 2187/336/2 2182/331/2 
f 2187/336/2 2188/337/2 2182/331/2 
f 2184/333/4 2189/338/4 2185/334/4 
f 2184/333/2 2190/339/2 2189/338/2 
f 2184/333/2 2191/340/2 2190/339/2 
f 2192/341/4 2193/342/4 2184/333/4 
f 2193/342/2 2191/340/2 2184/333/2 
f 2193/342/2 2194/343/2 2191/340/2 
f 2192/341/2 2195/344/2 2193/342/2 
f 2196/345/2 2194/343/2 2193/342/2 
f 2197/346/4 2188/337/4 2187/336/4 
f 2192/341/2 2198/347/2 2195/344/2 
f 2199/348/2 2198/347/2 2192/341/2 
f 2200/349/2 2188/337/2 2197/346/2 
f 2199/348/2 2201/350/2 2198/347/2 
f 2202/351/2 2201/350/2 2199/348/2 
f 2203/352/2 2188/337/2 2200/349/2 
f 2202/351/2 2204/353/2 2201/350/2 
f 2205/354/2 2204/353/2 2202/351/2 
f 2203/352/2 2206/355/2 2188/337/2 
f 2176/325/2 2207/356/2 2174/323/2 
f 2208/357/2 2207/356/2 2176/325/2 
f 2209/358/2 2204/353/2 2205/354/2 
f 2210/359/4 2206/355/4 2203/352/4 
f 2209/358/2 2211/360/2 2204/353/2 
f 2210/359/2 2212/361/2 2206/355/2 
f 2213/362/2 2212/361/2 2210/359/2 
f 2214/363/2 2211/360/2 2209/358/2 
f 2215/364/2 2212/361/2 2213/362/2 
f 2214/363/2 2216/365/2 2211/360/2 
f 2215/364/2 2217/366/2 2212/361/2 
f 2218/367/2 2217/366/2 2215/364/2 
f 2219/368/2 2216/365/2 2214/363/2 
f 2220/369/4 2217/366/4 2218/367/4 
f 2219/368/2 2221/370/2 2216/365/2 
f 2222/371/2 2217/366/2 2220/369/2 
f 2222/371/2 2223/372/2 2217/366/2 
f 2224/373/2 2223/372/2 2222/371/2 
f 2225/374/2 2221/370/2 2219/368/2 
f 2225/374/2 2226/375/2 2221/370/2 
f 2227/376/2 2226/375/2 2225/374/2 
f 2227/376/4 2228/377/4 2226/375/4 
f 2229/378/4 2207/356/4 2208/357/4 
f 2227/376/4 2230/379/4 2228/377/4 
f 2231/380/2 2230/379/2 2227/376/2 
f 2229/378/2 2232/381/2 2207/356/2 
f 2231/380/2 2233/382/2 2230/379/2 
f 2231/380/4 2196/345/4 2233/382/4 
f 2234/383/4 2196/345/4 2231/380/4 
f 2234/383/2 2194/343/2 2196/345/2 
f 2235/384/2 2232/381/2 2229/378/2 
f 2234/383/2 2236/385/2 2194/343/2 
f 2237/386/2 2236/385/2 2234/383/2 
f 2237/386/4 2238/387/4 2236/385/4 
f 2239/388/2 2232/381/2 2235/384/2 
f 2237/386/2 2240/389/2 2238/387/2 
f 2237/386/2 2239/388/2 2240/389/2 
f 2237/386/4 2232/381/4 2239/388/4 
f 2237/386/2 2241/390/2 2232/381/2 
f 2242/391/2 2241/390/2 2237/386/2 
f 2243/392/2 2244/393/2 2242/391/2 
f 2244/393/2 2241/390/2 2242/391/2 
f 2244/393/2 2245/394/2 2241/390/2 
f 2243/392/2 2246/395/2 2244/393/2 
f 2247/396/2 2245/394/2 2244/393/2 
f 2248/397/2 2245/394/2 2247/396/2 
f 2243/392/2 2249/398/2 2246/395/2 
f 2250/399/4 2249/398/4 2243/392/4 
f 2251/400/2 2245/394/2 2248/397/2 
f 2250/399/2 2252/401/2 2249/398/2 
f 2250/399/2 2253/402/2 2252/401/2 
f 2254/403/2 2253/402/2 2250/399/2 
f 2254/403/2 2255/404/2 2253/402/2 
f 2254/403/2 2256/405/2 2255/404/2 
f 2257/406/2 2256/405/2 2254/403/2 
f 2257/406/2 2258/407/2 2256/405/2 
f 2259/408/2 2260/409/2 2261/410/2 
f 2259/408/4 2262/411/4 2260/409/4 
f 2259/408/2 2263/412/2 2262/411/2 
f 2259/408/2 2264/413/2 2263/412/2 
f 2265/414/4 2266/415/4 2267/416/4 
f 2268/417/2 2264/413/2 2259/408/2 
f 2268/417/2 2269/418/2 2264/413/2 
f 2265/414/2 2270/419/2 2266/415/2 
f 2271/420/2 2272/421/2 2265/414/2 
f 2272/421/2 2270/419/2 2265/414/2 
f 2268/417/2 2273/422/2 2269/418/2 
f 2271/420/2 2274/423/2 2272/421/2 
f 2275/424/2 2270/419/2 2272/421/2 
f 2276/425/4 2270/419/4 2275/424/4 
f 2268/417/2 2277/426/2 2273/422/2 
f 2276/425/2 2278/427/2 2270/419/2 
f 2271/420/2 2279/428/2 2274/423/2 
f 2280/429/2 2278/427/2 2276/425/2 
f 2281/430/4 2277/426/4 2268/417/4 
f 2282/431/2 2278/427/2 2280/429/2 
f 2281/430/2 2283/432/2 2277/426/2 
f 2271/420/2 2284/433/2 2279/428/2 
f 2285/434/2 2284/433/2 2271/420/2 
f 2282/431/4 2286/435/4 2278/427/4 
f 2285/434/4 2287/436/4 2284/433/4 
f 2288/437/2 2286/435/2 2282/431/2 
f 2281/430/4 2289/438/4 2283/432/4 
f 2285/434/2 2290/439/2 2287/436/2 
f 2291/440/2 2286/435/2 2288/437/2 
f 2281/430/2 2292/441/2 2289/438/2 
f 2281/430/4 2293/442/4 2292/441/4 
f 2294/443/2 2290/439/2 2285/434/2 
f 2281/430/4 2295/444/4 2293/442/4 
f 2296/445/2 2290/439/2 2294/443/2 
f 2297/446/2 2290/439/2 2296/445/2 
f 2281/430/2 2297/446/2 2295/444/2 
f 2281/430/2 2290/439/2 2297/446/2 
f 2298/447/4 2290/439/4 2281/430/4 
f 2299/448/2 2286/435/2 2291/440/2 
f 2298/447/2 2300/449/2 2290/439/2 
f 2301/450/2 2286/435/2 2299/448/2 
f 2302/451/4 2300/449/4 2298/447/4 
f 2301/450/2 2303/452/2 2286/435/2 
f 2300/449/4 2303/452/4 2301/450/4 
f 2302/451/2 2303/452/2 2300/449/2 
f 2304/453/2 2303/452/2 2302/451/2 
f 2305/454/2 2306/455/2 2304/453/2 
f 2306/455/2 2303/452/2 2304/453/2 
f 2306/455/2 2307/456/2 2303/452/2 
f 2307/456/2 2308/457/2 2303/452/2 
f 2308/457/2 2309/458/2 2303/452/2 
f 2305/454/2 2310/459/2 2306/455/2 
f 2311/460/4 2310/459/4 2305/454/4 
f 2311/460/2 2312/461/2 2310/459/2 
f 2313/462/2 2312/461/2 2311/460/2 
f 2313/462/2 2314/463/2 2312/461/2 
f 2315/464/2 2314/463/2 2313/462/2 
f 2316/465/2 2314/463/2 2315/464/2 
f 2317/466/2 2314/463/2 2316/465/2 
f 2318/467/2 2319/468/2 2320/469/2 
f 2318/467/2 2321/470/2 2319/468/2 
f 2318/467/2 2322/471/2 2321/470/2 
f 2323/472/2 2322/471/2 2318/467/2 
f 2323/472/2 2324/473/2 2322/471/2 
f 2325/474/2 2324/473/2 2323/472/2 
f 2326/475/2 2324/473/2 2325/474/2 
f 2326/475/2 2327/476/2 2324/473/2 
f 2328/477/2 2327/476/2 2326/475/2 
f 2329/478/2 2327/476/2 2328/477/2 
f 2330/479/2 2327/476/2 2329/478/2 
f 2330/479/2 2331/480/2 2327/476/2 
f 2332/481/2 2331/480/2 2330/479/2 
f 2332/481/4 2333/482/4 2331/480/4 
f 2332/481/2 2334/483/2 2333/482/2 
f 2335/484/2 2334/483/2 2332/481/2 
f 2335/484/2 2336/485/2 2334/483/2 
f 2335/484/2 2337/486/2 2336/485/2 
f 2335/484/2 2338/487/2 2337/486/2 
f 2339/488/2 2340/489/2 2335/484/2 
f 2340/489/4 2341/490/4 2335/484/4 
f 2341/490/2 2342/491/2 2335/484/2 
f 2342/491/2 2338/487/2 2335/484/2 
f 2342/491/2 2343/492/2 2338/487/2 
f 2339/488/2 2344/493/2 2340/489/2 
f 2339/488/4 2345/494/4 2344/493/4 
f 2339/488/2 2346/495/2 2345/494/2 
f 2339/488/4 2347/496/4 2346/495/4 
f 2339/488/2 2348/497/2 2347/496/2 
f 2339/488/2 2349/498/2 2348/497/2 
f 2339/488/2 2350/499/2 2349/498/2 
f 2339/488/2 2351/500/2 2350/499/2 
f 2352/501/2 2351/500/2 2339/488/2 
f 2352/501/2 2353/502/2 2351/500/2 
f 2354/503/2 2353/502/2 2352/501/2 
f 2355/504/2 2353/502/2 2354/503/2 
f 2356/505/4 2353/502/4 2355/504/4 
f 2356/505/2 2357/506/2 2353/502/2 
f 2358/507/2 2357/506/2 2356/505/2 
f 2358/507/2 2359/508/2 2357/506/2 
f 2360/509/2 2359/508/2 2358/507/2 
f 2361/510/2 2359/508/2 2360/509/2 
f 2361/510/2 2362/511/2 2359/508/2 
f 2363/512/2 2362/511/2 2361/510/2 
f 2363/512/2 2364/513/2 2362/511/2 
f 2365/514/2 2364/513/2 2363/512/2 
f 2365/514/2 2366/515/2 2364/513/2 
f 2367/516/2 2368/517/2 2365/514/2 
f 2368/517/2 2369/518/2 2365/514/2 
f 2369/518/2 2366/515/2 2365/514/2 
f 2369/518/2 2370/519/2 2366/515/2 
f 2369/518/2 2371/520/2 2370/519/2 
f 2367/516/586 2372/521/586 2368/517/586 
f 2367/516/586 2373/522/586 2372/521/586 
f 2367/516/2 2374/523/2 2373/522/2 
f 2367/516/2 2375/524/2 2374/523/2 
f 2376/525/2 2375/524/2 2367/516/2 
f 2376/525/2 2377/526/2 2375/524/2 
f 2378/527/2 2379/528/2 2380/529/2 
f 2381/530/4 2379/528/4 2378/527/4 
f 2382/531/2 2379/528/2 2381/530/2 
f 2383/532/2 2379/528/2 2382/531/2 
f 2384/533/2 2377/526/2 2376/525/2 
f 2383/532/2 2385/534/2 2379/528/2 
f 2386/535/2 2385/534/2 2383/532/2 
f 2377/526/2 2385/534/2 2386/535/2 
f 2377/526/2 2387/536/2 2385/534/2 
f 2384/533/2 2387/536/2 2377/526/2 
f 2388/537/2 2387/536/2 2384/533/2 
f 2388/537/4 2389/538/4 2387/536/4 
f 2388/537/2 2390/539/2 2389/538/2 
f 2388/537/2 2391/540/2 2390/539/2 
f 2388/537/4 2392/541/4 2391/540/4 
f 2393/542/2 2392/541/2 2388/537/2 
f 2393/542/2 2394/543/2 2392/541/2 
f 2393/542/2 2395/544/2 2394/543/2 
f 2396/545/2 2397/546/2 2398/547/2 
f 2399/548/4 2397/546/4 2396/545/4 
f 2400/549/2 2397/546/2 2399/548/2 
f 2401/550/2 2397/546/2 2400/549/2 
f 2402/551/2 2397/546/2 2401/550/2 
f 2402/551/4 2403/552/4 2397/546/4 
f 2404/553/2 2403/552/2 2402/551/2 
f 2405/554/4 2406/555/4 2407/556/4 
f 2405/554/2 2408/557/2 2406/555/2 
f 2409/558/4 2403/552/4 2404/553/4 
f 2409/558/2 2410/559/2 2403/552/2 
f 2411/560/2 2412/561/2 2405/554/2 
f 2412/561/2 2413/562/2 2405/554/2 
f 2413/562/2 2408/557/2 2405/554/2 
f 2414/563/2 2410/559/2 2409/558/2 
f 2415/564/2 2408/557/2 2413/562/2 
f 2411/560/4 2416/565/4 2412/561/4 
f 2415/564/2 2417/566/2 2408/557/2 
f 2411/560/2 2418/567/2 2416/565/2 
f 2411/560/2 2419/568/2 2418/567/2 
f 2420/569/2 2419/568/2 2411/560/2 
f 2420/569/2 2421/570/2 2419/568/2 
f 2422/571/2 2417/566/2 2415/564/2 
f 2414/563/2 2423/572/2 2410/559/2 
f 2424/573/4 2423/572/4 2414/563/4 
f 2425/574/2 2423/572/2 2424/573/2 
f 2422/571/4 2426/575/4 2417/566/4 
f 2422/571/585 2427/576/585 2426/575/585 
f 2428/577/2 2423/572/2 2425/574/2 
f 2422/571/586 2428/577/586 2427/576/586 
f 2422/571/2 2423/572/2 2428/577/2 
f 2420/569/2 2429/578/2 2421/570/2 
f 2422/571/2 2430/579/2 2423/572/2 
f 2431/580/2 2429/578/2 2420/569/2 
f 2432/581/2 2430/579/2 2422/571/2 
f 2433/582/2 2429/578/2 2431/580/2 
f 2433/582/2 2434/583/2 2429/578/2 
f 2433/582/2 2435/584/2 2434/583/2 
f 2436/585/2 2435/584/2 2433/582/2 
f 2437/586/4 2438/587/4 2439/588/4 
f 2437/586/2 2440/589/2 2438/587/2 
f 2441/590/2 2440/589/2 2437/586/2 
f 2441/590/2 2442/591/2 2440/589/2 
f 2441/590/4 2443/592/4 2442/591/4 
f 2441/590/2 2444/593/2 2443/592/2 
f 2441/590/2 2445/594/2 2444/593/2 
f 2441/590/2 2446/595/2 2445/594/2 
f 2447/596/2 2448/597/2 2441/590/2 
f 2448/597/2 2449/598/2 2441/590/2 
f 2449/598/4 2446/595/4 2441/590/4 
f 2449/598/2 2450/599/2 2446/595/2 
f 2449/598/2 2451/600/2 2450/599/2 
f 2451/600/4 2452/601/4 2450/599/4 
f 2451/600/4 2453/602/4 2452/601/4 
f 2451/600/2 2454/603/2 2453/602/2 
f 2451/600/4 2455/604/4 2454/603/4 
f 2451/600/4 2456/605/4 2455/604/4 
f 2447/596/2 2457/606/2 2448/597/2 
f 2447/596/2 2458/607/2 2457/606/2 
f 2447/596/2 2459/608/2 2458/607/2 
f 2447/596/4 2460/609/4 2459/608/4 
f 2447/596/2 2461/610/2 2460/609/2 
f 2447/596/4 2462/610/4 2461/610/4 
f 2447/596/2 2463/611/2 2462/610/2 
f 2447/596/2 2464/612/2 2463/611/2 
f 2447/596/2 2465/613/2 2464/612/2 
f 2466/614/2 2465/613/2 2447/596/2 
f 2466/614/4 2467/615/4 2465/613/4 
f 2466/614/2 2468/616/2 2467/615/2 
f 2466/614/2 2469/326/2 2468/616/2 
f 2466/614/2 2470/617/2 2469/326/2 
f 2471/618/2 2470/617/2 2466/614/2 
f 2472/619/4 2470/617/4 2471/618/4 
f 2472/619/2 2473/620/2 2470/617/2 
f 2473/620/2 2474/621/2 2470/617/2 
f 2474/621/2 2475/622/2 2470/617/2 
f 2476/623/4 2477/624/4 2478/625/4 
f 2476/623/2 2479/626/2 2477/624/2 
f 2480/627/4 2479/626/4 2476/623/4 
f 2481/628/4 2475/622/4 2474/621/4 
f 2480/627/2 2482/629/2 2479/626/2 
f 2483/630/4 2484/631/4 2480/627/4 
f 2484/631/2 2485/632/2 2480/627/2 
f 2485/632/2 2482/629/2 2480/627/2 
f 2485/632/4 2486/633/4 2482/629/4 
f 2485/632/2 2487/634/2 2486/633/2 
f 2485/632/2 2488/635/2 2487/634/2 
f 2489/636/4 2475/622/4 2481/628/4 
f 2485/632/2 2490/637/2 2488/635/2 
f 2491/638/4 2490/637/4 2485/632/4 
f 2491/638/2 2492/639/2 2490/637/2 
f 2483/630/2 2493/640/2 2484/631/2 
f 2491/638/4 2494/641/4 2492/639/4 
f 2491/638/2 2495/642/2 2494/641/2 
f 2489/636/4 2496/643/4 2475/622/4 
f 2497/644/2 2495/642/2 2491/638/2 
f 2483/630/2 2498/645/2 2493/640/2 
f 2497/644/2 2499/646/2 2495/642/2 
f 2500/647/2 2499/646/2 2497/644/2 
f 2501/648/2 2498/645/2 2483/630/2 
f 2501/648/4 2502/649/4 2498/645/4 
f 2503/650/2 2496/643/2 2489/636/2 
f 2501/648/2 2504/651/2 2502/649/2 
f 2505/652/2 2496/643/2 2503/650/2 
f 2501/648/4 2505/652/4 2504/651/4 
f 2501/648/2 2496/643/2 2505/652/2 
f 2506/653/4 2496/643/4 2501/648/4 
f 2506/653/2 2507/654/2 2496/643/2 
f 2508/655/2 2507/654/2 2506/653/2 
f 2509/656/2 2510/657/2 2511/658/2 
f 2509/656/2 2512/659/2 2510/657/2 
f 2509/656/2 2513/660/2 2512/659/2 
f 2514/661/4 2513/660/4 2509/656/4 
f 2515/662/2 2516/663/2 2517/664/2 
f 2518/665/2 2516/663/2 2515/662/2 
f 2513/660/2 2516/663/2 2518/665/2 
f 2514/661/2 2519/666/2 2513/660/2 
f 2519/666/2 2516/663/2 2513/660/2 
f 2519/666/2 2520/667/2 2516/663/2 
f 2519/666/4 2521/668/4 2520/667/4 
f 2521/668/2 2522/669/2 2520/667/2 
f 2522/669/2 2523/670/2 2520/667/2 
f 2514/661/2 2524/671/2 2519/666/2 
f 2525/672/2 2521/668/2 2519/666/2 
f 2526/673/4 2521/668/4 2525/672/4 
f 2527/674/2 2521/668/2 2526/673/2 
f 2528/674/2 2521/668/2 2527/674/2 
f 2529/675/2 2521/668/2 2528/674/2 
f 2529/675/2 2530/676/2 2521/668/2 
f 2531/677/2 2523/670/2 2522/669/2 
f 2532/678/2 2524/671/2 2514/661/2 
f 2532/678/4 2533/679/4 2524/671/4 
f 2534/680/2 2523/670/2 2531/677/2 
f 2534/680/4 2535/681/4 2523/670/4 
f 2529/675/2 2536/682/2 2530/676/2 
f 2537/683/2 2536/682/2 2529/675/2 
f 2538/684/2 2535/681/2 2534/680/2 
f 2532/678/2 2539/685/2 2533/679/2 
f 2540/686/4 2536/682/4 2537/683/4 
f 2540/686/4 2541/687/4 2536/682/4 
f 2542/688/2 2539/685/2 2532/678/2 
f 2542/688/586 2543/689/586 2539/685/586 
f 2544/690/2 2541/687/2 2540/686/2 
f 2545/691/4 2535/681/4 2538/684/4 
f 2542/688/585 2546/692/585 2543/689/585 
f 2547/693/2 2541/687/2 2544/690/2 
f 2542/688/587 2548/694/587 2546/692/587 
f 2548/694/587 2541/687/587 2547/693/587 
f 2542/688/2 2541/687/2 2548/694/2 
f 2545/691/2 2549/695/2 2535/681/2 
f 2550/696/2 2541/687/2 2542/688/2 
f 2551/697/2 2549/695/2 2545/691/2 
f 2550/696/2 2552/698/2 2541/687/2 
f 2550/696/2 2553/699/2 2552/698/2 
f 2554/700/4 2553/699/4 2550/696/4 
f 2554/700/4 2555/701/4 2553/699/4 
f 2554/700/2 2551/697/2 2555/701/2 
f 2554/700/2 2549/695/2 2551/697/2 
f 2556/702/2 2549/695/2 2554/700/2 
f 2557/703/2 2549/695/2 2556/702/2 
f 2558/704/2 2549/695/2 2557/703/2 
f 2559/705/2 2549/695/2 2558/704/2 
f 2559/705/2 2560/706/2 2549/695/2 
f 2560/706/2 2561/707/2 2549/695/2 
f 2559/705/2 2562/708/2 2560/706/2 
f 2563/709/2 2561/707/2 2560/706/2 
f 2564/710/2 2562/708/2 2559/705/2 
f 2565/711/2 2561/707/2 2563/709/2 
f 2564/710/2 2566/712/2 2562/708/2 
f 2567/713/4 2566/712/4 2564/710/4 
f 2568/714/2 2569/715/2 2570/716/2 
f 2571/717/2 2569/715/2 2568/714/2 
f 2572/718/2 2569/715/2 2571/717/2 
f 2573/719/2 2569/715/2 2572/718/2 
f 2573/719/4 2574/720/4 2569/715/4 
f 2573/719/2 2575/721/2 2574/720/2 
f 2573/719/2 2576/722/2 2575/721/2 
f 2577/723/2 2576/722/2 2573/719/2 
f 2577/723/2 2578/724/2 2576/722/2 
f 2579/725/2 2578/724/2 2577/723/2 
f 2580/726/2 2578/724/2 2579/725/2 
f 2581/727/2 2578/724/2 2580/726/2 
f 2581/727/2 2582/728/2 2578/724/2 
f 2583/729/2 2582/728/2 2581/727/2 
f 2584/730/2 2582/728/2 2583/729/2 
f 2585/731/2 2582/728/2 2584/730/2 
f 2585/731/2 2586/732/2 2582/728/2 
f 2587/733/4 2586/732/4 2585/731/4 
f 2587/733/2 2588/734/2 2586/732/2 
f 2589/735/4 2588/734/4 2587/733/4 
f 2589/735/4 2590/736/4 2588/734/4 
f 2591/737/584 2590/736/584 2589/735/584 
f 2592/738/2 2593/739/2 2594/740/2 
f 2594/740/4 2595/741/4 2592/738/4 
f 2593/739/2 2596/742/2 2597/743/2 
f 2597/743/2 2594/740/2 2593/739/2 
f 2598/744/2 2592/738/2 2595/741/2 
f 2595/741/4 2599/745/4 2598/744/4 
f 2600/746/2 2601/747/2 2602/748/2 
f 2602/748/2 2603/749/2 2600/746/2 
f 2604/750/2 2603/749/2 2602/748/2 
f 2602/748/2 2598/744/2 2604/750/2 
f 2598/744/2 2599/745/2 2604/750/2 
f 2605/751/2 2604/750/2 2599/745/2 
f 2599/745/2 2606/752/2 2605/751/2 
f 2607/753/2 2605/751/2 2606/752/2 
f 2606/752/4 2608/754/4 2607/753/4 
f 2609/755/2 2607/753/2 2610/756/2 
f 2610/756/2 2611/757/2 2609/755/2 
f 2612/758/2 2613/759/2 2609/755/2 
f 2609/755/2 2611/757/2 2612/758/2 
f 2608/754/2 2610/756/2 2607/753/2 
f 2614/760/4 2610/756/4 2608/754/4 
f 2608/754/2 2615/761/2 2614/760/2 
f 2616/762/4 2614/760/4 2615/761/4 
f 2615/761/2 2617/763/2 2616/762/2 
f 2618/764/2 2619/765/2 2616/762/2 
f 2616/762/2 2617/763/2 2618/764/2 
f 2620/766/2 2621/767/2 2622/768/2 
f 2622/768/4 2623/769/4 2620/766/4 
f 2621/767/2 2624/770/2 2625/771/2 
f 2625/771/2 2622/768/2 2621/767/2 
f 2626/772/2 2620/766/2 2623/769/2 
f 2623/769/4 2627/773/4 2626/772/4 
f 2628/774/2 2629/775/2 2630/776/2 
f 2630/776/2 2631/777/2 2628/774/2 
f 2632/778/2 2631/777/2 2630/776/2 
f 2630/776/2 2626/772/2 2632/778/2 
f 2626/772/2 2627/773/2 2632/778/2 
f 2633/779/2 2632/778/2 2627/773/2 
f 2627/773/2 2634/780/2 2633/779/2 
f 2635/781/2 2633/779/2 2634/780/2 
f 2634/780/4 2636/782/4 2635/781/4 
f 2637/783/2 2635/781/2 2638/784/2 
f 2638/784/2 2639/785/2 2637/783/2 
f 2640/786/2 2641/787/2 2637/783/2 
f 2637/783/2 2639/785/2 2640/786/2 
f 2636/782/2 2638/784/2 2635/781/2 
f 2642/788/4 2638/784/4 2636/782/4 
f 2636/782/2 2643/789/2 2642/788/2 
f 2644/790/4 2642/788/4 2643/789/4 
f 2643/789/2 2645/791/2 2644/790/2 
f 2646/792/2 2647/793/2 2644/790/2 
f 2644/790/2 2645/791/2 2646/792/2 
f 2648/794/2 2649/795/2 2650/796/2 
f 2650/796/2 2651/797/2 2648/794/2 
f 2652/798/2 2651/797/2 2650/796/2 
f 2650/796/2 2653/799/2 2652/798/2 
f 2654/800/2 2652/798/2 2653/799/2 
f 2653/799/4 2655/801/4 2654/800/4 
f 2656/802/4 2654/800/4 2655/801/4 
f 2655/801/2 2657/803/2 2656/802/2 
f 2658/804/2 2654/800/2 2656/802/2 
f 2656/802/2 2659/805/2 2658/804/2 
f 2660/806/2 2661/807/2 2662/808/2 
f 2662/808/2 2663/809/2 2660/806/2 
f 2663/809/2 2664/810/2 2665/811/2 
f 2665/811/4 2660/806/4 2663/809/4 
f 2660/806/2 2665/811/2 2666/812/2 
f 2666/812/2 2665/811/2 2667/813/2 
f 2667/813/2 2668/814/2 2666/812/2 
f 2669/815/2 2670/816/2 2671/817/2 
f 2671/817/4 2672/818/4 2669/815/4 
f 2673/819/4 2674/820/4 2675/821/4 
f 2675/821/2 2676/822/2 2673/819/2 
f 2677/823/2 2678/824/2 2674/820/2 
f 2674/820/2 2673/819/2 2677/823/2 
f 2679/825/4 2680/826/4 2681/827/4 
f 2681/827/2 2682/828/2 2679/825/2 
f 2657/803/2 2655/801/2 2670/816/2 
f 2670/816/2 2669/815/2 2657/803/2 
f 2683/829/2 2684/830/2 2664/810/2 
f 2664/810/2 2663/809/2 2683/829/2 
f 2681/827/2 2685/831/2 2686/832/2 
f 2686/832/2 2682/828/2 2681/827/2 
f 2686/832/2 2685/831/2 2678/824/2 
f 2678/824/2 2677/823/2 2686/832/2 
f 2687/833/2 2672/818/2 2671/817/2 
f 2671/817/2 2688/834/2 2687/833/2 
f 2687/833/4 2688/834/4 2680/826/4 
f 2680/826/2 2679/825/2 2687/833/2 
f 2689/835/2 2676/822/2 2675/821/2 
f 2675/821/2 2690/836/2 2689/835/2 
f 2689/835/2 2690/836/2 2684/830/2 
f 2684/830/4 2683/829/4 2689/835/4 
f 2691/837/2 2692/838/2 2693/839/2 
f 2694/840/2 2695/841/2 2696/842/2 
f 2696/842/2 2695/841/2 2691/837/2 
f 2691/837/2 2693/839/2 2696/842/2 
f 2697/843/2 2691/837/2 2695/841/2 
f 2695/841/2 2698/844/2 2697/843/2 
f 2699/845/4 2700/846/4 2701/847/4 
f 2701/847/2 2702/848/2 2699/845/2 
f 2703/849/2 2704/850/2 2705/851/2 
f 2705/851/2 2706/852/2 2703/849/2 
f 2705/851/2 2707/853/2 2708/854/2 
f 2708/854/2 2706/852/2 2705/851/2 
f 2707/853/4 2709/855/4 2702/848/4 
f 2702/848/2 2708/854/2 2707/853/2 
f 2710/856/2 2699/845/2 2702/848/2 
f 2702/848/2 2709/855/2 2710/856/2 
f 2711/857/2 2712/858/2 2710/856/2 
f 2710/856/2 2709/855/2 2711/857/2 
f 2713/859/2 2714/860/2 2715/861/2 
f 2715/861/2 2716/862/2 2713/859/2 
f 2717/863/2 2713/859/2 2716/862/2 
f 2716/862/2 2718/864/2 2717/863/2 
f 2700/846/2 2717/863/2 2718/864/2 
f 2718/864/4 2719/865/4 2700/846/4 
f 2719/865/2 2720/866/2 2701/847/2 
f 2701/847/2 2700/846/2 2719/865/2 
f 2721/867/4 2722/868/4 2720/866/4 
f 2720/866/4 2719/865/4 2721/867/4 
f 2723/869/4 2724/870/4 2725/871/4 
f 2725/871/2 2726/872/2 2723/869/2 
f 2727/873/2 2728/874/2 2729/875/2 
f 2729/875/2 2730/876/2 2727/873/2 
f 2729/875/2 2731/877/2 2732/878/2 
f 2732/878/2 2730/876/2 2729/875/2 
f 2731/877/4 2733/879/4 2726/872/4 
f 2726/872/2 2732/878/2 2731/877/2 
f 2734/880/2 2723/869/2 2726/872/2 
f 2726/872/2 2733/879/2 2734/880/2 
f 2735/881/2 2736/882/2 2734/880/2 
f 2734/880/2 2733/879/2 2735/881/2 
f 2737/883/2 2738/884/2 2739/885/2 
f 2739/885/2 2740/886/2 2737/883/2 
f 2741/887/2 2737/883/2 2740/886/2 
f 2740/886/2 2742/888/2 2741/887/2 
f 2724/870/2 2741/887/2 2742/888/2 
f 2742/888/4 2743/889/4 2724/870/4 
f 2743/889/2 2744/890/2 2725/871/2 
f 2725/871/2 2724/870/2 2743/889/2 
f 2745/891/4 2746/892/4 2744/890/4 
f 2744/890/4 2743/889/4 2745/891/4 
f 2747/893/2 2748/894/2 2749/895/2 
f 2749/895/2 2750/896/2 2747/893/2 
f 2751/897/2 2752/898/2 2753/899/2 
f 2753/899/2 2754/900/2 2751/897/2 
f 2755/901/2 2756/902/2 2757/903/2 
f 2757/903/2 2758/904/2 2755/901/2 
f 2754/900/2 2759/905/2 2760/906/2 
f 2760/906/4 2761/907/4 2754/900/4 
f 2762/908/2 2763/909/2 2753/899/2 
f 2753/899/2 2752/898/2 2762/908/2 
f 2758/904/2 2757/903/2 2763/909/2 
f 2763/909/4 2762/908/4 2758/904/4 
f 2764/910/2 2765/911/2 2754/900/2 
f 2754/900/2 2765/911/2 2766/912/2 
f 2766/912/2 2751/897/2 2754/900/2 
f 2761/907/4 2764/910/4 2754/900/4 
f 2767/913/4 2768/914/4 2769/915/4 
f 2770/916/2 2771/917/2 2772/918/2 
f 2772/918/2 2773/919/2 2770/916/2 
f 2774/920/2 2775/921/2 2776/922/2 
f 2776/922/4 2777/923/4 2774/920/4 
f 2778/924/2 2779/925/2 2780/926/2 
f 2780/926/2 2781/927/2 2778/924/2 
f 2771/917/4 2774/920/4 2777/923/4 
f 2777/923/2 2772/918/2 2771/917/2 
f 2775/921/2 2778/924/2 2781/927/2 
f 2781/927/4 2776/922/4 2775/921/4 
f 2779/925/2 2782/928/2 2783/929/2 
f 2783/929/2 2780/926/2 2779/925/2 
f 2784/930/2 2785/931/2 2786/932/2 
f 2785/931/2 2784/930/2 2767/913/2 
f 2767/913/2 2769/915/2 2785/931/2 
f 2782/928/2 2786/932/2 2785/931/2 
f 2785/931/2 2783/929/2 2782/928/2 
f 2773/919/2 2769/915/2 2768/914/2 
f 2768/914/2 2770/916/2 2773/919/2 
f 2787/933/2 2788/934/2 2789/935/2 
f 2790/706/2 2791/936/2 2792/937/2 
f 2793/938/2 2792/937/2 2791/936/2 
f 2791/936/2 2787/933/2 2793/938/2 
f 2793/938/2 2794/939/2 2795/940/2 
f 2794/939/2 2793/938/2 2787/933/2 
f 2787/933/2 2789/935/2 2794/939/2 
f 2796/941/4 2797/942/4 2798/943/4 
f 2798/943/2 2799/944/2 2796/941/2 
f 2800/945/2 2801/946/2 2802/947/2 
f 2802/947/4 2803/948/4 2800/945/4 
f 2804/949/2 2805/950/2 2806/951/2 
f 2806/951/4 2807/952/4 2804/949/4 
f 2808/953/4 2809/954/4 2810/955/4 
f 2810/955/2 2811/956/2 2808/953/2 
f 2797/942/2 2812/957/2 2813/958/2 
f 2813/958/4 2798/943/4 2797/942/4 
f 2801/946/2 2796/941/2 2799/944/2 
f 2799/944/4 2802/947/4 2801/946/4 
f 2805/950/2 2800/945/2 2803/948/2 
f 2803/948/4 2806/951/4 2805/950/4 
f 2812/957/2 2808/953/2 2811/956/2 
f 2811/956/2 2813/958/2 2812/957/2 
f 2810/955/2 2809/954/2 2795/940/2 
f 2795/940/2 2794/939/2 2810/955/2 
f 2788/934/2 2804/949/2 2807/952/2 
f 2807/952/2 2789/935/2 2788/934/2 
f 2814/959/4 2815/960/4 2816/961/4 
f 2816/961/2 2817/962/2 2814/959/2 
f 2818/963/2 2814/959/2 2817/962/2 
f 2817/962/2 2819/964/2 2818/963/2 
f 2814/959/2 2818/963/2 2820/965/2 
f 2821/966/4 2822/967/4 2816/961/4 
f 2816/961/2 2815/960/2 2821/966/2 
f 2823/968/2 2818/963/2 2819/964/2 
f 2819/964/2 2824/969/2 2823/968/2 
f 2825/970/4 2823/968/4 2824/969/4 
f 2824/969/2 2826/971/2 2825/970/2 
f 2827/972/4 2825/970/4 2826/971/4 
f 2826/971/2 2828/973/2 2827/972/2 
f 2829/974/4 2828/973/4 2826/971/4 
f 2826/971/2 2830/975/2 2829/974/2 
f 2831/976/4 2829/974/4 2830/975/4 
f 2830/975/4 2832/977/4 2831/976/4 
f 2833/978/2 2831/976/2 2832/977/2 
f 2832/977/2 2834/979/2 2833/978/2 
f 2835/980/2 2827/972/2 2828/973/2 
f 2828/973/2 2836/981/2 2835/980/2 
f 2837/982/2 2835/980/2 2836/981/2 
f 2836/981/2 2838/983/2 2837/982/2 
f 2839/984/2 2837/982/2 2838/983/2 
f 2838/983/2 2840/985/2 2839/984/2 
f 2841/986/2 2839/984/2 2840/985/2 
f 2840/985/2 2842/987/2 2841/986/2 
f 2843/988/2 2841/986/2 2842/987/2 
f 2842/987/4 2844/989/4 2843/988/4 
f 2845/990/2 2843/988/2 2844/989/2 
f 2844/989/2 2846/991/2 2845/990/2 
f 2847/992/2 2848/993/2 2849/994/2 
f 2849/994/2 2850/995/2 2847/992/2 
f 2851/996/2 2852/997/2 2848/993/2 
f 2848/993/4 2847/992/4 2851/996/4 
f 2853/998/2 2854/999/2 2852/997/2 
f 2852/997/2 2851/996/2 2853/998/2 
f 2846/991/4 2855/1000/4 2854/999/4 
f 2854/999/2 2853/998/2 2846/991/2 
f 2849/994/2 2856/1001/2 2857/1002/2 
f 2857/1002/4 2850/995/4 2849/994/4 
f 2858/1003/2 2845/990/2 2846/991/2 
f 2846/991/2 2853/998/2 2858/1003/2 
f 2851/996/2 2859/1004/2 2860/1005/2 
f 2860/1005/2 2861/1006/2 2851/996/2 
f 2853/998/2 2851/996/2 2861/1006/2 
f 2861/1006/2 2858/1003/2 2853/998/2 
f 2847/992/2 2850/995/2 2862/1007/2 
f 2862/1007/2 2859/1004/2 2847/992/2 
f 2863/1008/2 2864/1009/2 2865/1010/2 
f 2866/1011/2 2864/1009/2 2867/1012/2 
f 2868/1013/2 2864/1009/2 2869/1014/2 
f 2870/1015/2 2864/1009/2 2871/1016/2 
f 2867/1012/2 2864/1009/2 2863/1008/2 
f 2869/1014/2 2864/1009/2 2866/1011/2 
f 2871/1016/2 2864/1009/2 2868/1013/2 
f 2870/1015/4 2872/1017/4 2864/1009/4 
f 2872/1017/2 2873/1018/2 2864/1009/2 
f 2874/1019/2 2865/1010/2 2864/1009/2 
f 2875/1020/2 2874/1019/2 2864/1009/2 
f 2876/1021/4 2875/1020/4 2864/1009/4 
f 2877/1022/2 2878/1023/2 2879/1024/2 
f 2880/1025/2 2861/1006/2 2860/1005/2 
f 2860/1005/2 2864/1009/2 2880/1025/2 
f 2858/1003/4 2861/1006/4 2880/1025/4 
f 2881/1026/2 2882/1027/2 2879/1024/2 
f 2879/1024/2 2878/1023/2 2881/1026/2 
f 2883/1028/2 2881/1026/2 2878/1023/2 
f 2873/1018/2 2883/1028/2 2878/1023/2 
f 2877/1022/2 2864/1009/2 2878/1023/2 
f 2884/1029/4 2864/1009/4 2885/1030/4 
f 2880/1025/2 2864/1009/2 2886/1031/2 
f 2885/1030/2 2864/1009/2 2877/1022/2 
f 2886/1031/2 2864/1009/2 2884/1029/2 
f 2864/1009/4 2873/1018/4 2878/1023/4 
f 2887/1032/2 2864/1009/2 2888/1033/2 
f 2889/1034/2 2864/1009/2 2890/1035/2 
f 2891/1036/2 2864/1009/2 2892/1037/2 
f 2893/1038/2 2864/1009/2 2894/1039/2 
f 2888/1033/2 2864/1009/2 2895/1040/2 
f 2890/1035/2 2864/1009/2 2887/1032/2 
f 2892/1037/2 2864/1009/2 2889/1034/2 
f 2894/1039/2 2864/1009/2 2891/1036/2 
f 2896/1041/2 2897/1042/2 2893/1038/2 
f 2897/1042/2 2898/1043/2 2893/1038/2 
f 2898/1043/2 2876/1021/2 2893/1038/2 
f 2864/1009/2 2893/1038/2 2876/1021/2 
f 2860/1005/4 2859/1004/4 2862/1007/4 
f 2862/1007/4 2895/1040/4 2860/1005/4 
f 2860/1005/2 2895/1040/2 2864/1009/2 
f 2899/1044/4 2900/1045/4 2901/1046/4 
f 2901/1046/2 2902/1047/2 2899/1044/2 
f 2902/1047/4 2901/1046/4 2903/1048/4 
f 2903/1048/4 2904/1049/4 2902/1047/4 
f 2901/1046/2 2905/1050/2 2903/1048/2 
f 2899/1044/4 2906/1051/4 2907/1052/4 
f 2907/1052/2 2900/1045/2 2899/1044/2 
f 2904/1049/2 2903/1048/2 2908/1053/2 
f 2908/1053/4 2909/1054/4 2904/1049/4 
f 2909/1054/2 2908/1053/2 2910/1055/2 
f 2910/1055/2 2911/1056/2 2909/1054/2 
f 2911/1056/2 2910/1055/2 2912/1057/2 
f 2912/1057/4 2913/1058/4 2911/1056/4 
f 2911/1056/2 2913/1058/2 2914/1059/2 
f 2914/1059/2 2915/1060/2 2911/1056/2 
f 2915/1060/2 2914/1059/2 2916/1061/2 
f 2916/1061/2 2917/1062/2 2915/1060/2 
f 2917/1062/4 2916/1061/4 2918/1063/4 
f 2918/1063/2 2919/1064/2 2917/1062/2 
f 2913/1058/4 2912/1057/4 2920/1065/4 
f 2920/1065/4 2921/1066/4 2913/1058/4 
f 2921/1066/2 2920/1065/2 2922/1067/2 
f 2922/1067/4 2923/1068/4 2921/1066/4 
f 2923/1068/2 2922/1067/2 2924/1069/2 
f 2924/1069/4 2925/1070/4 2923/1068/4 
f 2925/1070/2 2924/1069/2 2926/1071/2 
f 2926/1071/2 2927/1072/2 2925/1070/2 
f 2926/1071/4 2928/1073/4 2927/1072/4 
f 2928/1073/2 2929/1074/2 2927/1072/2 
f 2895/1040/2 2862/1007/2 2850/995/2 
f 2850/995/2 2929/1074/2 2895/1040/2 
f 2929/1074/2 2850/995/2 2930/1075/2 
f 2930/1075/4 2931/1076/4 2929/1074/4 
f 2930/1075/2 2850/995/2 2857/1002/2 
f 2929/1074/2 2931/1076/2 2927/1072/2 
f 2932/1077/4 2933/1078/4 2934/1079/4 
f 2934/1079/2 2935/1080/2 2932/1077/2 
f 2936/1081/2 2937/1082/2 2938/1083/2 
f 2938/1083/2 2939/1084/2 2936/1081/2 
f 2940/1085/2 2936/1081/2 2939/1084/2 
f 2939/1084/2 2941/1086/2 2940/1085/2 
f 2942/1087/4 2940/1085/4 2941/1086/4 
f 2941/1086/2 2943/1088/2 2942/1087/2 
f 2944/1089/2 2942/1087/2 2943/1088/2 
f 2943/1088/2 2945/1090/2 2944/1089/2 
f 2946/1091/2 2944/1089/2 2945/1090/2 
f 2945/1090/2 2947/1092/2 2946/1091/2 
f 2948/1093/2 2946/1091/2 2947/1092/2 
f 2947/1092/2 2949/1094/2 2948/1093/2 
f 2950/1095/2 2948/1093/2 2949/1094/2 
f 2949/1094/2 2951/1096/2 2950/1095/2 
f 2937/1082/2 2952/1097/2 2953/1098/2 
f 2953/1098/2 2938/1083/2 2937/1082/2 
f 2954/1099/2 2932/1077/2 2935/1080/2 
f 2932/1077/2 2954/1099/2 2950/1095/2 
f 2950/1095/2 2951/1096/2 2932/1077/2 
f 2955/1100/4 2956/1101/4 2857/1002/4 
f 2930/1075/2 2857/1002/2 2956/1101/2 
f 2930/1075/2 2956/1101/2 2957/1102/2 
f 2957/1102/2 2958/1103/2 2930/1075/2 
f 2958/1103/2 2959/1104/2 2960/1105/2 
f 2960/1105/2 2930/1075/2 2958/1103/2 
f 2959/1104/2 2961/1106/2 2962/1107/2 
f 2962/1107/2 2960/1105/2 2959/1104/2 
f 2963/1108/2 2962/1107/2 2961/1106/2 
f 2963/1108/2 2964/1109/2 2965/1110/2 
f 2965/1110/2 2962/1107/2 2963/1108/2 
f 2964/1109/2 2966/1111/2 2967/1112/2 
f 2967/1112/2 2965/1110/2 2964/1109/2 
f 2968/1113/4 2934/1079/4 2969/1114/4 
f 2969/1114/2 2970/1115/2 2968/1113/2 
f 2968/1113/2 2970/1115/2 2971/1116/2 
f 2971/1116/4 2972/1117/4 2968/1113/4 
f 2972/1117/4 2971/1116/4 2973/1118/4 
f 2973/1118/4 2974/1119/4 2972/1117/4 
f 2934/1079/2 2933/1078/2 2975/1120/2 
f 2975/1120/2 2969/1114/2 2934/1079/2 
f 2975/1120/2 2933/1078/2 2976/1121/2 
f 2976/1121/4 2977/1122/4 2975/1120/4 
f 2978/1123/4 2979/1124/4 2977/1122/4 
f 2977/1122/2 2976/1121/2 2978/1123/2 
f 2980/1125/2 2981/1126/2 2979/1124/2 
f 2979/1124/2 2978/1123/2 2980/1125/2 
f 2982/1127/2 2983/1128/2 2981/1126/2 
f 2981/1126/2 2980/1125/2 2982/1127/2 
f 2984/1129/2 2983/1128/2 2985/1130/2 
f 2986/1131/4 2987/1132/4 2988/1133/4 
f 2988/1133/2 2989/1134/2 2986/1131/2 
f 2985/1130/2 2983/1128/2 2982/1127/2 
f 2982/1127/4 2989/1134/4 2985/1130/4 
f 2982/1127/2 2986/1131/2 2989/1134/2 
f 2987/1132/4 2990/1135/4 2991/1136/4 
f 2991/1136/2 2988/1133/2 2987/1132/2 
f 2990/1135/4 2992/1137/4 2993/1138/4 
f 2993/1138/2 2991/1136/2 2990/1135/2 
f 2994/1139/2 2995/1140/2 2984/1129/2 
f 2984/1129/4 2985/1130/4 2994/1139/4 
f 2994/1139/4 2996/1141/4 2995/1140/4 
f 2997/1142/2 2995/1140/2 2996/1141/2 
f 2998/1143/4 2999/1144/4 3000/1145/4 
f 3000/1145/4 3001/1146/4 2998/1143/4 
f 3001/1146/2 3000/1145/2 3002/1147/2 
f 3002/1147/4 3003/1148/4 3001/1146/4 
f 2993/1138/2 2992/1137/2 3004/1149/2 
f 3004/1149/4 3005/1150/4 2993/1138/4 
f 3004/1149/4 2992/1137/4 2999/1144/4 
f 2999/1144/2 2998/1143/2 3004/1149/2 
f 3003/1148/2 3002/1147/2 3006/1151/2 
f 3006/1151/4 3007/1152/4 3003/1148/4 
f 3008/1153/2 3007/1152/2 3006/1151/2 
f 3006/1151/2 3009/1154/2 3008/1153/2 
f 3009/1154/2 3010/1155/2 3011/1156/2 
f 3011/1156/2 3008/1153/2 3009/1154/2 
f 3011/1156/4 3010/1155/4 3012/1157/4 
f 3012/1157/2 3013/1158/2 3011/1156/2 
f 3012/1157/2 3014/1159/2 3015/1160/2 
f 3015/1160/4 3013/1158/4 3012/1157/4 
f 3016/1161/2 2997/1142/2 2993/1138/2 
f 2993/1138/2 3005/1150/2 3016/1161/2 
f 3017/1162/2 2995/1140/2 2997/1142/2 
f 2997/1142/4 3016/1161/4 3017/1162/4 
f 3017/1162/4 3018/1163/4 3019/1164/4 
f 3019/1164/2 2995/1140/2 3017/1162/2 
f 3020/1165/2 3021/1166/2 3019/1164/2 
f 3019/1164/2 3018/1163/2 3020/1165/2 
f 3022/1167/2 3021/1166/2 3020/1165/2 
f 3020/1165/2 3023/1168/2 3022/1167/2 
f 3024/1169/2 3022/1167/2 3023/1168/2 
f 3023/1168/2 3025/1170/2 3024/1169/2 
f 3026/1171/4 3024/1169/4 3025/1170/4 
f 3025/1170/2 3027/1172/2 3026/1171/2 
f 3028/1173/4 3029/1174/4 3026/1171/4 
f 3026/1171/2 3027/1172/2 3028/1173/2 
f 2966/1111/2 2974/1119/2 2973/1118/2 
f 2973/1118/2 2967/1112/2 2966/1111/2 
f 3030/1175/2 2967/1112/2 2927/1072/2 
f 3030/1175/2 2927/1072/2 3031/1176/2 
f 2927/1072/2 2931/1076/2 3031/1176/2 
f 2927/1072/4 2967/1112/4 3032/1177/4 
f 3032/1177/2 2967/1112/2 3033/1178/2 
f 3033/1178/2 2967/1112/2 3034/1179/2 
f 3034/1179/2 2967/1112/2 3035/1180/2 
f 3035/1180/4 2967/1112/4 3036/1181/4 
f 2973/1118/2 3037/1182/2 2967/1112/2 
f 3037/1182/2 3038/1183/2 2967/1112/2 
f 3039/1184/2 2967/1112/2 3038/1183/2 
f 3040/1185/2 2967/1112/2 3039/1184/2 
f 3041/1186/2 2967/1112/2 3040/1185/2 
f 3042/1187/4 2967/1112/4 3041/1186/4 
f 3043/1188/2 2967/1112/2 3042/1187/2 
f 3044/1189/2 2967/1112/2 3043/1188/2 
f 3045/1190/2 2967/1112/2 3044/1189/2 
f 3046/1191/2 2967/1112/2 3045/1190/2 
f 3036/1181/2 2967/1112/2 3046/1191/2 
f 2371/1192/588 3047/1193/588 3048/1194/588 
f 3048/1194/588 2370/1195/588 2371/1192/588 
f 2166/1196/589 3049/1197/589 3050/1198/589 
f 3050/1198/589 2176/1199/589 2166/1196/589 
f 2828/1200/590 3051/1201/590 3052/1202/590 
f 3052/1202/590 2836/1203/590 2828/1200/590 
f 2423/1204/591 3053/1205/591 3054/1206/591 
f 3054/1206/591 2410/1207/591 2423/1204/591 
f 2555/1208/592 3055/1209/592 3056/1210/592 
f 3056/1210/592 2553/1211/592 2555/1208/592 
f 2150/1212/593 3057/1213/593 3058/1214/593 
f 3058/1214/593 2149/1215/593 2150/1212/593 
f 2835/1216/594 3059/1217/594 3060/1218/594 
f 3060/1218/594 2827/1219/594 2835/1216/594 
f 2298/1220/595 3061/1221/595 3062/1222/595 
f 3062/1222/595 2302/1223/595 2298/1220/595 
f 2366/1224/596 3063/1225/596 3064/1226/596 
f 3064/1226/596 2364/1227/596 2366/1224/596 
f 2114/1228/597 3065/1229/597 3066/1230/597 
f 3066/1230/597 2117/1231/597 2114/1228/597 
f 2836/1203/598 3052/1202/598 3067/1232/598 
f 3067/1232/598 2838/1233/598 2836/1203/598 
f 2558/1234/599 3068/1235/599 3069/1236/599 
f 3069/1236/599 2559/1237/599 2558/1234/599 
f 2270/1238/600 3070/1239/600 3071/1240/600 
f 3071/1240/600 2266/1241/600 2270/1238/600 
f 2837/1242/601 3072/1243/601 3059/1217/601 
f 3059/1217/601 2835/1216/601 2837/1242/601 
f 2464/1244/602 3073/1245/602 3074/1246/602 
f 3074/1246/602 2463/1247/602 2464/1244/602 
f 2249/1248/603 3075/1249/603 3076/1250/603 
f 3076/1250/603 2246/1251/603 2249/1248/603 
f 2838/1233/604 3067/1232/604 3077/1252/604 
f 3077/1252/604 2840/1253/604 2838/1233/604 
f 2520/1254/605 3078/1255/605 3079/1256/605 
f 3079/1256/605 2516/1257/605 2520/1254/605 
f 2839/1258/606 3080/1259/606 3072/1243/606 
f 3072/1243/606 2837/1242/606 2839/1258/606 
f 2263/1260/607 3081/1261/607 3082/1262/607 
f 3082/1262/607 2262/1263/607 2263/1260/607 
f 2570/1264/608 3083/1265/608 3084/1266/608 
f 3084/1266/609 2568/1267/609 2570/1264/609 
f 2510/1268/610 3085/1269/610 3086/1270/610 
f 3086/1270/610 2511/1271/610 2510/1268/610 
f 2840/1272/611 3077/1273/611 3087/1274/611 
f 3087/1274/611 2842/1275/611 2840/1272/611 
f 2442/1276/612 3088/1277/612 3089/1278/612 
f 3089/1278/612 2440/1279/612 2442/1276/612 
f 2841/1280/613 3090/1281/613 3080/1259/613 
f 3080/1259/613 2839/1258/613 2841/1280/613 
f 2417/1282/614 3091/1283/614 3092/1284/614 
f 3092/1284/614 2408/1285/614 2417/1282/614 
f 2159/1286/615 3093/1287/615 3094/1288/615 
f 3094/1288/615 2164/1289/615 2159/1286/615 
f 2842/1290/616 3087/1291/616 3095/1292/616 
f 3095/1292/616 2844/1293/616 2842/1290/616 
f 2360/1294/617 3096/1295/617 3097/1296/617 
f 3097/1296/617 2361/1297/617 2360/1294/617 
f 2843/1298/618 3098/1299/618 3090/1281/618 
f 3090/1281/618 2841/1280/618 2843/1298/618 
f 2275/1300/619 3099/1301/619 3100/1302/619 
f 3100/1302/619 2276/1303/619 2275/1300/619 
f 2497/1304/620 3101/1305/620 3102/1235/620 
f 3102/1235/620 2500/1234/620 2497/1304/620 
f 2844/1293/621 3095/1292/621 3103/1306/621 
f 3103/1306/621 2846/1307/621 2844/1293/621 
f 2516/1257/622 3079/1256/622 3104/1308/622 
f 3104/1308/622 2517/1309/622 2516/1257/622 
f 2186/1310/623 3105/1311/623 3106/1312/623 
f 3106/1312/623 2187/1313/623 2186/1310/623 
f 2845/1314/624 3107/1315/624 3098/1316/624 
f 3098/1316/624 2843/1317/624 2845/1314/624 
f 2508/1318/625 3108/1319/625 3109/1320/625 
f 3109/1320/625 2507/1321/625 2508/1318/625 
f 2846/1322/626 3103/1323/626 3110/1324/626 
f 3110/1324/626 2855/1325/626 2846/1322/626 
f 2444/1326/627 3111/1327/627 3112/1328/627 
f 3112/1328/627 2443/1329/627 2444/1326/627 
f 2215/1330/628 3113/1331/628 3114/1296/628 
f 3114/1296/628 2218/1297/628 2215/1330/628 
f 2855/1325/629 3110/1324/629 3115/1332/629 
f 3115/1332/629 2854/1333/629 2855/1325/629 
f 2427/1334/630 3116/1335/630 3117/1336/630 
f 3117/1336/631 2426/1337/631 2427/1334/631 
f 2292/1338/632 3118/1339/632 3119/1340/632 
f 3119/1340/633 2289/1341/633 2292/1338/633 
f 2172/1342/634 3120/1343/634 3121/1344/634 
f 3121/1344/634 2180/1345/634 2172/1342/634 
f 2854/1333/635 3115/1332/635 3122/1346/635 
f 3122/1346/636 2852/1347/636 2854/1333/636 
f 2318/1348/637 3123/1349/637 3124/1350/637 
f 3124/1350/637 2323/1351/637 2318/1348/637 
f 2852/1352/638 3122/1353/638 3125/1354/638 
f 3125/1354/638 2848/1355/638 2852/1352/638 
f 2235/1356/639 3126/1357/639 3127/1358/639 
f 3127/1358/639 2239/1359/639 2235/1356/639 
f 2848/1355/640 3125/1354/640 3128/1360/640 
f 3128/1360/640 2849/1361/640 2848/1355/640 
f 2267/1362/641 3129/1363/641 3130/1364/641 
f 3130/1364/641 2265/1365/641 2267/1362/641 
f 2287/1366/642 3131/1367/642 3132/1368/642 
f 3132/1368/642 2284/1369/642 2287/1366/642 
f 2198/1370/643 3133/1371/643 3134/1372/643 
f 3134/1372/643 2195/1373/643 2198/1370/643 
f 2849/1361/644 3128/1360/644 3135/1374/644 
f 3135/1374/644 2856/1375/644 2849/1361/644 
f 2356/1376/645 3136/1377/645 3137/1368/645 
f 3137/1368/646 2358/1369/646 2356/1376/646 
f 2856/1378/647 3135/1379/647 3138/1380/647 
f 3138/1380/647 2857/1381/647 2856/1378/647 
f 2350/1382/29 3139/1383/29 3140/1384/29 
f 3140/1384/29 2349/1385/29 2350/1382/29 
f 2343/1386/648 3141/1387/648 3142/1388/648 
f 3142/1388/648 2338/1389/648 2343/1386/648 
f 2219/1390/649 3143/1391/649 3144/1266/649 
f 3144/1266/650 2225/1267/650 2219/1390/650 
f 2466/1392/651 3145/1393/651 3146/1394/651 
f 3146/1394/651 2471/1395/651 2466/1392/651 
f 2203/1396/652 3147/1397/652 3148/1398/652 
f 3148/1398/652 2210/1399/652 2203/1396/652 
f 2847/1400/653 3149/1401/653 3150/1402/653 
f 3150/1402/653 2851/1403/653 2847/1400/653 
f 2489/1404/654 3151/1405/654 3152/1406/654 
f 3152/1406/654 2503/1407/654 2489/1404/654 
f 2151/1408/655 3153/1409/655 3154/349/655 
f 3154/349/655 2154/1410/655 2151/1408/655 
f 2455/1411/656 3155/1412/656 3156/1413/656 
f 3156/1413/656 2454/1414/656 2455/1411/656 
f 2325/1415/657 3157/1416/657 3158/1417/657 
f 3158/1417/657 2326/1418/657 2325/1415/657 
f 2136/1419/658 3159/1420/658 3160/1421/658 
f 3160/1421/658 2135/1422/658 2136/1419/658 
f 2486/1338/659 3161/1339/659 3162/1423/659 
f 3162/1423/659 2482/1424/659 2486/1338/659 
f 2202/1425/660 3163/1426/660 3164/1427/660 
f 3164/1427/660 2205/1428/660 2202/1425/660 
f 2544/1429/661 3165/1430/661 3166/1431/661 
f 3166/1431/662 2547/1432/662 2544/1429/662 
f 2206/1399/663 3167/1398/663 3168/1270/663 
f 3168/1270/663 2188/1271/663 2206/1399/663 
f 2165/1433/664 3169/1434/664 3170/1435/664 
f 3170/1435/664 2163/1436/664 2165/1433/664 
f 2397/1437/665 3171/1438/665 3172/1439/665 
f 3172/1439/665 2398/1440/665 2397/1437/665 
f 2313/1441/666 3173/1442/666 3174/1443/666 
f 3174/1443/666 2315/1444/666 2313/1441/666 
f 2858/1445/667 3175/1446/667 3107/1315/667 
f 3107/1315/667 2845/1314/667 2858/1445/667 
f 2364/1447/668 3064/1448/668 3176/1449/668 
f 3176/1449/668 2362/1450/668 2364/1447/668 
f 2118/1451/669 3177/1452/669 3178/1453/669 
f 3178/1453/669 2115/1454/669 2118/1451/669 
f 2851/1403/670 3150/1402/670 3179/1455/670 
f 3179/1455/670 2859/1456/670 2851/1403/670 
f 2553/1457/671 3056/1458/671 3180/1459/671 
f 3180/1459/672 2552/1460/672 2553/1457/672 
f 2191/1461/673 3181/1462/673 3182/1463/673 
f 3182/1463/673 2190/1464/673 2191/1461/673 
f 2569/1465/674 3183/1466/674 3083/1265/674 
f 3083/1265/674 2570/1264/674 2569/1465/674 
f 2178/1467/675 3184/1468/675 3185/719/675 
f 3185/719/675 2177/1469/675 2178/1467/675 
f 2453/1470/676 3186/1471/676 3187/1472/676 
f 3187/1472/676 2452/1473/676 2453/1470/676 
f 2256/1474/677 3188/1475/677 3189/1476/677 
f 3189/1476/677 2255/1477/677 2256/1474/677 
f 2295/1478/678 3190/1479/678 3191/1266/678 
f 3191/1266/678 2293/1267/678 2295/1478/678 
f 2576/1480/679 3192/1481/679 3193/1482/679 
f 3193/1482/679 2575/1483/679 2576/1480/679 
f 2468/1484/680 3194/1485/680 3195/1486/680 
f 3195/1486/680 2467/1487/680 2468/1484/680 
f 2395/1488/681 3196/1489/681 3197/1490/681 
f 3197/1490/681 2394/1491/681 2395/1488/681 
f 2216/1297/682 3198/1296/682 3199/1492/682 
f 3199/1492/683 2211/1493/683 2216/1297/683 
f 2859/1494/684 3179/1495/684 3149/1496/684 
f 3149/1496/684 2847/1497/684 2859/1494/684 
f 2410/1207/685 3054/1206/685 3200/1482/685 
f 3200/1482/685 2403/1483/685 2410/1207/685 
f 2880/1498/686 3201/1499/686 3175/1446/686 
f 3175/1446/686 2858/1445/686 2880/1498/686 
f 2301/1500/687 3202/1501/687 3203/1502/687 
f 3203/1502/687 2300/1503/687 2301/1500/687 
f 2234/1454/688 3204/1453/688 3205/1504/688 
f 3205/1504/688 2237/1505/688 2234/1454/688 
f 2882/1506/689 3206/1507/689 3207/1508/689 
f 3207/1508/689 2879/1509/689 2882/1506/689 
f 2529/1510/690 3208/1511/690 3209/1512/690 
f 3209/1512/690 2537/1513/690 2529/1510/690 
f 2881/1514/691 3210/1515/691 3206/1402/691 
f 3206/1402/691 2882/1516/691 2881/1514/691 
f 2567/1517/692 3211/1518/692 3212/1519/692 
f 3212/1519/692 2566/1520/692 2567/1517/692 
f 2426/1337/693 3117/1336/693 3091/1283/693 
f 3091/1283/693 2417/1282/693 2426/1337/693 
f 2883/1521/694 3213/1522/694 3210/1515/694 
f 3210/1515/694 2881/1514/694 2883/1521/694 
f 2873/1523/695 3214/1524/695 3213/1522/695 
f 3213/1522/695 2883/1521/695 2873/1523/695 
f 2308/1525/696 3215/1526/696 3216/1527/696 
f 3216/1527/696 2309/1528/696 2308/1525/696 
f 2872/1529/248 3217/1530/248 3214/1531/248 
f 3214/1531/248 2873/1532/248 2872/1529/248 
f 2361/1297/697 3097/1296/697 3218/1533/697 
f 3218/1533/697 2363/1534/697 2361/1297/697 
f 2124/1535/698 3219/1536/698 3220/1537/698 
f 3220/1537/699 2125/1538/699 2124/1535/699 
f 2870/1539/700 3221/1540/700 3217/1530/700 
f 3217/1530/700 2872/1529/700 2870/1539/700 
f 2408/1285/701 3092/1284/701 3222/1541/701 
f 3222/1541/701 2406/1542/701 2408/1285/701 
f 2132/1543/702 3223/1544/702 3224/1545/702 
f 3224/1545/702 2134/1546/702 2132/1543/702 
f 2871/1547/703 3225/1548/703 3221/1374/703 
f 3221/1374/703 2870/1375/703 2871/1547/703 
f 2491/1549/704 3226/1550/704 3101/1305/704 
f 3101/1305/704 2497/1304/704 2491/1549/704 
f 2868/1551/705 3227/1552/705 3225/1548/705 
f 3225/1548/705 2871/1547/705 2868/1551/705 
f 2240/1553/706 3228/1554/706 3229/1555/706 
f 3229/1555/706 2238/1556/706 2240/1553/706 
f 2869/1557/707 3230/1558/707 3227/1552/707 
f 3227/1552/707 2868/1551/707 2869/1557/707 
f 2380/1559/708 3231/1560/708 3232/1561/708 
f 3232/1561/708 2378/1562/708 2380/1559/708 
f 2866/1563/709 3233/1564/709 3230/1558/709 
f 3230/1558/709 2869/1557/709 2866/1563/709 
f 2127/1565/710 3234/1566/710 3235/1567/710 
f 3235/1567/710 2128/1568/710 2127/1565/710 
f 2867/1569/711 3236/1570/711 3233/1571/711 
f 3233/1571/711 2866/1572/711 2867/1569/711 
f 2568/1573/712 3084/1574/712 3237/1575/712 
f 3237/1575/713 2571/1576/713 2568/1573/713 
f 2389/1577/714 3238/1578/714 3239/1579/714 
f 3239/1579/714 2387/1580/714 2389/1577/714 
f 2230/1581/715 3240/1582/715 3241/1583/715 
f 3241/1583/715 2228/1584/715 2230/1581/715 
f 2863/1585/716 3242/1586/716 3236/1570/716 
f 3236/1570/716 2867/1569/716 2863/1585/716 
f 2323/1351/717 3124/1350/717 3157/1416/717 
f 3157/1416/717 2325/1415/717 2323/1351/717 
f 2140/1587/718 3243/1588/718 3244/1588/718 
f 3244/1588/719 2139/1587/719 2140/1587/719 
f 2865/1589/720 3245/1590/720 3242/1586/720 
f 3242/1586/720 2863/1585/720 2865/1589/720 
f 2388/1591/721 3246/1592/721 3247/1593/721 
f 3247/1593/721 2393/1594/721 2388/1591/721 
f 2554/1289/722 3248/1288/722 3249/1595/722 
f 3249/1595/722 2556/1596/722 2554/1289/722 
f 2250/1597/723 3250/1598/723 3251/1599/723 
f 3251/1599/723 2254/1600/723 2250/1597/723 
f 2874/1601/724 3252/1602/724 3245/1590/724 
f 3245/1590/724 2865/1589/724 2874/1601/724 
f 2223/1603/725 3253/1604/725 3254/1605/725 
f 3254/1605/726 2217/1606/726 2223/1603/726 
f 2875/1607/727 3255/1608/727 3252/1609/727 
f 3252/1609/727 2874/1610/727 2875/1607/727 
f 2246/1251/728 3076/1250/728 3256/1611/728 
f 3256/1611/728 2244/1612/728 2246/1251/728 
f 2876/1613/729 3257/1614/729 3255/1608/729 
f 3255/1608/729 2875/1607/729 2876/1613/729 
f 2400/1615/248 3258/1616/248 3259/1486/248 
f 3259/1486/248 2401/1487/248 2400/1615/248 
f 2613/1457/248 3260/1458/248 3261/1617/248 
f 3261/1617/248 2609/1618/248 2613/1457/248 
f 2898/1619/730 3262/1609/730 3257/1620/730 
f 3257/1620/730 2876/1621/730 2898/1619/730 
f 2377/1517/731 3263/1518/731 3264/1622/731 
f 3264/1622/731 2375/1623/731 2377/1517/731 
f 2609/1624/732 3261/1625/732 3265/1626/732 
f 3265/1626/732 2607/1627/732 2609/1624/732 
f 2897/1628/733 3266/1629/733 3262/1609/733 
f 3262/1609/733 2898/1619/733 2897/1628/733 
f 2598/1630/734 3267/1631/734 3268/1632/734 
f 3268/1632/734 2592/1633/734 2598/1630/734 
f 2896/1634/735 3269/1635/735 3266/1629/735 
f 3266/1629/735 2897/1628/735 2896/1634/735 
f 2536/1369/736 3270/1368/736 3271/1636/736 
f 3271/1636/736 2530/1637/736 2536/1369/736 
f 2592/1638/737 3268/1639/737 3272/1288/737 
f 3272/1288/737 2593/1289/737 2592/1638/737 
f 2893/1640/738 3273/1641/738 3269/1642/738 
f 3269/1642/738 2896/1643/738 2893/1640/738 
f 2507/1321/739 3109/1320/739 3274/1644/739 
f 3274/1644/739 2496/1645/739 2507/1321/739 
f 2593/1594/248 3272/1593/248 3275/1646/248 
f 3275/1646/248 2596/1647/248 2593/1594/248 
f 2894/1648/740 3276/1649/740 3273/1641/740 
f 3273/1641/740 2893/1640/740 2894/1648/740 
f 2601/1457/248 3277/1458/248 3278/1650/248 
f 3278/1650/248 2602/1651/248 2601/1457/248 
f 2156/1652/741 3279/1653/741 3280/1654/741 
f 3280/1654/741 2131/1655/741 2156/1652/741 
f 2891/1656/742 3281/1657/742 3276/1658/742 
f 3276/1658/742 2894/1659/742 2891/1656/742 
f 2600/1660/29 3282/1661/29 3277/1662/29 
f 3277/1662/29 2601/1663/29 2600/1660/29 
f 2146/1664/743 3283/1665/743 3284/1666/743 
f 3284/1666/744 2145/1667/744 2146/1664/744 
f 2892/1668/745 3285/1669/745 3281/1657/745 
f 3281/1657/745 2891/1656/745 2892/1668/745 
f 2603/1651/1 3286/1650/1 3282/1458/1 
f 3282/1458/1 2600/1457/1 2603/1651/1 
f 2889/1670/746 3287/1671/746 3285/1669/746 
f 3285/1669/746 2892/1668/746 2889/1670/746 
f 2604/1672/747 3288/1673/747 3286/1661/747 
f 3286/1661/747 2603/1660/747 2604/1672/747 
f 2170/1674/748 3289/1675/748 3120/1256/748 
f 3120/1256/748 2172/1257/748 2170/1674/748 
f 2890/1676/749 3290/1552/749 3287/1671/749 
f 3287/1671/749 2889/1670/749 2890/1676/749 
f 2365/1390/750 3291/1391/750 3292/1335/750 
f 3292/1335/750 2367/1334/750 2365/1390/750 
f 2605/1677/751 3293/1678/751 3288/1679/751 
f 3288/1679/751 2604/1680/751 2605/1677/751 
f 2251/1681/752 3294/1682/752 3295/1683/752 
f 3295/1683/752 2245/1684/752 2251/1681/752 
f 2887/1685/753 3296/1686/753 3290/1552/753 
f 3290/1552/753 2890/1676/753 2887/1685/753 
f 2607/1237/754 3265/1236/754 3293/1678/754 
f 3293/1678/754 2605/1677/754 2607/1237/754 
f 2888/1687/755 3297/1688/755 3296/1686/755 
f 3296/1686/755 2887/1685/755 2888/1687/755 
f 2351/1689/756 3298/1690/756 3139/1383/756 
f 3139/1383/756 2350/1382/756 2351/1689/756 
f 2602/1663/757 3278/1662/757 3267/1691/757 
f 3267/1691/757 2598/1692/757 2602/1663/757 
f 2895/1693/758 3299/1694/758 3297/1688/758 
f 3297/1688/758 2888/1687/758 2895/1693/758 
f 2500/1234/759 3102/1235/759 3300/1695/759 
f 3300/1695/759 2499/1696/759 2500/1234/759 
f 2612/1697/29 3301/1698/29 3260/1625/29 
f 3260/1625/29 2613/1624/29 2612/1697/29 
f 2158/1696/760 3302/1695/760 3049/1197/760 
f 3049/1197/760 2166/1196/760 2158/1696/760 
f 2611/1618/1 3303/1617/1 3301/1458/1 
f 3301/1458/1 2612/1457/1 2611/1618/1 
f 2147/1699/761 3304/1700/761 3153/1409/761 
f 3153/1409/761 2151/1408/761 2147/1699/761 
f 2291/1701/762 3305/1702/762 3306/1703/762 
f 3306/1703/762 2299/1704/762 2291/1701/762 
f 2610/1705/763 3307/1706/763 3303/1698/763 
f 3303/1698/763 2611/1697/763 2610/1705/763 
f 2614/1707/764 3308/1708/764 3307/1631/764 
f 3307/1631/764 2610/1630/764 2614/1707/764 
f 2540/1520/765 3309/1519/765 3165/1430/765 
f 3165/1430/765 2544/1429/765 2540/1520/765 
f 2616/1709/766 3310/1710/766 3308/1711/766 
f 3308/1711/766 2614/1712/766 2616/1709/766 
f 2306/1713/767 3311/1714/767 3312/1715/767 
f 3312/1715/767 2307/1716/767 2306/1713/767 
f 2619/1647/1 3313/1646/1 3310/1717/1 
f 3310/1717/1 2616/1718/1 2619/1647/1 
f 2618/1719/16 3314/1720/16 3313/1710/16 
f 3313/1710/16 2619/1709/16 2618/1719/16 
f 2617/1718/248 3315/1717/248 3314/1646/248 
f 3314/1646/248 2618/1647/248 2617/1718/248 
f 2290/1721/768 3316/1722/768 3131/1367/768 
f 3131/1367/768 2287/1366/768 2290/1721/768 
f 2615/1723/769 3317/1724/769 3315/1720/769 
f 3315/1720/769 2617/1719/769 2615/1723/769 
f 2608/1725/770 3318/1726/770 3317/1727/770 
f 3317/1727/770 2615/1728/770 2608/1725/770 
f 2471/1395/771 3146/1394/771 3319/1675/771 
f 3319/1675/771 2472/1674/771 2471/1395/771 
f 2606/1729/772 3320/1730/772 3318/1726/772 
f 3318/1726/772 2608/1725/772 2606/1729/772 
f 2117/1231/773 3066/1230/773 3321/1731/773 
f 3321/1731/773 2119/1732/773 2117/1231/773 
f 2599/1395/774 3322/1394/774 3320/1730/774 
f 3320/1730/774 2606/1729/774 2599/1395/774 
f 2452/1473/775 3187/1472/775 3323/1733/775 
f 3323/1733/775 2450/1734/775 2452/1473/775 
f 2595/1633/776 3324/1632/776 3322/1394/776 
f 3322/1394/776 2599/1395/776 2595/1633/776 
f 2218/1735/777 3114/1736/777 3325/1737/777 
f 3325/1737/777 2220/1738/777 2218/1735/777 
f 2594/1739/778 3326/1740/778 3324/1691/778 
f 3324/1691/778 2595/1692/778 2594/1739/778 
f 2877/1741/779 3327/1742/779 3328/1571/779 
f 3328/1571/779 2885/1572/779 2877/1741/779 
f 2597/1647/1 3329/1646/1 3326/1593/1 
f 3326/1593/1 2594/1594/1 2597/1647/1 
f 2297/1743/29 3330/1744/29 3190/1745/29 
f 3190/1745/29 2295/1746/29 2297/1743/29 
f 2596/1289/16 3275/1288/16 3329/1740/16 
f 3329/1740/16 2597/1739/16 2596/1289/16 
f 2255/1477/780 3189/1476/780 3331/1747/780 
f 3331/1747/780 2253/1748/780 2255/1477/780 
f 2490/1267/781 3332/1266/781 3333/1265/781 
f 3333/1265/782 2488/1264/782 2490/1267/782 
f 2394/1491/783 3197/1490/783 3334/1749/783 
f 3334/1749/783 2392/1750/783 2394/1491/783 
f 2214/1751/784 3335/1752/784 3143/1391/784 
f 3143/1391/784 2219/1390/784 2214/1751/784 
f 2187/1313/785 3106/1312/785 3336/1753/785 
f 3336/1753/785 2197/1754/785 2187/1313/785 
f 2566/1755/786 3212/1756/786 3337/1757/786 
f 3337/1757/787 2562/1758/787 2566/1755/787 
f 2556/1596/788 3249/1595/788 3338/1759/788 
f 3338/1759/788 2557/1760/788 2556/1596/788 
f 2183/1761/789 3339/1762/789 3340/1763/789 
f 3340/1763/789 2184/1764/789 2183/1761/789 
f 2229/1765/790 3341/1766/790 3126/1357/790 
f 3126/1357/790 2235/1356/790 2229/1765/790 
f 2879/1509/791 3207/1508/791 3327/1742/791 
f 3327/1742/791 2877/1741/791 2879/1509/791 
f 2334/1767/792 3342/1768/792 3343/1769/792 
f 3343/1769/792 2333/1770/792 2334/1767/792 
f 2885/1563/793 3328/1564/793 3344/1771/793 
f 3344/1771/793 2884/1772/793 2885/1563/793 
f 2571/1576/794 3237/1575/794 3345/1256/794 
f 3345/1256/794 2572/1257/794 2571/1576/794 
f 2884/1772/795 3344/1771/795 3346/1773/795 
f 3346/1773/795 2886/1774/795 2884/1772/795 
f 2886/1774/796 3346/1773/796 3201/1499/796 
f 3201/1499/796 2880/1498/796 2886/1774/796 
f 2188/1271/797 3168/1270/797 3347/1726/797 
f 3347/1726/797 2182/1725/797 2188/1271/797 
f 2820/1775/798 3348/1776/798 3349/1620/798 
f 3349/1620/798 2814/1777/798 2820/1775/798 
f 2137/1778/799 3350/1779/799 3159/1420/799 
f 3159/1420/799 2136/1419/799 2137/1778/799 
f 2814/1777/800 3349/1620/800 3351/1780/800 
f 3351/1780/800 2815/1781/800 2814/1777/800 
f 2641/1457/248 3352/1458/248 3353/1617/248 
f 3353/1617/248 2637/1618/248 2641/1457/248 
f 2821/1782/248 3354/1783/248 3355/1784/248 
f 3355/1784/248 2822/1785/248 2821/1782/248 
f 2386/1786/801 3356/1787/801 3263/1788/801 
f 3263/1788/801 2377/1789/801 2386/1786/801 
f 2637/1790/802 3353/1791/802 3357/1747/802 
f 3357/1747/802 2635/1748/802 2637/1790/802 
f 2530/1637/803 3271/1636/803 3358/1792/803 
f 3358/1792/803 2521/1793/803 2530/1637/803 
f 2626/1630/734 3359/1631/734 3360/1632/734 
f 3360/1632/734 2620/1633/734 2626/1630/734 
f 2620/1794/804 3360/1795/804 3361/1796/804 
f 3361/1796/804 2621/1797/804 2620/1794/804 
f 2501/1725/805 3362/1726/805 3363/1197/805 
f 3363/1197/805 2506/1196/805 2501/1725/805 
f 2621/1594/248 3361/1593/248 3364/1646/248 
f 3364/1646/248 2624/1647/248 2621/1594/248 
f 2177/1469/29 3185/719/29 3365/1463/29 
f 3365/1463/29 2175/1464/29 2177/1469/29 
f 2629/1457/248 3366/1458/248 3367/1650/248 
f 3367/1650/248 2630/1651/248 2629/1457/248 
f 2161/1798/806 3368/1799/806 3093/1287/806 
f 3093/1287/806 2159/1286/806 2161/1798/806 
f 2526/1800/807 3369/1801/807 3370/1802/807 
f 3370/1802/808 2527/1803/808 2526/1800/808 
f 2628/1804/29 3371/1805/29 3366/1806/29 
f 3366/1806/29 2629/1807/29 2628/1804/29 
f 2254/1808/809 3251/1809/809 3372/1791/809 
f 3372/1791/809 2257/1790/809 2254/1808/809 
f 2433/1810/810 3373/1811/810 3374/1812/810 
f 3374/1812/810 2436/1813/810 2433/1810/810 
f 2631/1651/1 3375/1650/1 3371/1458/1 
f 3371/1458/1 2628/1457/1 2631/1651/1 
f 2210/1814/811 3148/1815/811 3376/1816/811 
f 3376/1816/811 2213/1817/811 2210/1814/811 
f 2632/1818/812 3377/1819/812 3375/1805/812 
f 3375/1805/812 2631/1804/812 2632/1818/812 
f 2153/1820/813 3378/1821/813 3379/1822/813 
f 3379/1822/813 2152/1823/813 2153/1820/813 
f 2633/1677/814 3380/1678/814 3377/1679/814 
f 3377/1679/814 2632/1680/814 2633/1677/814 
f 2332/1824/815 3381/1825/815 3382/1826/815 
f 3382/1826/815 2335/1827/815 2332/1824/815 
f 2635/1237/754 3357/1236/754 3380/1678/754 
f 3380/1678/754 2633/1677/754 2635/1237/754 
f 2168/1484/816 3383/1485/816 3169/1434/816 
f 3169/1434/816 2165/1433/816 2168/1484/816 
f 2348/1828/817 3384/1829/817 3385/1397/817 
f 3385/1397/817 2347/1396/817 2348/1828/817 
f 2630/1830/757 3367/1831/757 3359/1832/757 
f 3359/1832/757 2626/1833/757 2630/1830/757 
f 2505/1834/818 3386/1835/818 3387/1836/818 
f 3387/1836/818 2504/1837/818 2505/1834/818 
f 2640/1838/29 3388/1839/29 3352/1791/29 
f 3352/1791/29 2641/1790/29 2640/1838/29 
f 2131/1655/819 3280/1654/819 3389/1840/819 
f 3389/1840/819 2121/1841/819 2131/1655/819 
f 2639/1618/1 3390/1617/1 3388/1458/1 
f 3388/1458/1 2640/1457/1 2639/1618/1 
f 2638/1842/820 3391/1843/820 3390/1839/820 
f 3390/1839/763 2639/1838/763 2638/1842/763 
f 2421/1623/821 3392/1622/821 3393/1466/821 
f 3393/1466/821 2419/1465/821 2421/1623/821 
f 2642/1707/764 3394/1708/764 3391/1631/764 
f 3391/1631/764 2638/1630/764 2642/1707/764 
f 2644/1844/766 3395/1845/766 3394/1846/766 
f 3394/1846/766 2642/1847/766 2644/1844/766 
f 2379/1848/822 3396/1849/822 3231/1560/822 
f 3231/1560/822 2380/1559/822 2379/1848/822 
f 2647/1647/1 3397/1646/1 3395/1717/1 
f 3395/1717/1 2644/1718/1 2647/1647/1 
f 2646/1850/16 3398/1851/16 3397/1852/16 
f 3397/1852/16 2647/1853/16 2646/1850/16 
f 2130/1854/823 3399/1855/823 3223/1544/823 
f 3223/1544/823 2132/1543/823 2130/1854/823 
f 2404/1483/824 3400/1482/824 3401/1198/824 
f 3401/1198/824 2409/1199/824 2404/1483/824 
f 2645/1718/248 3402/1717/248 3398/1646/248 
f 3398/1646/248 2646/1647/248 2645/1718/248 
f 2123/1856/825 3403/1857/825 3219/1536/825 
f 3219/1536/826 2124/1535/826 2123/1856/826 
f 2310/1858/827 3404/1859/827 3311/1860/827 
f 3311/1860/827 2306/1861/827 2310/1858/827 
f 2643/1862/769 3405/1863/769 3402/1851/769 
f 3402/1851/769 2645/1850/769 2643/1862/769 
f 2899/1864/828 3406/1865/828 3407/1866/828 
f 3407/1866/828 2906/1867/828 2899/1864/828 
f 2636/1725/770 3408/1726/770 3405/1727/770 
f 3405/1727/770 2643/1728/770 2636/1725/770 
f 2907/1868/829 3409/1869/829 3410/1552/829 
f 3410/1552/829 2900/1551/829 2907/1868/829 
f 2580/1337/830 3411/1336/830 3412/1870/830 
f 3412/1870/830 2581/1871/830 2580/1337/830 
f 2634/1729/772 3413/1730/772 3408/1726/772 
f 3408/1726/772 2636/1725/772 2634/1729/772 
f 2199/1238/831 3414/1239/831 3163/1426/831 
f 3163/1426/831 2202/1425/831 2199/1238/831 
f 2902/1872/832 3415/1873/832 3406/1552/832 
f 3406/1552/832 2899/1551/832 2902/1872/832 
f 2399/1874/833 3416/1875/833 3258/1616/833 
f 3258/1616/833 2400/1615/833 2399/1874/833 
f 2627/1395/774 3417/1394/774 3413/1730/774 
f 3413/1730/774 2634/1729/774 2627/1395/774 
f 2190/1464/834 3182/1463/834 3418/1863/834 
f 3418/1863/834 2189/1862/834 2190/1464/834 
f 2905/1876/835 3419/1877/835 3420/1878/835 
f 3420/1878/835 2903/1879/835 2905/1876/835 
f 2623/1633/776 3421/1632/776 3417/1394/776 
f 3417/1394/776 2627/1395/776 2623/1633/776 
f 2904/1880/836 3422/1881/836 3415/1873/836 
f 3415/1873/836 2902/1872/836 2904/1880/836 
f 2622/1882/837 3423/1883/837 3421/1832/837 
f 3421/1832/837 2623/1833/837 2622/1882/837 
f 2333/1884/838 3343/1885/838 3424/1541/838 
f 3424/1541/838 2331/1542/838 2333/1884/838 
f 2625/1647/1 3425/1646/1 3423/1593/1 
f 3423/1593/1 2622/1594/1 2625/1647/1 
f 2201/1886/839 3426/1887/839 3133/1371/839 
f 3133/1371/839 2198/1370/839 2201/1886/839 
f 2624/1797/16 3364/1796/16 3425/1883/16 
f 3425/1883/16 2625/1882/16 2624/1797/16 
f 2582/1888/840 3427/1889/840 3428/1890/840 
f 3428/1890/840 2578/1891/840 2582/1888/840 
f 2243/1892/841 3429/1893/841 3250/1598/841 
f 3250/1598/842 2250/1597/842 2243/1892/842 
f 2238/1556/843 3229/1555/843 3430/1311/843 
f 3430/1311/843 2236/1310/843 2238/1556/843 
f 2909/1894/844 3431/1895/844 3422/1881/844 
f 3422/1881/844 2904/1880/844 2909/1894/844 
f 2903/1896/845 3420/1897/845 3432/1898/845 
f 3432/1898/845 2908/1899/845 2903/1896/845 
f 2193/1900/846 3433/1901/846 3434/1902/846 
f 3434/1902/846 2196/1903/846 2193/1900/846 
f 2221/1904/847 3435/1905/847 3198/1906/847 
f 3198/1906/847 2216/1907/847 2221/1904/847 
f 2911/1908/848 3436/1909/848 3431/1895/848 
f 3431/1895/848 2909/1894/848 2911/1908/848 
f 2305/1910/849 3437/1911/849 3438/1912/849 
f 3438/1912/849 2311/1913/849 2305/1910/849 
f 2207/1914/850 3439/1915/850 3440/1916/850 
f 3440/1916/850 2174/1917/850 2207/1914/850 
f 2908/1899/851 3432/1898/851 3441/1918/851 
f 3441/1918/851 2910/1919/851 2908/1899/851 
f 2142/1920/852 3442/1921/852 3243/1921/852 
f 3243/1921/852 2140/1920/852 2142/1920/852 
f 3046/1922/853 3443/1923/853 3444/1924/853 
f 3444/1924/853 3036/1925/853 3046/1922/853 
f 2562/1758/854 3337/1757/854 3445/1926/854 
f 3445/1926/854 2560/1927/854 2562/1758/854 
f 2231/1928/855 3446/1929/855 3204/1453/855 
f 3204/1453/855 2234/1454/855 2231/1928/855 
f 2910/1930/856 3441/1931/856 3447/1932/856 
f 3447/1932/856 2912/1933/856 2910/1930/856 
f 3036/1934/857 3444/1935/857 3448/1936/857 
f 3448/1936/857 3035/1937/857 3036/1934/857 
f 2244/1464/858 3256/1463/858 3449/1938/858 
f 3449/1938/858 2247/1939/858 2244/1464/858 
f 3035/1937/859 3448/1936/859 3450/1940/859 
f 3450/1940/859 3034/1941/859 3035/1937/859 
f 2126/1942/860 3451/1943/860 3234/1566/860 
f 3234/1566/860 2127/1565/860 2126/1942/860 
f 2915/1944/861 3452/1945/861 3436/1946/861 
f 3436/1946/861 2911/1947/861 2915/1944/861 
f 3034/1948/862 3450/1949/862 3453/1950/862 
f 3453/1950/862 3033/1951/862 3034/1948/862 
f 2262/1263/863 3082/1262/863 3454/1952/863 
f 3454/1952/863 2260/1953/863 2262/1263/863 
f 2233/1954/864 3455/1955/864 3240/1582/864 
f 3240/1582/864 2230/1581/864 2233/1954/864 
f 2913/1322/865 3456/1323/865 3457/1956/865 
f 3457/1956/865 2914/1957/865 2913/1322/865 
f 3033/1951/866 3453/1950/866 3458/1958/866 
f 3458/1958/866 3032/1959/866 3033/1951/866 
f 2335/1960/867 3382/1961/867 3459/1284/867 
f 3459/1284/867 2339/1285/867 2335/1960/867 
f 3032/1959/868 3458/1958/868 3460/1962/868 
f 3460/1962/868 2927/1963/868 3032/1959/868 
f 2649/1392/248 3461/1393/248 3462/1302/248 
f 3462/1302/248 2650/1303/248 2649/1392/248 
f 2917/1964/869 3463/1965/869 3452/1966/869 
f 3452/1966/869 2915/1967/869 2917/1964/869 
f 2648/1968/29 3464/1969/29 3461/1970/29 
f 3461/1970/29 2649/1971/29 2648/1968/29 
f 2148/1972/870 3465/1973/870 3283/1665/870 
f 3283/1665/871 2146/1664/871 2148/1972/871 
f 2914/1957/589 3457/1956/589 3466/1974/589 
f 3466/1974/589 2916/1975/589 2914/1957/589 
f 2376/1976/872 3467/1977/872 3468/1902/872 
f 3468/1902/872 2384/1903/872 2376/1976/872 
f 2651/1303/1 3469/1302/1 3464/1393/1 
f 3464/1393/1 2648/1392/1 2651/1303/1 
f 2918/1978/873 3470/1979/873 3471/1980/873 
f 3471/1980/873 2919/1981/873 2918/1978/873 
f 2413/1982/874 3472/1983/874 3473/1533/874 
f 3473/1533/874 2415/1534/874 2413/1982/874 
f 2652/1984/875 3474/1985/875 3469/1969/875 
f 3469/1969/875 2651/1968/875 2652/1984/875 
f 2245/1986/876 3295/1987/876 3475/1988/876 
f 3475/1988/876 2241/1989/876 2245/1986/876 
f 2919/1981/877 3471/1980/877 3463/1965/877 
f 3463/1965/877 2917/1964/877 2919/1981/877 
f 2650/1990/878 3462/1991/878 3476/1955/878 
f 3476/1955/878 2653/1954/878 2650/1990/878 
f 2916/1992/879 3466/1993/879 3470/1979/879 
f 3470/1979/879 2918/1978/879 2916/1992/879 
f 2282/1330/880 3477/1331/880 3478/1994/880 
f 3478/1994/880 2288/1995/880 2282/1330/880 
f 2921/1996/881 3479/1997/881 3456/1998/881 
f 3456/1998/881 2913/1999/881 2921/1996/881 
f 2115/1454/882 3178/1453/882 3480/1371/882 
f 3480/1371/882 2116/1370/882 2115/1454/882 
f 2912/1964/883 3447/1965/883 3481/1979/883 
f 3481/1979/883 2920/1978/883 2912/1964/883 
f 2374/2000/884 3482/2001/884 3483/1210/884 
f 3483/1210/884 2373/1211/884 2374/2000/884 
f 2653/1396/248 3476/1397/248 3484/2002/248 
f 3484/2002/248 2655/2003/248 2653/1396/248 
f 2521/1793/885 3358/1792/885 3485/1308/885 
f 3485/1308/885 2522/1309/885 2521/1793/885 
f 2654/1580/1 3486/1579/1 3474/1427/1 
f 3474/1427/1 2652/1428/1 2654/1580/1 
f 2217/1606/886 3254/1605/886 3487/2004/886 
f 3487/2004/886 2212/2005/886 2217/1606/886 
f 2923/2006/887 3488/2007/887 3479/1997/887 
f 3479/1997/887 2921/1996/887 2923/2006/887 
f 2443/2008/888 3112/2009/888 3088/1277/888 
f 3088/1277/888 2442/1276/888 2443/2008/888 
f 2657/2010/889 3489/2011/889 3490/1985/889 
f 3490/1985/889 2656/1984/889 2657/2010/889 
f 2920/1978/890 3481/1979/890 3491/1202/890 
f 3491/1202/890 2922/1203/890 2920/1978/890 
f 2539/2012/891 3492/2013/891 3493/1413/891 
f 3493/1413/891 2533/1414/891 2539/2012/891 
f 2157/2014/892 3494/2015/892 3302/2016/892 
f 3302/2016/892 2158/2017/892 2157/2014/892 
f 2431/2018/893 3495/2019/893 3373/1727/893 
f 3373/1727/893 2433/1728/893 2431/2018/893 
f 2925/2020/894 3496/2021/894 3488/2007/894 
f 3488/2007/894 2923/2006/894 2925/2020/894 
f 2265/1483/895 3130/1482/895 3497/1829/895 
f 3497/1829/895 2271/1828/895 2265/1483/895 
f 2659/2022/896 3498/2023/896 3499/2024/896 
f 3499/2024/896 2658/2025/896 2659/2022/896 
f 2119/2026/897 3321/2027/897 3500/2028/897 
f 3500/2028/897 2122/2029/897 2119/2026/897 
f 2922/1203/898 3491/1202/898 3501/2030/898 
f 3501/2030/898 2924/2031/898 2922/1203/898 
f 2503/1407/899 3152/1406/899 3386/1835/899 
f 3386/1835/899 2505/1834/899 2503/1407/899 
f 2656/1984/844 3490/1985/844 3498/2032/844 
f 3498/2032/844 2659/2033/844 2656/1984/844 
f 2220/1738/900 3325/1737/900 3502/2034/900 
f 3502/2034/900 2222/2035/900 2220/1738/900 
f 2924/2031/901 3501/2030/901 3503/2036/901 
f 3503/2036/901 2926/2037/901 2924/2031/901 
f 2658/1968/902 3499/1969/902 3486/1985/902 
f 3486/1985/902 2654/1984/902 2658/1968/902 
f 2449/2038/903 3504/2039/903 3505/2040/903 
f 3505/2040/903 2451/2041/903 2449/2038/903 
f 2655/1954/904 3484/1955/904 3506/2042/904 
f 3506/2042/904 2670/2043/904 2655/1954/904 
f 2678/1900/905 3507/1901/905 3508/1836/905 
f 3508/1836/905 2674/1837/905 2678/1900/905 
f 2181/2044/906 3509/2045/906 3339/1762/906 
f 3339/1762/906 2183/1761/906 2181/2044/906 
f 2926/2037/907 3503/2036/907 3510/2046/907 
f 3510/2046/907 2928/2047/907 2926/2037/907 
f 2684/2048/908 3511/2049/908 3512/2050/908 
f 3512/2050/908 2664/2051/908 2684/2048/908 
f 2253/2052/909 3331/2053/909 3513/2054/909 
f 3513/2054/909 2252/2055/909 2253/2052/909 
f 2930/1569/910 3514/1570/910 3515/2056/910 
f 3515/2056/910 2931/2057/910 2930/1569/910 
f 2664/2051/911 3512/2050/911 3516/1504/911 
f 3516/1504/911 2665/1505/911 2664/2051/911 
f 2208/2058/912 3517/2059/912 3341/1766/912 
f 3341/1766/912 2229/1765/912 2208/2058/912 
f 2665/2060/913 3516/2061/913 3518/1575/913 
f 3518/1575/913 2667/1576/913 2665/2060/913 
f 2928/2062/914 3510/2063/914 3519/2064/914 
f 3519/2064/914 2929/2065/914 2928/2062/914 
f 2402/1254/915 3520/1255/915 3400/1482/915 
f 3400/1482/916 2404/1483/916 2402/1254/916 
f 2667/2066/917 3518/2067/917 3521/2068/917 
f 3521/2068/917 2668/2069/917 2667/2066/917 
f 2668/1837/918 3521/1836/918 3522/2070/918 
f 3522/2070/918 2666/2071/918 2668/1837/918 
f 2197/2072/919 3336/2073/919 3523/2074/919 
f 3523/2074/919 2200/2075/919 2197/2072/919 
f 2901/2076/920 3524/1873/920 3419/1897/920 
f 3419/1897/920 2905/1896/920 2901/2076/920 
f 2666/2071/921 3522/2070/921 3525/641/921 
f 3525/641/921 2660/2077/921 2666/2071/921 
f 2900/1551/922 3410/1552/922 3524/1873/922 
f 3524/1873/922 2901/2076/922 2900/1551/922 
f 2573/2078/923 3526/2079/923 3527/1377/923 
f 3527/1377/923 2577/1376/923 2573/2078/923 
f 2660/2080/924 3525/2081/924 3528/2082/924 
f 3528/2082/925 2661/2083/925 2660/2080/925 
f 2167/2084/926 3529/2085/926 3289/1675/926 
f 3289/1675/926 2170/1674/926 2167/2084/926 
f 2906/1867/1 3407/1866/1 3409/1259/1 
f 3409/1259/1 2907/2086/1 2906/1867/1 
f 2357/1369/927 3530/1368/927 3531/2087/927 
f 3531/2087/928 2353/2088/928 2357/1369/928 
f 2661/2083/929 3528/2082/929 3532/2089/929 
f 3532/2089/929 2662/2090/929 2661/2083/929 
f 2662/2091/248 3532/2092/248 3533/2093/248 
f 3533/2093/248 2663/2094/248 2662/2091/248 
f 2929/2065/930 3519/2064/930 3299/1694/930 
f 3299/1694/930 2895/1693/930 2929/2065/930 
f 2331/1542/931 3424/1541/931 3534/1245/931 
f 3534/1245/931 2327/1244/931 2331/1542/931 
f 2182/2095/932 3347/2096/932 3535/2097/932 
f 3535/2097/932 2179/2098/932 2182/2095/932 
f 2512/1241/933 3536/1240/933 3085/1269/933 
f 3085/1269/933 2510/1268/933 2512/1241/933 
f 2160/1404/934 3537/1405/934 3368/1799/934 
f 3368/1799/934 2161/1798/934 2160/1404/934 
f 2927/1963/935 3460/1962/935 3496/2099/935 
f 3496/2099/935 2925/2100/935 2927/1963/935 
f 2462/2078/936 3538/2079/936 3539/2079/936 
f 3539/2079/937 2461/2078/937 2462/2078/937 
f 2673/2071/938 3540/2070/938 3541/1269/938 
f 3541/1269/938 2677/1268/938 2673/2071/938 
f 2209/2088/939 3542/2087/939 3335/1752/939 
f 3335/1752/939 2214/1751/939 2209/2088/939 
f 2155/2101/940 3543/2102/940 3378/1821/940 
f 3378/1821/940 2153/1820/940 2155/2101/940 
f 2857/2103/941 3138/2104/941 3544/2105/941 
f 3544/2105/941 2955/2106/941 2857/2103/941 
f 2955/2106/942 3544/2105/942 3545/2107/942 
f 3545/2107/942 2956/2108/942 2955/2106/942 
f 2257/1790/943 3372/1791/943 3546/2109/943 
f 3546/2109/943 2258/2110/943 2257/1790/943 
f 2956/2108/944 3545/2107/944 3547/2111/944 
f 3547/2111/944 2957/2112/944 2956/2108/944 
f 2957/2112/945 3547/2111/945 3548/2113/945 
f 3548/2113/945 2958/2114/945 2957/2112/945 
f 2311/1913/946 3438/1912/946 3173/1442/946 
f 3173/1442/946 2313/1441/946 2311/1913/946 
f 2138/1820/947 3549/1821/947 3350/1779/947 
f 3350/1779/947 2137/1778/947 2138/1820/947 
f 2958/1951/948 3548/2115/948 3550/2116/948 
f 3550/2116/948 2959/2117/948 2958/1951/948 
f 2669/2118/949 3551/2119/949 3489/2011/949 
f 3489/2011/949 2657/2010/949 2669/2118/949 
f 2213/1817/950 3376/1816/950 3113/2074/950 
f 3113/2074/950 2215/2075/950 2213/1817/950 
f 2959/2120/951 3550/2121/951 3552/2122/951 
f 3552/2122/951 2961/2123/951 2959/2120/951 
f 2545/1425/952 3553/1426/952 3554/2124/952 
f 3554/2124/952 2551/2125/952 2545/1425/952 
f 2663/2090/29 3533/2089/29 3555/1906/29 
f 3555/1906/29 2683/1907/29 2663/2090/29 
f 2961/2123/953 3552/2122/953 3556/2126/953 
f 3556/2126/953 2963/2127/953 2961/2123/953 
f 2406/2128/954 3222/2129/954 3557/2130/954 
f 3557/2130/954 2407/2131/954 2406/2128/954 
f 2681/1891/955 3558/1890/955 3559/1284/955 
f 3559/1284/955 2685/1285/955 2681/1891/955 
f 2963/2132/956 3556/2133/956 3560/2134/956 
f 3560/2134/956 2964/2135/956 2963/2132/956 
f 2277/1396/957 3561/1397/957 3562/1239/957 
f 3562/1239/957 2273/1238/957 2277/1396/957 
f 2133/2136/958 3563/2137/958 3403/1857/958 
f 3403/1857/958 2123/1856/958 2133/2136/958 
f 2964/2135/959 3560/2134/959 3564/2138/959 
f 3564/2138/959 2966/2139/959 2964/2135/959 
f 2339/2140/960 3459/2141/960 3565/2142/960 
f 3565/2142/960 2352/2143/960 2339/2140/960 
f 2686/1447/961 3566/1448/961 3567/1902/961 
f 3567/1902/961 2682/1903/961 2686/1447/961 
f 2121/1553/962 3389/1554/962 3568/1462/962 
f 3568/1462/962 2120/1461/962 2121/1553/962 
f 2966/2139/963 3564/2138/963 3569/2144/963 
f 3569/2144/963 2974/2145/963 2966/2139/963 
f 2476/1309/964 3570/1308/964 3571/2146/964 
f 3571/2146/964 2480/2147/964 2476/1309/964 
f 2974/2145/965 3569/2144/965 3572/2148/965 
f 3572/2148/965 2972/2149/965 2974/2145/965 
f 2685/1285/966 3559/1284/966 3507/1901/966 
f 3507/1901/966 2678/1900/966 2685/1285/966 
f 2175/1196/967 3365/1197/967 3573/2039/967 
f 3573/2039/967 2173/2038/967 2175/1196/967 
f 2972/2149/968 3572/2148/968 3574/2150/968 
f 3574/2150/968 2968/2151/968 2972/2149/968 
f 2415/1534/969 3473/1533/969 3575/2152/969 
f 3575/2152/969 2422/2153/969 2415/1534/969 
f 2677/1268/970 3541/1269/970 3566/1448/970 
f 3566/1448/970 2686/1447/970 2677/1268/970 
f 2968/2151/971 3574/2150/971 3576/2154/971 
f 3576/2154/971 2934/2155/971 2968/2151/971 
f 2288/1995/972 3478/1994/972 3305/2001/972 
f 3305/2001/973 2291/2000/973 2288/1995/973 
f 2680/2156/974 3577/2157/974 3558/1890/974 
f 3558/1890/974 2681/1891/974 2680/2156/974 
f 2934/2158/975 3576/2159/975 3578/2160/975 
f 3578/2160/975 2935/2161/975 2934/2158/975 
f 2682/1903/976 3567/1902/976 3579/2162/976 
f 3579/2162/977 2679/2163/977 2682/1903/977 
f 2192/2164/978 3580/2165/978 3414/1239/978 
f 3414/1239/978 2199/1238/978 2192/2164/978 
f 2935/2166/979 3578/2167/979 3581/2168/979 
f 3581/2168/979 2954/2169/979 2935/2166/979 
f 2687/2170/980 3582/2171/980 3583/2172/980 
f 3583/2172/980 2672/2173/980 2687/2170/980 
f 2189/1862/981 3418/1863/981 3584/2174/981 
f 3584/2174/981 2185/2175/981 2189/1862/981 
f 2954/2169/982 3581/2168/982 3585/2176/982 
f 3585/2176/982 2950/2177/982 2954/2169/982 
f 2950/2177/983 3585/2176/983 3586/2178/983 
f 3586/2178/983 2948/2179/983 2950/2177/983 
f 2549/2180/984 3587/2181/984 3588/1836/984 
f 3588/1836/984 2535/1837/984 2549/2180/984 
f 2671/2044/985 3589/2045/985 3590/2182/985 
f 3590/2182/985 2688/2183/985 2671/2044/985 
f 2129/2184/986 3591/2185/986 3399/1855/986 
f 3399/1855/986 2130/1854/986 2129/2184/986 
f 2948/2179/987 3586/2178/987 3592/2186/987 
f 3592/2186/987 2946/2187/987 2948/2179/987 
f 2946/2188/988 3592/2189/988 3593/2190/988 
f 3593/2190/988 2944/2191/988 2946/2188/988 
f 2688/2183/989 3590/2182/989 3577/1763/989 
f 3577/1763/989 2680/1764/989 2688/2183/989 
f 2944/2191/990 3593/2190/990 3594/2192/990 
f 3594/2192/990 2942/2193/990 2944/2191/990 
f 2679/2194/991 3579/2195/991 3582/2171/991 
f 3582/2171/991 2687/2170/991 2679/2194/991 
f 2143/1810/992 3595/1811/992 3442/1921/992 
f 3442/1921/993 2142/1920/993 2143/1810/993 
f 2942/2193/994 3594/2192/994 3596/2196/994 
f 3596/2196/994 2940/2197/994 2942/2193/994 
f 2286/1429/995 3597/1430/995 3598/1377/995 
f 3598/1377/995 2278/1376/995 2286/1429/995 
f 2670/2043/996 3506/2042/996 3589/2045/996 
f 3589/2045/996 2671/2044/996 2670/2043/996 
f 2236/1310/997 3430/1311/997 3599/1462/997 
f 3599/1462/997 2194/1461/997 2236/1310/997 
f 2940/2197/998 3596/2196/998 3600/2198/998 
f 3600/2198/998 2936/2199/998 2940/2197/998 
f 2672/2173/999 3583/2172/999 3551/2119/999 
f 3551/2119/999 2669/2118/999 2672/2173/999 
f 2169/2200/1000 3601/2201/1000 3383/1485/1000 
f 3383/1485/1001 2168/1484/1001 2169/2200/1001 
f 2936/2199/1002 3600/2198/1002 3602/1499/1002 
f 3602/1499/1002 2937/1498/1002 2936/2199/1002 
f 2689/2202/1003 3603/2203/1003 3604/2204/1003 
f 3604/2204/1003 2676/2205/1003 2689/2202/1003 
f 2937/1498/1004 3602/1499/1004 3605/1515/1004 
f 3605/1515/1004 2952/2206/1004 2937/1498/1004 
f 2204/1982/1005 3606/1983/1005 3426/1302/1005 
f 3426/1302/1005 2201/1303/1005 2204/1982/1005 
f 2952/2207/1006 3605/2208/1006 3607/2209/1006 
f 3607/2209/1006 2953/2210/1006 2952/2207/1006 
f 2499/1696/1007 3300/1695/1007 3608/2211/1007 
f 3608/2211/1007 2495/2212/1007 2499/1696/1007 
f 2675/2213/1008 3609/2214/1008 3610/1763/1008 
f 3610/1763/1008 2690/1764/1008 2675/2213/1008 
f 2174/1917/1009 3440/1916/1009 3611/1486/1009 
f 3611/1486/1009 2162/1487/1009 2174/1917/1009 
f 2953/2210/1010 3607/2209/1010 3612/2215/1010 
f 3612/2215/1010 2938/2216/1010 2953/2210/1010 
f 2227/1904/1011 3613/1905/1011 3446/1929/1011 
f 3446/1929/1011 2231/1928/1011 2227/1904/1011 
f 2938/2217/1012 3612/2218/1012 3614/2219/1012 
f 3614/2219/1012 2939/2220/1012 2938/2217/1012 
f 2690/1764/1013 3610/1763/1013 3511/2049/1013 
f 3511/2049/1013 2684/2048/1013 2690/1764/1013 
f 2241/1989/1014 3475/1988/1014 3615/2221/1014 
f 3615/2221/1014 2232/2222/1014 2241/1989/1014 
f 2939/2220/16 3614/2219/16 3616/2223/16 
f 3616/2223/16 2941/2224/16 2939/2220/16 
f 2683/1907/1015 3555/1906/1015 3603/2203/1015 
f 3603/2203/1015 2689/2202/1015 2683/1907/1015 
f 2941/2224/1016 3616/2223/1016 3617/2225/1016 
f 3617/2225/1016 2943/2226/1016 2941/2224/1016 
f 2382/2227/1017 3618/2228/1017 3619/2229/1017 
f 3619/2229/1017 2383/2230/1017 2382/2227/1017 
f 2674/1837/1018 3508/1836/1018 3609/2231/1018 
f 3609/2231/1018 2675/2232/1018 2674/1837/1018 
f 2943/2226/1019 3617/2225/1019 3620/2233/1019 
f 3620/2233/1019 2945/2234/1019 2943/2226/1019 
f 2528/1450/1020 3621/1449/1020 3208/1423/1020 
f 3208/1423/1021 2529/1424/1021 2528/1450/1021 
f 2676/1318/1022 3604/1319/1022 3540/2070/1022 
f 3540/2070/1022 2673/2071/1022 2676/1318/1022 
f 2226/2235/1023 3622/2236/1023 3435/1905/1023 
f 3435/1905/1023 2221/1904/1023 2226/2235/1023 
f 2945/2234/1024 3620/2233/1024 3623/2237/1024 
f 3623/2237/1024 2947/2238/1024 2945/2234/1024 
f 2696/2239/248 3624/2240/248 3625/2241/248 
f 3625/2241/248 2694/2242/248 2696/2239/248 
f 2242/2243/1025 3626/2244/1025 3429/1893/1025 
f 3429/1893/1025 2243/1892/1025 2242/2243/1025 
f 2947/2245/1026 3623/2208/1026 3627/2246/1026 
f 3627/2246/1026 2949/2247/1026 2947/2245/1026 
f 2583/1577/1027 3628/1578/1027 3629/2248/1027 
f 3629/2248/1027 2584/2249/1027 2583/1577/1027 
f 2691/1286/16 3630/1287/16 3631/1472/16 
f 3631/1472/16 2692/1473/16 2691/1286/16 
f 2949/2247/1028 3627/2246/1028 3632/2250/1028 
f 3632/2250/1028 2951/2251/1028 2949/2247/1028 
f 2359/2252/1029 3633/2253/1029 3530/1368/1029 
f 3530/1368/1029 2357/1369/1029 2359/2252/1029 
f 2694/2254/16 3625/2255/16 3634/2256/16 
f 3634/2256/16 2695/2257/16 2694/2254/16 
f 2951/2251/1030 3632/2250/1030 3635/2258/1030 
f 3635/2258/1030 2932/2259/1030 2951/2251/1030 
f 2472/1674/1031 3319/1675/1031 3636/2260/1031 
f 3636/2260/1031 2473/2261/1031 2472/1674/1031 
f 2247/1939/1032 3449/1938/1032 3637/1554/1032 
f 3637/1554/1032 2248/1553/1032 2247/1939/1032 
f 2932/2262/1033 3635/2263/1033 3638/2264/1033 
f 3638/2264/1033 2933/2265/1033 2932/2262/1033 
f 2698/2257/16 3639/2256/16 3640/1287/16 
f 3640/1287/16 2697/1286/16 2698/2257/16 
f 2317/2266/1034 3641/2267/1034 3642/2268/1034 
f 3642/2268/1034 2314/2269/1034 2317/2266/1034 
f 2695/2242/248 3634/2241/248 3639/2270/248 
f 3639/2270/248 2698/2271/248 2695/2242/248 
f 2125/1538/1035 3220/1537/1035 3451/1943/1035 
f 3451/1943/1035 2126/1942/1035 2125/1538/1035 
f 2697/2271/1 3640/2270/1 3630/2241/1 
f 3630/2241/1 2691/2242/1 2697/2271/1 
f 2196/1505/1036 3434/1504/1036 3455/1955/1036 
f 3455/1955/1036 2233/1954/1036 2196/1505/1036 
f 2692/2242/1 3631/2241/1 3643/2240/1 
f 3643/2240/1 2693/2239/1 2692/2242/1 
f 2283/1294/1037 3644/1295/1037 3561/1397/1037 
f 3561/1397/1037 2277/1396/1037 2283/1294/1037 
f 2693/1473/29 3643/1472/29 3624/2255/29 
f 3624/2255/29 2696/2254/29 2693/1473/29 
f 2513/1215/1038 3645/1214/1038 3536/2272/1038 
f 3536/2272/1038 2512/2273/1038 2513/1215/1038 
f 2714/2051/1039 3646/2050/1039 3647/2274/1039 
f 3647/2274/1039 2715/2275/1039 2714/2051/1039 
f 2149/1215/1040 3058/1214/1040 3465/1973/1040 
f 3465/1973/1040 2148/1972/1040 2149/1215/1040 
f 2488/1264/1041 3333/1265/1041 3648/1339/1041 
f 3648/1339/1042 2487/1338/1042 2488/1264/1042 
f 2713/2276/1043 3649/2277/1043 3646/2050/1043 
f 3646/2050/1044 2714/2051/1044 2713/2276/1044 
f 2116/1370/1045 3480/1371/1045 3065/1229/1045 
f 3065/1229/1045 2114/1228/1045 2116/1370/1045 
f 2717/2066/1046 3650/2067/1046 3649/2277/1046 
f 3649/2277/1046 2713/2276/1046 2717/2066/1046 
f 2212/1330/1047 3487/1331/1047 3167/1398/1047 
f 3167/1398/1047 2206/1399/1047 2212/1330/1047 
f 2392/1750/1048 3334/1749/1048 3651/2278/1048 
f 3651/2278/1048 2391/2279/1048 2392/1750/1048 
f 2700/2280/1049 3652/2281/1049 3650/2067/1049 
f 3650/2067/1049 2717/2066/1049 2700/2280/1049 
f 2252/2055/1050 3513/2054/1050 3075/1249/1050 
f 3075/1249/1050 2249/1248/1050 2252/2055/1050 
f 2699/2282/1051 3653/2283/1051 3652/2284/1051 
f 3652/2284/1051 2700/2285/1051 2699/2282/1051 
f 2960/2286/1052 3654/2287/1052 3514/1570/1052 
f 3514/1570/1052 2930/1569/1052 2960/2286/1052 
f 2302/1223/1053 3062/1222/1053 3655/2288/1053 
f 3655/2288/1053 2304/2289/1053 2302/1223/1053 
f 2710/2290/1054 3656/2291/1054 3653/2283/1054 
f 3653/2283/1054 2699/2282/1054 2710/2290/1054 
f 2962/1200/1055 3657/2292/1055 3654/1332/1055 
f 3654/1332/1055 2960/1333/1055 2962/1200/1055 
f 2712/2293/1056 3658/2294/1056 3656/2291/1056 
f 3656/2291/1056 2710/2290/1056 2712/2293/1056 
f 2122/2029/1057 3500/2028/1057 3659/1665/1057 
f 3659/1665/1057 2141/1664/1057 2122/2029/1057 
f 2965/2295/1058 3660/2296/1058 3657/2297/1058 
f 3657/2297/1058 2962/2298/1058 2965/2295/1058 
f 2557/1760/1059 3338/1759/1059 3068/1235/1059 
f 3068/1235/1060 2558/1234/1060 2557/1760/1060 
f 2711/1818/1061 3661/1819/1061 3658/2294/1061 
f 3658/2294/1061 2712/2293/1061 2711/1818/1061 
f 2967/2299/1062 3662/2300/1062 3660/2296/1062 
f 3660/2296/1062 2965/2295/1062 2967/2299/1062 
f 2451/2041/1063 3505/2040/1063 3663/1320/1063 
f 3663/1320/1063 2456/1321/1063 2451/2041/1063 
f 2709/2301/1064 3664/2302/1064 3661/2303/1064 
f 3661/2303/1064 2711/2304/1064 2709/2301/1064 
f 2284/1369/1065 3132/1368/1065 3665/1983/1065 
f 3665/1983/1065 2279/1982/1065 2284/1369/1065 
f 3030/2305/1066 3666/2306/1066 3662/2307/1066 
f 3662/2307/1067 2967/2308/1067 3030/2305/1067 
f 2707/2069/1068 3667/2068/1068 3664/2302/1068 
f 3664/2302/1068 2709/2301/1068 2707/2069/1068 
f 2584/2249/1069 3629/2248/1069 3668/1727/1069 
f 3668/1727/1070 2585/1728/1070 2584/2249/1070 
f 3031/2309/1071 3669/2310/1071 3666/2306/1071 
f 3666/2306/1071 3030/2305/1071 3031/2309/1071 
f 2705/2311/1072 3670/2312/1072 3667/2068/1072 
f 3667/2068/1072 2707/2069/1072 2705/2311/1072 
f 2931/1325/1073 3515/1324/1073 3669/2310/1073 
f 3669/2310/1073 3031/2309/1073 2931/1325/1073 
f 2336/2313/1074 3671/2314/1074 3342/1768/1074 
f 3342/1768/1074 2334/1767/1074 2336/2313/1074 
f 2704/2315/1075 3672/2316/1075 3670/2312/1075 
f 3670/2312/1075 2705/2311/1075 2704/2315/1075 
f 2345/2317/1076 3673/2318/1076 3674/2181/1076 
f 3674/2181/1076 2344/2180/1076 2345/2317/1076 
f 2470/2319/1077 3675/2320/1077 3676/2321/1077 
f 3676/2321/1077 2469/2322/1077 2470/2319/1077 
f 2703/2323/1078 3677/2324/1078 3672/2325/1078 
f 3672/2325/1078 2704/2326/1078 2703/2323/1078 
f 2564/1903/1079 3678/1902/1079 3211/1518/1079 
f 3211/1518/1079 2567/1517/1079 2564/1903/1079 
f 2484/1244/1080 3679/1245/1080 3680/2327/1080 
f 3680/2327/1080 2485/2328/1080 2484/1244/1080 
f 2706/2329/1081 3681/2330/1081 3677/2174/1081 
f 3677/2174/1081 2703/2175/1081 2706/2329/1081 
f 2422/2331/1082 3575/2332/1082 3682/2333/1082 
f 3682/2333/1082 2432/2334/1082 2422/2331/1082 
f 2708/2335/1083 3683/2336/1083 3681/2330/1083 
f 3681/2330/1083 2706/2329/1083 2708/2335/1083 
f 2447/1300/1084 3684/1301/1084 3145/1983/1084 
f 3145/1983/1084 2466/1982/1084 2447/1300/1084 
f 2702/2337/1085 3685/2338/1085 3683/2336/1085 
f 3683/2336/1085 2708/2335/1085 2702/2337/1085 
f 2276/1303/1086 3100/1302/1086 3686/1198/1086 
f 3686/1198/1087 2280/1199/1087 2276/1303/1087 
f 2701/2339/1088 3687/2340/1088 3685/2341/1088 
f 3685/2341/1088 2702/2342/1088 2701/2339/1088 
f 2446/1247/1089 3688/1246/1089 3689/1308/1089 
f 3689/1308/1090 2445/1309/1090 2446/1247/1090 
f 2720/2343/1091 3690/2344/1091 3687/2340/1091 
f 3687/2340/1091 2701/2339/1091 2720/2343/1091 
f 2294/1478/1092 3691/1479/1092 3692/1479/1092 
f 3692/1479/1093 2296/1478/1093 2294/1478/1093 
f 2722/2345/1094 3693/2346/1094 3690/2344/1094 
f 3690/2344/1094 2720/2343/1094 2722/2345/1094 
f 2517/1309/1095 3104/1308/1095 3694/2347/1095 
f 3694/2347/1095 2515/2348/1095 2517/1309/1095 
f 2721/2349/1096 3695/2350/1096 3693/2346/1096 
f 3693/2346/1096 2722/2345/1096 2721/2349/1096 
f 2586/1728/1097 3696/1727/1097 3427/1889/1097 
f 3427/1889/1097 2582/1888/1097 2586/1728/1097 
f 2719/1862/1098 3697/1863/1098 3695/2351/1098 
f 3695/2351/1098 2721/2352/1098 2719/1862/1098 
f 2330/2353/1099 3698/2354/1099 3381/1825/1099 
f 3381/1825/1099 2332/1824/1099 2330/2353/1099 
f 2718/1451/1100 3699/1452/1100 3697/1863/1100 
f 3697/1863/1100 2719/1862/1100 2718/1451/1100 
f 2716/1454/1101 3700/1453/1101 3699/1452/1101 
f 3699/1452/1101 2718/1451/1101 2716/1454/1101 
f 2715/2275/1102 3647/2274/1102 3700/1453/1102 
f 3700/1453/1102 2716/1454/1102 2715/2275/1102 
f 2969/2355/1103 3701/2356/1103 3702/2357/1103 
f 3702/2357/1103 2970/2358/1103 2969/2355/1103 
f 2381/1195/1104 3703/1194/1104 3618/2228/1104 
f 3618/2228/1104 2382/2227/1104 2381/1195/1104 
f 2368/2359/1105 3704/2360/1105 3705/2360/1105 
f 3705/2360/1105 2369/2359/1105 2368/2359/1105 
f 2970/2358/1106 3702/2357/1106 3706/2361/1106 
f 3706/2361/1106 2971/2362/1106 2970/2358/1106 
f 2527/1803/248 3370/1802/248 3621/1802/248 
f 3621/1802/248 2528/1803/248 2527/1803/248 
f 2541/1436/1107 3707/1435/1107 3270/2363/1107 
f 3270/2363/1107 2536/2364/1107 2541/1436/1107 
f 2971/2362/1108 3706/2361/1108 3708/2365/1108 
f 3708/2365/1108 2973/2366/1108 2971/2362/1108 
f 2411/1297/1109 3709/1296/1109 3710/2367/1109 
f 3710/2367/1109 2420/2368/1109 2411/1297/1109 
f 2303/1365/1110 3711/1364/1110 3597/2369/1110 
f 3597/2369/1110 2286/2370/1110 2303/1365/1110 
f 2975/2371/1111 3712/2372/1111 3701/2356/1111 
f 3701/2356/1111 2969/2355/1111 2975/2371/1111 
f 2315/1444/1112 3174/1443/1112 3713/1736/1112 
f 3713/1736/1112 2316/1735/1112 2315/1444/1112 
f 2475/1282/1113 3714/1283/1113 3675/2255/1113 
f 3675/2255/1113 2470/2254/1113 2475/1282/1113 
f 2977/2179/1114 3715/2178/1114 3712/2372/1114 
f 3712/2372/1114 2975/2371/1114 2977/2179/1114 
f 2979/2373/1115 3716/2374/1115 3715/2178/1115 
f 3715/2178/1115 2977/2179/1115 2979/2373/1115 
f 2581/1871/1116 3412/1870/1116 3628/1578/1116 
f 3628/1578/1116 2583/1577/1116 2581/1871/1116 
f 2393/2375/1117 3247/2376/1117 3196/1489/1117 
f 3196/1489/1117 2395/1488/1117 2393/2375/1117 
f 2981/2377/1118 3717/2378/1118 3716/2056/1118 
f 3716/2056/1118 2979/2057/1118 2981/2377/1118 
f 2362/1450/1119 3176/1449/1119 3633/2253/1119 
f 3633/2253/1119 2359/2252/1119 2362/1450/1119 
f 2983/2379/1120 3718/2380/1120 3717/2378/1120 
f 3717/2378/1120 2981/2377/1120 2983/2379/1120 
f 2289/1341/1121 3119/1340/1121 3644/1295/1121 
f 3644/1295/1121 2283/1294/1121 2289/1341/1121 
f 2984/1775/1122 3719/1776/1122 3718/2381/1122 
f 3718/2381/1122 2983/2382/1122 2984/1775/1122 
f 2324/1326/1123 3720/1327/1123 3721/1256/1123 
f 3721/1256/1123 2322/1257/1123 2324/1326/1123 
f 2480/1208/1124 3571/1209/1124 3722/1722/1124 
f 3722/1722/1125 2483/1721/1125 2480/1208/1125 
f 2995/2383/1126 3723/1608/1126 3719/1776/1126 
f 3719/1776/1126 2984/1775/1126 2995/2383/1126 
f 2578/1891/1127 3428/1890/1127 3192/1481/1127 
f 3192/1481/1127 2576/1480/1127 2578/1891/1127 
f 2738/1748/1039 3724/1747/1039 3725/2384/1039 
f 3725/2384/1039 2739/2385/1039 2738/1748/1039 
f 2533/1414/1128 3493/1413/1128 3726/2386/1128 
f 3726/2386/1128 2524/2387/1128 2533/1414/1128 
f 2933/2358/1129 3638/2357/1129 3727/2388/1129 
f 3727/2388/1129 2976/2389/1129 2933/2358/1129 
f 2487/1338/1130 3648/1339/1130 3161/1339/1130 
f 3161/1339/1130 2486/1338/1130 2487/1338/1130 
f 2737/2390/1043 3728/2391/1043 3724/1747/1043 
f 3724/1747/1043 2738/1748/1043 2737/2390/1043 
f 2435/2392/1131 3729/2393/1131 3730/2394/1131 
f 3730/2394/1131 2434/2395/1131 2435/2392/1131 
f 2976/2389/1132 3727/2388/1132 3731/2396/1132 
f 3731/2396/1132 2978/2397/1132 2976/2389/1132 
f 2534/2398/1133 3732/2399/1133 3733/2013/1133 
f 3733/2013/1133 2538/2012/1133 2534/2398/1133 
f 2741/2400/1134 3734/2401/1134 3728/2391/1134 
f 3728/2391/1134 2737/2390/1134 2741/2400/1134 
f 2978/2397/1135 3731/2396/1135 3735/2402/1135 
f 3735/2402/1135 2980/2403/1135 2978/2397/1135 
f 2724/2404/1049 3736/2405/1049 3734/2401/1049 
f 3734/2401/1049 2741/2400/1049 2724/2404/1049 
f 2363/1534/1136 3218/1533/1136 3291/1391/1136 
f 3291/1391/1136 2365/1390/1136 2363/1534/1136 
f 2980/2403/1137 3735/2402/1137 3737/2381/1137 
f 3737/2381/1137 2982/2382/1137 2980/2403/1137 
f 2456/1321/1138 3663/1320/1138 3155/1412/1138 
f 3155/1412/1138 2455/1411/1138 2456/1321/1138 
f 2723/2282/1139 3738/2283/1139 3736/2284/1139 
f 3736/2284/1139 2724/2285/1139 2723/2282/1139 
f 2577/1376/1140 3527/1377/1140 3739/1449/1140 
f 3739/1449/1140 2579/1450/1140 2577/1376/1140 
f 2982/2382/1141 3737/2381/1141 3740/2406/1141 
f 3740/2406/1141 2986/2407/1141 2982/2382/1141 
f 2734/2290/1054 3741/2291/1054 3738/2283/1054 
f 3738/2283/1054 2723/2282/1054 2734/2290/1054 
f 2502/1520/1142 3742/1519/1142 3743/1722/1142 
f 3743/1722/1142 2498/1721/1142 2502/1520/1142 
f 2986/2407/1143 3740/2406/1143 3744/2408/1143 
f 3744/2408/1143 2987/2383/1143 2986/2407/1143 
f 2736/2293/1144 3745/2294/1144 3741/2291/1144 
f 3741/2291/1144 2734/2290/1144 2736/2293/1144 
f 2546/2368/1145 3746/2367/1145 3747/2157/1145 
f 3747/2157/1146 2543/2156/1146 2546/2368/1146 
f 2987/2114/1147 3744/2113/1147 3748/2409/1147 
f 3748/2409/1147 2990/2410/1147 2987/2114/1147 
f 2354/2411/1148 3749/2412/1148 3750/2413/1148 
f 3750/2413/1148 2355/2414/1148 2354/2411/1148 
f 2735/1818/1149 3751/1819/1149 3745/2294/1149 
f 3745/2294/1149 2736/2293/1149 2735/1818/1149 
f 2990/2415/1150 3748/2416/1150 3752/2417/1150 
f 3752/2417/1150 2992/2418/1150 2990/2415/1150 
f 2469/2322/1151 3676/2321/1151 3194/1485/1151 
f 3194/1485/1151 2468/1484/1151 2469/2322/1151 
f 2733/2419/1064 3753/2420/1064 3751/2421/1064 
f 3751/2421/1064 2735/2422/1064 2733/2419/1064 
f 2378/1562/1152 3232/1561/1152 3703/1194/1152 
f 3703/1194/1152 2381/1195/1152 2378/1562/1152 
f 2992/1772/1153 3752/2423/1153 3754/1869/1153 
f 3754/1869/1153 2999/2424/1153 2992/1772/1153 
f 2731/2425/1068 3755/2426/1068 3753/2420/1068 
f 3753/2420/1068 2733/2419/1068 2731/2425/1068 
f 2999/2424/1154 3754/1869/1154 3756/2427/1154 
f 3756/2427/1154 3000/2428/1154 2999/2424/1154 
f 2729/2429/1072 3757/2430/1072 3755/2431/1072 
f 3755/2431/1072 2731/2432/1072 2729/2429/1072 
f 2319/1689/1155 3758/1690/1155 3759/2433/1155 
f 3759/2433/1155 2320/2434/1155 2319/1689/1155 
f 3000/1643/1156 3756/1642/1156 3760/2435/1156 
f 3760/2435/1156 3002/1532/1156 3000/1643/1156 
f 2728/2436/1157 3761/2437/1157 3757/2430/1157 
f 3757/2430/1157 2729/2429/1157 2728/2436/1157 
f 2550/2438/1158 3762/2439/1158 3248/1288/1158 
f 3248/1288/1159 2554/1289/1159 2550/2438/1159 
f 3002/1532/1160 3760/2435/1160 3763/2440/1160 
f 3763/2440/1160 3006/2441/1160 3002/1532/1160 
f 2727/2323/1161 3764/2324/1161 3761/2325/1161 
f 3761/2325/1161 2728/2326/1161 2727/2323/1161 
f 2414/1208/1162 3765/1209/1162 3766/1266/1162 
f 3766/1266/1162 2424/1267/1162 2414/1208/1162 
f 2730/2442/1081 3767/2443/1081 3764/2444/1081 
f 3764/2444/1081 2727/2445/1081 2730/2442/1081 
f 2314/2269/1163 3642/2268/1163 3768/2446/1163 
f 3768/2446/1163 2312/2447/1163 2314/2269/1163 
f 2565/1390/1164 3769/1391/1164 3770/2124/1164 
f 3770/2124/1164 2561/2125/1164 2565/1390/1164 
f 2732/2448/1083 3771/2449/1083 3767/2450/1083 
f 3767/2450/1083 2730/2451/1083 2732/2448/1083 
f 2300/1517/1165 3203/1518/1165 3316/1722/1165 
f 3316/1722/1165 2290/1721/1165 2300/1517/1165 
f 2726/2452/1085 3772/2453/1085 3771/2449/1085 
f 3771/2449/1085 2732/2448/1085 2726/2452/1085 
f 2725/2339/1088 3773/2340/1088 3772/2341/1088 
f 3772/2341/1088 2726/2342/1088 2725/2339/1088 
f 2346/1428/1166 3774/1427/1166 3673/2318/1166 
f 3673/2318/1167 2345/2317/1167 2346/1428/1167 
f 2744/2343/1168 3775/2344/1168 3773/2340/1168 
f 3773/2340/1168 2725/2339/1168 2744/2343/1168 
f 2746/2345/1094 3776/2346/1094 3775/2344/1094 
f 3775/2344/1094 2744/2343/1094 2746/2345/1094 
f 2531/2454/1169 3777/2455/1169 3732/2399/1169 
f 3732/2399/1169 2534/2398/1169 2531/2454/1169 
f 2299/1704/1170 3306/1703/1170 3202/1501/1170 
f 3202/1501/1170 2301/1500/1170 2299/1704/1170 
f 2745/2349/1096 3778/2350/1096 3776/2346/1096 
f 3776/2346/1096 2746/2345/1096 2745/2349/1096 
f 2398/1440/1171 3172/1439/1171 3779/2456/1171 
f 3779/2456/1171 2396/2457/1171 2398/1440/1171 
f 2989/2458/1172 3780/2459/1172 3781/2460/1172 
f 3781/2460/1172 2985/2461/1172 2989/2458/1172 
f 2437/2200/1173 3782/2201/1173 3783/1792/1173 
f 3783/1792/1173 2441/1793/1173 2437/2200/1173 
f 2743/2462/1174 3784/2463/1174 3778/1816/1174 
f 3778/1816/1174 2745/1817/1174 2743/2462/1174 
f 2537/1513/1175 3209/1512/1175 3309/2013/1175 
f 3309/2013/1175 2540/2012/1175 2537/1513/1175 
f 2742/2464/1100 3785/2465/1100 3784/2466/1100 
f 3784/2466/1100 2743/2467/1100 2742/2464/1100 
f 2988/1621/1176 3786/1620/1176 3780/2468/1176 
f 3780/2468/1176 2989/1775/1176 2988/1621/1176 
f 2740/1461/1101 3787/1462/1101 3785/2465/1101 
f 3785/2465/1101 2742/2464/1101 2740/1461/1101 
f 2991/2469/1177 3788/2470/1177 3786/2471/1177 
f 3786/2471/1177 2988/2472/1177 2991/2469/1177 
f 2405/2473/1178 3789/2474/1178 3709/1296/1178 
f 3709/1296/1178 2411/1297/1178 2405/2473/1178 
f 2739/2385/1179 3725/2384/1179 3787/1462/1179 
f 3787/1462/1179 2740/1461/1179 2739/2385/1179 
f 2588/2475/1180 3790/2476/1180 3696/1727/1180 
f 3696/1727/1180 2586/1728/1180 2588/2475/1180 
f 2993/1589/1181 3791/1590/1181 3788/2417/1181 
f 3788/2417/1181 2991/2418/1181 2993/1589/1181 
f 2985/2477/1182 3781/2478/1182 3792/2479/1182 
f 3792/2479/1182 2994/2480/1182 2985/2477/1182 
f 2309/1528/1183 3216/1527/1183 3711/1364/1183 
f 3711/1364/1183 2303/1365/1183 2309/1528/1183 
f 2994/2480/1184 3792/2479/1184 3793/1620/1184 
f 3793/1620/1184 2996/1777/1184 2994/2480/1184 
f 2316/2481/1185 3713/2482/1185 3641/2483/1185 
f 3641/2483/1185 2317/2484/1185 2316/2481/1185 
f 2996/1777/1186 3793/1620/1186 3794/1602/1186 
f 3794/1602/1186 2997/1601/1186 2996/1777/1186 
f 2572/1257/1187 3345/1256/1187 3526/2079/1187 
f 3526/2079/1187 2573/2078/1187 2572/1257/1187 
f 2372/2485/1188 3795/2486/1188 3704/2360/1188 
f 3704/2360/1189 2368/2359/1189 2372/2485/1189 
f 2997/2487/1190 3794/2488/1190 3791/2470/1190 
f 3791/2470/1190 2993/2489/1190 2997/2487/1190 
f 2344/2180/1191 3674/2181/1191 3796/2490/1191 
f 3796/2490/1191 2340/2491/1191 2344/2180/1191 
f 2563/1282/1192 3797/1283/1192 3769/1391/1192 
f 3769/1391/1192 2565/1390/1192 2563/1282/1192 
f 2493/1395/1193 3798/1394/1193 3679/1245/1193 
f 3679/1245/1193 2484/1244/1193 2493/1395/1193 
f 2412/2492/1194 3799/2493/1194 3472/2494/1194 
f 3472/2494/1195 2413/2495/1195 2412/2492/1195 
f 2261/2496/1196 3800/2497/1196 3801/2498/1196 
f 3801/2498/1196 2259/2499/1196 2261/2496/1196 
f 2748/2500/16 3802/2501/16 3803/1644/16 
f 3803/1644/16 2749/1645/16 2748/2500/16 
f 2998/2502/1197 3804/2503/1197 3805/2504/1197 
f 3805/2504/1197 3004/2505/1197 2998/2502/1197 
f 2532/2012/1198 3806/2013/1198 3807/2321/1198 
f 3807/2321/1198 2542/2322/1198 2532/2012/1198 
f 2750/1645/29 3808/1644/29 3809/2501/29 
f 3809/2501/29 2747/2500/29 2750/1645/29 
f 2461/2078/1199 3539/2079/1199 3810/2181/1199 
f 3810/2181/1200 2460/2180/1200 2461/2078/1200 
f 3001/1676/1201 3811/2506/1201 3804/2503/1201 
f 3804/2503/1201 2998/2502/1201 3001/1676/1201 
f 2463/2078/1202 3074/2079/1202 3538/2079/1202 
f 3538/2079/1203 2462/2078/1203 2463/2078/1203 
f 2749/2271/1 3803/2270/1 3808/2240/1 
f 3808/2240/1 2750/2239/1 2749/2271/1 
f 3003/2507/1204 3812/2508/1204 3811/2506/1204 
f 3811/2506/1204 3001/1676/1204 3003/2507/1204 
f 2390/2509/1205 3813/2510/1205 3238/1578/1205 
f 3238/1578/1205 2389/1577/1205 2390/2509/1205 
f 2747/2239/248 3809/2240/248 3802/2270/248 
f 3802/2270/248 2748/2271/248 2747/2239/248 
f 3007/2220/1206 3814/2219/1206 3812/2508/1206 
f 3812/2508/1206 3003/2507/1206 3007/2220/1206 
f 2759/2511/29 3815/2512/29 3816/1226/29 
f 3816/1226/29 2760/1227/29 2759/2511/29 
f 3004/2513/1207 3805/2514/1207 3817/2515/1207 
f 3817/2515/1207 3005/2516/1207 3004/2513/1207 
f 2369/2359/1208 3705/2360/1208 3047/1193/1208 
f 3047/1193/1208 2371/1192/1208 2369/2359/1208 
f 2754/2517/1 3818/2518/1 3815/2240/1 
f 3815/2240/1 2759/2239/1 2754/2517/1 
f 2511/1271/1209 3086/1270/1209 3819/1266/1209 
f 3819/1266/1209 2509/1267/1209 2511/1271/1209 
f 2538/1241/1210 3733/1240/1210 3553/1426/1210 
f 3553/1426/1210 2545/1425/1210 2538/1241/1210 
f 2483/1721/1211 3722/1722/1211 3362/1579/1211 
f 3362/1579/1211 2501/1580/1211 2483/1721/1211 
f 2760/2239/1212 3816/2240/1212 3820/2519/1212 
f 3820/2519/1212 2761/2520/1212 2760/2239/1212 
f 2459/2164/1213 3821/2165/1213 3822/2165/1213 
f 3822/2165/1213 2458/2164/1213 2459/2164/1213 
f 2448/1837/1214 3823/1836/1214 3504/2039/1214 
f 3504/2039/1214 2449/2038/1214 2448/1837/1214 
f 2756/2239/248 3824/2240/248 3825/2521/248 
f 3825/2521/248 2757/2522/248 2756/2239/248 
f 2440/1279/1215 3089/1278/1215 3826/1639/1215 
f 3826/1639/1215 2438/1638/1215 2440/1279/1215 
f 2273/1238/1216 3562/1239/1216 3827/2523/1216 
f 3827/2523/1216 2269/2524/1216 2273/1238/1216 
f 2755/2525/29 3828/2526/29 3824/2527/29 
f 3824/2527/29 2756/2528/29 2755/2525/29 
f 2524/1334/1217 3726/1335/1217 3829/1449/1217 
f 3829/1449/1217 2519/1450/1217 2524/1334/1217 
f 2338/1389/1218 3142/1388/1218 3830/2529/1218 
f 3830/2529/1218 2337/2530/1218 2338/1389/1218 
f 2761/2520/1219 3820/2519/1219 3831/2531/1219 
f 3831/2531/1219 2764/2532/1219 2761/2520/1219 
f 2428/2334/1220 3832/2333/1220 3116/2533/1220 
f 3116/2533/1220 2427/2534/1220 2428/2334/1220 
f 2764/2535/1221 3831/2536/1221 3833/2537/1221 
f 3833/2537/1221 2765/2538/1221 2764/2535/1221 
f 2543/2156/1222 3747/2157/1222 3492/2157/1222 
f 3492/2157/1222 2539/2156/1222 2543/2156/1222 
f 3006/2106/1223 3763/2539/1223 3834/2540/1223 
f 3834/2540/1223 3009/2541/1223 3006/2106/1223 
f 2591/1995/1224 3835/1994/1224 3836/1206/1224 
f 3836/1206/1224 2590/1207/1224 2591/1995/1224 
f 2758/2520/1 3837/2519/1 3828/2240/1 
f 3828/2240/1 2755/2239/1 2758/2520/1 
f 2285/1267/1225 3838/1266/1225 3691/1479/1225 
f 3691/1479/1226 2294/1478/1226 2285/1267/1226 
f 3009/2541/1227 3834/2540/1227 3839/2542/1227 
f 3839/2542/1227 3010/2543/1227 3009/2541/1227 
f 2478/2544/1228 3840/2545/1228 3570/1308/1228 
f 3570/1308/1228 2476/1309/1228 2478/2544/1228 
f 2765/2538/1229 3833/2537/1229 3841/2546/1229 
f 3841/2546/1229 2766/2547/1229 2765/2538/1229 
f 3010/2543/1230 3839/2542/1230 3842/2548/1230 
f 3842/2548/1230 3012/2549/1230 3010/2543/1230 
f 2430/2550/1231 3843/2551/1231 3053/1205/1231 
f 3053/1205/1231 2423/1204/1231 2430/2550/1231 
f 2358/1369/1232 3137/1368/1232 3096/1295/1232 
f 3096/1295/1232 2360/1294/1232 2358/1369/1232 
f 3012/2552/1233 3842/2553/1233 3844/2554/1233 
f 3844/2554/1233 3014/2555/1233 3012/2552/1233 
f 2481/1513/1234 3845/1512/1234 3151/1405/1234 
f 3151/1405/1234 2489/1404/1234 2481/1513/1234 
f 3014/2555/1235 3844/2554/1235 3846/2556/1235 
f 3846/2556/1235 3015/2557/1235 3014/2555/1235 
f 2763/2558/1236 3847/2559/1236 3848/2560/1236 
f 3848/2560/1237 2753/2561/1237 2763/2558/1237 
f 3015/2557/1238 3846/2556/1238 3849/2562/1238 
f 3849/2562/1238 3013/2563/1238 3015/2557/1238 
f 2561/2125/1239 3770/2124/1239 3587/2181/1239 
f 3587/2181/1239 2549/2180/1239 2561/2125/1239 
f 2429/2018/1240 3850/2019/1240 3392/1622/1240 
f 3392/1622/1240 2421/1623/1240 2429/2018/1240 
f 3013/2564/1241 3849/2565/1241 3851/2566/1241 
f 3851/2566/1241 3011/2567/1241 3013/2564/1241 
f 2752/2568/1242 3852/2569/1242 3853/2570/1242 
f 3853/2570/1242 2762/2571/1242 2752/2568/1242 
f 3011/2567/1243 3851/2566/1243 3854/2572/1243 
f 3854/2572/1243 3008/2573/1243 3011/2567/1243 
f 2525/1800/1244 3855/1801/1244 3369/1801/1244 
f 3369/1801/1244 2526/1800/1244 2525/1800/1244 
f 3008/1456/1245 3854/1455/1245 3814/2219/1245 
f 3814/2219/1245 3007/2220/1245 3008/1456/1245 
f 2757/2522/1246 3825/2521/1246 3847/2574/1246 
f 3847/2574/1246 2763/2575/1246 2757/2522/1246 
f 2278/1376/1247 3598/1377/1247 3070/1239/1247 
f 3070/1239/1247 2270/1238/1247 2278/1376/1247 
f 2762/2532/1248 3853/2531/1248 3837/2519/1248 
f 3837/2519/1248 2758/2520/1248 2762/2532/1248 
f 2385/2156/1249 3856/2157/1249 3396/1977/1249 
f 3396/1977/1249 2379/1976/1249 2385/2156/1249 
f 2751/2576/1250 3857/2577/1250 3852/2569/1250 
f 3852/2569/1250 2752/2568/1250 2751/2576/1250 
f 2328/1309/1251 3858/1308/1251 3859/2578/1251 
f 3859/2578/1252 2329/2579/1252 2328/1309/1252 
f 2753/2561/1253 3848/2560/1253 3818/2332/1253 
f 3818/2332/1253 2754/2331/1253 2753/2561/1253 
f 3005/2580/1254 3817/2581/1254 3860/2582/1254 
f 3860/2582/1254 3016/2583/1254 3005/2580/1254 
f 2349/1385/1255 3140/1384/1255 3384/2584/1255 
f 3384/2584/1255 2348/2585/1255 2349/1385/1255 
f 2326/1418/1256 3158/1417/1256 3858/2586/1256 
f 3858/2586/1256 2328/2587/1256 2326/1418/1256 
f 3016/2583/1257 3860/2582/1257 3861/2588/1257 
f 3861/2588/1257 3017/2589/1257 3016/2583/1257 
f 2766/2547/16 3841/2546/16 3857/2577/16 
f 3857/2577/16 2751/2576/16 2766/2547/16 
f 3017/2589/1258 3861/2588/1258 3862/2590/1258 
f 3862/2590/1258 3018/2591/1258 3017/2589/1258 
f 2518/2348/1259 3863/2347/1259 3645/2592/1259 
f 3645/2592/1259 2513/2593/1259 2518/2348/1259 
f 2514/2387/1260 3864/2386/1260 3806/2013/1260 
f 3806/2013/1260 2532/2012/1260 2514/2387/1260 
f 2782/2352/1261 3865/2351/1261 3866/2594/1261 
f 3866/2594/1261 2786/2595/1261 2782/2352/1261 
f 3019/2596/1262 3867/2597/1262 3723/1570/1262 
f 3723/1570/1262 2995/2598/1262 3019/2596/1262 
f 2439/2599/1263 3868/2600/1263 3782/2201/1263 
f 3782/2201/1263 2437/2200/1263 2439/2599/1263 
f 2779/2404/1264 3869/2405/1264 3865/2351/1264 
f 3865/2351/1264 2782/2352/1264 2779/2404/1264 
f 3021/2601/1265 3870/2602/1265 3867/2597/1265 
f 3867/2597/1265 3019/2596/1265 3021/2601/1265 
f 2407/2328/1266 3557/2327/1266 3789/2474/1266 
f 3789/2474/1266 2405/2473/1266 2407/2328/1266 
f 2778/2603/1267 3871/2604/1267 3869/2605/1267 
f 3869/2605/1267 2779/2606/1267 2778/2603/1267 
f 2347/1396/1268 3385/1397/1268 3774/1427/1268 
f 3774/1427/1268 2346/1428/1268 2347/1396/1268 
f 3022/1613/1269 3872/2607/1269 3870/2602/1269 
f 3870/2602/1269 3021/2601/1269 3022/1613/1269 
f 2775/2608/1270 3873/2609/1270 3871/2604/1270 
f 3871/2604/1270 2778/2603/1270 2775/2608/1270 
f 3024/2610/1271 3874/1620/1271 3872/2607/1271 
f 3872/2607/1271 3022/1613/1271 3024/2610/1271 
f 2498/1721/1272 3743/1722/1272 3798/1336/1272 
f 3798/1336/1273 2493/1337/1273 2498/1721/1273 
f 2774/2611/1274 3875/2612/1274 3873/2609/1274 
f 3873/2609/1274 2775/2608/1274 2774/2611/1274 
f 3026/1643/1275 3876/1642/1275 3874/2408/1275 
f 3874/2408/1275 3024/2383/1275 3026/1643/1275 
f 2293/1267/1276 3191/1266/1276 3118/1339/1276 
f 3118/1339/1276 2292/1338/1276 2293/1267/1276 
f 2771/2613/1277 3877/2614/1277 3875/2612/1277 
f 3875/2612/1277 2774/2611/1277 2771/2613/1277 
f 2396/2200/1278 3779/2201/1278 3416/1875/1278 
f 3416/1875/1278 2399/1874/1278 2396/2200/1278 
f 3029/2615/1279 3878/2616/1279 3876/1642/1279 
f 3876/1642/1279 3026/1643/1279 3029/2615/1279 
f 2770/2315/1280 3879/2316/1280 3877/2617/1280 
f 3877/2617/1280 2771/2618/1280 2770/2315/1280 
f 3028/2619/1281 3880/2620/1281 3878/2616/1281 
f 3878/2616/1281 3029/2615/1281 3028/2619/1281 
f 2768/2595/1282 3881/2594/1282 3879/2316/1282 
f 3879/2316/1282 2770/2315/1282 2768/2595/1282 
f 3027/2621/1283 3882/2622/1283 3880/2620/1283 
f 3880/2620/1283 3028/2619/1283 3027/2621/1283 
f 2391/2018/1284 3651/2019/1284 3813/2510/1284 
f 3813/2510/1284 2390/2509/1284 2391/2018/1284 
f 2783/2623/1285 3883/2624/1285 3884/1312/1285 
f 3884/1312/1285 2780/1313/1285 2783/2623/1285 
f 3025/2598/1286 3885/2625/1286 3882/2622/1286 
f 3882/2622/1286 3027/2621/1286 3025/2598/1286 
f 2780/2626/1287 3884/2627/1287 3886/2102/1287 
f 3886/2102/1287 2781/2101/1287 2780/2626/1287 
f 3023/2628/1288 3887/2629/1288 3885/2215/1288 
f 3885/2215/1288 3025/2216/1288 3023/2628/1288 
f 2781/2101/1289 3886/2102/1289 3888/2630/1289 
f 3888/2630/1289 2776/2631/1289 2781/2101/1289 
f 3020/2615/1290 3889/2616/1290 3887/2629/1290 
f 3887/2629/1290 3023/2628/1290 3020/2615/1290 
f 2776/2631/1291 3888/2630/1291 3890/2632/1291 
f 3890/2632/1291 2777/2633/1291 2776/2631/1291 
f 3018/2634/1292 3862/2635/1292 3889/2616/1292 
f 3889/2616/1292 3020/2615/1292 3018/2634/1292 
f 2777/2633/1293 3890/2632/1293 3891/2636/1293 
f 3891/2636/1293 2772/2637/1293 2777/2633/1293 
f 2403/1483/1294 3200/1482/1294 3171/2638/1294 
f 3171/2638/1294 2397/2639/1294 2403/1483/1294 
f 2522/1276/1295 3485/1277/1295 3777/2455/1295 
f 3777/2455/1295 2531/2454/1295 2522/1276/1295 
f 2772/2640/1296 3891/2641/1296 3892/2642/1296 
f 3892/2642/1296 2773/2643/1296 2772/2640/1296 
f 2454/1414/1297 3156/1413/1297 3186/1471/1297 
f 3186/1471/1297 2453/1470/1297 2454/1414/1297 
f 2268/2644/1298 3893/2645/1298 3894/2646/1298 
f 3894/2646/1298 2281/2647/1298 2268/2644/1298 
f 2337/2530/1299 3830/2529/1299 3671/2314/1299 
f 3671/2314/1299 2336/2313/1299 2337/2530/1299 
f 2482/2648/1300 3162/2649/1300 3895/1434/1300 
f 3895/1434/1300 2479/1433/1300 2482/2648/1300 
f 2373/1211/1301 3483/1210/1301 3795/1209/1301 
f 3795/1209/1302 2372/1208/1302 2373/1211/1302 
f 2973/2650/1303 3708/2651/1303 3896/1642/1303 
f 3896/1642/1303 3037/1643/1303 2973/2650/1303 
f 2260/2652/1304 3454/2653/1304 3800/2497/1304 
f 3800/2497/1304 2261/2496/1304 2260/2652/1304 
f 3037/1643/1305 3896/1642/1305 3897/2654/1305 
f 3897/2654/1305 3038/2655/1305 3037/1643/1305 
f 2375/1623/1306 3264/1622/1306 3482/2001/1306 
f 3482/2001/1307 2374/2000/1307 2375/1623/1307 
f 3038/2655/1308 3897/2654/1308 3898/2468/1308 
f 3898/2468/1308 3039/2656/1308 3038/2655/1308 
f 2560/1721/1309 3445/1722/1309 3797/1283/1309 
f 3797/1283/1310 2563/1282/1310 2560/1721/1310 
f 2784/2239/248 3899/2240/248 3900/2270/248 
f 3900/2270/248 2767/2271/248 2784/2239/248 
f 3039/2657/1311 3898/2658/1311 3901/2659/1311 
f 3901/2659/1311 3040/2660/1311 3039/2657/1311 
f 2460/2180/1312 3810/2181/1312 3821/2165/1312 
f 3821/2165/1313 2459/2164/1313 2460/2180/1313 
f 3040/2661/1314 3901/2662/1314 3902/2663/1314 
f 3902/2663/1314 3041/2664/1314 3040/2661/1314 
f 2519/2665/1315 3829/2666/1315 3855/1801/1315 
f 3855/1801/1316 2525/1800/1316 2519/2665/1316 
f 2769/2667/1 3903/2668/1 3904/1906/1 
f 3904/1906/1 2785/1907/1 2769/2667/1 
f 3041/2664/1317 3902/2663/1317 3905/2669/1317 
f 3905/2669/1317 3042/2670/1317 3041/2664/1317 
f 2384/1903/1318 3468/1902/1318 3246/1592/1318 
f 3246/1592/1318 2388/1591/1318 2384/1903/1318 
f 3042/2671/1319 3905/2672/1319 3906/2673/1319 
f 3906/2673/1319 3043/2674/1319 3042/2671/1319 
f 2329/2579/1320 3859/2578/1320 3698/1726/1320 
f 3698/1726/1321 2330/1725/1321 2329/2579/1321 
f 3043/2675/1322 3906/2676/1322 3907/2677/1322 
f 3907/2677/1322 3044/2678/1322 3043/2675/1322 
f 2467/1487/1323 3195/1486/1323 3908/1262/1323 
f 3908/1262/1323 2465/1263/1323 2467/1487/1323 
f 2785/2595/1324 3904/2594/1324 3883/2624/1324 
f 3883/2624/1325 2783/2623/1325 2785/2595/1325 
f 2274/2679/1326 3909/2680/1326 3910/2681/1326 
f 3910/2681/1326 2272/2682/1326 2274/2679/1326 
f 3044/2678/1327 3907/2677/1327 3911/2683/1327 
f 3911/2683/1327 3045/2684/1327 3044/2678/1327 
f 2773/2643/1328 3892/2642/1328 3903/2594/1328 
f 3903/2594/1328 2769/2595/1328 2773/2643/1328 
f 3045/2685/1329 3911/2686/1329 3443/1923/1329 
f 3443/1923/1329 3046/1922/1329 3045/2685/1329 
f 2767/2687/1330 3900/2688/1330 3881/2594/1330 
f 3881/2594/1330 2768/2595/1330 2767/2687/1330 
f 2515/2348/1331 3694/2347/1331 3863/2347/1331 
f 3863/2347/1331 2518/2348/1331 2515/2348/1331 
f 2535/2689/1332 3588/2690/1332 3912/1472/1332 
f 3912/1472/1332 2523/1473/1332 2535/2689/1332 
f 2786/2595/1333 3866/2594/1333 3899/2688/1333 
f 3899/2688/1333 2784/2687/1333 2786/2595/1333 
f 2425/2691/1334 3913/2692/1334 3832/2333/1334 
f 3832/2333/1335 2428/2334/1335 2425/2691/1335 
f 2809/2293/1336 3914/2294/1336 3915/2693/1336 
f 3915/2693/1336 2795/2694/1336 2809/2293/1336 
f 2387/1580/1337 3239/1579/1337 3856/2157/1337 
f 3856/2157/1337 2385/2156/1337 2387/1580/1337 
f 2795/2694/1338 3915/2693/1338 3916/2695/1338 
f 3916/2695/1338 2793/2696/1338 2795/2694/1338 
f 2271/1828/1339 3497/1829/1339 3838/1266/1339 
f 3838/1266/1339 2285/1267/1339 2271/1828/1339 
f 2793/2697/1340 3916/2698/1340 3917/1567/1340 
f 3917/1567/1340 2792/1568/1340 2793/2697/1340 
f 2367/1334/1341 3292/1335/1341 3467/1977/1341 
f 3467/1977/1341 2376/1976/1341 2367/1334/1341 
f 2222/2035/1342 3502/2034/1342 3918/2699/1342 
f 3918/2699/1342 2224/2700/1342 2222/2035/1342 
f 2792/1568/1343 3917/1567/1343 3919/2701/1343 
f 3919/2701/1343 2790/2702/1343 2792/1568/1343 
f 2353/2088/1344 3531/2087/1344 3298/1398/1344 
f 3298/1398/1344 2351/1399/1344 2353/2088/1344 
f 2509/1267/1345 3819/1266/1345 3864/1578/1345 
f 3864/1578/1345 2514/1577/1345 2509/1267/1345 
f 2152/1823/1346 3379/1822/1346 3057/1588/1346 
f 3057/1588/1346 2150/1587/1346 2152/1823/1346 
f 2787/2696/1347 3920/2695/1347 3921/2693/1347 
f 3921/2693/1347 2788/2694/1347 2787/2696/1347 
f 2494/1478/1348 3922/1479/1348 3923/1479/1348 
f 3923/1479/1348 2492/1478/1348 2494/1478/1348 
f 2438/1638/1349 3826/1639/1349 3868/2600/1349 
f 3868/2600/1349 2439/2599/1349 2438/1638/1349 
f 2788/2694/1350 3921/2693/1350 3924/2294/1350 
f 3924/2294/1350 2804/2293/1350 2788/2694/1350 
f 2434/2395/1351 3730/2394/1351 3850/2019/1351 
f 3850/2019/1351 2429/2018/1351 2434/2395/1351 
f 2420/2368/1352 3710/2367/1352 3495/2019/1352 
f 3495/2019/1352 2431/2018/1352 2420/2368/1352 
f 2144/2419/1353 3925/2420/1353 3494/2703/1353 
f 3494/2703/1353 2157/2704/1353 2144/2419/1353 
f 2804/2293/1354 3924/2294/1354 3926/2705/1354 
f 3926/2705/1354 2805/2706/1354 2804/2293/1354 
f 2307/1716/1355 3312/1715/1355 3215/1526/1355 
f 3215/1526/1355 2308/1525/1355 2307/1716/1355 
f 2805/2706/1356 3926/2705/1356 3927/2338/1356 
f 3927/2338/1356 2800/2337/1356 2805/2706/1356 
f 2552/1460/1357 3180/1459/1357 3707/1435/1357 
f 3707/1435/1357 2541/1436/1357 2552/1460/1357 
f 2800/2707/1358 3927/2708/1358 3928/2709/1358 
f 3928/2709/1358 2801/2710/1358 2800/2707/1358 
f 2322/2711/1359 3721/2712/1359 3929/2713/1359 
f 3929/2713/1359 2321/2714/1359 2322/2711/1359 
f 2801/2710/1360 3928/2709/1360 3930/2701/1360 
f 3930/2701/1360 2796/2702/1360 2801/2710/1360 
f 2164/1289/1361 3094/1288/1361 3529/2085/1361 
f 3529/2085/1361 2167/2084/1361 2164/1289/1361 
f 2796/2702/1362 3930/2701/1362 3931/1567/1362 
f 3931/1567/1362 2797/1568/1362 2796/2702/1362 
f 2797/1568/1363 3931/1567/1363 3932/2698/1363 
f 3932/2698/1363 2812/2697/1363 2797/1568/1363 
f 2485/2328/1364 3680/2327/1364 3226/1550/1364 
f 3226/1550/1364 2491/1549/1364 2485/2328/1364 
f 2176/1199/1365 3050/1198/1365 3517/2715/1365 
f 3517/2715/1365 2208/2716/1365 2176/1199/1365 
f 2812/2337/1366 3932/2338/1366 3933/2705/1366 
f 3933/2705/1366 2808/2706/1366 2812/2337/1366 
f 2418/1480/1367 3934/1481/1367 3935/1284/1367 
f 3935/1284/1367 2416/1285/1367 2418/1480/1367 
f 2808/2706/1368 3933/2705/1368 3914/2294/1368 
f 3914/2294/1368 2809/2293/1368 2808/2706/1368 
f 2585/1728/1369 3668/1727/1369 3936/2476/1369 
f 3936/2476/1369 2587/2475/1369 2585/1728/1369 
f 2327/1244/1370 3534/1245/1370 3720/1327/1370 
f 3720/1327/1370 2324/1326/1370 2327/1244/1370 
f 2474/2077/1371 3937/641/1371 3845/1512/1371 
f 3845/1512/1371 2481/1513/1371 2474/2077/1371 
f 2401/1487/1372 3259/1486/1372 3520/1255/1372 
f 3520/1255/1372 2402/1254/1372 2401/1487/1372 
f 2450/1734/1373 3323/1733/1373 3688/1802/1373 
f 3688/1802/1374 2446/1803/1374 2450/1734/1374 
f 2789/2717/1 3938/2718/1 3939/1819/1 
f 3939/1819/1 2794/1818/1 2789/2717/1 
f 2806/2687/1375 3940/2688/1375 3941/2719/1375 
f 3941/2719/1375 2807/2720/1375 2806/2687/1375 
f 2296/1743/1376 3692/1744/1376 3330/1744/1376 
f 3330/1744/1376 2297/1743/1376 2296/1743/1376 
f 2589/1424/1377 3942/1423/1377 3835/1994/1377 
f 3835/1994/1377 2591/1995/1377 2589/1424/1377 
f 2180/1345/1378 3121/1344/1378 3509/2045/1378 
f 3509/2045/1378 2181/2044/1378 2180/1345/1378 
f 2803/1581/1379 3943/1582/1379 3940/2688/1379 
f 3940/2688/1379 2806/2687/1379 2803/1581/1379 
f 2341/1348/1380 3944/1349/1380 3945/2721/1380 
f 3945/2721/1380 2342/2722/1380 2341/1348/1380 
f 2179/2098/1381 3535/2097/1381 3184/2723/1381 
f 3184/2723/1381 2178/2724/1381 2179/2098/1381 
f 2802/2633/1340 3946/2632/1340 3943/2725/1340 
f 3943/2725/1340 2803/2726/1340 2802/2633/1340 
f 2195/1373/1382 3134/1372/1382 3433/2727/1382 
f 3433/2727/1382 2193/2728/1382 2195/1373/1382 
f 2799/2729/1383 3947/2730/1383 3946/2632/1383 
f 3946/2632/1383 2802/2633/1383 2799/2729/1383 
f 2574/1309/1384 3948/1308/1384 3183/1256/1384 
f 3183/1256/1384 2569/1257/1384 2574/1309/1384 
f 2441/2348/1385 3783/2347/1385 3684/1301/1385 
f 3684/1301/1385 2447/1300/1385 2441/2348/1385 
f 2798/2731/1386 3949/2732/1386 3947/2730/1386 
f 3947/2730/1386 2799/2729/1386 2798/2731/1386 
f 2492/1478/1387 3923/1479/1387 3332/1266/1387 
f 3332/1266/1387 2490/1267/1387 2492/1478/1387 
f 2458/1244/1388 3822/1245/1388 3950/2733/1388 
f 3950/2733/1388 2457/2734/1388 2458/1244/1388 
f 2205/1428/1389 3164/1427/1389 3542/2087/1389 
f 3542/2087/1389 2209/2088/1389 2205/1428/1389 
f 2813/2735/1390 3951/2736/1390 3949/2732/1390 
f 3949/2732/1390 2798/2731/1390 2813/2735/1390 
f 2811/2687/1391 3952/2688/1391 3951/1582/1391 
f 3951/1582/1391 2813/1581/1391 2811/2687/1391 
f 2281/2647/1392 3894/2646/1392 3061/1221/1392 
f 3061/1221/1392 2298/1220/1392 2281/2647/1392 
f 2264/1244/1393 3953/1245/1393 3081/1261/1393 
f 3081/1261/1393 2263/1260/1393 2264/1244/1393 
f 2185/2175/1394 3584/2174/1394 3105/1311/1394 
f 3105/1311/1394 2186/1310/1394 2185/2175/1394 
f 2810/2720/1395 3954/2719/1395 3952/2688/1395 
f 3952/2688/1395 2811/2687/1395 2810/2720/1395 
f 2352/2143/1396 3565/2142/1396 3749/2412/1396 
f 3749/2412/1396 2354/2411/1396 2352/2143/1396 
f 2559/1237/1397 3069/1236/1397 3678/2737/1397 
f 3678/2737/1397 2564/2738/1397 2559/1237/1397 
f 2479/1433/1398 3895/1434/1398 3955/1757/1398 
f 3955/1757/1398 2477/1758/1398 2479/1433/1398 
f 2120/1461/1399 3568/1462/1399 3177/1452/1399 
f 3177/1452/1399 2118/1451/1399 2120/1461/1399 
f 2200/2075/1400 3523/2074/1400 3147/1604/1400 
f 3147/1604/1400 2203/1603/1400 2200/2075/1400 
f 2496/2025/1401 3274/2024/1401 3714/1283/1401 
f 3714/1283/1401 2475/1282/1401 2496/2025/1401 
f 2259/2739/1402 3801/2740/1402 3893/2645/1402 
f 3893/2645/1402 2268/2644/1402 2259/2739/1402 
f 2154/1410/1403 3154/349/1403 3543/2102/1403 
f 3543/2102/1403 2155/2101/1403 2154/1410/1403 
f 2370/1195/1404 3048/1194/1404 3063/1225/1404 
f 3063/1225/1404 2366/1224/1404 2370/1195/1404 
f 2163/1436/1405 3170/1435/1405 3537/1405/1405 
f 3537/1405/1405 2160/1404/1405 2163/1436/1405 
f 2551/2125/29 3554/2124/29 3055/1209/29 
f 3055/1209/29 2555/1208/29 2551/2125/29 
f 2258/2110/1406 3546/2109/1406 3188/1475/1406 
f 3188/1475/1406 2256/1474/1406 2258/2110/1406 
f 2794/2694/16 3939/2693/16 3954/2719/16 
f 3954/2719/16 2810/2720/16 2794/2694/16 
f 2266/2741/1407 3071/2742/1407 3129/1363/1407 
f 3129/1363/1407 2267/1362/1407 2266/2741/1407 
f 2807/2720/29 3941/2719/29 3938/2693/29 
f 3938/2693/29 2789/2694/29 2807/2720/29 
f 2139/1587/1359 3244/1588/1359 3549/1821/1359 
f 3549/1821/1359 2138/1820/1359 2139/1587/1359 
f 2790/2702/1408 3919/2701/1408 3956/2709/1408 
f 3956/2709/1408 2791/2710/1408 2790/2702/1408 
f 2791/2710/1390 3956/2709/1390 3920/2708/1390 
f 3920/2708/1409 2787/2707/1409 2791/2710/1409 
f 2465/1263/962 3908/1262/962 3073/1245/962 
f 3073/1245/962 2464/1244/962 2465/1263/962 
f 2272/2682/1410 3910/2681/1410 3099/2743/1410 
f 3099/2743/1410 2275/2744/1410 2272/2682/1410 
f 2523/1473/1411 3912/1472/1411 3078/2745/1411 
f 3078/2745/1411 2520/2746/1411 2523/1473/1411 
f 2383/2230/1412 3619/2229/1412 3356/1787/1412 
f 3356/1787/1412 2386/1786/1412 2383/2230/1412 
f 2173/2038/1413 3573/2039/1413 3957/1616/1413 
f 3957/1616/1413 2171/1615/1413 2173/2038/1413 
f 2506/1196/1414 3363/1197/1414 3108/1319/1414 
f 3108/1319/1414 2508/1318/1414 2506/1196/1414 
f 2279/1982/1415 3665/1983/1415 3909/2318/1415 
f 3909/2318/1415 2274/2317/1415 2279/1982/1415 
f 2211/1493/1416 3199/1492/1416 3606/1983/1416 
f 3606/1983/1416 2204/1982/1416 2211/1493/1416 
f 2822/1785/1417 3355/1784/1417 3958/1865/1417 
f 3958/1865/1417 2816/1864/1417 2822/1785/1417 
f 2445/1309/1418 3689/1308/1418 3111/1327/1418 
f 3111/1327/1418 2444/1326/1418 2445/1309/1418 
f 2135/2747/1419 3160/2748/1419 3563/2749/1419 
f 3563/2749/1420 2133/2750/1420 2135/2747/1420 
f 2815/1781/1421 3351/1780/1421 3354/2751/1421 
f 3354/2751/1421 2821/1648/1421 2815/1781/1421 
f 2424/1267/1422 3766/1266/1422 3913/2001/1422 
f 3913/2001/1422 2425/2000/1422 2424/1267/1422 
f 2436/1813/1423 3374/1812/1423 3729/2752/1423 
f 3729/2752/1423 2435/2753/1423 2436/1813/1423 
f 2194/2754/1424 3599/2755/1424 3181/1269/1424 
f 3181/1269/1424 2191/1268/1424 2194/2754/1424 
f 2816/1781/1425 3958/1780/1425 3959/1530/1425 
f 3959/1530/1425 2817/1777/1425 2816/1781/1425 
f 2504/1837/1426 3387/1836/1426 3742/1246/1426 
f 3742/1246/1426 2502/1247/1426 2504/1837/1426 
f 2184/1764/1427 3340/1763/1427 3580/2756/1427 
f 3580/2756/1428 2192/2757/1428 2184/1764/1428 
f 2818/2758/1429 3960/2759/1429 3348/2760/1429 
f 3348/2760/1429 2820/2761/1429 2818/2758/1429 
f 2355/1480/1430 3750/1481/1430 3136/1377/1430 
f 3136/1377/1431 2356/1376/1431 2355/1480/1431 
f 2548/1432/1432 3961/1431/1432 3746/2367/1432 
f 3746/2367/1432 2546/2368/1432 2548/1432/1432 
f 2817/1777/1433 3959/1530/1433 3962/2762/1433 
f 3962/2762/1433 2819/2763/1433 2817/1777/1433 
f 2495/2212/1434 3608/2211/1434 3922/2649/1434 
f 3922/2649/1434 2494/2648/1434 2495/2212/1434 
f 2416/1285/1435 3935/1284/1435 3799/1829/1435 
f 3799/1829/1435 2412/1828/1435 2416/1285/1435 
f 2419/1465/1436 3393/1466/1436 3934/1481/1436 
f 3934/1481/1436 2418/1480/1436 2419/1465/1436 
f 2320/2434/1437 3759/2433/1437 3123/1349/1437 
f 3123/1349/1437 2318/1348/1437 2320/2434/1437 
f 2542/2322/1438 3807/2321/1438 3762/2439/1438 
f 3762/2439/1439 2550/2438/1439 2542/2322/1439 
f 2409/1199/1440 3401/1198/1440 3765/1209/1440 
f 3765/1209/1440 2414/1208/1440 2409/1199/1440 
f 2321/2714/1441 3929/2713/1441 3758/1690/1441 
f 3758/1690/1441 2319/1689/1441 2321/2714/1441 
f 2819/2763/1442 3962/2762/1442 3963/2764/1442 
f 3963/2764/1442 2824/2765/1442 2819/2763/1442 
f 2547/1432/1443 3166/1431/1443 3961/1431/1443 
f 3961/1431/1444 2548/1432/1444 2547/1432/1444 
f 2171/1615/1445 3957/1616/1445 3601/2201/1445 
f 3601/2201/1445 2169/2200/1445 2171/1615/1445 
f 2823/2766/1446 3964/2250/1446 3960/2478/1446 
f 3960/2478/1446 2818/2477/1446 2823/2766/1446 
f 2304/2289/1447 3655/2288/1447 3437/1911/1447 
f 3437/1911/1447 2305/1910/1447 2304/2289/1447 
f 2134/1546/1448 3224/1545/1448 3925/2420/1448 
f 3925/2420/1448 2144/2419/1448 2134/1546/1448 
f 2145/1667/1449 3284/1666/1449 3595/1811/1449 
f 3595/1811/1449 2143/1810/1449 2145/1667/1449 
f 2824/2765/1450 3963/2764/1450 3965/2767/1450 
f 3965/2767/1450 2826/2768/1450 2824/2765/1450 
f 2587/1478/1451 3936/1479/1451 3942/1423/1451 
f 3942/1423/1451 2589/1424/1451 2587/1478/1451 
f 2225/2769/1452 3144/2770/1452 3613/1905/1452 
f 3613/1905/1452 2227/1904/1452 2225/2769/1452 
f 2825/2771/1453 3966/2772/1453 3964/2250/1453 
f 3964/2250/1453 2823/2766/1453 2825/2771/1453 
f 2312/2447/1454 3768/2446/1454 3404/1859/1454 
f 3404/1859/1454 2310/1858/1454 2312/2447/1454 
f 2128/1568/1455 3235/1567/1455 3591/2185/1455 
f 3591/2185/1455 2129/2184/1455 2128/1568/1455 
f 2827/2773/1456 3060/2774/1456 3966/2775/1456 
f 3966/2775/1456 2825/2776/1456 2827/2773/1456 
f 2579/1450/1457 3739/1449/1457 3411/1336/1457 
f 3411/1336/1457 2580/1337/1457 2579/1450/1457 
f 2340/2777/1458 3796/2778/1458 3944/1349/1458 
f 3944/1349/1458 2341/1348/1458 2340/2777/1458 
f 2228/1584/1459 3241/1583/1459 3622/2236/1459 
f 3622/2236/1459 2226/2235/1459 2228/1584/1459 
f 2342/2722/1460 3945/2721/1460 3141/1387/1460 
f 3141/1387/1460 2343/1386/1460 2342/2722/1460 
f 2457/2734/1461 3950/2733/1461 3823/1836/1461 
f 3823/1836/1461 2448/1837/1461 2457/2734/1461 
f 2162/1487/1462 3611/1486/1462 3279/2779/1462 
f 3279/2779/1462 2156/2780/1462 2162/1487/1462 
f 2826/1275/1463 3965/1274/1463 3967/2781/1463 
f 3967/2781/1463 2830/2782/1463 2826/1275/1463 
f 2269/2524/1464 3827/2523/1464 3953/1245/1464 
f 3953/1245/1464 2264/1244/1464 2269/2524/1464 
f 2237/2783/1465 3205/2784/1465 3626/2244/1465 
f 3626/2244/1465 2242/2243/1465 2237/2783/1465 
f 2829/2785/1466 3968/2786/1466 3051/2787/1466 
f 3051/2787/1466 2828/2788/1466 2829/2785/1466 
f 2239/2789/1467 3127/2790/1467 3228/1554/1467 
f 3228/1554/1467 2240/1553/1467 2239/2789/1467 
f 2473/2261/1468 3636/2260/1468 3937/641/1468 
f 3937/641/1468 2474/2077/1468 2473/2261/1468 
f 2590/1207/1469 3836/1206/1469 3790/1295/1469 
f 3790/1295/1469 2588/1294/1469 2590/1207/1469 
f 2232/2222/1470 3615/2221/1470 3439/2791/1470 
f 3439/2791/1470 2207/2792/1470 2232/2222/1470 
f 2830/2793/1471 3967/2794/1471 3969/1218/1471 
f 3969/1218/1471 2832/2795/1471 2830/2793/1471 
f 2477/1758/1472 3955/1757/1472 3840/2545/1472 
f 3840/2545/1472 2478/2544/1472 2477/1758/1472 
f 2831/2796/1473 3970/2797/1473 3968/2786/1473 
f 3968/2786/1473 2829/2785/1473 2831/2796/1473 
f 2432/2334/1474 3682/2333/1474 3843/2798/1474 
f 3843/2798/1474 2430/2799/1474 2432/2334/1474 
f 2141/2800/1475 3659/2801/1475 3304/1700/1475 
f 3304/1700/1475 2147/1699/1475 2141/2800/1475 
f 2834/1925/1476 3971/1924/1476 3972/1217/1476 
f 3972/1217/1476 2833/1216/1476 2834/1925/1476 
f 2224/2700/1477 3918/2699/1477 3253/1604/1477 
f 3253/1604/1477 2223/1603/1477 2224/2700/1477 
f 2832/2795/1478 3969/1218/1478 3971/1924/1478 
f 3971/1924/1478 2834/1925/1478 2832/2795/1478 
f 2833/1216/1479 3972/1217/1479 3970/2802/1479 
f 3970/2802/1479 2831/2803/1479 2833/1216/1479 
f 2575/1483/1480 3193/1482/1480 3948/1308/1480 
f 3948/1308/1480 2574/1309/1480 2575/1483/1480 
f 2280/1199/1481 3686/1198/1481 3477/1331/1481 
f 3477/1331/1481 2282/1330/1481 2280/1199/1481 
f 2248/1553/1482 3637/1554/1482 3294/1682/1482 
f 3294/1682/1482 2251/1681/1482 2248/1553/1482 
f 3973/2804/248 3974/2805/248 3975/2806/248 
f 3975/2806/248 3976/2807/248 3973/2804/248 
f 3977/2808/1 3978/2809/1 3979/2810/1 
f 3979/2810/1 3980/251/1 3977/2808/1 
f 3974/2805/16 3973/2804/16 3979/2810/16 
f 3979/2810/16 3978/2809/16 3974/2805/16 
f 3981/2808/1 3982/2809/1 3983/2810/1 
f 3983/2810/1 3984/251/1 3981/2808/1 
f 3976/2807/29 3975/2806/29 3977/2811/29 
f 3977/2811/29 3980/2812/29 3976/2807/29 
f 3985/2804/248 3986/2805/248 3987/2806/248 
f 3987/2806/248 3988/2807/248 3985/2804/248 
f 3986/2805/16 3985/2804/16 3983/2810/16 
f 3983/2810/16 3982/2809/16 3986/2805/16 
f 3988/2807/29 3987/2806/29 3981/2811/29 
f 3981/2811/29 3984/2812/29 3988/2807/29 
f 3989/2808/1 3990/2809/1 3991/2810/1 
f 3991/2810/1 3992/251/1 3989/2808/1 
f 3993/2804/248 3994/2805/248 3995/2806/248 
f 3995/2806/248 3996/2807/248 3993/2804/248 
f 3994/2805/16 3993/2804/16 3991/2810/16 
f 3991/2810/16 3990/2809/16 3994/2805/16 
f 3996/2807/29 3995/2806/29 3989/2811/29 
f 3989/2811/29 3992/2812/29 3996/2807/29 
f 3997/2808/1 3998/2809/1 3999/2810/1 
f 3999/2810/1 4000/251/1 3997/2808/1 
f 4001/2804/248 4002/2805/248 4003/2806/248 
f 4003/2806/248 4004/2807/248 4001/2804/248 
f 4002/2805/16 4001/2804/16 3999/2810/16 
f 3999/2810/16 3998/2809/16 4002/2805/16 
f 4004/2807/29 4003/2806/29 3997/2811/29 
f 3997/2811/29 4000/2812/29 4004/2807/29 
f 4005/2808/1 4006/2809/1 4007/2810/1 
f 4007/2810/1 4008/251/1 4005/2808/1 
f 4009/2804/248 4010/2805/248 4011/2806/248 
f 4011/2806/248 4012/2807/248 4009/2804/248 
f 4010/2805/16 4009/2804/16 4007/2810/16 
f 4007/2810/16 4006/2809/16 4010/2805/16 
f 4012/2807/29 4011/2806/29 4005/2811/29 
f 4005/2811/29 4008/2812/29 4012/2807/29 
f 4013/2808/1 4014/2809/1 4015/2810/1 
f 4015/2810/1 4016/251/1 4013/2808/1 
f 4017/2804/248 4018/2805/248 4019/2806/248 
f 4019/2806/248 4020/2807/248 4017/2804/248 
f 4018/2805/16 4017/2804/16 4015/2810/16 
f 4015/2810/16 4014/2809/16 4018/2805/16 
f 4020/2807/29 4019/2806/29 4013/2811/29 
f 4013/2811/29 4016/2812/29 4020/2807/29 
f 4021/2808/1 4022/2809/1 4023/2810/1 
f 4023/2810/1 4024/251/1 4021/2808/1 
f 4025/2804/248 4026/2805/248 4027/2806/248 
f 4027/2806/248 4028/2807/248 4025/2804/248 
f 4026/2805/16 4025/2804/16 4023/2810/16 
f 4023/2810/16 4022/2809/16 4026/2805/16 
f 4028/2807/29 4027/2806/29 4021/2811/29 
f 4021/2811/29 4024/2812/29 4028/2807/29 
f 4029/2808/1 4030/2809/1 4031/2810/1 
f 4031/2810/1 4032/251/1 4029/2808/1 
f 4033/2804/248 4034/2805/248 4035/2806/248 
f 4035/2806/248 4036/2807/248 4033/2804/248 
f 4034/2805/16 4033/2804/16 4031/2810/16 
f 4031/2810/16 4030/2809/16 4034/2805/16 
f 4036/2807/29 4035/2806/29 4029/2811/29 
f 4029/2811/29 4032/2812/29 4036/2807/29 
f 4037/2808/1 4038/2809/1 4039/2810/1 
f 4039/2810/1 4040/251/1 4037/2808/1 
f 4041/2804/248 4042/2805/248 4043/2806/248 
f 4043/2806/248 4044/2807/248 4041/2804/248 
f 4042/2805/16 4041/2804/16 4039/2810/16 
f 4039/2810/16 4038/2809/16 4042/2805/16 
f 4044/2807/29 4043/2806/29 4037/2811/29 
f 4037/2811/29 4040/2812/29 4044/2807/29 
f 4045/2808/1 4046/2809/1 4047/2810/1 
f 4047/2810/1 4048/251/1 4045/2808/1 
f 4049/2804/248 4050/2805/248 4051/2806/248 
f 4051/2806/248 4052/2807/248 4049/2804/248 
f 4050/2805/16 4049/2804/16 4047/2810/16 
f 4047/2810/16 4046/2809/16 4050/2805/16 
f 4052/2807/29 4051/2806/29 4045/2811/29 
f 4045/2811/29 4048/2812/29 4052/2807/29 
f 4053/2808/1 4054/2809/1 4055/2810/1 
f 4055/2810/1 4056/251/1 4053/2808/1 
f 4057/2804/248 4058/2805/248 4059/2806/248 
f 4059/2806/248 4060/2807/248 4057/2804/248 
f 4058/2805/16 4057/2804/16 4055/2810/16 
f 4055/2810/16 4054/2809/16 4058/2805/16 
f 4060/2807/29 4059/2806/29 4053/2811/29 
f 4053/2811/29 4056/2812/29 4060/2807/29 
f 4061/2808/1 4062/2809/1 4063/2810/1 
f 4063/2810/1 4064/251/1 4061/2808/1 
f 4065/2804/248 4066/2805/248 4067/2806/248 
f 4067/2806/248 4068/2807/248 4065/2804/248 
f 4066/2805/16 4065/2804/16 4063/2810/16 
f 4063/2810/16 4062/2809/16 4066/2805/16 
f 4068/2807/29 4067/2806/29 4061/2811/29 
f 4061/2811/29 4064/2812/29 4068/2807/29 
f 4069/2808/1 4070/2809/1 4071/2810/1 
f 4071/2810/1 4072/251/1 4069/2808/1 
f 4073/2804/248 4074/2805/248 4075/2806/248 
f 4075/2806/248 4076/2807/248 4073/2804/248 
f 4074/2805/16 4073/2804/16 4071/2810/16 
f 4071/2810/16 4070/2809/16 4074/2805/16 
f 4076/2807/29 4075/2806/29 4069/2811/29 
f 4069/2811/29 4072/2812/29 4076/2807/29 
f 4077/2808/1 4078/2809/1 4079/2810/1 
f 4079/2810/1 4080/251/1 4077/2808/1 
f 4081/2804/248 4082/2805/248 4083/2806/248 
f 4083/2806/248 4084/2807/248 4081/2804/248 
f 4082/2805/16 4081/2804/16 4079/2810/16 
f 4079/2810/16 4078/2809/16 4082/2805/16 
f 4084/2807/29 4083/2806/29 4077/2811/29 
f 4077/2811/29 4080/2812/29 4084/2807/29 
f 4085/2808/1 4086/2809/1 4087/2810/1 
f 4087/2810/1 4088/251/1 4085/2808/1 
f 4089/2804/248 4090/2805/248 4091/2806/248 
f 4091/2806/248 4092/2807/248 4089/2804/248 
f 4090/2805/16 4089/2804/16 4087/2810/16 
f 4087/2810/16 4086/2809/16 4090/2805/16 
f 4092/2807/29 4091/2806/29 4085/2811/29 
f 4085/2811/29 4088/2812/29 4092/2807/29 
f 4093/2808/1 4094/2809/1 4095/2810/1 
f 4095/2810/1 4096/251/1 4093/2808/1 
f 4097/2804/248 4098/2805/248 4099/2806/248 
f 4099/2806/248 4100/2807/248 4097/2804/248 
f 4098/2805/16 4097/2804/16 4095/2810/16 
f 4095/2810/16 4094/2809/16 4098/2805/16 
f 4100/2807/29 4099/2806/29 4093/2811/29 
f 4093/2811/29 4096/2812/29 4100/2807/29 
f 4101/2808/1 4102/2809/1 4103/2810/1 
f 4103/2810/1 4104/251/1 4101/2808/1 
f 4105/2804/248 4106/2805/248 4107/2806/248 
f 4107/2806/248 4108/2807/248 4105/2804/248 
f 4106/2805/16 4105/2804/16 4103/2810/16 
f 4103/2810/16 4102/2809/16 4106/2805/16 
f 4108/2807/29 4107/2806/29 4101/2811/29 
f 4101/2811/29 4104/2812/29 4108/2807/29 
f 4109/2808/1 4110/2809/1 4111/2810/1 
f 4111/2810/1 4112/251/1 4109/2808/1 
f 4113/2804/248 4114/2805/248 4115/2806/248 
f 4115/2806/248 4116/2807/248 4113/2804/248 
f 4114/2805/16 4113/2804/16 4111/2810/16 
f 4111/2810/16 4110/2809/16 4114/2805/16 
f 4116/2807/29 4115/2806/29 4109/2811/29 
f 4109/2811/29 4112/2812/29 4116/2807/29 
f 4117/2813/29 4118/2814/29 4119/2815/29 
f 4119/2815/29 4120/2816/29 4117/2813/29 
f 4121/2815/1 4122/2817/1 4118/2818/1 
f 4118/2818/1 4117/2819/1 4121/2815/1 
f 4123/2815/1 4124/2817/1 4125/2820/1 
f 4125/2820/1 4126/2821/1 4123/2815/1 
f 4127/2822/2 4125/2823/2 4124/2824/2 
f 4124/2824/2 4128/2825/2 4127/2822/2 
f 4129/2826/2 4118/2827/2 4122/2828/2 
f 4122/2828/2 4130/2829/2 4129/2826/2 
f 4131/2830/2 4119/2831/2 4118/2827/2 
f 4118/2827/2 4129/2826/2 4131/2830/2 
f 4128/2825/2 4124/2824/2 4132/2832/2 
f 4132/2832/2 4133/2833/2 4128/2825/2 
f 4130/2829/2 4122/2828/2 4134/2834/2 
f 4134/2834/2 4135/2835/2 4130/2829/2 
f 4135/2835/2 4134/2834/2 4136/2836/2 
f 4136/2836/2 4137/2837/2 4135/2835/2 
f 4133/2833/2 4132/2832/2 4119/2831/2 
f 4119/2831/2 4131/2830/2 4133/2833/2 
f 4137/2837/2 4136/2836/2 4125/2823/2 
f 4125/2823/2 4127/2822/2 4137/2837/2 
f 4123/2838/2 4138/2839/2 4121/2840/2 
f 4121/2840/2 4139/2841/2 4123/2838/2 
f 4120/2842/2 4139/2841/2 4121/2840/2 
f 4121/2840/2 4117/2843/2 4120/2842/2 
f 4140/2844/4 4138/2839/4 4123/2838/4 
f 4123/2838/2 4126/2845/2 4140/2844/2 
f 4139/2815/16 4132/2816/16 4124/2846/16 
f 4124/2846/16 4123/2821/16 4139/2815/16 
f 4138/2847/29 4134/2848/29 4122/2815/29 
f 4122/2815/29 4121/2816/29 4138/2847/29 
f 4140/2818/248 4136/2819/248 4134/2815/248 
f 4134/2815/248 4138/2817/248 4140/2818/248 
f 4120/2820/248 4119/2821/248 4132/2815/248 
f 4132/2815/248 4139/2817/248 4120/2820/248 
f 4126/2849/29 4125/2850/29 4136/2815/29 
f 4136/2815/29 4140/2816/29 4126/2849/29 
f 4141/2851/251 4142/2852/251 4143/2853/251 
f 4143/2853/251 4144/2854/251 4141/2851/251 
f 4143/2853/251 4145/2855/251 4146/2856/251 
f 4146/2856/251 4144/2854/251 4143/2853/251 
f 4141/2851/251 4147/2857/251 4148/2858/251 
f 4148/2858/252 4142/2852/252 4141/2851/252 
f 4146/2859/248 4127/2860/248 4128/2861/248 
f 4128/2861/248 4144/2862/248 4146/2859/248 
f 4149/2863/16 4150/2864/16 4151/2865/16 
f 4151/2865/16 4152/2866/16 4149/2863/16 
f 4153/2867/248 4154/2868/248 4155/2869/248 
f 4155/2869/248 4156/2870/248 4153/2867/248 
f 4150/2871/15 4157/2872/15 4153/2873/15 
f 4153/2873/16 4151/2874/16 4150/2871/16 
f 4157/2875/16 4158/2876/16 4154/2868/16 
f 4154/2868/16 4153/2867/16 4157/2875/16 
f 4158/2877/16 4149/2878/16 4152/2879/16 
f 4152/2879/15 4154/2880/15 4158/2877/15 
f 4154/2880/2 4152/2879/2 4159/2881/2 
f 4159/2881/2 4155/2882/2 4154/2880/2 
f 4151/2874/251 4153/2873/251 4156/2883/251 
f 4156/2883/251 4160/2884/251 4151/2874/251 
f 4156/2885/29 4155/2886/29 4159/2887/29 
f 4159/2887/29 4160/2888/29 4156/2885/29 
f 4135/2889/1 4137/2890/1 4145/2891/1 
f 4145/2891/1 4143/2892/1 4135/2889/1 
f 4130/2893/16 4135/2894/16 4143/2895/16 
f 4143/2895/16 4142/2896/16 4130/2893/16 
f 4161/2897/16 4162/2898/16 4163/2899/16 
f 4163/2899/16 4164/2900/16 4161/2897/16 
f 4165/2901/248 4166/2902/248 4167/2897/248 
f 4167/2897/248 4168/2903/248 4165/2901/248 
f 4162/2904/16 4169/2872/16 4165/2873/16 
f 4165/2873/16 4163/2905/16 4162/2904/16 
f 4169/2906/16 4170/2907/16 4166/2902/16 
f 4166/2902/16 4165/2901/16 4169/2906/16 
f 4170/2877/15 4161/2908/15 4164/2909/15 
f 4164/2909/15 4166/2880/15 4170/2877/15 
f 4166/2880/2 4164/2909/2 4171/2910/2 
f 4171/2910/2 4167/2882/2 4166/2880/2 
f 4163/2905/251 4165/2873/251 4168/2883/251 
f 4168/2883/251 4172/2911/251 4163/2905/251 
f 4168/2912/29 4167/2913/29 4171/2914/29 
f 4171/2914/29 4172/2915/29 4168/2912/29 
f 4173/2916/29 4174/2916/29 4175/2916/29 
f 4175/2916/29 4176/2916/29 4173/2916/29 
f 4177/2917/248 4174/2918/248 4173/2919/248 
f 4173/2919/248 4178/2920/248 4177/2917/248 
f 4174/2921/2 4179/2922/2 4180/2923/2 
f 4180/2923/2 4175/2924/2 4174/2921/2 
f 4176/2924/251 4181/2923/251 4182/2922/251 
f 4182/2922/251 4173/2921/251 4176/2924/251 
f 4173/2921/252 4182/2922/252 4183/2925/252 
f 4183/2925/251 4178/2926/251 4173/2921/251 
f 4177/2926/2 4184/2925/2 4179/2922/2 
f 4179/2922/4 4174/2921/4 4177/2926/4 
f 4185/2927/1 4186/2928/1 4187/2929/1 
f 4187/2929/1 4188/2930/1 4185/2927/1 
f 4189/2931/1 4190/2932/1 4191/2930/1 
f 4191/2930/1 4192/2927/1 4189/2931/1 
f 4193/2933/251 4194/2934/251 4195/2935/251 
f 4195/2935/251 4196/2936/251 4193/2933/251 
f 4197/2937/2 4198/2938/2 4199/2939/2 
f 4199/2939/2 4200/2940/2 4197/2937/2 
f 4196/2936/248 4197/2937/248 4200/2940/248 
f 4200/2940/248 4193/2933/248 4196/2936/248 
f 4201/2941/252 4202/2942/252 4203/2943/252 
f 4203/2943/251 4204/2944/251 4201/2941/251 
f 4205/2945/251 4206/2946/251 4207/2947/251 
f 4203/2943/251 4202/2942/251 4208/2948/251 
f 4209/2946/2 4210/2947/2 4211/2945/2 
f 4212/2942/2 4213/2948/2 4214/2943/2 
f 4215/2933/1483 4216/2936/1483 4217/2937/1483 
f 4217/2937/1 4218/2940/1 4215/2933/1 
f 4219/2939/251 4218/2940/251 4217/2937/251 
f 4217/2937/251 4220/2938/251 4219/2939/251 
f 4221/2935/1484 4216/2936/1484 4215/2933/1484 
f 4215/2933/1484 4222/2934/1484 4221/2935/1484 
f 4223/2927/248 4224/2928/248 4225/2929/248 
f 4225/2929/248 4226/2930/248 4223/2927/248 
f 4187/2949/2 4224/2950/2 4190/2951/2 
f 4190/2951/2 4227/2952/2 4187/2949/2 
f 4225/2949/251 4186/2950/251 4228/2951/251 
f 4228/2951/251 4189/2952/251 4225/2949/251 
f 4210/2947/2 4213/2948/2 4212/2942/2 
f 4212/2942/2 4211/2945/2 4210/2947/2 
f 4202/2942/251 4205/2945/251 4207/2947/251 
f 4207/2947/251 4208/2948/251 4202/2942/251 
f 4229/2927/248 4227/2931/248 4228/2932/248 
f 4228/2932/248 4230/2930/248 4229/2927/248 
f 4231/2953/29 4232/2953/29 4233/2954/29 
f 4233/2954/29 4234/2954/29 4231/2953/29 
f 4235/2955/251 4206/2946/251 4205/2945/251 
f 4205/2945/251 4236/2956/251 4235/2955/251 
f 4237/2943/248 4214/2944/248 4206/2957/248 
f 4206/2957/248 4235/2958/248 4237/2943/248 
f 4238/2942/248 4211/2959/248 4202/2960/248 
f 4202/2960/248 4201/2961/248 4238/2942/248 
f 4226/2927/252 4225/2949/252 4189/2952/252 
f 4189/2952/251 4192/2962/251 4226/2927/251 
f 4188/2927/2 4187/2949/2 4227/2952/2 
f 4227/2952/2 4229/2962/2 4188/2927/2 
f 4236/2960/1 4205/2961/1 4212/2942/1 
f 4212/2942/1 4239/2959/1 4236/2960/1 
f 4230/2963/251 4228/2951/251 4186/2950/251 
f 4186/2950/251 4185/2964/251 4230/2963/251 
f 4204/2957/1 4203/2958/1 4209/2943/1 
f 4209/2943/1 4240/2965/1 4204/2957/1 
f 4191/2963/4 4190/2951/4 4224/2950/4 
f 4224/2950/2 4223/2964/2 4191/2963/2 
f 4240/2955/2 4209/2946/2 4211/2945/2 
f 4211/2945/2 4238/2956/2 4240/2955/2 
f 4241/2966/29 4237/2967/29 4235/2968/29 
f 4235/2968/29 4242/2969/29 4241/2966/29 
f 4243/2970/29 4236/2971/29 4239/2972/29 
f 4239/2972/29 4244/2973/29 4243/2970/29 
f 4242/2966/29 4235/2967/29 4236/2974/29 
f 4236/2974/29 4243/2975/29 4242/2966/29 
f 4201/2967/29 4204/2974/29 4245/2976/29 
f 4245/2976/30 4246/2977/30 4201/2967/30 
f 4245/2970/29 4204/2978/29 4240/2979/29 
f 4240/2979/29 4247/2973/29 4245/2970/29 
f 4239/2941/2 4212/2942/2 4214/2943/2 
f 4214/2943/2 4237/2944/2 4239/2941/2 
f 4248/2966/29 4238/2967/29 4201/2968/29 
f 4201/2968/29 4246/2980/29 4248/2966/29 
f 4246/2977/251 4245/2976/251 4249/2981/251 
f 4249/2981/251 4250/2973/251 4246/2977/251 
f 4251/2973/248 4248/2966/248 4246/2980/248 
f 4246/2980/248 4250/2970/248 4251/2973/248 
f 4252/2973/248 4241/2966/248 4242/2969/248 
f 4242/2969/248 4253/2970/248 4252/2973/248 
f 4244/2981/29 4239/2982/29 4237/2979/29 
f 4237/2979/29 4241/2973/29 4244/2981/29 
f 4247/2981/30 4240/2983/30 4238/2972/30 
f 4238/2972/29 4248/2973/29 4247/2981/29 
f 4254/2969/1 4243/2970/1 4244/2973/1 
f 4244/2973/1 4255/2977/1 4254/2969/1 
f 4249/2980/1 4245/2970/1 4247/2973/1 
f 4247/2973/1 4256/2966/1 4249/2980/1 
f 4253/2973/251 4242/2966/251 4243/2975/251 
f 4243/2975/251 4254/2981/251 4253/2973/251 
f 4257/2968/16 4254/2969/16 4255/2977/16 
f 4255/2977/16 4258/2967/16 4257/2968/16 
f 4255/2975/2 4244/2981/2 4241/2973/2 
f 4241/2973/2 4252/2966/2 4255/2975/2 
f 4259/2979/16 4252/2973/16 4253/2970/16 
f 4253/2970/16 4260/2971/16 4259/2979/16 
f 4260/2979/16 4253/2973/16 4254/2981/16 
f 4254/2981/16 4257/2982/16 4260/2979/16 
f 4250/2973/15 4249/2981/15 4261/2983/15 
f 4261/2983/15 4262/2972/15 4250/2973/15 
f 4263/2979/16 4251/2973/16 4250/2970/16 
f 4250/2970/16 4262/2978/16 4263/2979/16 
f 4261/2968/16 4249/2980/16 4256/2966/16 
f 4256/2966/16 4264/2967/16 4261/2968/16 
f 4256/2976/2 4247/2981/2 4248/2973/2 
f 4248/2973/2 4251/2977/2 4256/2976/2 
f 4256/2976/16 4251/2977/16 4263/2967/16 
f 4263/2967/16 4264/2974/16 4256/2976/16 
f 4265/2984/1 4257/2985/1 4258/2986/1 
f 4258/2986/1 4266/2987/1 4265/2984/1 
f 4267/2984/1 4261/2985/1 4264/2986/1 
f 4264/2986/1 4268/2987/1 4267/2984/1 
f 4269/2987/251 4260/2986/251 4257/2988/251 
f 4257/2988/251 4265/2989/251 4269/2987/251 
f 4270/2987/251 4262/2986/251 4261/2988/251 
f 4261/2988/251 4267/2989/251 4270/2987/251 
f 4271/2984/248 4263/2985/248 4262/2986/248 
f 4262/2986/248 4270/2987/248 4271/2984/248 
f 4272/2984/248 4259/2985/248 4260/2986/248 
f 4260/2986/248 4269/2987/248 4272/2984/248 
f 4255/2975/15 4252/2966/15 4259/2967/15 
f 4259/2967/15 4258/2974/15 4255/2975/15 
f 4273/2990/29 4272/2991/29 4269/2992/29 
f 4269/2992/29 4274/2993/29 4273/2990/29 
f 4266/2987/2 4258/2986/2 4259/2988/2 
f 4259/2988/2 4272/2989/2 4266/2987/2 
f 4268/2987/2 4264/2986/2 4263/2988/2 
f 4263/2988/2 4271/2989/2 4268/2987/2 
f 4275/2994/248 4276/2995/248 4277/2996/248 
f 4277/2996/248 4278/2997/248 4275/2994/248 
f 4279/2977/29 4267/2998/29 4268/2999/29 
f 4268/2999/29 4280/3000/29 4279/2977/29 
f 4274/2990/29 4269/2991/29 4265/3001/29 
f 4265/3001/29 4281/3002/29 4274/2990/29 
f 4282/2977/29 4270/2998/29 4267/3003/29 
f 4267/3003/29 4279/3004/29 4282/2977/29 
f 4283/3005/248 4284/3006/248 4276/2995/248 
f 4276/2995/248 4275/2994/248 4283/3005/248 
f 4285/3007/251 4274/2990/251 4281/3002/251 
f 4281/3002/251 4286/3008/251 4285/3007/251 
f 4287/2973/251 4282/2977/251 4279/3004/251 
f 4279/3004/251 4288/3009/251 4287/2973/251 
f 4284/3006/29 4289/3010/29 4290/3011/29 
f 4290/3011/29 4276/2995/29 4284/3006/29 
f 4291/3007/248 4273/2990/248 4274/2993/248 
f 4274/2993/248 4285/3012/248 4291/3007/248 
f 4292/2990/29 4266/2991/29 4272/3001/29 
f 4272/3001/29 4273/3002/29 4292/2990/29 
f 4280/2977/29 4268/2998/29 4271/3003/29 
f 4271/3003/29 4293/3004/29 4280/2977/29 
f 4276/2995/29 4290/3011/29 4294/3013/29 
f 4294/3013/29 4277/2996/29 4276/2995/29 
f 4288/2973/1 4279/2977/1 4280/3000/1 
f 4280/3000/1 4295/3014/1 4288/2973/1 
f 4296/3007/2 4292/2990/2 4273/3002/2 
f 4273/3002/2 4291/3015/2 4296/3007/2 
f 4297/3016/2 4298/3016/2 4299/3017/2 
f 4299/3017/2 4300/3017/2 4297/3016/2 
f 4301/3018/16 4285/3007/16 4286/3008/16 
f 4286/3008/16 4302/3019/16 4301/3018/16 
f 4303/3018/16 4291/3007/16 4285/3012/16 
f 4285/3012/16 4301/3020/16 4303/3018/16 
f 4295/2973/2 4280/2977/2 4293/3004/2 
f 4293/3004/2 4304/3009/2 4295/2973/2 
f 4234/2954/248 4233/2954/248 4305/3021/248 
f 4305/3021/248 4306/3021/248 4234/2954/248 
f 4307/2979/16 4288/2973/16 4295/3014/16 
f 4295/3014/16 4308/3022/16 4307/2979/16 
f 4287/2973/16 4288/3009/16 4307/2982/16 
f 4307/2982/15 4309/2979/15 4287/2973/15 
f 4296/3007/15 4291/3015/15 4303/3019/15 
f 4303/3019/16 4310/3018/16 4296/3007/16 
f 4295/2973/16 4304/3009/16 4311/2982/16 
f 4311/2982/16 4308/2979/16 4295/2973/16 
f 4312/3023/29 4313/3024/29 4314/3025/29 
f 4314/3025/29 4315/3026/29 4312/3023/29 
f 4316/3027/1 4307/3028/1 4308/3029/1 
f 4308/3029/1 4317/3030/1 4316/3027/1 
f 4318/3030/251 4301/3029/251 4302/3031/251 
f 4302/3031/251 4319/2989/251 4318/3030/251 
f 4320/3030/251 4309/3029/251 4307/3031/251 
f 4307/3031/251 4316/2989/251 4320/3030/251 
f 4321/3032/29 4322/3033/29 4313/3024/29 
f 4313/3024/29 4312/3023/29 4321/3032/29 
f 4323/3027/248 4303/3028/248 4301/3029/248 
f 4301/3029/248 4318/3030/248 4323/3027/248 
f 4322/3033/29 4324/3034/29 4325/3035/29 
f 4325/3035/29 4313/3024/29 4322/3033/29 
f 4326/3036/29 4323/3037/29 4318/3038/29 
f 4318/3038/29 4327/3039/29 4326/3036/29 
f 4328/3030/2 4310/3029/2 4303/3031/2 
f 4303/3031/2 4323/2989/2 4328/3030/2 
f 4317/3030/2 4308/3029/2 4311/3031/2 
f 4311/3031/2 4329/2989/2 4317/3030/2 
f 4313/3024/29 4325/3035/29 4330/3040/29 
f 4330/3040/29 4314/3025/29 4313/3024/29 
f 4331/3036/29 4316/3037/29 4317/3038/29 
f 4317/3038/29 4332/3039/29 4331/3036/29 
f 4327/3036/29 4318/3037/29 4319/3041/29 
f 4319/3041/29 4333/3042/29 4327/3036/29 
f 4334/3036/29 4320/3037/29 4316/3041/29 
f 4316/3041/29 4331/3042/29 4334/3036/29 
f 4335/3034/251 4327/3036/251 4333/3042/251 
f 4333/3042/251 4336/3043/251 4335/3034/251 
f 4330/3034/251 4334/3036/251 4331/3042/251 
f 4331/3042/251 4337/3043/251 4330/3034/251 
f 4324/3034/248 4338/3036/248 4339/3044/248 
f 4339/3044/248 4325/3035/248 4324/3034/248 
f 4340/3034/248 4326/3036/248 4327/3039/248 
f 4327/3039/248 4335/3040/248 4340/3034/248 
f 4341/3036/30 4328/3037/30 4323/3041/30 
f 4323/3041/29 4326/3042/29 4341/3036/29 
f 4332/3036/29 4317/3037/29 4329/3041/29 
f 4329/3041/30 4338/3042/30 4332/3036/30 
f 4325/3035/248 4339/3044/248 4334/3039/248 
f 4334/3039/248 4330/3040/248 4325/3035/248 
f 4337/3034/1 4331/3036/1 4332/3039/1 
f 4332/3039/1 4342/3040/1 4337/3034/1 
f 4339/3044/29 4343/3045/29 4320/3038/29 
f 4320/3038/29 4334/3039/29 4339/3044/29 
f 4344/3033/29 4337/3034/29 4342/3040/29 
f 4342/3040/29 4345/3025/29 4344/3033/29 
f 4346/3033/29 4335/3034/29 4336/3043/29 
f 4336/3043/29 4347/3046/29 4346/3033/29 
f 4314/3033/29 4330/3034/29 4337/3043/29 
f 4337/3043/29 4344/3046/29 4314/3033/29 
f 4338/3036/29 4329/3037/29 4343/3045/29 
f 4343/3045/29 4339/3044/29 4338/3036/29 
f 4348/3033/29 4340/3034/29 4335/3040/29 
f 4335/3040/29 4346/3025/29 4348/3033/29 
f 4349/3034/2 4341/3036/2 4326/3042/2 
f 4326/3042/2 4340/3043/2 4349/3034/2 
f 4342/3034/2 4332/3036/2 4338/3042/2 
f 4338/3042/2 4324/3043/2 4342/3034/2 
f 4350/3033/30 4349/3034/30 4340/3043/30 
f 4340/3043/29 4348/3046/29 4350/3033/29 
f 4345/3033/29 4342/3034/29 4324/3043/29 
f 4324/3043/29 4322/3046/29 4345/3033/29 
f 4351/3032/29 4344/3033/29 4345/3025/29 
f 4345/3025/29 4352/3026/29 4351/3032/29 
f 4353/3032/29 4346/3033/29 4347/3046/29 
f 4347/3046/29 4354/3047/29 4353/3032/29 
f 4315/3032/29 4314/3033/29 4344/3046/29 
f 4344/3046/29 4351/3047/29 4315/3032/29 
f 4355/3032/29 4348/3033/29 4346/3025/29 
f 4346/3025/29 4353/3026/29 4355/3032/29 
f 4356/3048/29 4357/3048/29 4358/2954/29 
f 4358/2954/29 4359/2954/29 4356/3048/29 
f 4319/3049/1 4302/3050/1 4310/3051/1 
f 4319/3049/1 4310/3051/1 4328/3052/1 
f 4328/3052/2 4360/3053/2 4319/3049/2 
f 4361/3054/2 4362/3054/2 4363/3048/2 
f 4363/3048/2 4364/3048/2 4361/3054/2 
f 4365/3021/16 4366/3021/16 4367/3054/16 
f 4367/3054/16 4368/3054/16 4365/3021/16 
f 4300/3017/16 4299/3017/16 4369/3054/16 
f 4369/3054/16 4370/3054/16 4300/3017/16 
f 4371/3055/29 4372/3055/29 4373/2954/29 
f 4373/2954/29 4374/2954/29 4371/3055/29 
f 4375/3054/251 4376/3054/251 4357/3048/251 
f 4357/3048/251 4356/3048/251 4375/3054/251 
f 4377/3006/29 4378/3010/29 4379/3056/29 
f 4379/3056/30 4380/3057/30 4377/3006/30 
f 4277/3006/29 4294/3010/29 4381/3056/29 
f 4381/3056/29 4382/3057/29 4277/3006/29 
f 4302/3018/16 4286/3007/16 4296/3012/16 
f 4296/3012/16 4310/3020/16 4302/3018/16 
f 4383/3006/29 4384/3010/29 4378/3013/29 
f 4378/3013/29 4377/2996/29 4383/3006/29 
f 4385/3032/29 4350/3033/29 4348/3046/29 
f 4348/3046/29 4355/3058/29 4385/3032/29 
f 4352/3032/29 4345/3033/29 4322/3046/29 
f 4322/3046/29 4321/3047/29 4352/3032/29 
f 4382/3006/29 4381/3010/29 4386/3013/29 
f 4386/3013/29 4387/2996/29 4382/3006/29 
f 4387/3006/29 4386/3010/29 4289/3056/29 
f 4289/3056/29 4284/3057/29 4387/3006/29 
f 4286/3007/1 4281/2990/1 4292/2993/1 
f 4292/2993/1 4296/3012/1 4286/3007/1 
f 4388/3005/1 4382/3006/1 4387/2996/1 
f 4387/2996/1 4389/2997/1 4388/3005/1 
f 4390/3005/251 4377/3006/251 4380/3057/251 
f 4380/3057/251 4391/3059/251 4390/3005/251 
f 4278/3005/251 4277/3006/251 4382/3057/251 
f 4382/3057/251 4388/3059/251 4278/3005/251 
f 4392/3005/248 4383/3006/248 4377/2996/248 
f 4377/2996/248 4390/2997/248 4392/3005/248 
f 4393/3006/29 4394/3010/29 4384/3060/29 
f 4384/3060/29 4383/3057/29 4393/3006/29 
f 4395/3061/15 4396/3062/15 4397/2873/15 
f 4397/2873/16 4398/3063/16 4395/3061/16 
f 4399/2897/16 4400/3064/16 4401/3065/16 
f 4401/3065/16 4402/3066/16 4399/2897/16 
f 4403/3067/16 4395/3062/16 4398/2873/16 
f 4398/2873/16 4404/3068/16 4403/3067/16 
f 4400/3061/16 4403/3062/16 4404/2873/16 
f 4404/2873/16 4401/3063/16 4400/3061/16 
f 4405/2877/16 4406/3069/16 4407/3070/16 
f 4407/3070/16 4408/3071/16 4405/2877/16 
f 4406/2877/16 4409/3072/16 4410/3073/16 
f 4410/3073/16 4407/3071/16 4406/2877/16 
f 4396/3074/16 4405/3075/16 4408/2902/16 
f 4408/2902/16 4397/3076/16 4396/3074/16 
f 4409/2877/15 4399/3069/15 4402/3070/15 
f 4402/3070/16 4410/3071/16 4409/2877/16 
f 4408/3071/2 4407/3070/2 4411/3077/2 
f 4411/3077/2 4412/3078/2 4408/3071/2 
f 4407/3071/2 4410/3073/2 4413/3079/2 
f 4413/3079/2 4411/3078/2 4407/3071/2 
f 4397/3076/248 4408/2902/248 4412/2897/248 
f 4412/2897/248 4414/3080/248 4397/3076/248 
f 4410/3071/2 4402/3070/2 4415/3077/2 
f 4415/3077/2 4413/3078/2 4410/3071/2 
f 4398/3063/251 4397/2873/251 4414/2883/251 
f 4414/2883/251 4416/3081/251 4398/3063/251 
f 4402/3066/1 4401/3065/1 4417/3074/1 
f 4417/3074/1 4415/3082/1 4402/3066/1 
f 4404/3068/251 4398/2873/251 4416/2883/251 
f 4416/2883/251 4418/3083/251 4404/3068/251 
f 4401/3063/251 4404/2873/251 4418/2883/251 
f 4418/2883/251 4417/3081/251 4401/3063/251 
f 4407/3066/1 4398/3065/1 4416/3074/1 
f 4416/3074/1 4411/3082/1 4407/3066/1 
f 4414/3084/29 4412/3085/29 4411/3086/29 
f 4411/3086/29 4416/3087/29 4414/3084/29 
f 4415/2913/29 4417/3088/29 4418/3089/29 
f 4418/3089/29 4413/3090/29 4415/2913/29 
f 4413/3091/29 4418/3092/29 4416/3093/29 
f 4416/3093/29 4411/3094/29 4413/3091/29 
f 4419/3095/248 4420/2902/248 4421/2897/248 
f 4421/2897/248 4422/3096/248 4419/3095/248 
f 4423/3097/29 4424/3098/29 4425/3099/29 
f 4425/3099/29 4426/3100/29 4423/3097/29 
f 4427/3101/16 4428/3102/16 4429/3103/16 
f 4429/3103/16 4430/3104/16 4427/3101/16 
f 4430/2897/1 4429/3105/1 4423/3106/1 
f 4423/3106/1 4426/2902/1 4430/2897/1 
f 4427/2877/2 4430/3107/2 4426/3108/2 
f 4426/3108/2 4425/3109/2 4427/2877/2 
f 4429/3110/251 4428/3111/251 4424/3112/251 
f 4424/3112/251 4423/3113/251 4429/3110/251 
f 4431/3097/29 4432/3098/29 4433/3099/29 
f 4433/3099/29 4434/3100/29 4431/3097/29 
f 4435/3101/16 4436/3102/16 4437/3103/16 
f 4437/3103/16 4438/3104/16 4435/3101/16 
f 4438/3114/1 4437/3115/1 4431/3116/1 
f 4431/3116/1 4434/3117/1 4438/3114/1 
f 4436/3118/248 4435/3119/248 4433/3120/248 
f 4433/3120/248 4432/3121/248 4436/3118/248 
f 4435/2877/2 4438/3107/2 4434/3108/2 
f 4434/3108/2 4433/3109/2 4435/2877/2 
f 4437/3111/251 4436/2873/251 4432/2883/251 
f 4432/2883/251 4431/3112/251 4437/3111/251 
f 4202/3122/16 4439/3123/16 4440/3124/16 
f 4440/3124/15 4205/3125/15 4202/3122/15 
f 4211/3126/16 4441/3127/16 4439/3123/16 
f 4439/3123/16 4202/3122/16 4211/3126/16 
f 4212/3128/16 4442/3129/16 4441/3127/16 
f 4441/3127/16 4211/3126/16 4212/3128/16 
f 4205/3125/16 4440/3124/16 4442/3129/16 
f 4442/3129/16 4212/3128/16 4205/3125/16 
f 4443/2897/16 4444/3130/16 4445/3131/16 
f 4445/3131/16 4446/3066/16 4443/2897/16 
f 4421/2882/2 4420/2880/2 4446/3132/2 
f 4446/3132/2 4447/3133/2 4421/2882/2 
f 4448/3134/248 4449/3135/248 4450/2876/248 
f 4450/2876/248 4451/3136/248 4448/3134/248 
f 4452/2916/16 4449/2916/16 4448/2916/16 
f 4448/2916/16 4453/2916/16 4452/2916/16 
f 4449/3137/2 4452/3138/2 4454/3139/2 
f 4454/3139/2 4450/3140/2 4449/3137/2 
f 4452/3141/1 4453/2901/1 4455/3142/1 
f 4455/3142/1 4454/3143/1 4452/3141/1 
f 4453/3139/251 4448/3140/251 4451/3137/251 
f 4451/3137/251 4455/3138/251 4453/3139/251 
f 4451/3144/29 4450/3145/29 4454/3100/29 
f 4454/3100/29 4455/3146/29 4451/3144/29 
f 4456/3147/1485 4457/3148/1485 4458/3149/1485 
f 4458/3149/1485 4459/3150/1485 4456/3147/1485 
f 4460/3151/1486 4456/3147/1486 4459/3150/1486 
f 4459/3150/248 4461/3152/248 4460/3151/248 
f 4462/3153/2 4460/3151/2 4461/3152/2 
f 4461/3152/2 4463/3154/2 4462/3153/2 
f 4464/2814/29 4465/2815/29 4466/2816/29 
f 4466/2816/29 4467/2813/29 4464/2814/29 
f 4465/2819/248 4468/2815/248 4469/2817/248 
f 4469/2817/248 4466/2818/248 4465/2819/248 
f 4470/2821/248 4471/2815/248 4472/2817/248 
f 4472/2817/248 4473/2820/248 4470/2821/248 
f 4471/2832/4 4470/2831/4 4474/2830/4 
f 4474/2830/4 4475/2833/4 4471/2832/4 
f 4468/3155/4 4465/3156/4 4476/3157/4 
f 4476/3157/4 4477/3158/4 4468/3155/4 
f 4465/3156/2 4464/2823/2 4478/2822/2 
f 4478/2822/2 4476/3157/2 4465/3156/2 
f 4479/2824/2 4471/2832/2 4475/2833/2 
f 4475/2833/2 4480/2825/2 4479/2824/2 
f 4481/3159/2 4468/3155/2 4477/3158/2 
f 4477/3158/2 4482/3160/2 4481/3159/2 
f 4483/3161/2 4481/3159/2 4482/3160/2 
f 4482/3160/2 4484/3162/2 4483/3161/2 
f 4464/2823/2 4479/2824/2 4480/2825/2 
f 4480/2825/2 4478/2822/2 4464/2823/2 
f 4470/2831/2 4483/3161/2 4484/3162/2 
f 4484/3162/2 4474/2830/2 4470/2831/2 
f 4469/2839/2 4485/2840/2 4472/2841/2 
f 4472/2841/2 4486/2838/2 4469/2839/2 
f 4469/2839/4 4486/2838/4 4467/2845/4 
f 4467/2845/2 4466/2844/2 4469/2839/2 
f 4472/2841/2 4485/2840/2 4487/2843/2 
f 4487/2843/2 4473/2842/2 4472/2841/2 
f 4471/2816/16 4479/2846/16 4486/2821/16 
f 4486/2821/16 4472/2815/16 4471/2816/16 
f 4468/2848/29 4481/2815/29 4485/2816/29 
f 4485/2816/29 4469/2847/29 4468/2848/29 
f 4481/2817/1 4483/2818/1 4487/2819/1 
f 4487/2819/1 4485/2815/1 4481/2817/1 
f 4479/2817/1 4464/2820/1 4467/2821/1 
f 4467/2821/1 4486/2815/1 4479/2817/1 
f 4483/2850/29 4470/2815/29 4473/2816/29 
f 4473/2816/29 4487/2849/29 4483/2850/29 
f 4488/3163/251 4489/3164/251 4490/2854/251 
f 4490/2854/251 4491/2851/251 4488/3163/251 
f 4492/2857/251 4493/3165/251 4488/3163/251 
f 4488/3163/251 4491/2851/251 4492/2857/251 
f 4494/3166/251 4495/2856/251 4490/2854/251 
f 4490/2854/251 4489/3164/251 4494/3166/251 
f 4475/2862/1 4474/2859/1 4492/2860/1 
f 4492/2860/1 4491/2861/1 4475/2862/1 
f 4496/3167/16 4497/3168/16 4498/3169/16 
f 4498/3169/16 4499/2897/16 4496/3167/16 
f 4500/3170/1 4501/3171/1 4502/3172/1 
f 4502/3172/1 4503/3173/1 4500/3170/1 
f 4502/2874/16 4504/2871/16 4497/2872/16 
f 4497/2872/16 4496/2873/16 4502/2874/16 
f 4501/2866/16 4505/2863/16 4504/2864/16 
f 4504/2864/16 4502/2865/16 4501/2866/16 
f 4499/2880/15 4498/2877/15 4505/2878/15 
f 4505/2878/16 4501/2879/16 4499/2880/16 
f 4506/2882/2 4499/2880/2 4501/2879/2 
f 4501/2879/2 4500/2881/2 4506/2882/2 
f 4503/2884/251 4502/2874/251 4496/2873/251 
f 4496/2873/251 4507/2883/251 4503/2884/251 
f 4506/2886/29 4500/2887/29 4503/2888/29 
f 4503/2888/29 4507/2885/29 4506/2886/29 
f 4493/2892/248 4484/2889/248 4482/2890/248 
f 4482/2890/248 4488/2891/248 4493/2892/248 
f 4488/2896/16 4482/2893/16 4477/2894/16 
f 4477/2894/16 4489/2895/16 4488/2896/16 
f 4508/2903/16 4509/2899/16 4510/3169/16 
f 4510/3169/16 4511/2897/16 4508/2903/16 
f 4512/3174/1 4513/3175/1 4514/3106/1 
f 4514/3106/1 4515/3176/1 4512/3174/1 
f 4514/2905/15 4516/3177/15 4509/2872/15 
f 4509/2872/16 4508/2873/16 4514/2905/16 
f 4513/3175/16 4517/3178/16 4516/3179/16 
f 4516/3179/16 4514/3106/16 4513/3175/16 
f 4511/2880/16 4510/2877/16 4517/3180/16 
f 4517/3180/16 4513/2909/16 4511/2880/16 
f 4518/2882/2 4511/2880/2 4513/2909/2 
f 4513/2909/2 4512/2910/2 4518/2882/2 
f 4515/2911/251 4514/2905/251 4508/2873/251 
f 4508/2873/251 4519/2883/251 4515/2911/251 
f 4518/2913/29 4512/2914/29 4515/2915/29 
f 4515/2915/29 4519/2912/29 4518/2913/29 
f 4520/2916/29 4521/2916/29 4522/2916/29 
f 4522/2916/29 4523/2916/29 4520/2916/29 
f 4522/3181/1 4521/3182/1 4524/3183/1 
f 4524/3183/1 4525/3184/1 4522/3181/1 
f 4526/3185/2 4527/3186/2 4521/3187/2 
f 4521/3187/2 4520/3188/2 4526/3185/2 
f 4528/3189/251 4529/3190/251 4523/2921/251 
f 4523/2921/251 4522/2924/251 4528/3189/251 
f 4530/3191/251 4528/3189/251 4522/2924/251 
f 4522/2924/251 4525/3192/251 4530/3191/251 
f 4527/3186/2 4531/3193/2 4524/3194/2 
f 4524/3194/2 4521/3187/2 4527/3186/2 
f 4532/3195/1 4533/3196/1 4534/2865/1 
f 4534/2865/1 4535/3197/1 4532/3195/1 
f 4534/2916/16 4533/2916/16 4536/2916/16 
f 4536/2916/16 4537/2916/16 4534/2916/16 
f 4538/3140/2 4536/3137/2 4533/3138/2 
f 4533/3138/2 4532/3139/2 4538/3140/2 
f 4539/3136/248 4537/3134/248 4536/3135/248 
f 4536/3135/248 4538/2876/248 4539/3136/248 
f 4535/3138/251 4534/3139/251 4537/3140/251 
f 4537/3140/251 4539/3137/251 4535/3138/251 
f 4538/3145/29 4532/3100/29 4535/3146/29 
f 4535/3146/29 4539/3144/29 4538/3145/29 
f 4540/3154/1485 4541/3153/1485 4542/3151/1485 
f 4542/3151/1485 4543/3152/1485 4540/3154/1485 
f 4543/3152/1 4542/3151/1 4544/3147/1 
f 4544/3147/1 4545/3150/1 4543/3152/1 
f 4545/3150/2 4544/3147/2 4546/3148/2 
f 4546/3148/2 4547/3149/2 4545/3150/2 
f 4428/3198/248 4427/3174/248 4425/3175/248 
f 4425/3175/248 4424/3199/248 4428/3198/248 
f 4548/3200/16 4549/3075/16 4420/2902/16 
f 4420/2902/16 4419/3095/16 4548/3200/16 
f 4445/3201/16 4444/3202/16 4548/3062/16 
f 4548/3062/16 4419/2873/16 4445/3201/16 
f 4420/3101/16 4549/3102/16 4443/3103/16 
f 4443/3103/16 4446/3104/16 4420/3101/16 
f 4550/3203/251 4445/3201/251 4419/2873/251 
f 4419/2873/251 4422/2883/251 4550/3203/251 
f 4446/3066/1 4445/3131/1 4550/3200/1 
f 4550/3200/1 4447/3082/1 4446/3066/1 
f 4551/3204/1 4552/3205/1 4553/3206/1 
f 4553/3206/1 4554/3207/1 4551/3204/1 
f 4552/3208/251 4555/3209/251 4556/3210/251 
f 4556/3210/251 4553/3211/251 4552/3208/251 
f 4552/3212/29 4551/3213/29 4422/3214/29 
f 4422/3214/29 4421/3215/29 4552/3212/29 
f 4557/3216/29 4555/3217/29 4447/3218/29 
f 4447/3218/29 4550/3219/29 4557/3216/29 
f 4555/3220/29 4552/3221/29 4421/3222/29 
f 4421/3222/30 4447/3223/30 4555/3220/30 
f 4551/3224/30 4557/3225/30 4550/3226/30 
f 4550/3226/29 4422/3227/29 4551/3224/29 
f 4554/3211/29 4553/3228/29 4556/3229/29 
f 4556/3229/29 4558/3210/29 4554/3211/29 
f 4557/3210/2 4551/3211/2 4554/3208/2 
f 4554/3208/2 4558/3209/2 4557/3210/2 
f 4555/3206/248 4557/3207/248 4558/3204/248 
f 4558/3204/248 4556/3205/248 4555/3206/248 
f 4559/3044/29 4360/3045/29 4328/3038/29 
f 4328/3038/29 4341/3039/29 4559/3044/29 
f 4560/3035/1 4559/3044/1 4341/3039/1 
f 4341/3039/1 4349/3040/1 4560/3035/1 
f 4561/3024/29 4560/3035/29 4349/3040/29 
f 4349/3040/29 4350/3025/29 4561/3024/29 
f 4562/3023/29 4561/3024/29 4350/3025/29 
f 4350/3025/29 4385/3026/29 4562/3023/29 
f 4563/3230/2 4564/3230/2 4372/3055/2 
f 4372/3055/2 4371/3055/2 4563/3230/2 
f 4565/2995/29 4566/3011/29 4394/3013/29 
f 4394/3013/29 4393/2996/29 4565/2995/29 
f 4567/2994/1 4565/2995/1 4393/2996/1 
f 4393/2996/1 4568/2997/1 4567/2994/1 
f 4391/3005/1 4380/3006/1 4565/2995/1 
f 4565/2995/1 4567/2994/1 4391/3005/1 
f 4380/3006/29 4379/3010/29 4566/3011/29 
f 4566/3011/29 4565/2995/29 4380/3006/29 
f 4359/2954/2 4358/2954/2 4569/3021/2 
f 4569/3021/2 4570/3021/2 4359/2954/2 
f 4354/3032/29 4347/3033/29 4561/3024/29 
f 4561/3024/29 4562/3023/29 4354/3032/29 
f 4347/3033/29 4336/3034/29 4560/3035/29 
f 4560/3035/29 4561/3024/29 4347/3033/29 
f 4336/3034/1 4333/3036/1 4559/3044/1 
f 4559/3044/1 4560/3035/1 4336/3034/1 
f 4333/3036/29 4319/3037/29 4360/3045/29 
f 4360/3045/29 4559/3044/29 4333/3036/29 
f 4571/3017/248 4312/3023/248 4315/3026/248 
f 4315/3026/248 4362/3054/248 4571/3017/248 
f 4362/3054/248 4315/3026/248 4294/3013/248 
f 4294/3013/248 4363/3048/248 4362/3054/248 
f 4363/3048/248 4294/3013/248 4290/3011/248 
f 4290/3011/248 4572/3016/248 4363/3048/248 
f 4572/3016/248 4290/3011/248 4312/3023/248 
f 4312/3023/248 4571/3017/248 4572/3016/248 
f 4573/3021/248 4321/3032/248 4312/3023/248 
f 4312/3023/248 4564/3230/248 4573/3021/248 
f 4564/3230/248 4312/3023/248 4290/3011/248 
f 4290/3011/248 4372/3055/248 4564/3230/248 
f 4372/3055/248 4290/3011/248 4289/3010/248 
f 4289/3010/248 4373/2954/248 4372/3055/248 
f 4373/2954/248 4289/3010/248 4321/3032/248 
f 4321/3032/248 4573/3021/248 4373/2954/248 
f 4574/3021/251 4315/3032/251 4351/3047/251 
f 4351/3047/251 4575/3231/251 4574/3021/251 
f 4575/3231/251 4351/3047/251 4381/3056/251 
f 4381/3056/251 4576/2953/251 4575/3231/251 
f 4576/2953/251 4381/3056/251 4294/3010/251 
f 4294/3010/251 4577/2954/251 4576/2953/251 
f 4577/2954/251 4294/3010/251 4315/3032/251 
f 4315/3032/251 4574/3021/251 4577/2954/251 
f 4366/3021/248 4355/3032/248 4353/3026/248 
f 4353/3026/248 4367/3054/248 4366/3021/248 
f 4367/3054/248 4353/3026/248 4378/3013/248 
f 4378/3013/248 4578/3048/248 4367/3054/248 
f 4578/3048/248 4378/3013/248 4384/3010/248 
f 4384/3010/248 4579/2954/248 4578/3048/248 
f 4579/2954/248 4384/3010/248 4355/3032/248 
f 4355/3032/248 4366/3021/248 4579/2954/248 
f 4568/3232/2 4393/3006/2 4383/3057/2 
f 4383/3057/2 4392/3233/2 4568/3232/2 
f 4580/3231/2 4355/3058/2 4384/3060/2 
f 4384/3060/2 4232/2953/2 4580/3231/2 
f 4305/3021/2 4385/3032/2 4355/3058/2 
f 4355/3058/2 4580/3231/2 4305/3021/2 
f 4233/2954/2 4394/3010/2 4385/3032/2 
f 4385/3032/4 4305/3021/4 4233/2954/4 
f 4389/3005/2 4387/3006/2 4284/3057/2 
f 4284/3057/2 4283/3059/2 4389/3005/2 
f 4581/3231/2 4321/3047/2 4289/3056/2 
f 4289/3056/2 4582/2953/2 4581/3231/2 
f 4583/3021/2 4352/3032/2 4321/3047/2 
f 4321/3047/2 4581/3231/2 4583/3021/2 
f 4584/2954/2 4386/3010/2 4352/3032/2 
f 4352/3032/4 4583/3021/4 4584/2954/4 
f 4569/3021/1 4351/3032/1 4352/3026/1 
f 4352/3026/1 4376/3054/1 4569/3021/1 
f 4376/3054/1 4352/3026/1 4386/3013/1 
f 4386/3013/1 4357/3048/1 4376/3054/1 
f 4357/3048/1 4386/3013/1 4381/3010/1 
f 4381/3010/1 4358/2954/1 4357/3048/1 
f 4358/2954/1 4381/3010/1 4351/3032/1 
f 4351/3032/1 4569/3021/1 4358/2954/1 
f 4585/3021/251 4353/3032/251 4354/3047/251 
f 4354/3047/251 4586/3231/251 4585/3021/251 
f 4586/3231/251 4354/3047/251 4379/3056/251 
f 4379/3056/251 4587/2953/251 4586/3231/251 
f 4587/2953/251 4379/3056/251 4378/3010/251 
f 4378/3010/251 4588/2954/251 4587/2953/251 
f 4588/2954/251 4378/3010/251 4353/3032/251 
f 4353/3032/251 4585/3021/251 4588/2954/251 
f 4299/3017/1 4562/3023/1 4385/3026/1 
f 4385/3026/1 4369/3054/1 4299/3017/1 
f 4369/3054/1 4385/3026/1 4394/3013/1 
f 4394/3013/1 4589/3048/1 4369/3054/1 
f 4589/3048/1 4394/3013/1 4566/3011/1 
f 4566/3011/1 4298/3016/1 4589/3048/1 
f 4298/3016/1 4566/3011/1 4562/3023/1 
f 4562/3023/1 4299/3017/1 4298/3016/1 
f 4590/3021/1 4354/3032/1 4562/3023/1 
f 4562/3023/1 4591/3230/1 4590/3021/1 
f 4591/3230/1 4562/3023/1 4566/3011/1 
f 4566/3011/1 4592/3055/1 4591/3230/1 
f 4592/3055/1 4566/3011/1 4379/3010/1 
f 4379/3010/1 4593/2954/1 4592/3055/1 
f 4593/2954/1 4379/3010/1 4354/3032/1 
f 4354/3032/1 4590/3021/1 4593/2954/1 
f 4594/3016/248 4595/3017/248 4361/3054/248 
f 4361/3054/248 4364/3048/248 4594/3016/248 
f 4374/2954/248 4596/3021/248 4563/3230/248 
f 4563/3230/248 4371/3055/248 4374/2954/248 
f 4597/2954/251 4598/3021/251 4599/3231/251 
f 4599/3231/251 4600/2953/251 4597/2954/251 
f 4601/2954/248 4365/3021/248 4368/3054/248 
f 4368/3054/248 4602/3048/248 4601/2954/248 
f 4232/2953/2 4384/3060/2 4394/3010/2 
f 4394/3010/2 4233/2954/2 4232/2953/2 
f 4582/2953/2 4289/3056/2 4386/3010/2 
f 4386/3010/2 4584/2954/2 4582/2953/2 
f 4359/2954/1 4570/3021/1 4375/3054/1 
f 4375/3054/1 4356/3048/1 4359/2954/1 
f 4603/2954/251 4604/3021/251 4605/3231/251 
f 4605/3231/251 4606/2953/251 4603/2954/251 
f 4297/3016/1 4300/3017/1 4370/3054/1 
f 4370/3054/1 4607/3048/1 4297/3016/1 
f 4608/2954/1 4609/3021/1 4610/3230/1 
f 4610/3230/1 4611/3055/1 4608/2954/1 
f 4601/2954/251 4579/2954/251 4366/3021/251 
f 4366/3021/251 4365/3021/251 4601/2954/251 
f 4374/2954/251 4373/2954/251 4573/3021/251 
f 4573/3021/251 4596/3021/251 4374/2954/251 
f 4607/3048/29 4589/3048/29 4298/3016/29 
f 4298/3016/29 4297/3016/29 4607/3048/29 
f 4368/3054/2 4367/3054/2 4578/3048/2 
f 4578/3048/2 4602/3048/2 4368/3054/2 
f 4605/3231/248 4586/3231/248 4587/2953/248 
f 4587/2953/248 4606/2953/248 4605/3231/248 
f 4612/2954/2 4613/3021/2 4614/3231/2 
f 4614/3231/2 4615/2953/2 4612/2954/2 
f 4595/3017/16 4571/3017/16 4362/3054/16 
f 4362/3054/16 4361/3054/16 4595/3017/16 
f 4602/3048/29 4578/3048/29 4579/2954/29 
f 4579/2954/29 4601/2954/29 4602/3048/29 
f 4612/2954/248 4584/2954/248 4583/3021/248 
f 4583/3021/248 4613/3021/248 4612/2954/248 
f 4594/3016/251 4572/3016/251 4571/3017/251 
f 4571/3017/251 4595/3017/251 4594/3016/251 
f 4370/3054/251 4369/3054/251 4589/3048/251 
f 4589/3048/251 4607/3048/251 4370/3054/251 
f 4613/3021/16 4583/3021/16 4581/3231/16 
f 4581/3231/16 4614/3231/16 4613/3021/16 
f 4364/3048/29 4363/3048/29 4572/3016/29 
f 4572/3016/29 4594/3016/29 4364/3048/29 
f 4608/2954/2 4593/2954/2 4590/3021/2 
f 4590/3021/2 4609/3021/2 4608/2954/2 
f 4604/3021/16 4585/3021/16 4586/3231/16 
f 4586/3231/16 4605/3231/16 4604/3021/16 
f 4598/3021/16 4574/3021/16 4575/3231/16 
f 4575/3231/16 4599/3231/16 4598/3021/16 
f 4603/2954/1 4588/2954/1 4585/3021/1 
f 4585/3021/1 4604/3021/1 4603/2954/1 
f 4599/3231/248 4575/3231/248 4576/2953/248 
f 4576/2953/248 4600/2953/248 4599/3231/248 
f 4606/2953/29 4587/2953/29 4588/2954/29 
f 4588/2954/29 4603/2954/29 4606/2953/29 
f 4600/2953/29 4576/2953/29 4577/2954/29 
f 4577/2954/29 4597/2954/29 4600/2953/29 
f 4609/3021/16 4590/3021/16 4591/3230/16 
f 4591/3230/16 4610/3230/16 4609/3021/16 
f 4234/2954/2 4306/3021/2 4616/3231/2 
f 4616/3231/2 4231/2953/2 4234/2954/2 
f 4610/3230/251 4591/3230/251 4592/3055/251 
f 4592/3055/251 4611/3055/251 4610/3230/251 
f 4597/2954/1 4577/2954/1 4574/3021/1 
f 4574/3021/1 4598/3021/1 4597/2954/1 
f 4616/3231/1 4580/3231/1 4232/2953/1 
f 4232/2953/1 4231/2953/1 4616/3231/1 
f 4611/3055/29 4592/3055/29 4593/2954/29 
f 4593/2954/29 4608/2954/29 4611/3055/29 
f 4306/3021/16 4305/3021/16 4580/3231/16 
f 4580/3231/16 4616/3231/16 4306/3021/16 
f 4570/3021/16 4569/3021/16 4376/3054/16 
f 4376/3054/16 4375/3054/16 4570/3021/16 
f 4614/3231/1 4581/3231/1 4582/2953/1 
f 4582/2953/1 4615/2953/1 4614/3231/1 
f 4596/3021/16 4573/3021/16 4564/3230/16 
f 4564/3230/16 4563/3230/16 4596/3021/16 
f 4617/3234/251 4618/3235/251 4619/3236/251 
f 4619/3236/251 4620/3237/251 4617/3234/251 
f 4148/2890/248 4621/3238/248 4622/3239/248 
f 4622/3239/248 4142/2889/248 4148/2890/248 
f 4130/2892/248 4619/3240/248 4618/3241/248 
f 4618/3241/248 4129/2891/248 4130/2892/248 
f 4142/2889/248 4622/3239/248 4619/3240/248 
f 4619/3240/248 4130/2892/248 4142/2889/248 
f 4623/3242/1 4624/3243/1 4625/3244/1 
f 4625/3244/1 4626/3245/1 4623/3242/1 
f 4620/3240/16 4619/3240/16 4622/3239/16 
f 4622/3239/16 4627/3239/16 4620/3240/16 
f 4627/3236/2 4622/3237/2 4621/3234/2 
f 4621/3234/2 4628/3235/2 4627/3236/2 
f 4615/2953/29 4582/2953/29 4584/2954/29 
f 4584/2954/29 4612/2954/29 4615/2953/29 
f 4629/3234/2 4630/3235/2 4631/3236/2 
f 4631/3236/2 4623/3237/2 4629/3234/2 
f 4476/2890/1 4632/3238/1 4633/3239/1 
f 4633/3239/1 4477/2889/1 4476/2890/1 
f 4489/2892/1 4631/3240/1 4630/3241/1 
f 4630/3241/1 4494/2891/1 4489/2892/1 
f 4477/2889/1 4633/3239/1 4631/3240/1 
f 4631/3240/1487 4489/2892/1487 4477/2889/1487 
f 4623/3240/16 4631/3240/16 4633/3239/16 
f 4633/3239/16 4624/3239/16 4623/3240/16 
f 4624/3236/251 4633/3237/251 4632/3234/251 
f 4632/3234/251 4634/3235/251 4624/3236/251 
f 4635/3246/2 4440/3247/2 4439/3248/2 
f 4439/3248/2 4636/3249/2 4635/3246/2 
f 4637/3249/251 4441/3250/251 4442/3251/251 
f 4442/3251/251 4638/3246/251 4637/3249/251 
f 4636/3252/248 4439/3250/248 4441/3251/248 
f 4441/3251/248 4637/3253/248 4636/3252/248 
f 4638/3253/1 4442/3254/1 4440/3255/1 
f 4440/3255/1 4635/3252/1 4638/3253/1 
f 4281/2990/29 4265/2991/29 4266/2992/29 
f 4266/2992/29 4292/2993/29 4281/2990/29 
f 4329/3049/248 4311/3050/248 4309/3051/248 
f 4329/3049/248 4309/3051/248 4320/3052/248 
f 4320/3052/2 4343/3053/2 4329/3049/2 
f 4311/2979/16 4304/2973/16 4287/3014/16 
f 4287/3014/16 4309/3022/16 4311/2979/16 
f 4293/2977/248 4282/3000/248 4287/3014/248 
f 4287/3014/248 4304/2973/248 4293/2977/248 
f 4293/2977/29 4271/2998/29 4270/2999/29 
f 4270/2999/29 4282/3000/29 4293/2977/29 
f 4620/3242/248 4627/3243/248 4639/3244/248 
f 4639/3244/248 4640/3245/248 4620/3242/248 
f 3958/3256/251 3351/3257/251 3349/3258/251 
f 3349/3258/252 3959/3259/252 3958/3256/252 
f 3959/3259/251 3349/3258/251 3960/3260/251 
f 3960/3260/252 3962/3261/252 3959/3259/252 
f 3349/3258/251 3348/3262/251 3960/3260/251 
f 3958/3256/251 3355/3263/251 3354/3264/251 
f 3354/3264/251 3351/3257/251 3958/3256/251 
f 3962/3261/252 3960/3260/252 3964/3265/252 
f 3964/3265/251 3963/3266/251 3962/3261/251 
f 3963/3266/252 3964/3265/252 3966/3267/252 
f 3966/3267/251 3965/3268/251 3963/3266/251 
f 3965/3268/252 3966/3267/252 3060/3269/252 
f 3060/3269/251 3051/3270/251 3965/3268/251 
f 3965/3268/252 3051/3270/252 3968/3271/252 
f 3968/3271/251 3967/3272/251 3965/3268/251 
f 3967/3272/251 3968/3271/251 3970/3273/251 
f 3970/3273/251 3969/3274/251 3967/3272/251 
f 3969/3274/251 3970/3273/251 3972/3275/251 
f 3972/3275/252 3971/3276/252 3969/3274/252 
f 3051/3270/252 3060/3269/252 3059/3277/252 
f 3059/3277/251 3052/3278/251 3051/3270/251 
f 3052/3278/252 3059/3277/252 3072/3279/252 
f 3072/3279/252 3067/3280/252 3052/3278/252 
f 3067/3280/251 3072/3279/251 3080/3281/251 
f 3080/3281/252 3077/3282/252 3067/3280/252 
f 3077/3282/252 3080/3281/252 3090/3283/252 
f 3090/3283/251 3087/3284/251 3077/3282/251 
f 3087/3284/252 3090/3283/252 3098/3285/252 
f 3098/3285/252 3095/3286/252 3087/3284/252 
f 3095/3286/251 3098/3285/251 3107/3287/251 
f 3107/3287/252 3103/3288/252 3095/3286/252 
f 3128/3289/252 3125/3290/252 3149/3291/252 
f 3149/3291/251 4641/3292/251 3128/3289/251 
f 3125/3290/251 3122/3293/251 3150/3294/251 
f 3150/3294/251 3149/3291/251 3125/3290/251 
f 3122/3293/252 3115/3295/252 4642/3296/252 
f 4642/3296/251 3150/3294/251 3122/3293/251 
f 3115/3295/251 3110/3297/251 3103/3288/251 
f 3103/3288/251 4642/3296/251 3115/3295/251 
f 3138/3298/251 3135/3299/251 3128/3289/251 
f 3128/3289/251 4641/3292/251 3138/3298/251 
f 3103/3288/252 3107/3287/252 3175/3300/252 
f 3175/3300/251 4642/3296/251 3103/3288/251 
f 4643/3301/252 3179/3302/252 3150/3294/252 
f 3150/3294/251 4644/3303/251 4643/3301/251 
f 4644/3303/252 3150/3294/252 4642/3296/252 
f 4642/3296/251 3175/3300/251 4644/3303/251 
f 4645/3304/251 4641/3292/251 3149/3291/251 
f 3149/3291/251 3179/3302/251 4645/3304/251 
f 3242/3305/251 3245/3306/251 4646/3307/251 
f 3233/3308/252 3236/3309/252 4646/3307/252 
f 3227/3310/251 3230/3311/251 4646/3307/251 
f 3221/3312/252 3225/3313/252 4646/3307/252 
f 3236/3309/251 3242/3305/251 4646/3307/251 
f 3230/3311/251 3233/3308/251 4646/3307/251 
f 3225/3313/251 3227/3310/251 4646/3307/251 
f 3221/3312/251 4646/3307/251 3217/3314/251 
f 3217/3314/251 4646/3307/251 3214/3315/251 
f 3252/3316/251 4646/3307/251 3245/3306/251 
f 3255/3317/251 4646/3307/251 3252/3316/251 
f 3257/3318/251 4646/3307/251 3255/3317/251 
f 3327/3319/251 3207/3320/251 4647/3321/251 
f 4643/3301/251 4644/3303/251 3201/3322/251 
f 3201/3322/251 4646/3307/251 4643/3301/251 
f 3175/3300/251 3201/3322/251 4644/3303/251 
f 3207/3320/251 3206/3323/251 3210/3324/251 
f 3210/3324/251 4647/3321/251 3207/3320/251 
f 3213/3325/251 4647/3321/251 3210/3324/251 
f 3214/3315/252 4647/3321/252 3213/3325/252 
f 3327/3319/252 4647/3321/252 4646/3307/252 
f 3344/3326/251 3328/3327/251 4646/3307/251 
f 3201/3322/251 3346/3328/251 4646/3307/251 
f 3328/3327/251 3327/3319/251 4646/3307/251 
f 3346/3328/251 3344/3326/251 4646/3307/251 
f 4646/3307/251 4647/3321/251 3214/3315/251 
f 3296/3329/251 3297/3330/251 4646/3307/251 
f 3287/3331/251 3290/3332/251 4646/3307/251 
f 3281/3333/252 3285/3334/252 4646/3307/252 
f 3273/3335/251 3276/3336/251 4646/3307/251 
f 3297/3330/251 3299/3337/251 4646/3307/251 
f 3290/3332/252 3296/3329/252 4646/3307/252 
f 3285/3334/251 3287/3331/251 4646/3307/251 
f 3276/3336/251 3281/3333/251 4646/3307/251 
f 3269/3338/251 3273/3335/251 3266/3339/251 
f 3266/3339/252 3273/3335/252 3262/3340/252 
f 3262/3340/251 3273/3335/251 3257/3318/251 
f 4646/3307/252 3257/3318/252 3273/3335/252 
f 4645/3304/251 3179/3302/251 4643/3301/251 
f 4643/3301/251 3299/3337/251 4645/3304/251 
f 4643/3301/251 4646/3307/251 3299/3337/251 
f 3524/3341/251 3410/3342/251 3406/3343/251 
f 3406/3343/251 3415/3344/251 3524/3341/251 
f 3420/3345/251 3524/3341/251 3415/3344/251 
f 3415/3344/251 3422/3346/251 3420/3345/251 
f 3524/3341/252 3420/3345/252 3419/3347/252 
f 3409/3348/252 3407/3349/252 3406/3343/252 
f 3406/3343/251 3410/3342/251 3409/3348/251 
f 3432/3350/251 3420/3345/251 3422/3346/251 
f 3422/3346/251 3431/3351/251 3432/3350/251 
f 3441/3352/251 3432/3350/251 3431/3351/251 
f 3431/3351/251 3436/3353/251 3441/3352/251 
f 3447/3354/252 3441/3352/252 3436/3353/252 
f 3436/3353/251 3456/3355/251 3447/3354/251 
f 3457/3356/251 3456/3355/251 3436/3353/251 
f 3436/3353/251 3452/3357/251 3457/3356/251 
f 3466/3358/251 3457/3356/251 3452/3357/251 
f 3452/3357/251 3463/3359/251 3466/3358/251 
f 3470/3360/251 3466/3358/251 3463/3359/251 
f 3463/3359/251 3471/3361/251 3470/3360/251 
f 3481/3362/251 3447/3354/251 3456/3355/251 
f 3456/3355/252 3479/3363/252 3481/3362/252 
f 3491/3364/251 3481/3362/251 3479/3363/251 
f 3479/3363/251 3488/3365/251 3491/3364/251 
f 3501/3366/251 3491/3364/251 3488/3365/251 
f 3488/3365/251 3496/3367/251 3501/3366/251 
f 3503/3368/251 3501/3366/251 3496/3367/251 
f 3496/3367/251 3460/3369/251 3503/3368/251 
f 3503/3368/252 3460/3369/252 3510/3370/252 
f 3510/3370/251 3460/3369/251 3519/3371/251 
f 4641/3292/251 4645/3304/251 3299/3337/251 
f 3299/3337/251 3519/3371/251 4641/3292/251 
f 3514/3372/251 4641/3292/251 3519/3371/251 
f 3519/3371/252 3515/3373/252 3514/3372/252 
f 3514/3372/251 3138/3298/251 4641/3292/251 
f 3519/3371/251 3460/3369/251 3515/3373/251 
f 3576/3374/251 3638/3375/251 3635/3376/251 
f 3635/3376/252 3578/3377/252 3576/3374/252 
f 3612/3378/251 3602/3379/251 3600/3380/251 
f 3600/3380/251 3614/3381/251 3612/3378/251 
f 3614/3381/252 3600/3380/252 3596/3382/252 
f 3596/3382/251 3616/3383/251 3614/3381/251 
f 3616/3383/252 3596/3382/252 3594/3384/252 
f 3594/3384/252 3617/3385/252 3616/3383/252 
f 3617/3385/251 3594/3384/251 3593/3386/251 
f 3593/3386/251 3620/3387/251 3617/3385/251 
f 3620/3387/251 3593/3386/251 3592/3388/251 
f 3592/3388/251 3623/3389/251 3620/3387/251 
f 3623/3389/251 3592/3388/251 3586/3390/251 
f 3586/3390/252 3627/3391/252 3623/3389/252 
f 3627/3391/251 3586/3390/251 3585/3392/251 
f 3585/3392/251 3632/3393/251 3627/3391/251 
f 3607/3394/252 3605/3395/252 3602/3379/252 
f 3602/3379/252 3612/3378/252 3607/3394/252 
f 3581/3396/251 3578/3377/251 3635/3376/251 
f 3585/3392/251 3581/3396/251 3635/3376/251 
f 3635/3376/252 3632/3393/252 3585/3392/252 
f 3544/3397/251 3138/3298/251 3545/3398/251 
f 3514/3372/251 3545/3398/251 3138/3298/251 
f 3547/3399/251 3545/3398/251 3514/3372/251 
f 3514/3372/251 3548/3400/251 3547/3399/251 
f 3654/3401/251 3550/3402/251 3548/3400/251 
f 3548/3400/252 3514/3372/252 3654/3401/252 
f 3657/3403/252 3552/3404/252 3550/3402/252 
f 3550/3402/251 3654/3401/251 3657/3403/251 
f 3556/3405/251 3552/3404/251 3657/3403/251 
f 3660/3406/251 3560/3407/251 3556/3405/251 
f 3556/3405/251 3657/3403/251 3660/3406/251 
f 3662/3408/252 3564/3409/252 3560/3407/252 
f 3560/3407/251 3660/3406/251 3662/3408/251 
f 3701/3410/251 3576/3374/251 3574/3411/251 
f 3574/3411/252 3702/3412/252 3701/3410/252 
f 3706/3413/251 3702/3412/251 3574/3411/251 
f 3574/3411/251 3572/3414/251 3706/3413/251 
f 3708/3415/252 3706/3413/252 3572/3414/252 
f 3572/3414/251 3569/3416/251 3708/3415/251 
f 3712/3417/251 3638/3375/251 3576/3374/251 
f 3576/3374/251 3701/3410/251 3712/3417/251 
f 3727/3418/251 3638/3375/251 3712/3417/251 
f 3712/3417/251 3715/3419/251 3727/3418/251 
f 3715/3419/251 3716/3420/251 3731/3421/251 
f 3731/3421/252 3727/3418/252 3715/3419/252 
f 3716/3420/251 3717/3422/251 3735/3423/251 
f 3735/3423/251 3731/3421/251 3716/3420/251 
f 3717/3422/251 3718/3424/251 3737/3425/251 
f 3737/3425/252 3735/3423/252 3717/3422/252 
f 3719/3426/251 3781/3427/251 3718/3424/251 
f 3786/3428/251 3744/3429/251 3740/3430/251 
f 3740/3430/251 3780/3431/251 3786/3428/251 
f 3737/3425/251 3718/3424/251 3781/3427/251 
f 3781/3427/251 3780/3431/251 3737/3425/251 
f 3737/3425/251 3780/3431/251 3740/3430/251 
f 3788/3432/251 3748/3433/251 3744/3429/251 
f 3744/3429/251 3786/3428/251 3788/3432/251 
f 3791/3434/251 3752/3435/251 3748/3433/251 
f 3748/3433/251 3788/3432/251 3791/3434/251 
f 3719/3426/251 3723/3436/251 3792/3437/251 
f 3792/3437/251 3781/3427/251 3719/3426/251 
f 3792/3437/252 3723/3436/252 3793/3438/252 
f 3794/3439/252 3793/3438/252 3723/3436/252 
f 3756/3440/251 3754/3441/251 3804/3442/251 
f 3804/3442/251 3811/3443/251 3756/3440/251 
f 3760/3444/251 3756/3440/251 3811/3443/251 
f 3811/3443/251 3812/3445/251 3760/3444/251 
f 3805/3446/251 3752/3435/251 3791/3434/251 
f 3791/3434/251 3817/3447/251 3805/3446/251 
f 3754/3441/252 3752/3435/252 3805/3446/252 
f 3805/3446/251 3804/3442/251 3754/3441/251 
f 3763/3448/251 3760/3444/251 3812/3445/251 
f 3812/3445/251 3814/3449/251 3763/3448/251 
f 3763/3448/251 3814/3449/251 3854/3450/251 
f 3854/3450/252 3834/3451/252 3763/3448/252 
f 3851/3452/251 3839/3453/251 3834/3451/251 
f 3834/3451/251 3854/3450/251 3851/3452/251 
f 3842/3454/251 3839/3453/251 3851/3452/251 
f 3851/3452/252 3849/3455/252 3842/3454/252 
f 3846/3456/251 3844/3457/251 3842/3454/251 
f 3842/3454/251 3849/3455/251 3846/3456/251 
f 3791/3434/251 3794/3439/251 3860/3458/251 
f 3860/3458/251 3817/3447/251 3791/3434/251 
f 3794/3439/251 3723/3436/251 3861/3459/251 
f 3861/3459/251 3860/3458/251 3794/3439/251 
f 3867/3460/251 3862/3461/251 3861/3459/251 
f 3861/3459/251 3723/3436/251 3867/3460/251 
f 3867/3460/251 3870/3462/251 3889/3463/251 
f 3889/3463/251 3862/3461/251 3867/3460/251 
f 3889/3463/251 3870/3462/251 3872/3464/251 
f 3872/3464/252 3887/3465/252 3889/3463/252 
f 3887/3465/251 3872/3464/251 3874/3466/251 
f 3874/3466/251 3885/3467/251 3887/3465/251 
f 3885/3467/252 3874/3466/252 3876/3468/252 
f 3876/3468/252 3882/3469/252 3885/3467/252 
f 3876/3468/251 3878/3470/251 3880/3471/251 
f 3880/3471/251 3882/3469/251 3876/3468/251 
f 3708/3415/251 3569/3416/251 3564/3409/251 
f 3564/3409/251 3662/3408/251 3708/3415/251 
f 3666/3472/251 3460/3369/251 3662/3408/251 
f 3666/3472/251 3669/3473/251 3460/3369/251 
f 3460/3369/251 3669/3473/251 3515/3373/251 
f 3460/3369/251 3458/3474/251 3662/3408/251 
f 3458/3474/252 3453/3475/252 3662/3408/252 
f 3453/3475/252 3450/3476/252 3662/3408/252 
f 3450/3476/251 3448/3477/251 3662/3408/251 
f 3448/3477/251 3444/3478/251 3662/3408/251 
f 3708/3415/251 3662/3408/251 3896/3479/251 
f 3896/3479/251 3662/3408/251 3897/3480/251 
f 3898/3481/251 3897/3480/251 3662/3408/251 
f 3901/3482/251 3898/3481/251 3662/3408/251 
f 3902/3483/252 3901/3482/252 3662/3408/252 
f 3905/3484/251 3902/3483/251 3662/3408/251 
f 3906/3485/251 3905/3484/251 3662/3408/251 
f 3907/3486/251 3906/3485/251 3662/3408/251 
f 3911/3487/251 3907/3486/251 3662/3408/251 
f 3443/3488/251 3911/3487/251 3662/3408/251 
f 3444/3478/251 3443/3488/251 3662/3408/251 
f 4648/198/570 4649/199/570 4650/200/571 
f 4650/200/571 4651/201/571 4648/198/570 
f 4652/202/572 4653/203/572 4654/204/573 
f 4654/204/573 4655/205/573 4652/202/572 
f 4656/206/574 4657/207/574 4658/208/251 
f 4658/208/251 4659/209/251 4656/206/574 
f 4659/209/251 4658/208/251 4649/199/570 
f 4649/199/570 4648/198/570 4659/209/251 
f 4660/210/575 4661/211/575 4653/212/576 
f 4653/212/576 4652/213/576 4660/210/575 
f 4662/214/577 4663/215/577 4657/207/574 
f 4657/207/574 4656/206/574 4662/214/577 
f 4664/216/578 4665/217/578 4661/211/575 
f 4661/211/575 4660/210/575 4664/216/578 
f 4666/218/579 4667/219/579 4663/215/577 
f 4663/215/577 4662/214/577 4666/218/579 
f 4668/220/580 4669/221/580 4665/217/578 
f 4665/217/578 4664/216/578 4668/220/580 
f 4670/222/248 4671/223/248 4667/219/579 
f 4667/219/579 4666/218/579 4670/222/248 
f 4672/224/1 4673/225/1 4669/221/580 
f 4669/221/580 4668/220/580 4672/224/1 
f 4674/226/581 4675/227/581 4671/223/248 
f 4671/223/248 4670/222/248 4674/226/581 
f 4676/228/582 4677/229/582 4673/225/1 
f 4673/225/1 4672/224/1 4676/228/582 
f 4678/230/583 4679/231/583 4675/227/581 
f 4675/227/581 4674/226/581 4678/230/583 
f 4651/201/571 4650/200/571 4677/229/582 
f 4677/229/582 4676/228/582 4651/201/571 
f 4655/205/573 4654/204/573 4679/231/583 
f 4679/231/583 4678/230/583 4655/205/573 
f 4651/232/16 4676/233/16 4680/234/16 
f 4655/235/16 4678/236/16 4680/234/16 
f 4648/237/16 4651/232/16 4680/234/16 
f 4652/238/16 4655/235/16 4680/234/16 
f 4656/239/16 4659/240/16 4680/234/16 
f 4659/240/16 4648/237/16 4680/234/16 
f 4660/241/16 4652/238/16 4680/234/16 
f 4662/242/16 4656/239/16 4680/234/16 
f 4664/243/16 4660/241/16 4680/234/16 
f 4666/244/15 4662/242/15 4680/234/15 
f 4668/245/15 4664/243/15 4680/234/15 
f 4670/246/16 4666/244/16 4680/234/16 
f 4672/247/16 4668/245/16 4680/234/16 
f 4674/248/16 4670/246/16 4680/234/16 
f 4676/233/16 4672/247/16 4680/234/16 
f 4678/236/16 4674/248/16 4680/234/16 
f 4637/3127/16 4638/3129/16 4635/3124/16 
f 4635/3124/16 4636/3123/16 4637/3127/16 
f 4681/198/1488 4682/199/1488 4683/200/571 
f 4683/200/571 4684/201/571 4681/198/1488 
f 4685/202/572 4686/203/572 4687/204/1489 
f 4687/204/1489 4688/205/1489 4685/202/572 
f 4689/206/1490 4690/207/1490 4691/208/251 
f 4691/208/251 4692/209/251 4689/206/1490 
f 4692/209/251 4691/208/251 4682/199/1488 
f 4682/199/1488 4681/198/1488 4692/209/251 
f 4693/210/1491 4694/211/1491 4686/212/576 
f 4686/212/576 4685/213/576 4693/210/1491 
f 4695/214/577 4696/215/577 4690/207/1490 
f 4690/207/1490 4689/206/1490 4695/214/577 
f 4697/216/578 4698/217/578 4694/211/1491 
f 4694/211/1491 4693/210/1491 4697/216/578 
f 4699/218/579 4700/219/579 4696/215/577 
f 4696/215/577 4695/214/577 4699/218/579 
f 4701/220/580 4702/221/580 4698/217/578 
f 4698/217/578 4697/216/578 4701/220/580 
f 4703/222/248 4704/223/248 4700/219/579 
f 4700/219/579 4699/218/579 4703/222/248 
f 4705/224/1 4706/225/1 4702/221/580 
f 4702/221/580 4701/220/580 4705/224/1 
f 4707/226/581 4708/227/581 4704/223/248 
f 4704/223/248 4703/222/248 4707/226/581 
f 4709/228/582 4710/229/582 4706/225/1 
f 4706/225/1 4705/224/1 4709/228/582 
f 4711/230/583 4712/231/583 4708/227/581 
f 4708/227/581 4707/226/581 4711/230/583 
f 4684/201/571 4683/200/571 4710/229/582 
f 4710/229/582 4709/228/582 4684/201/571 
f 4688/205/1489 4687/204/1489 4712/231/583 
f 4712/231/583 4711/230/583 4688/205/1489 
f 4684/232/16 4709/233/16 4713/234/16 
f 4688/235/16 4711/236/16 4713/234/16 
f 4681/237/16 4684/232/16 4713/234/16 
f 4685/238/16 4688/235/16 4713/234/16 
f 4689/239/16 4692/240/16 4713/234/16 
f 4692/240/16 4681/237/16 4713/234/16 
f 4693/241/16 4685/238/16 4713/234/16 
f 4695/242/15 4689/239/15 4713/234/15 
f 4697/243/16 4693/241/16 4713/234/16 
f 4699/244/15 4695/242/15 4713/234/15 
f 4701/245/15 4697/243/15 4713/234/15 
f 4703/246/16 4699/244/16 4713/234/16 
f 4705/247/16 4701/245/16 4713/234/16 
f 4707/248/15 4703/246/15 4713/234/15 
f 4709/233/16 4705/247/16 4713/234/16 
f 4711/236/16 4707/248/16 4713/234/16 
f 4714/198/1488 4715/199/1488 4716/200/571 
f 4716/200/571 4717/201/571 4714/198/1488 
f 4718/202/572 4719/203/572 4720/204/1489 
f 4720/204/1489 4721/205/1489 4718/202/572 
f 4722/206/1490 4723/207/1490 4724/208/251 
f 4724/208/251 4725/209/251 4722/206/1490 
f 4725/209/251 4724/208/251 4715/199/1488 
f 4715/199/1488 4714/198/1488 4725/209/251 
f 4726/210/1491 4727/211/1491 4719/212/576 
f 4719/212/576 4718/213/576 4726/210/1491 
f 4728/214/577 4729/215/577 4723/207/1490 
f 4723/207/1490 4722/206/1490 4728/214/577 
f 4730/216/578 4731/217/578 4727/211/1491 
f 4727/211/1491 4726/210/1491 4730/216/578 
f 4732/218/579 4733/219/579 4729/215/577 
f 4729/215/577 4728/214/577 4732/218/579 
f 4734/220/580 4735/221/580 4731/217/578 
f 4731/217/578 4730/216/578 4734/220/580 
f 4736/222/248 4737/223/248 4733/219/579 
f 4733/219/579 4732/218/579 4736/222/248 
f 4738/224/1 4739/225/1 4735/221/580 
f 4735/221/580 4734/220/580 4738/224/1 
f 4740/226/581 4741/227/581 4737/223/248 
f 4737/223/248 4736/222/248 4740/226/581 
f 4742/228/582 4743/229/582 4739/225/1 
f 4739/225/1 4738/224/1 4742/228/582 
f 4744/230/583 4745/231/583 4741/227/581 
f 4741/227/581 4740/226/581 4744/230/583 
f 4717/201/571 4716/200/571 4743/229/582 
f 4743/229/582 4742/228/582 4717/201/571 
f 4721/205/1489 4720/204/1489 4745/231/583 
f 4745/231/583 4744/230/583 4721/205/1489 
f 4717/232/16 4742/233/16 4746/234/16 
f 4721/235/16 4744/236/16 4746/234/16 
f 4714/237/16 4717/232/16 4746/234/16 
f 4718/238/16 4721/235/16 4746/234/16 
f 4722/239/16 4725/240/16 4746/234/16 
f 4725/240/16 4714/237/16 4746/234/16 
f 4726/241/16 4718/238/16 4746/234/16 
f 4728/242/16 4722/239/16 4746/234/16 
f 4730/243/16 4726/241/16 4746/234/16 
f 4732/244/15 4728/242/15 4746/234/15 
f 4734/245/15 4730/243/15 4746/234/15 
f 4736/246/16 4732/244/16 4746/234/16 
f 4738/247/16 4734/245/16 4746/234/16 
f 4740/248/16 4736/246/16 4746/234/16 
f 4742/233/16 4738/247/16 4746/234/16 
f 4744/236/16 4740/248/16 4746/234/16 
f 4747/198/570 4748/199/570 4749/200/571 
f 4749/200/571 4750/201/571 4747/198/570 
f 4751/202/1492 4752/203/1492 4753/204/1489 
f 4753/204/1489 4754/205/1489 4751/202/1492 
f 4755/206/574 4756/207/574 4757/208/251 
f 4757/208/251 4758/209/251 4755/206/574 
f 4758/209/251 4757/208/251 4748/199/570 
f 4748/199/570 4747/198/570 4758/209/251 
f 4759/210/1491 4760/211/1491 4752/212/1493 
f 4752/212/1493 4751/213/1493 4759/210/1491 
f 4761/214/577 4762/215/577 4756/207/574 
f 4756/207/574 4755/206/574 4761/214/577 
f 4763/216/578 4764/217/578 4760/211/1491 
f 4760/211/1491 4759/210/1491 4763/216/578 
f 4765/218/579 4766/219/579 4762/215/577 
f 4762/215/577 4761/214/577 4765/218/579 
f 4767/220/580 4768/221/580 4764/217/578 
f 4764/217/578 4763/216/578 4767/220/580 
f 4769/222/248 4770/223/248 4766/219/579 
f 4766/219/579 4765/218/579 4769/222/248 
f 4771/224/1 4772/225/1 4768/221/580 
f 4768/221/580 4767/220/580 4771/224/1 
f 4773/226/581 4774/227/581 4770/223/248 
f 4770/223/248 4769/222/248 4773/226/581 
f 4775/228/582 4776/229/582 4772/225/1 
f 4772/225/1 4771/224/1 4775/228/582 
f 4777/230/583 4778/231/583 4774/227/581 
f 4774/227/581 4773/226/581 4777/230/583 
f 4750/201/571 4749/200/571 4776/229/582 
f 4776/229/582 4775/228/582 4750/201/571 
f 4754/205/1489 4753/204/1489 4778/231/583 
f 4778/231/583 4777/230/583 4754/205/1489 
f 4750/232/16 4775/233/16 4779/234/16 
f 4754/235/15 4777/236/15 4779/234/15 
f 4747/237/16 4750/232/16 4779/234/16 
f 4751/238/16 4754/235/16 4779/234/16 
f 4755/239/16 4758/240/16 4779/234/16 
f 4758/240/16 4747/237/16 4779/234/16 
f 4759/241/16 4751/238/16 4779/234/16 
f 4761/242/16 4755/239/16 4779/234/16 
f 4763/243/15 4759/241/15 4779/234/15 
f 4765/244/16 4761/242/16 4779/234/16 
f 4767/245/16 4763/243/16 4779/234/16 
f 4769/246/15 4765/244/15 4779/234/15 
f 4771/247/16 4767/245/16 4779/234/16 
f 4773/248/16 4769/246/16 4779/234/16 
f 4775/233/16 4771/247/16 4779/234/16 
f 4777/236/16 4773/248/16 4779/234/16 
f 4780/198/570 4781/199/570 4782/200/571 
f 4782/200/571 4783/201/571 4780/198/570 
f 4784/202/1492 4785/203/1492 4786/204/1489 
f 4786/204/1489 4787/205/1489 4784/202/1492 
f 4788/206/574 4789/207/574 4790/208/251 
f 4790/208/251 4791/209/251 4788/206/574 
f 4791/209/251 4790/208/251 4781/199/570 
f 4781/199/570 4780/198/570 4791/209/251 
f 4792/210/1491 4793/211/1491 4785/212/1493 
f 4785/212/1493 4784/213/1493 4792/210/1491 
f 4794/214/577 4795/215/577 4789/207/574 
f 4789/207/574 4788/206/574 4794/214/577 
f 4796/216/578 4797/217/578 4793/211/1491 
f 4793/211/1491 4792/210/1491 4796/216/578 
f 4798/218/579 4799/219/579 4795/215/577 
f 4795/215/577 4794/214/577 4798/218/579 
f 4800/220/580 4801/221/580 4797/217/578 
f 4797/217/578 4796/216/578 4800/220/580 
f 4802/222/248 4803/223/248 4799/219/579 
f 4799/219/579 4798/218/579 4802/222/248 
f 4804/224/1 4805/225/1 4801/221/580 
f 4801/221/580 4800/220/580 4804/224/1 
f 4806/226/581 4807/227/581 4803/223/248 
f 4803/223/248 4802/222/248 4806/226/581 
f 4808/228/582 4809/229/582 4805/225/1 
f 4805/225/1 4804/224/1 4808/228/582 
f 4810/230/583 4811/231/583 4807/227/581 
f 4807/227/581 4806/226/581 4810/230/583 
f 4783/201/571 4782/200/571 4809/229/582 
f 4809/229/582 4808/228/582 4783/201/571 
f 4787/205/1489 4786/204/1489 4811/231/583 
f 4811/231/583 4810/230/583 4787/205/1489 
f 4783/232/16 4808/233/16 4812/234/16 
f 4787/235/15 4810/236/15 4812/234/15 
f 4780/237/16 4783/232/16 4812/234/16 
f 4784/238/16 4787/235/16 4812/234/16 
f 4788/239/16 4791/240/16 4812/234/16 
f 4791/240/16 4780/237/16 4812/234/16 
f 4792/241/16 4784/238/16 4812/234/16 
f 4794/242/16 4788/239/16 4812/234/16 
f 4796/243/15 4792/241/15 4812/234/15 
f 4798/244/16 4794/242/16 4812/234/16 
f 4800/245/16 4796/243/16 4812/234/16 
f 4802/246/15 4798/244/15 4812/234/15 
f 4804/247/16 4800/245/16 4812/234/16 
f 4806/248/16 4802/246/16 4812/234/16 
f 4808/233/16 4804/247/16 4812/234/16 
f 4810/236/16 4806/248/16 4812/234/16 
f 4813/198/570 4814/199/570 4815/200/571 
f 4815/200/571 4816/201/571 4813/198/570 
f 4817/202/1492 4818/203/1492 4819/204/1489 
f 4819/204/1489 4820/205/1489 4817/202/1492 
f 4821/206/574 4822/207/574 4823/208/251 
f 4823/208/251 4824/209/251 4821/206/574 
f 4824/209/251 4823/208/251 4814/199/570 
f 4814/199/570 4813/198/570 4824/209/251 
f 4825/210/1491 4826/211/1491 4818/212/1493 
f 4818/212/1493 4817/213/1493 4825/210/1491 
f 4827/214/577 4828/215/577 4822/207/574 
f 4822/207/574 4821/206/574 4827/214/577 
f 4829/216/578 4830/217/578 4826/211/1491 
f 4826/211/1491 4825/210/1491 4829/216/578 
f 4831/218/579 4832/219/579 4828/215/577 
f 4828/215/577 4827/214/577 4831/218/579 
f 4833/220/580 4834/221/580 4830/217/578 
f 4830/217/578 4829/216/578 4833/220/580 
f 4835/222/248 4836/223/248 4832/219/579 
f 4832/219/579 4831/218/579 4835/222/248 
f 4837/224/1 4838/225/1 4834/221/580 
f 4834/221/580 4833/220/580 4837/224/1 
f 4839/226/581 4840/227/581 4836/223/248 
f 4836/223/248 4835/222/248 4839/226/581 
f 4841/228/582 4842/229/582 4838/225/1 
f 4838/225/1 4837/224/1 4841/228/582 
f 4843/230/583 4844/231/583 4840/227/581 
f 4840/227/581 4839/226/581 4843/230/583 
f 4816/201/571 4815/200/571 4842/229/582 
f 4842/229/582 4841/228/582 4816/201/571 
f 4820/205/1489 4819/204/1489 4844/231/583 
f 4844/231/583 4843/230/583 4820/205/1489 
f 4816/232/16 4841/233/16 4845/234/16 
f 4820/235/16 4843/236/16 4845/234/16 
f 4813/237/16 4816/232/16 4845/234/16 
f 4817/238/16 4820/235/16 4845/234/16 
f 4821/239/16 4824/240/16 4845/234/16 
f 4824/240/16 4813/237/16 4845/234/16 
f 4825/241/16 4817/238/16 4845/234/16 
f 4827/242/16 4821/239/16 4845/234/16 
f 4829/243/16 4825/241/16 4845/234/16 
f 4831/244/16 4827/242/16 4845/234/16 
f 4833/245/16 4829/243/16 4845/234/16 
f 4835/246/16 4831/244/16 4845/234/16 
f 4837/247/16 4833/245/16 4845/234/16 
f 4839/248/16 4835/246/16 4845/234/16 
f 4841/233/16 4837/247/16 4845/234/16 
f 4843/236/16 4839/248/16 4845/234/16 
f 4846/198/570 4847/199/570 4848/200/571 
f 4848/200/571 4849/201/571 4846/198/570 
f 4850/202/1492 4851/203/1492 4852/204/1489 
f 4852/204/1489 4853/205/1489 4850/202/1492 
f 4854/206/574 4855/207/574 4856/208/251 
f 4856/208/251 4857/209/251 4854/206/574 
f 4857/209/251 4856/208/251 4847/199/570 
f 4847/199/570 4846/198/570 4857/209/251 
f 4858/210/1491 4859/211/1491 4851/212/1493 
f 4851/212/1493 4850/213/1493 4858/210/1491 
f 4860/214/577 4861/215/577 4855/207/574 
f 4855/207/574 4854/206/574 4860/214/577 
f 4862/216/578 4863/217/578 4859/211/1491 
f 4859/211/1491 4858/210/1491 4862/216/578 
f 4864/218/579 4865/219/579 4861/215/577 
f 4861/215/577 4860/214/577 4864/218/579 
f 4866/220/580 4867/221/580 4863/217/578 
f 4863/217/578 4862/216/578 4866/220/580 
f 4868/222/248 4869/223/248 4865/219/579 
f 4865/219/579 4864/218/579 4868/222/248 
f 4870/224/1 4871/225/1 4867/221/580 
f 4867/221/580 4866/220/580 4870/224/1 
f 4872/226/581 4873/227/581 4869/223/248 
f 4869/223/248 4868/222/248 4872/226/581 
f 4874/228/582 4875/229/582 4871/225/1 
f 4871/225/1 4870/224/1 4874/228/582 
f 4876/230/583 4877/231/583 4873/227/581 
f 4873/227/581 4872/226/581 4876/230/583 
f 4849/201/571 4848/200/571 4875/229/582 
f 4875/229/582 4874/228/582 4849/201/571 
f 4853/205/1489 4852/204/1489 4877/231/583 
f 4877/231/583 4876/230/583 4853/205/1489 
f 4849/232/16 4874/233/16 4878/234/16 
f 4853/235/16 4876/236/16 4878/234/16 
f 4846/237/16 4849/232/16 4878/234/16 
f 4850/238/16 4853/235/16 4878/234/16 
f 4854/239/16 4857/240/16 4878/234/16 
f 4857/240/16 4846/237/16 4878/234/16 
f 4858/241/16 4850/238/16 4878/234/16 
f 4860/242/16 4854/239/16 4878/234/16 
f 4862/243/16 4858/241/16 4878/234/16 
f 4864/244/16 4860/242/16 4878/234/16 
f 4866/245/16 4862/243/16 4878/234/16 
f 4868/246/16 4864/244/16 4878/234/16 
f 4870/247/16 4866/245/16 4878/234/16 
f 4872/248/16 4868/246/16 4878/234/16 
f 4874/233/16 4870/247/16 4878/234/16 
f 4876/236/16 4872/248/16 4878/234/16 
f 4879/198/570 4880/199/570 4881/200/571 
f 4881/200/571 4882/201/571 4879/198/570 
f 4883/202/572 4884/203/572 4885/204/1489 
f 4885/204/1489 4886/205/1489 4883/202/572 
f 4887/206/574 4888/207/574 4889/208/251 
f 4889/208/251 4890/209/251 4887/206/574 
f 4890/209/251 4889/208/251 4880/199/570 
f 4880/199/570 4879/198/570 4890/209/251 
f 4891/210/1491 4892/211/1491 4884/212/1493 
f 4884/212/1493 4883/213/1493 4891/210/1491 
f 4893/214/577 4894/215/577 4888/207/574 
f 4888/207/574 4887/206/574 4893/214/577 
f 4895/216/578 4896/217/578 4892/211/1491 
f 4892/211/1491 4891/210/1491 4895/216/578 
f 4897/218/579 4898/219/579 4894/215/577 
f 4894/215/577 4893/214/577 4897/218/579 
f 4899/220/1494 4900/221/1494 4896/217/578 
f 4896/217/578 4895/216/578 4899/220/1494 
f 4901/222/248 4902/223/248 4898/219/579 
f 4898/219/579 4897/218/579 4901/222/248 
f 4903/224/1 4904/225/1 4900/221/1494 
f 4900/221/1494 4899/220/1494 4903/224/1 
f 4905/226/581 4906/227/581 4902/223/248 
f 4902/223/248 4901/222/248 4905/226/581 
f 4907/228/1495 4908/229/1495 4904/225/1 
f 4904/225/1 4903/224/1 4907/228/1495 
f 4909/230/583 4910/231/583 4906/227/581 
f 4906/227/581 4905/226/581 4909/230/583 
f 4882/201/571 4881/200/571 4908/229/1495 
f 4908/229/1495 4907/228/1495 4882/201/571 
f 4886/205/1489 4885/204/1489 4910/231/583 
f 4910/231/583 4909/230/583 4886/205/1489 
f 4882/232/16 4907/233/16 4911/234/16 
f 4886/235/15 4909/236/15 4911/234/15 
f 4879/237/16 4882/232/16 4911/234/16 
f 4883/238/16 4886/235/16 4911/234/16 
f 4887/239/16 4890/240/16 4911/234/16 
f 4890/240/16 4879/237/16 4911/234/16 
f 4891/241/16 4883/238/16 4911/234/16 
f 4893/242/16 4887/239/16 4911/234/16 
f 4895/243/16 4891/241/16 4911/234/16 
f 4897/244/16 4893/242/16 4911/234/16 
f 4899/245/15 4895/243/15 4911/234/15 
f 4901/246/16 4897/244/16 4911/234/16 
f 4903/247/16 4899/245/16 4911/234/16 
f 4905/248/16 4901/246/16 4911/234/16 
f 4907/233/16 4903/247/16 4911/234/16 
f 4909/236/16 4905/248/16 4911/234/16 
f 4912/198/570 4913/199/570 4914/200/571 
f 4914/200/571 4915/201/571 4912/198/570 
f 4916/202/1492 4917/203/1492 4918/204/1489 
f 4918/204/1489 4919/205/1489 4916/202/1492 
f 4920/206/574 4921/207/574 4922/208/251 
f 4922/208/251 4923/209/251 4920/206/574 
f 4923/209/251 4922/208/251 4913/199/570 
f 4913/199/570 4912/198/570 4923/209/251 
f 4924/210/1491 4925/211/1491 4917/212/576 
f 4917/212/576 4916/213/1493 4924/210/1491 
f 4926/214/577 4927/215/577 4921/207/574 
f 4921/207/574 4920/206/574 4926/214/577 
f 4928/216/578 4929/217/578 4925/211/1491 
f 4925/211/1491 4924/210/1491 4928/216/578 
f 4930/218/579 4931/219/579 4927/215/577 
f 4927/215/577 4926/214/577 4930/218/579 
f 4932/220/580 4933/221/580 4929/217/578 
f 4929/217/578 4928/216/578 4932/220/580 
f 4934/222/248 4935/223/248 4931/219/579 
f 4931/219/579 4930/218/579 4934/222/248 
f 4936/224/1 4937/225/1 4933/221/580 
f 4933/221/580 4932/220/580 4936/224/1 
f 4938/226/581 4939/227/581 4935/223/248 
f 4935/223/248 4934/222/248 4938/226/581 
f 4940/228/582 4941/229/582 4937/225/1 
f 4937/225/1 4936/224/1 4940/228/582 
f 4942/230/583 4943/231/583 4939/227/581 
f 4939/227/581 4938/226/581 4942/230/583 
f 4915/201/571 4914/200/571 4941/229/582 
f 4941/229/582 4940/228/582 4915/201/571 
f 4919/205/1489 4918/204/1489 4943/231/583 
f 4943/231/583 4942/230/583 4919/205/1489 
f 4915/232/16 4940/233/16 4944/234/16 
f 4919/235/16 4942/236/16 4944/234/16 
f 4912/237/16 4915/232/16 4944/234/16 
f 4916/238/16 4919/235/16 4944/234/16 
f 4920/239/16 4923/240/16 4944/234/16 
f 4923/240/16 4912/237/16 4944/234/16 
f 4924/241/16 4916/238/16 4944/234/16 
f 4926/242/16 4920/239/16 4944/234/16 
f 4928/243/15 4924/241/15 4944/234/15 
f 4930/244/15 4926/242/15 4944/234/15 
f 4932/245/16 4928/243/16 4944/234/16 
f 4934/246/16 4930/244/16 4944/234/16 
f 4936/247/16 4932/245/16 4944/234/16 
f 4938/248/16 4934/246/16 4944/234/16 
f 4940/233/16 4936/247/16 4944/234/16 
f 4942/236/16 4938/248/16 4944/234/16 
# 7490 faces

#
# object SM_ConcretePink
#

v  54.2592 -2.7456 32.5971
v  54.2592 -2.1953 32.5971
v  -51.9776 -2.1953 32.5971
v  -51.9776 -2.7456 32.5971
v  54.3536 -2.7456 -20.5213
v  54.3536 -2.1953 -20.5213
v  54.3536 -2.1953 32.5027
v  54.3536 -2.7456 32.5027
v  54.2592 -2.1009 -20.5213
v  -51.9776 -2.1009 -20.5213
v  -51.9776 -2.1009 32.5027
v  54.2592 -2.1009 32.5027
v  -52.0720 -2.7456 32.5027
v  -52.0720 -2.1953 32.5027
v  -52.0720 -2.1953 -20.5213
v  -52.0720 -2.7456 -20.5213
v  -51.9776 -2.7456 -20.6157
v  -51.9776 -2.1953 -20.6157
v  54.2592 -2.1953 -20.6157
v  54.2592 -2.7456 -20.6157
v  -51.9776 -2.8400 32.5027
v  -51.9776 -2.8123 32.5695
v  -52.0321 -2.8001 32.5572
v  -52.0443 -2.8123 32.5027
v  -52.0443 -2.7456 32.5695
v  -51.9776 -2.1286 32.5695
v  -52.0321 -2.1408 32.5572
v  -52.0443 -2.1953 32.5695
v  -52.0443 -2.1286 32.5027
v  -51.9776 -2.8400 -20.5213
v  -52.0443 -2.8123 -20.5213
v  -52.0321 -2.8001 -20.5758
v  -51.9776 -2.8123 -20.5880
v  -52.0443 -2.7456 -20.5880
v  -51.9776 -2.1286 -20.5880
v  -52.0321 -2.1408 -20.5758
v  -52.0443 -2.1286 -20.5213
v  -52.0443 -2.1953 -20.5880
v  54.2592 -2.8400 32.5027
v  54.3259 -2.8123 32.5027
v  54.3137 -2.8001 32.5572
v  54.2592 -2.8123 32.5695
v  54.3259 -2.7456 32.5695
v  54.2592 -2.1286 32.5695
v  54.3137 -2.1408 32.5572
v  54.3259 -2.1286 32.5027
v  54.3259 -2.1953 32.5695
v  54.2592 -2.8400 -20.5213
v  54.2592 -2.8123 -20.5880
v  54.3137 -2.8001 -20.5758
v  54.3259 -2.8123 -20.5213
v  54.3259 -2.7456 -20.5880
v  54.3259 -2.1286 -20.5213
v  54.3137 -2.1408 -20.5758
v  54.2592 -2.1286 -20.5880
v  54.3259 -2.1953 -20.5880
# 56 vertices

vn 0.0000 0.0000 1.0000
vn 1.0000 0.0000 -0.0000
vn 0.0000 1.0000 -0.0000
vn -1.0000 0.0000 -0.0000
vn 0.0000 0.0000 -1.0000
vn -0.3250 -0.8881 0.3250
vn -0.3250 -0.3251 0.8881
vn -0.8881 -0.3250 0.3251
vn -0.3250 0.3250 0.8881
vn -0.3251 0.8881 0.3250
vn -0.8881 0.3251 0.3250
vn -0.3251 -0.8881 -0.3250
vn -0.8881 -0.3250 -0.3251
vn -0.3250 -0.3251 -0.8881
vn -0.3250 0.8881 -0.3250
vn -0.3250 0.3250 -0.8881
vn -0.8881 0.3251 -0.3250
vn 0.3251 -0.8881 0.3250
vn 0.8881 -0.3250 0.3251
vn 0.3250 -0.3251 0.8881
vn 0.3250 0.8881 0.3250
vn 0.3250 0.3250 0.8881
vn 0.8881 0.3251 0.3250
vn 0.3250 -0.8881 -0.3250
vn 0.3250 -0.3251 -0.8881
vn 0.8881 -0.3250 -0.3251
vn 0.3251 0.8881 -0.3250
vn 0.8881 0.3251 -0.3250
vn 0.3250 0.3250 -0.8881
vn -0.3827 -0.9239 -0.0000
vn -0.9239 -0.3827 -0.0000
vn -0.3827 0.0000 0.9239
vn -0.9239 0.0000 0.3827
vn -0.3827 0.9239 -0.0000
vn -0.9239 0.3827 -0.0000
vn -0.3827 0.0000 -0.9239
vn -0.9239 0.0000 -0.3827
vn 0.0000 -0.9239 -0.3827
vn 0.0000 -0.3827 -0.9239
vn 0.0000 0.9239 -0.3827
vn 0.0000 0.3827 -0.9239
vn 0.9239 0.0000 -0.3827
vn 0.3827 0.0000 -0.9239
vn 0.3827 -0.9239 -0.0000
vn 0.9239 -0.3827 -0.0000
vn 0.3827 0.9239 -0.0000
vn 0.9239 0.3827 -0.0000
vn 0.3827 0.0000 0.9239
vn 0.9239 0.0000 0.3827
vn 0.0000 -0.9239 0.3827
vn 0.0000 -0.3827 0.9239
vn 0.0000 0.9239 0.3827
vn 0.0000 0.3827 0.9239
vn 0.0000 -1.0000 -0.0000
# 54 vertex normals

vt 1.9973 0.4922 0.0000
vt 1.9973 0.5078 0.0000
vt -0.9973 0.5078 0.0000
vt -0.9973 0.4922 0.0000
vt 1.2473 0.4922 0.0000
vt 1.2473 0.5078 0.0000
vt -0.2473 0.5078 0.0000
vt -0.2473 0.4922 0.0000
vt 2.1450 1.4098 0.0000
vt -0.8497 1.4098 0.0000
vt -0.8497 -0.0849 0.0000
vt 2.1450 -0.0849 0.0000
vt -0.9973 -0.2473 0.0000
vt -0.9973 -0.2492 0.0000
vt -0.9989 -0.2489 0.0000
vt -0.9992 -0.2473 0.0000
vt -0.9992 0.4922 0.0000
vt -0.9989 0.4907 0.0000
vt -0.9973 0.4904 0.0000
vt -0.2473 0.4904 0.0000
vt -0.2489 0.4907 0.0000
vt -0.2492 0.4922 0.0000
vt -0.9973 0.5096 0.0000
vt -0.9989 0.5093 0.0000
vt -0.9992 0.5078 0.0000
vt -0.2492 0.5078 0.0000
vt -0.2489 0.5093 0.0000
vt -0.2473 0.5096 0.0000
vt -0.9973 1.2473 0.0000
vt -0.9992 1.2473 0.0000
vt -0.9989 1.2489 0.0000
vt -0.9973 1.2492 0.0000
vt 1.2492 0.4922 0.0000
vt 1.2489 0.4907 0.0000
vt 1.2473 0.4904 0.0000
vt 1.2473 0.5096 0.0000
vt 1.2489 0.5093 0.0000
vt 1.2492 0.5078 0.0000
vt 1.9973 -0.2473 0.0000
vt 1.9992 -0.2473 0.0000
vt 1.9989 -0.2489 0.0000
vt 1.9973 -0.2492 0.0000
vt 1.9973 0.4904 0.0000
vt 1.9989 0.4907 0.0000
vt 1.9992 0.4922 0.0000
vt 1.9992 0.5078 0.0000
vt 1.9989 0.5093 0.0000
vt 1.9973 0.5096 0.0000
vt 1.9973 1.2473 0.0000
vt 1.9973 1.2492 0.0000
vt 1.9989 1.2489 0.0000
vt 1.9992 1.2473 0.0000
# 52 texture coords

o SM_ConcretePink
g SM_ConcretePink
usemtl 02___Default
s off
f 4945/3489/1496 4946/3490/1496 4947/3491/1496 
f 4947/3491/1496 4948/3492/1496 4945/3489/1496 
f 4949/3493/1497 4950/3494/1497 4951/3495/1497 
f 4951/3495/1497 4952/3496/1497 4949/3493/1497 
f 4953/3497/1498 4954/3498/1498 4955/3499/1498 
f 4955/3499/1498 4956/3500/1498 4953/3497/1498 
f 4957/3496/1499 4958/3495/1499 4959/3494/1499 
f 4959/3494/1499 4960/3493/1499 4957/3496/1499 
f 4961/3492/1500 4962/3491/1500 4963/3490/1500 
f 4963/3490/1500 4964/3489/1500 4961/3492/1500 
f 4965/3501/1501 4966/3502/1501 4967/3503/1501 
f 4967/3503/1501 4968/3504/1501 4965/3501/1501 
f 4948/3492/1502 4969/3505/1502 4967/3506/1502 
f 4967/3506/1502 4966/3507/1502 4948/3492/1502 
f 4957/3496/1503 4968/3508/1503 4967/3509/1503 
f 4967/3509/1503 4969/3510/1503 4957/3496/1503 
f 4947/3491/1504 4970/3511/1504 4971/3512/1504 
f 4971/3512/1504 4972/3513/1504 4947/3491/1504 
f 4955/3501/1505 4973/3504/1505 4971/3503/1505 
f 4971/3503/1505 4970/3502/1505 4955/3501/1505 
f 4958/3495/1506 4972/3514/1506 4971/3515/1506 
f 4971/3515/1506 4973/3516/1506 4958/3495/1506 
f 4974/3517/1507 4975/3518/1507 4976/3519/1507 
f 4976/3519/1507 4977/3520/1507 4974/3517/1507 
f 4960/3493/1508 4978/3521/1508 4976/3522/1508 
f 4976/3522/1508 4975/3523/1508 4960/3493/1508 
f 4961/3492/1509 4977/3507/1509 4976/3506/1509 
f 4976/3506/1509 4978/3505/1509 4961/3492/1509 
f 4954/3517/1510 4979/3520/1510 4980/3519/1510 
f 4980/3519/1510 4981/3518/1510 4954/3517/1510 
f 4962/3491/1511 4982/3513/1511 4980/3512/1511 
f 4980/3512/1511 4979/3511/1511 4962/3491/1511 
f 4959/3494/1512 4981/3524/1512 4980/3525/1512 
f 4980/3525/1512 4982/3526/1512 4959/3494/1512 
f 4983/3527/1513 4984/3528/1513 4985/3529/1513 
f 4985/3529/1513 4986/3530/1513 4983/3527/1513 
f 4952/3496/1514 4987/3510/1514 4985/3509/1514 
f 4985/3509/1514 4984/3508/1514 4952/3496/1514 
f 4945/3489/1515 4986/3531/1515 4985/3532/1515 
f 4985/3532/1515 4987/3533/1515 4945/3489/1515 
f 4956/3527/1516 4988/3530/1516 4989/3529/1516 
f 4989/3529/1516 4990/3528/1516 4956/3527/1516 
f 4946/3490/1517 4991/3534/1517 4989/3535/1517 
f 4989/3535/1517 4988/3536/1517 4946/3490/1517 
f 4951/3495/1518 4990/3516/1518 4989/3515/1518 
f 4989/3515/1518 4991/3514/1518 4951/3495/1518 
f 4992/3537/1519 4993/3538/1519 4994/3539/1519 
f 4994/3539/1519 4995/3540/1519 4992/3537/1519 
f 4964/3489/1520 4996/3533/1520 4994/3532/1520 
f 4994/3532/1520 4993/3531/1520 4964/3489/1520 
f 4949/3493/1521 4995/3523/1521 4994/3522/1521 
f 4994/3522/1521 4996/3521/1521 4949/3493/1521 
f 4953/3537/1522 4997/3540/1522 4998/3539/1522 
f 4998/3539/1522 4999/3538/1522 4953/3537/1522 
f 4950/3494/1523 5000/3526/1523 4998/3525/1523 
f 4998/3525/1523 4997/3524/1523 4950/3494/1523 
f 4963/3490/1524 4999/3536/1524 4998/3535/1524 
f 4998/3535/1524 5000/3534/1524 4963/3490/1524 
f 4974/3517/1525 4965/3501/1525 4968/3504/1525 
f 4968/3504/1525 4975/3518/1525 4974/3517/1525 
f 4975/3523/1526 4968/3508/1526 4957/3496/1526 
f 4957/3496/1526 4960/3493/1526 4975/3523/1526 
f 4948/3492/1527 4947/3491/1527 4972/3513/1527 
f 4972/3513/1527 4969/3505/1527 4948/3492/1527 
f 4969/3510/1528 4972/3514/1528 4958/3495/1528 
f 4958/3495/1528 4957/3496/1528 4969/3510/1528 
f 4955/3501/1529 4954/3517/1529 4981/3518/1529 
f 4981/3518/1529 4973/3504/1529 4955/3501/1529 
f 4973/3516/1530 4981/3524/1530 4959/3494/1530 
f 4959/3494/1530 4958/3495/1530 4973/3516/1530 
f 4962/3491/1531 4961/3492/1531 4978/3505/1531 
f 4978/3505/1531 4982/3513/1531 4962/3491/1531 
f 4982/3526/1532 4978/3521/1532 4960/3493/1532 
f 4960/3493/1532 4959/3494/1532 4982/3526/1532 
f 4992/3537/1533 4974/3517/1533 4977/3520/1533 
f 4977/3520/1533 4993/3538/1533 4992/3537/1533 
f 4993/3531/1534 4977/3507/1534 4961/3492/1534 
f 4961/3492/1534 4964/3489/1534 4993/3531/1534 
f 4954/3517/1535 4953/3537/1535 4999/3538/1535 
f 4999/3538/1535 4979/3520/1535 4954/3517/1535 
f 4979/3511/1536 4999/3536/1536 4963/3490/1536 
f 4963/3490/1536 4962/3491/1536 4979/3511/1536 
f 4950/3494/1537 4949/3493/1537 4996/3521/1537 
f 4996/3521/1537 5000/3526/1537 4950/3494/1537 
f 5000/3534/1538 4996/3533/1538 4964/3489/1538 
f 4964/3489/1538 4963/3490/1538 5000/3534/1538 
f 4983/3527/1539 4992/3537/1539 4995/3540/1539 
f 4995/3540/1539 4984/3528/1539 4983/3527/1539 
f 4984/3508/1540 4995/3523/1540 4949/3493/1540 
f 4949/3493/1540 4952/3496/1540 4984/3508/1540 
f 4953/3537/1541 4956/3527/1541 4990/3528/1541 
f 4990/3528/1541 4997/3540/1541 4953/3537/1541 
f 4997/3524/1542 4990/3516/1542 4951/3495/1542 
f 4951/3495/1542 4950/3494/1542 4997/3524/1542 
f 4946/3490/1543 4945/3489/1543 4987/3533/1543 
f 4987/3533/1543 4991/3534/1543 4946/3490/1543 
f 4991/3514/1544 4987/3510/1544 4952/3496/1544 
f 4952/3496/1544 4951/3495/1544 4991/3514/1544 
f 4965/3501/1545 4983/3527/1545 4986/3530/1545 
f 4986/3530/1545 4966/3502/1545 4965/3501/1545 
f 4966/3507/1546 4986/3531/1546 4945/3489/1546 
f 4945/3489/1546 4948/3492/1546 4966/3507/1546 
f 4956/3527/1547 4955/3501/1547 4970/3502/1547 
f 4970/3502/1547 4988/3530/1547 4956/3527/1547 
f 4988/3536/1548 4970/3511/1548 4947/3491/1548 
f 4947/3491/1548 4946/3490/1548 4988/3536/1548 
f 4974/3517/1549 4992/3537/1549 4983/3527/1549 
f 4983/3527/1549 4965/3501/1549 4974/3517/1549 
# 108 faces

