# 3ds Max Wavefront OBJ Exporter v0.99 - (c)2007 guruware
# File Created: 14.11.2024 11:32:52

mtllib owl_house.mtl

#
# object polySurface2
#

v  -0.2768 0.1456 1.5248
v  -0.2755 0.1462 1.5192
v  -0.2910 0.1657 1.5192
v  -0.2919 0.1646 1.5248
v  -0.3134 0.1764 1.5192
v  -0.3137 0.1751 1.5248
v  -0.3383 0.1764 1.5192
v  -0.3380 0.1751 1.5248
v  -0.3607 0.1657 1.5192
v  -0.3598 0.1646 1.5248
v  -0.3762 0.1462 1.5192
v  -0.3749 0.1456 1.5248
v  -0.3817 0.1220 1.5192
v  -0.3803 0.1220 1.5248
v  -0.3762 0.0978 1.5192
v  -0.3749 0.0984 1.5248
v  -0.3607 0.0783 1.5192
v  -0.3598 0.0794 1.5248
v  -0.3383 0.0675 1.5192
v  -0.3380 0.0689 1.5248
v  -0.3134 0.0675 1.5192
v  -0.3137 0.0689 1.5248
v  -0.2910 0.0783 1.5192
v  -0.2919 0.0794 1.5248
v  -0.2755 0.0978 1.5192
v  -0.2768 0.0984 1.5248
v  -0.2700 0.1220 1.5192
v  -0.2714 0.1220 1.5248
v  -0.2805 0.1438 1.5300
v  -0.2945 0.1613 1.5300
v  -0.3146 0.1710 1.5300
v  -0.3370 0.1710 1.5300
v  -0.3572 0.1613 1.5300
v  -0.3712 0.1438 1.5300
v  -0.3762 0.1220 1.5300
v  -0.3712 0.1002 1.5300
v  -0.3572 0.0826 1.5300
v  -0.3370 0.0729 1.5300
v  -0.3146 0.0729 1.5300
v  -0.2945 0.0826 1.5300
v  -0.2805 0.1002 1.5300
v  -0.2755 0.1220 1.5300
v  -0.2865 0.1409 1.5348
v  -0.2986 0.1561 1.5348
v  -0.3161 0.1646 1.5348
v  -0.3356 0.1646 1.5348
v  -0.3531 0.1561 1.5348
v  -0.3652 0.1409 1.5348
v  -0.3695 0.1220 1.5348
v  -0.3652 0.1030 1.5348
v  -0.3531 0.0878 1.5348
v  -0.3356 0.0794 1.5348
v  -0.3161 0.0794 1.5348
v  -0.2986 0.0878 1.5348
v  -0.2865 0.1030 1.5348
v  -0.2822 0.1220 1.5348
v  -0.2945 0.1371 1.5387
v  -0.3041 0.1492 1.5387
v  -0.3181 0.1559 1.5387
v  -0.3336 0.1559 1.5387
v  -0.3476 0.1492 1.5387
v  -0.3572 0.1371 1.5387
v  -0.3607 0.1220 1.5387
v  -0.3572 0.1069 1.5387
v  -0.3476 0.0948 1.5387
v  -0.3336 0.0880 1.5387
v  -0.3181 0.0880 1.5387
v  -0.3041 0.0948 1.5387
v  -0.2945 0.1069 1.5387
v  -0.2910 0.1220 1.5387
v  -0.3040 0.1325 1.5417
v  -0.3107 0.1409 1.5417
v  -0.3204 0.1456 1.5417
v  -0.3312 0.1456 1.5417
v  -0.3409 0.1409 1.5417
v  -0.3477 0.1325 1.5417
v  -0.3501 0.1220 1.5417
v  -0.3477 0.1115 1.5417
v  -0.3409 0.1030 1.5417
v  -0.3312 0.0984 1.5417
v  -0.3204 0.0984 1.5417
v  -0.3107 0.1030 1.5417
v  -0.3040 0.1115 1.5417
v  -0.3016 0.1220 1.5417
v  -0.3146 0.1274 1.5435
v  -0.3181 0.1317 1.5435
v  -0.3231 0.1341 1.5435
v  -0.3286 0.1341 1.5435
v  -0.3336 0.1317 1.5435
v  -0.3370 0.1274 1.5435
v  -0.3383 0.1220 1.5435
v  -0.3370 0.1166 1.5435
v  -0.3336 0.1123 1.5435
v  -0.3286 0.1099 1.5435
v  -0.3231 0.1099 1.5435
v  -0.3181 0.1123 1.5435
v  -0.3146 0.1166 1.5435
v  -0.3134 0.1220 1.5435
v  -0.3258 0.1220 1.5441
v  -2.0510 0.4066 1.2975
v  -1.9260 0.4066 1.2975
v  -1.9293 0.4610 1.2975
v  -1.5668 0.6187 1.2975
v  -1.7507 0.5270 1.2975
v  -1.5668 0.4066 1.2975
v  -1.7507 0.4066 1.2975
v  -0.7880 1.8487 1.5091
v  -0.3702 1.9070 1.5091
v  -0.7856 1.9046 1.5091
v  -1.4653 0.4066 1.2975
v  -1.4653 0.7090 1.2975
v  0.3786 1.7893 -0.2405
v  0.3884 1.9403 -0.2405
v  0.3884 1.9122 -0.1290
v  -0.2937 1.4759 1.5091
v  -0.3702 1.4712 1.5091
v  -0.2937 2.3334 1.5091
v  -0.3702 2.3427 1.5091
v  -0.7833 1.9605 1.5091
v  -0.7526 2.0864 1.5091
v  -0.2172 2.3178 1.5091
v  0.0571 2.0025 1.5091
v  0.0610 1.9341 1.5091
v  -0.1408 2.2806 1.5091
v  -0.0643 2.2200 1.5091
v  0.0137 2.1063 1.5091
v  -0.4467 2.3334 1.5091
v  -0.5231 2.3101 1.5091
v  -0.5996 2.2681 1.5091
v  -0.6761 2.2044 1.5091
v  0.0456 1.7780 1.5091
v  0.0122 1.6902 1.5091
v  -0.0643 1.5799 1.5091
v  -0.1408 1.5271 1.5091
v  -0.2172 1.4930 1.5091
v  -0.4467 1.4760 1.5091
v  -0.5231 1.5023 1.5091
v  -0.5996 1.5427 1.5091
v  -0.6761 1.6126 1.5091
v  -0.7526 1.7322 1.5091
v  0.0649 1.8658 1.5091
v  0.0538 1.2710 1.4796
v  -0.0043 0.8746 1.4796
v  0.0738 1.2134 1.4796
v  0.0877 0.8737 1.4796
v  -0.0545 1.2710 1.4796
v  -0.0043 1.3123 1.4796
v  -0.1754 0.6755 -1.8018
v  -0.1976 0.3980 -1.8028
v  -0.1965 0.6062 -1.8029
v  -1.3832 0.4206 -1.8029
v  -1.3574 0.4609 -1.8027
v  -1.3829 0.1939 -1.8029
v  -0.6966 1.8280 -1.5614
v  -0.7252 1.5782 -1.5604
v  -0.7243 1.7734 -1.5604
v  -0.5567 1.5782 -1.5603
v  -0.6476 1.5783 -1.5604
v  -0.5884 1.8262 -1.5624
v  -0.6476 1.8486 -1.5604
v  -0.1238 1.6989 -1.5597
v  -0.1570 1.3715 -1.5604
v  -0.1546 1.6378 -1.5590
v  0.0085 1.3717 -1.5603
v  -0.0958 1.3716 -1.5604
v  -0.0227 1.7011 -1.5626
v  -0.0777 1.7349 -1.5597
v  -0.3719 -0.2504 -1.8280
v  -0.3719 -0.1748 -1.8280
v  -0.3194 -0.2504 -1.8280
v  -0.3194 -0.1742 -1.8280
v  -0.4638 -0.2504 -1.8280
v  -0.4638 -0.1755 -1.8280
v  -0.5558 -0.2504 -1.8280
v  -0.5558 -0.1761 -1.8280
v  -0.6477 -0.2504 -1.8280
v  -0.6477 -0.1768 -1.8280
v  -0.7396 -0.2504 -1.8280
v  -0.7396 -0.1774 -1.8280
v  -0.8315 -0.2504 -1.8280
v  -0.8315 -0.1781 -1.8280
v  -0.9234 -0.2504 -1.8280
v  -0.9234 -0.1787 -1.8280
v  -1.0143 -0.2504 -1.8280
v  -1.0133 -0.1793 -1.8280
v  -1.1073 -0.2504 -1.8280
v  -1.1073 -0.1800 -1.8280
v  -1.1598 -0.2504 -1.8280
v  -1.1598 -0.1806 -1.8280
v  -0.3719 -0.1051 -1.8280
v  -0.3194 -0.1051 -1.8280
v  -0.4638 -0.1051 -1.8280
v  -0.5558 -0.1051 -1.8280
v  -0.6477 -0.1051 -1.8280
v  -0.7396 -0.1051 -1.8280
v  -0.8315 -0.1051 -1.8280
v  -0.9234 -0.1051 -1.8280
v  -1.0123 -0.1051 -1.8280
v  -1.1073 -0.1051 -1.8280
v  -1.1598 -0.1051 -1.8280
v  -0.3194 0.1114 -1.8280
v  -0.4021 0.2380 -1.8280
v  -0.4866 0.3139 -1.8280
v  -0.5689 0.3577 -1.8280
v  -0.6521 0.3729 -1.8280
v  -0.7391 0.3768 -1.8280
v  -0.8246 0.3710 -1.8280
v  -0.9081 0.3465 -1.8280
v  -0.9846 0.3039 -1.8280
v  -1.0756 0.2138 -1.8280
v  -1.1598 0.0624 -1.8280
v  0.5926 0.3290 -1.8031
v  0.6449 0.2998 -1.8029
v  0.5911 -0.0349 -1.8029
v  0.6826 -0.0316 -1.8029
v  0.5457 0.2987 -1.8030
v  0.5094 -0.0362 -1.8029
v  0.5082 0.2335 -1.8030
v  0.6762 0.2404 -1.8030
v  -0.4662 2.3650 -1.5578
v  -0.5028 2.0292 -1.5603
v  -0.5051 2.2907 -1.5604
v  -0.0770 0.3979 -1.8084
v  -0.1052 0.6786 -1.8035
v  -0.0844 0.6247 -1.8069
v  -0.1487 0.6966 -1.8014
v  -0.1381 0.7045 -1.8013
v  -1.2456 0.1940 -1.8026
v  -1.2746 0.4645 -1.8049
v  -1.2487 0.4207 -1.8030
v  -1.3174 0.4855 -1.8029
v  0.0068 1.6438 -1.5605
v  -0.5582 1.7677 -1.5604
v  -0.3289 2.0297 -1.5603
v  -0.3630 2.3638 -1.5570
v  -0.3266 2.2913 -1.5605
v  -0.4181 2.3982 -1.5603
v  -1.2008 0.4926 1.4796
v  -1.2257 0.5393 1.4807
v  -1.2001 0.1454 1.4796
v  -0.6338 0.2332 1.4798
v  -0.6631 0.2036 1.4796
v  -0.6370 0.0599 1.4796
v  -0.5845 0.0606 1.4796
v  -0.5891 0.1610 1.4829
v  -0.6004 0.2042 1.4844
v  0.5336 0.3851 1.4801
v  0.4902 0.3639 1.4806
v  0.5342 -0.1031 1.4796
v  0.5804 0.3584 1.4806
v  0.6104 0.3100 1.4796
v  0.6178 -0.1031 1.4796
v  -0.8315 1.2886 1.4796
v  -0.8479 1.3270 1.4796
v  -0.8315 1.1260 1.4796
v  0.2715 1.4395 1.4796
v  0.2590 1.4639 1.4796
v  0.2715 1.2982 1.4796
v  -1.3181 0.1454 1.4796
v  -1.2932 0.5394 1.4813
v  -1.3219 0.4926 1.4797
v  -1.2617 0.5594 1.4804
v  -0.6752 0.1598 1.4805
v  -0.6763 0.0593 1.4796
v  0.4635 0.3211 1.4796
v  0.4712 -0.1031 1.4796
v  -0.0962 0.8754 1.4796
v  -0.0823 1.2134 1.4796
v  0.2384 1.4713 1.4796
v  0.2179 1.4639 1.4796
v  0.2050 1.2982 1.4796
v  0.2055 1.4395 1.4796
v  -0.9234 1.1260 1.4796
v  -0.8807 1.3512 1.4796
v  -0.9102 1.3262 1.4796
v  -0.9234 1.2869 1.4796
v  -1.5268 0.8720 -1.0355
v  -1.5502 1.2706 -1.0355
v  -1.5460 1.2259 -1.1371
v  -1.5460 1.2259 -0.9339
v  -1.5418 1.1281 -0.8762
v  -1.5268 0.8720 -0.8762
v  -1.5418 1.1281 -1.1948
v  -1.5268 0.8720 -1.1948
v  0.3884 1.7952 -0.4637
v  0.3884 1.9121 -0.3740
v  0.3884 1.7954 -0.0419
# 287 vertices

vn 0.8097 0.3899 0.4387
vn 0.8735 0.4207 0.2449
vn 0.6045 0.7580 0.2449
vn 0.5603 0.7026 0.4387
vn 0.2157 0.9453 0.2449
vn 0.2000 0.8761 0.4387
vn -0.2157 0.9453 0.2449
vn -0.2000 0.8761 0.4387
vn -0.6045 0.7580 0.2449
vn -0.5603 0.7026 0.4387
vn -0.8735 0.4207 0.2449
vn -0.8097 0.3899 0.4387
vn -0.9696 -0.0000 0.2449
vn -0.8986 0.0000 0.4387
vn -0.8735 -0.4207 0.2449
vn -0.8097 -0.3899 0.4387
vn -0.6045 -0.7580 0.2449
vn -0.5603 -0.7026 0.4387
vn -0.2157 -0.9453 0.2449
vn -0.2000 -0.8761 0.4387
vn 0.2157 -0.9452 0.2449
vn 0.2000 -0.8761 0.4387
vn 0.6045 -0.7580 0.2449
vn 0.5603 -0.7026 0.4387
vn 0.8735 -0.4207 0.2449
vn 0.8097 -0.3899 0.4387
vn 0.9696 -0.0000 0.2449
vn 0.8986 0.0000 0.4387
vn 0.6273 0.3021 0.7178
vn 0.4341 0.5443 0.7178
vn 0.1549 0.6788 0.7178
vn -0.1549 0.6788 0.7178
vn -0.4341 0.5443 0.7178
vn -0.6273 0.3021 0.7178
vn -0.6962 -0.0000 0.7178
vn -0.6273 -0.3021 0.7178
vn -0.4341 -0.5443 0.7178
vn -0.1549 -0.6788 0.7178
vn 0.1549 -0.6788 0.7178
vn 0.4341 -0.5443 0.7178
vn 0.6273 -0.3021 0.7178
vn 0.6962 -0.0000 0.7178
vn 0.4564 0.2198 0.8622
vn 0.3159 0.3961 0.8622
vn 0.1127 0.4940 0.8621
vn -0.1127 0.4940 0.8621
vn -0.3158 0.3960 0.8622
vn -0.4564 0.2198 0.8622
vn -0.5066 -0.0000 0.8622
vn -0.4565 -0.2198 0.8621
vn -0.3159 -0.3961 0.8622
vn -0.1127 -0.4938 0.8622
vn 0.1127 -0.4939 0.8622
vn 0.3159 -0.3961 0.8622
vn 0.4565 -0.2198 0.8621
vn 0.5066 -0.0000 0.8622
vn 0.3190 0.1536 0.9352
vn 0.2208 0.2768 0.9352
vn 0.0788 0.3452 0.9352
vn -0.0788 0.3452 0.9352
vn -0.2208 0.2768 0.9352
vn -0.3190 0.1536 0.9352
vn -0.3541 -0.0000 0.9352
vn -0.3190 -0.1536 0.9352
vn -0.2208 -0.2768 0.9352
vn -0.0788 -0.3452 0.9352
vn 0.0788 -0.3452 0.9352
vn 0.2208 -0.2768 0.9352
vn 0.3190 -0.1536 0.9352
vn 0.3541 -0.0000 0.9352
vn 0.2084 0.1003 0.9729
vn 0.1442 0.1808 0.9729
vn 0.0514 0.2254 0.9729
vn -0.0514 0.2254 0.9729
vn -0.1442 0.1808 0.9729
vn -0.2083 0.1003 0.9729
vn -0.2313 0.0000 0.9729
vn -0.2083 -0.1003 0.9729
vn -0.1442 -0.1808 0.9729
vn -0.0514 -0.2254 0.9729
vn 0.0515 -0.2255 0.9729
vn 0.1442 -0.1808 0.9729
vn 0.2083 -0.1003 0.9729
vn 0.2313 -0.0000 0.9729
vn 0.1194 0.0575 0.9912
vn 0.0827 0.1036 0.9912
vn 0.0295 0.1292 0.9912
vn -0.0295 0.1292 0.9912
vn -0.0827 0.1036 0.9912
vn -0.1194 0.0575 0.9912
vn -0.1326 0.0000 0.9912
vn -0.1194 -0.0575 0.9912
vn -0.0827 -0.1037 0.9912
vn -0.0295 -0.1292 0.9912
vn 0.0295 -0.1292 0.9912
vn 0.0827 -0.1036 0.9912
vn 0.1194 -0.0575 0.9912
vn 0.1326 -0.0000 0.9912
vn 0.0000 -0.0000 1.0000
vn 0.1202 0.0231 0.9925
vn 0.0000 0.0000 1.0000
vn 0.1083 -0.0045 0.9941
vn 0.9989 -0.0474 -0.0011
vn 0.9979 -0.0645 0.0001
vn 0.9983 -0.0460 -0.0365
vn -0.0000 -0.0000 1.0000
vn 0.1153 -0.0210 0.9931
vn -0.0000 0.0000 1.0000
vn 0.0151 0.0023 -0.9999
vn -0.0451 0.0120 -0.9989
vn 0.0530 -0.0007 -0.9986
vn 0.0053 0.0000 -1.0000
vn -0.0029 0.0008 -1.0000
vn -0.0003 -0.0070 -1.0000
vn 0.0139 -0.0008 -0.9999
vn -0.0008 -0.0042 -1.0000
vn -0.0372 0.0000 -0.9993
vn 0.0015 -0.0079 -1.0000
vn -0.0011 -0.0056 -1.0000
vn -0.0212 -0.0018 -0.9998
vn -0.0091 -0.0000 -1.0000
vn -0.0041 0.0021 -1.0000
vn -0.0009 0.0020 -1.0000
vn -0.0343 0.0054 -0.9994
vn 0.0012 -0.0066 -1.0000
vn -0.0020 -0.0028 -1.0000
vn -0.0318 0.0017 -0.9995
vn -0.0306 0.0032 -0.9995
vn 0.0000 0.0000 -1.0000
vn -0.0000 0.0000 -1.0000
vn 0.0010 -0.0004 -1.0000
vn 0.0013 -0.0003 -1.0000
vn -0.0004 -0.0003 -1.0000
vn -0.0003 -0.0001 -1.0000
vn -0.0004 -0.0004 -1.0000
vn -0.0008 -0.0005 -1.0000
vn -0.0016 -0.0004 -1.0000
vn -0.0013 -0.0002 -1.0000
vn -0.0485 0.0126 -0.9987
vn 0.0023 0.0087 -1.0000
vn 0.0667 0.0001 -0.9978
vn -0.0470 0.0122 -0.9988
vn -0.0473 0.0130 -0.9988
vn -0.1576 0.0015 -0.9875
vn -0.0347 0.0116 -0.9993
vn -0.0276 0.0479 -0.9985
vn 0.0025 -0.0081 -1.0000
vn -0.0174 0.0015 -0.9998
vn 0.0724 -0.0006 -0.9974
vn -0.0306 0.0069 -0.9995
vn 0.0710 -0.0000 -0.9975
vn 0.0634 0.0000 -0.9980
vn -0.0014 0.0099 -0.9999
vn 0.0246 -0.0029 -0.9997
vn -0.0975 -0.0000 -0.9952
vn 0.0213 -0.0050 -0.9998
vn 0.0414 0.0000 0.9991
vn -0.0027 -0.0028 1.0000
vn 0.0009 -0.0040 1.0000
vn -0.0817 0.0005 0.9967
vn -0.0010 0.0001 1.0000
vn -0.0117 -0.0177 0.9998
vn 0.0003 -0.0329 0.9995
vn 0.0017 -0.0336 0.9994
vn -0.1195 -0.0027 0.9928
vn 0.0006 -0.0011 1.0000
vn 0.0029 -0.0018 1.0000
vn 0.0000 -0.0003 1.0000
vn -0.0031 -0.0017 1.0000
vn 0.0207 -0.0038 0.9998
vn -0.0005 -0.0042 1.0000
vn 0.0094 -0.0001 1.0000
vn -0.0557 -0.0007 0.9984
vn 0.0113 -0.0003 0.9999
vn 0.0377 0.0056 0.9993
vn -0.0000 -0.0089 1.0000
vn -0.0252 -0.0042 0.9997
vn -0.9984 -0.0572 -0.0000
vn -0.9983 -0.0587 -0.0000
vn -0.9984 -0.0565 -0.0079
vn -0.9984 -0.0565 0.0079
vn -0.9986 -0.0527 -0.0096
vn -0.9986 -0.0527 0.0096
vn 0.9986 -0.0328 0.0427
vn 0.9985 -0.0432 0.0331
vn 0.9982 -0.0357 -0.0478
# 186 vertex normals

vt 3.7821 0.9353 0.0000
vt 3.7940 0.9366 0.0000
vt 3.7940 0.9784 0.0000
vt 3.7821 0.9760 0.0000
vt 3.9058 0.7925 0.0000
vt 3.9177 0.7907 0.0000
vt 3.9177 0.8388 0.0000
vt 3.9058 0.8395 0.0000
vt 3.9177 0.8922 0.0000
vt 3.9058 0.8915 0.0000
vt 3.9177 0.9403 0.0000
vt 3.9058 0.9385 0.0000
vt 3.8344 0.9760 0.0000
vt 3.8225 0.9784 0.0000
vt 3.8225 0.9366 0.0000
vt 3.8344 0.9353 0.0000
vt 3.8225 0.8845 0.0000
vt 3.8344 0.8845 0.0000
vt 3.8225 0.8324 0.0000
vt 3.8344 0.8337 0.0000
vt 3.8225 0.7907 0.0000
vt 3.8344 0.7930 0.0000
vt 3.9581 0.9385 0.0000
vt 3.9461 0.9403 0.0000
vt 3.9461 0.8922 0.0000
vt 3.9581 0.8915 0.0000
vt 3.9461 0.8388 0.0000
vt 3.9581 0.8395 0.0000
vt 3.9461 0.7907 0.0000
vt 3.9581 0.7925 0.0000
vt 3.7821 0.7930 0.0000
vt 3.7940 0.7907 0.0000
vt 3.7940 0.8324 0.0000
vt 3.7821 0.8337 0.0000
vt 3.7940 0.8845 0.0000
vt 3.7821 0.8845 0.0000
vt 3.7708 0.9314 0.0000
vt 3.7708 0.9691 0.0000
vt 3.8945 0.7981 0.0000
vt 3.8945 0.8414 0.0000
vt 3.8945 0.8896 0.0000
vt 3.8945 0.9329 0.0000
vt 3.8457 0.9691 0.0000
vt 3.8457 0.9314 0.0000
vt 3.8457 0.8845 0.0000
vt 3.8457 0.8376 0.0000
vt 3.8457 0.8000 0.0000
vt 3.9694 0.9329 0.0000
vt 3.9694 0.8896 0.0000
vt 3.9694 0.8414 0.0000
vt 3.9694 0.7981 0.0000
vt 3.7708 0.8000 0.0000
vt 3.7708 0.8376 0.0000
vt 3.7708 0.8845 0.0000
vt 3.6867 0.8036 0.0000
vt 3.6929 0.7907 0.0000
vt 3.7306 0.8207 0.0000
vt 3.7194 0.8296 0.0000
vt 3.8843 0.8070 0.0000
vt 3.8843 0.8446 0.0000
vt 3.8843 0.8864 0.0000
vt 3.8843 0.9240 0.0000
vt 3.7194 0.9466 0.0000
vt 3.7306 0.9555 0.0000
vt 3.6929 0.9855 0.0000
vt 3.6867 0.9727 0.0000
vt 3.8559 0.9252 0.0000
vt 3.8559 0.8845 0.0000
vt 3.8559 0.8438 0.0000
vt 3.6053 0.9727 0.0000
vt 3.5991 0.9855 0.0000
vt 3.5614 0.9555 0.0000
vt 3.5726 0.9466 0.0000
vt 3.9795 0.9240 0.0000
vt 3.9795 0.8864 0.0000
vt 3.9795 0.8446 0.0000
vt 3.9795 0.8070 0.0000
vt 3.5726 0.8296 0.0000
vt 3.5614 0.8207 0.0000
vt 3.5991 0.7907 0.0000
vt 3.6053 0.8036 0.0000
vt 3.7606 0.8438 0.0000
vt 3.7606 0.8845 0.0000
vt 3.7606 0.9252 0.0000
vt 3.6785 0.8207 0.0000
vt 3.7045 0.8414 0.0000
vt 3.7375 0.8672 0.0000
vt 3.7190 0.8714 0.0000
vt 3.7375 0.9090 0.0000
vt 3.7190 0.9048 0.0000
vt 3.7045 0.9348 0.0000
vt 3.6785 0.9555 0.0000
vt 3.6460 0.9819 0.0000
vt 3.6460 0.9629 0.0000
vt 3.6135 0.9555 0.0000
vt 3.5875 0.9348 0.0000
vt 3.5545 0.9090 0.0000
vt 3.5730 0.9048 0.0000
vt 3.5545 0.8672 0.0000
vt 3.5730 0.8714 0.0000
vt 3.5875 0.8414 0.0000
vt 3.6135 0.8207 0.0000
vt 3.6460 0.7943 0.0000
vt 3.6460 0.8133 0.0000
vt 3.6686 0.8412 0.0000
vt 3.6867 0.8556 0.0000
vt 3.6968 0.8765 0.0000
vt 3.6968 0.8997 0.0000
vt 3.6867 0.9206 0.0000
vt 3.6686 0.9350 0.0000
vt 3.6460 0.9402 0.0000
vt 3.6234 0.9350 0.0000
vt 3.6053 0.9206 0.0000
vt 3.5952 0.8997 0.0000
vt 3.5952 0.8765 0.0000
vt 3.6053 0.8556 0.0000
vt 3.6234 0.8412 0.0000
vt 3.6460 0.8360 0.0000
vt 3.6576 0.8640 0.0000
vt 3.6669 0.8714 0.0000
vt 3.6720 0.8822 0.0000
vt 3.6720 0.8940 0.0000
vt 3.6669 0.9048 0.0000
vt 3.6576 0.9122 0.0000
vt 3.6460 0.9148 0.0000
vt 3.6344 0.9122 0.0000
vt 3.6251 0.9048 0.0000
vt 3.6200 0.8940 0.0000
vt 3.6200 0.8822 0.0000
vt 3.6251 0.8714 0.0000
vt 3.6344 0.8640 0.0000
vt 3.6460 0.8614 0.0000
vt 3.6460 0.8881 0.0000
vt 3.8306 0.3334 0.0000
vt 3.8306 0.2645 0.0000
vt 3.8606 0.2663 0.0000
vt 3.9475 0.0665 0.0000
vt 3.8969 0.1679 0.0000
vt 3.8306 0.0665 0.0000
vt 3.8306 0.1679 0.0000
vt 3.0018 0.2315 0.0000
vt 3.2545 0.2667 0.0000
vt 3.0032 0.2653 0.0000
vt 3.8306 0.0159 0.0000
vt 3.9972 0.0159 0.0000
vt 3.9724 0.3458 0.0000
vt 3.8786 0.3458 0.0000
vt 3.8960 0.2764 0.0000
vt 3.3008 0.0059 0.0000
vt 3.2545 0.0031 0.0000
vt 3.3008 0.5247 0.0000
vt 3.2545 0.5303 0.0000
vt 3.0046 0.2991 0.0000
vt 3.0232 0.3752 0.0000
vt 3.3471 0.5153 0.0000
vt 3.5130 0.3245 0.0000
vt 3.5154 0.2832 0.0000
vt 3.3933 0.4927 0.0000
vt 3.4396 0.4561 0.0000
vt 3.4867 0.3873 0.0000
vt 3.2083 0.5247 0.0000
vt 3.1620 0.5106 0.0000
vt 3.1158 0.4852 0.0000
vt 3.0695 0.4467 0.0000
vt 3.5061 0.1887 0.0000
vt 3.4858 0.1356 0.0000
vt 3.4396 0.0689 0.0000
vt 3.3933 0.0370 0.0000
vt 3.3471 0.0163 0.0000
vt 3.2083 0.0060 0.0000
vt 3.1620 0.0219 0.0000
vt 3.1158 0.0463 0.0000
vt 3.0695 0.0886 0.0000
vt 3.0232 0.1610 0.0000
vt 3.5177 0.2418 0.0000
vt 3.1096 0.7530 0.0000
vt 3.0734 0.5065 0.0000
vt 3.1220 0.7172 0.0000
vt 3.1306 0.5060 0.0000
vt 3.0422 0.7530 0.0000
vt 3.0734 0.7787 0.0000
vt 3.3029 0.7001 0.0000
vt 3.2891 0.8726 0.0000
vt 3.2898 0.7432 0.0000
vt 3.3878 0.6617 0.0000
vt 3.4038 0.6367 0.0000
vt 3.3880 0.8027 0.0000
vt 3.5153 0.6182 0.0000
vt 3.4975 0.7736 0.0000
vt 3.4981 0.6522 0.0000
vt 3.6023 0.7735 0.0000
vt 3.5458 0.7735 0.0000
vt 3.5826 0.6193 0.0000
vt 3.5458 0.6054 0.0000
vt 3.0767 0.7892 0.0000
vt 3.0561 0.9928 0.0000
vt 3.0576 0.8272 0.0000
vt 3.1590 0.9927 0.0000
vt 3.0941 0.9927 0.0000
vt 3.1396 0.7879 0.0000
vt 3.1054 0.7669 0.0000
vt 3.8180 0.0386 0.0000
vt 3.7823 0.0386 0.0000
vt 3.8180 0.0138 0.0000
vt 3.7820 0.0138 0.0000
vt 3.8180 0.0821 0.0000
vt 3.7826 0.0821 0.0000
vt 3.8180 0.1256 0.0000
vt 3.7829 0.1256 0.0000
vt 3.8180 0.1690 0.0000
vt 3.7832 0.1690 0.0000
vt 3.8180 0.2125 0.0000
vt 3.7835 0.2125 0.0000
vt 3.8180 0.2559 0.0000
vt 3.7838 0.2559 0.0000
vt 3.8180 0.2994 0.0000
vt 3.7841 0.2994 0.0000
vt 3.8180 0.3424 0.0000
vt 3.7844 0.3419 0.0000
vt 3.8180 0.3863 0.0000
vt 3.7848 0.3863 0.0000
vt 3.8180 0.4112 0.0000
vt 3.7851 0.4112 0.0000
vt 3.7493 0.0386 0.0000
vt 3.7493 0.0138 0.0000
vt 3.7493 0.0821 0.0000
vt 3.7493 0.1256 0.0000
vt 3.7493 0.1690 0.0000
vt 3.7493 0.2125 0.0000
vt 3.7493 0.2559 0.0000
vt 3.7493 0.2994 0.0000
vt 3.7493 0.3414 0.0000
vt 3.7493 0.3863 0.0000
vt 3.7493 0.4112 0.0000
vt 3.6470 0.0138 0.0000
vt 3.5871 0.0529 0.0000
vt 3.5512 0.0929 0.0000
vt 3.5305 0.1318 0.0000
vt 3.5233 0.1711 0.0000
vt 3.5215 0.2123 0.0000
vt 3.5242 0.2527 0.0000
vt 3.5358 0.2922 0.0000
vt 3.5560 0.3283 0.0000
vt 3.5986 0.3713 0.0000
vt 3.6701 0.4112 0.0000
vt 3.2802 0.9398 0.0000
vt 3.2983 0.9073 0.0000
vt 3.5064 0.9407 0.0000
vt 3.5044 0.8839 0.0000
vt 3.2990 0.9690 0.0000
vt 3.5073 0.9915 0.0000
vt 3.3396 0.9923 0.0000
vt 3.3353 0.8878 0.0000
vt 3.5056 0.3651 0.0000
vt 3.4829 0.5739 0.0000
vt 3.4814 0.4113 0.0000
vt 3.3641 0.8727 0.0000
vt 3.3466 0.6982 0.0000
vt 3.3595 0.7317 0.0000
vt 3.3195 0.6870 0.0000
vt 3.3261 0.6820 0.0000
vt 3.4734 0.8027 0.0000
vt 3.4554 0.6345 0.0000
vt 3.4715 0.6617 0.0000
vt 3.4288 0.6214 0.0000
vt 3.1579 0.8235 0.0000
vt 3.6013 0.6557 0.0000
vt 3.5910 0.5735 0.0000
vt 3.5698 0.3658 0.0000
vt 3.5924 0.4109 0.0000
vt 3.5355 0.3444 0.0000
vt 3.8885 0.6481 0.0000
vt 3.8730 0.6772 0.0000
vt 3.8889 0.4322 0.0000
vt 3.3767 0.6339 0.0000
vt 3.3585 0.6155 0.0000
vt 3.3747 0.5262 0.0000
vt 3.4073 0.5266 0.0000
vt 3.4045 0.5890 0.0000
vt 3.3975 0.6159 0.0000
vt 3.2099 0.8516 0.0000
vt 3.1829 0.8384 0.0000
vt 3.2103 0.5480 0.0000
vt 3.2390 0.8350 0.0000
vt 3.2576 0.8049 0.0000
vt 3.2622 0.5480 0.0000
vt 3.3336 0.6456 0.0000
vt 3.3234 0.6695 0.0000
vt 3.3336 0.5445 0.0000
vt 3.4663 0.5696 0.0000
vt 3.4585 0.5848 0.0000
vt 3.4663 0.4818 0.0000
vt 3.8156 0.4322 0.0000
vt 3.8311 0.6772 0.0000
vt 3.8132 0.6481 0.0000
vt 3.8506 0.6897 0.0000
vt 3.3509 0.5883 0.0000
vt 3.3503 0.5258 0.0000
vt 3.1663 0.8118 0.0000
vt 3.1711 0.5480 0.0000
vt 3.0163 0.5070 0.0000
vt 3.0249 0.7172 0.0000
vt 3.4457 0.5894 0.0000
vt 3.4330 0.5848 0.0000
vt 3.4249 0.4818 0.0000
vt 3.4253 0.5696 0.0000
vt 3.2765 0.5445 0.0000
vt 3.3030 0.6846 0.0000
vt 3.2847 0.6690 0.0000
vt 3.2765 0.6446 0.0000
vt 3.7021 0.4245 0.0000
vt 3.7021 0.6723 0.0000
vt 3.6389 0.6445 0.0000
vt 3.7653 0.6445 0.0000
vt 3.8011 0.5837 0.0000
vt 3.8011 0.4245 0.0000
vt 3.6031 0.5837 0.0000
vt 3.6031 0.4245 0.0000
vt 3.9688 0.4845 0.0000
vt 3.8961 0.4288 0.0000
vt 3.9687 0.2223 0.0000
# 321 texture coords

o polySurface2
g polySurface2
usemtl 08___Default
s off
f 1/1/1 2/2/2 3/3/3 
f 3/3/3 4/4/4 1/1/1 
f 4/5/4 3/6/3 5/7/5 
f 5/7/5 6/8/6 4/5/4 
f 6/8/6 5/7/5 7/9/7 
f 7/9/7 8/10/8 6/8/6 
f 8/10/8 7/9/7 9/11/9 
f 9/11/9 10/12/10 8/10/8 
f 10/13/10 9/14/9 11/15/11 
f 11/15/11 12/16/12 10/13/10 
f 12/16/12 11/15/11 13/17/13 
f 13/17/13 14/18/14 12/16/12 
f 14/18/14 13/17/13 15/19/15 
f 15/19/15 16/20/16 14/18/14 
f 16/20/16 15/19/15 17/21/17 
f 17/21/17 18/22/18 16/20/16 
f 18/23/18 17/24/17 19/25/19 
f 19/25/19 20/26/20 18/23/18 
f 20/26/20 19/25/19 21/27/21 
f 21/27/21 22/28/22 20/26/20 
f 22/28/22 21/27/21 23/29/23 
f 23/29/23 24/30/24 22/28/22 
f 24/31/24 23/32/23 25/33/25 
f 25/33/25 26/34/26 24/31/24 
f 26/34/26 25/33/25 27/35/27 
f 27/35/27 28/36/28 26/34/26 
f 28/36/28 27/35/27 2/2/2 
f 2/2/2 1/1/1 28/36/28 
f 29/37/29 1/1/1 4/4/4 
f 4/4/4 30/38/30 29/37/29 
f 30/39/30 4/5/4 6/8/6 
f 6/8/6 31/40/31 30/39/30 
f 31/40/31 6/8/6 8/10/8 
f 8/10/8 32/41/32 31/40/31 
f 32/41/32 8/10/8 10/12/10 
f 10/12/10 33/42/33 32/41/32 
f 33/43/33 10/13/10 12/16/12 
f 12/16/12 34/44/34 33/43/33 
f 34/44/34 12/16/12 14/18/14 
f 14/18/14 35/45/35 34/44/34 
f 35/45/35 14/18/14 16/20/16 
f 16/20/16 36/46/36 35/45/35 
f 36/46/36 16/20/16 18/22/18 
f 18/22/18 37/47/37 36/46/36 
f 37/48/37 18/23/18 20/26/20 
f 20/26/20 38/49/38 37/48/37 
f 38/49/38 20/26/20 22/28/22 
f 22/28/22 39/50/39 38/49/38 
f 39/50/39 22/28/22 24/30/24 
f 24/30/24 40/51/40 39/50/39 
f 40/52/40 24/31/24 26/34/26 
f 26/34/26 41/53/41 40/52/40 
f 41/53/41 26/34/26 28/36/28 
f 28/36/28 42/54/42 41/53/41 
f 42/54/42 28/36/28 1/1/1 
f 1/1/1 29/37/29 42/54/42 
f 43/55/43 29/56/29 30/57/30 
f 30/57/30 44/58/44 43/55/43 
f 44/59/44 30/39/30 31/40/31 
f 31/40/31 45/60/45 44/59/44 
f 45/60/45 31/40/31 32/41/32 
f 32/41/32 46/61/46 45/60/45 
f 46/61/46 32/41/32 33/42/33 
f 33/42/33 47/62/47 46/61/46 
f 47/63/47 33/64/33 34/65/34 
f 34/65/34 48/66/48 47/63/47 
f 48/67/48 34/44/34 35/45/35 
f 35/45/35 49/68/49 48/67/48 
f 49/68/49 35/45/35 36/46/36 
f 36/46/36 50/69/50 49/68/49 
f 50/70/50 36/71/36 37/72/37 
f 37/72/37 51/73/51 50/70/50 
f 51/74/51 37/48/37 38/49/38 
f 38/49/38 52/75/52 51/74/51 
f 52/75/52 38/49/38 39/50/39 
f 39/50/39 53/76/53 52/75/52 
f 53/76/53 39/50/39 40/51/40 
f 40/51/40 54/77/54 53/76/53 
f 54/78/54 40/79/40 41/80/41 
f 41/80/41 55/81/55 54/78/54 
f 55/82/55 41/53/41 42/54/42 
f 42/54/42 56/83/56 55/82/55 
f 56/83/56 42/54/42 29/37/29 
f 29/37/29 43/84/43 56/83/56 
f 57/85/57 43/55/43 44/58/44 
f 44/58/44 58/86/58 57/85/57 
f 58/86/58 44/58/44 45/87/45 
f 45/87/45 59/88/59 58/86/58 
f 59/88/59 45/87/45 46/89/46 
f 46/89/46 60/90/60 59/88/59 
f 60/90/60 46/89/46 47/63/47 
f 47/63/47 61/91/61 60/90/60 
f 61/91/61 47/63/47 48/66/48 
f 48/66/48 62/92/62 61/91/61 
f 62/92/62 48/66/48 49/93/49 
f 49/93/49 63/94/63 62/92/62 
f 63/94/63 49/93/49 50/70/50 
f 50/70/50 64/95/64 63/94/63 
f 64/95/64 50/70/50 51/73/51 
f 51/73/51 65/96/65 64/95/64 
f 65/96/65 51/73/51 52/97/52 
f 52/97/52 66/98/66 65/96/65 
f 66/98/66 52/97/52 53/99/53 
f 53/99/53 67/100/67 66/98/66 
f 67/100/67 53/99/53 54/78/54 
f 54/78/54 68/101/68 67/100/67 
f 68/101/68 54/78/54 55/81/55 
f 55/81/55 69/102/69 68/101/68 
f 69/102/69 55/81/55 56/103/56 
f 56/103/56 70/104/70 69/102/69 
f 70/104/70 56/103/56 43/55/43 
f 43/55/43 57/85/57 70/104/70 
f 71/105/71 57/85/57 58/86/58 
f 58/86/58 72/106/72 71/105/71 
f 72/106/72 58/86/58 59/88/59 
f 59/88/59 73/107/73 72/106/72 
f 73/107/73 59/88/59 60/90/60 
f 60/90/60 74/108/74 73/107/73 
f 74/108/74 60/90/60 61/91/61 
f 61/91/61 75/109/75 74/108/74 
f 75/109/75 61/91/61 62/92/62 
f 62/92/62 76/110/76 75/109/75 
f 76/110/76 62/92/62 63/94/63 
f 63/94/63 77/111/77 76/110/76 
f 77/111/77 63/94/63 64/95/64 
f 64/95/64 78/112/78 77/111/77 
f 78/112/78 64/95/64 65/96/65 
f 65/96/65 79/113/79 78/112/78 
f 79/113/79 65/96/65 66/98/66 
f 66/98/66 80/114/80 79/113/79 
f 80/114/80 66/98/66 67/100/67 
f 67/100/67 81/115/81 80/114/80 
f 81/115/81 67/100/67 68/101/68 
f 68/101/68 82/116/82 81/115/81 
f 82/116/82 68/101/68 69/102/69 
f 69/102/69 83/117/83 82/116/82 
f 83/117/83 69/102/69 70/104/70 
f 70/104/70 84/118/84 83/117/83 
f 84/118/84 70/104/70 57/85/57 
f 57/85/57 71/105/71 84/118/84 
f 85/119/85 71/105/71 72/106/72 
f 72/106/72 86/120/86 85/119/85 
f 86/120/86 72/106/72 73/107/73 
f 73/107/73 87/121/87 86/120/86 
f 87/121/87 73/107/73 74/108/74 
f 74/108/74 88/122/88 87/121/87 
f 88/122/88 74/108/74 75/109/75 
f 75/109/75 89/123/89 88/122/88 
f 89/123/89 75/109/75 76/110/76 
f 76/110/76 90/124/90 89/123/89 
f 90/124/90 76/110/76 77/111/77 
f 77/111/77 91/125/91 90/124/90 
f 91/125/91 77/111/77 78/112/78 
f 78/112/78 92/126/92 91/125/91 
f 92/126/92 78/112/78 79/113/79 
f 79/113/79 93/127/93 92/126/92 
f 93/127/93 79/113/79 80/114/80 
f 80/114/80 94/128/94 93/127/93 
f 94/128/94 80/114/80 81/115/81 
f 81/115/81 95/129/95 94/128/94 
f 95/129/95 81/115/81 82/116/82 
f 82/116/82 96/130/96 95/129/95 
f 96/130/96 82/116/82 83/117/83 
f 83/117/83 97/131/97 96/130/96 
f 97/131/97 83/117/83 84/118/84 
f 84/118/84 98/132/98 97/131/97 
f 98/132/98 84/118/84 71/105/71 
f 71/105/71 85/119/85 98/132/98 
f 85/119/85 86/120/86 99/133/99 
f 86/120/86 87/121/87 99/133/99 
f 87/121/87 88/122/88 99/133/99 
f 88/122/88 89/123/89 99/133/99 
f 89/123/89 90/124/90 99/133/99 
f 90/124/90 91/125/91 99/133/99 
f 91/125/91 92/126/92 99/133/99 
f 92/126/92 93/127/93 99/133/99 
f 93/127/93 94/128/94 99/133/99 
f 94/128/94 95/129/95 99/133/99 
f 95/129/95 96/130/96 99/133/99 
f 96/130/96 97/131/97 99/133/99 
f 97/131/97 98/132/98 99/133/99 
f 98/132/98 85/119/85 99/133/99 
f 100/134/99 101/135/99 102/136/99 
f 103/137/99 104/138/99 105/139/99 
f 105/139/99 104/138/99 106/140/99 
f 107/141/100 108/142/101 109/143/102 
f 105/139/99 110/144/99 103/137/99 
f 103/137/99 110/144/99 111/145/99 
f 104/138/99 102/136/99 106/140/99 
f 106/140/99 102/136/99 101/135/99 
f 112/146/103 113/147/104 114/148/105 
f 115/149/106 108/142/101 116/150/99 
f 117/151/101 118/152/101 108/142/101 
f 119/153/107 108/142/101 120/154/101 
f 117/151/101 108/142/101 121/155/101 
f 122/156/108 108/142/101 123/157/99 
f 121/155/101 108/142/101 124/158/101 
f 124/158/101 108/142/101 125/159/101 
f 125/159/101 108/142/101 126/160/101 
f 126/160/101 108/142/101 122/156/108 
f 127/161/101 108/142/101 118/152/101 
f 128/162/101 108/142/101 127/161/101 
f 129/163/101 108/142/101 128/162/101 
f 130/164/101 108/142/101 129/163/101 
f 120/154/101 108/142/101 130/164/101 
f 109/143/102 108/142/101 119/153/107 
f 131/165/99 108/142/101 132/166/106 
f 132/166/106 108/142/101 133/167/106 
f 133/167/106 108/142/101 134/168/99 
f 134/168/99 108/142/101 135/169/99 
f 135/169/99 108/142/101 115/149/106 
f 136/170/99 116/150/99 108/142/101 
f 136/170/99 108/142/101 137/171/99 
f 137/171/99 108/142/101 138/172/106 
f 138/172/106 108/142/101 139/173/108 
f 139/173/108 108/142/101 140/174/99 
f 140/174/99 108/142/101 107/141/100 
f 131/165/99 141/175/99 108/142/101 
f 123/157/99 108/142/101 141/175/99 
f 142/176/106 143/177/99 144/178/99 
f 144/178/99 143/177/99 145/179/99 
f 146/180/106 143/177/99 147/181/106 
f 148/182/109 149/183/110 150/184/111 
f 151/185/112 152/186/113 153/187/114 
f 154/188/115 155/189/116 156/190/117 
f 157/191/118 158/192/119 159/193/120 
f 159/193/120 158/192/119 160/194/121 
f 161/195/122 162/196/123 163/197/124 
f 164/198/125 165/199/126 166/200/127 
f 166/200/127 165/199/126 167/201/128 
f 168/202/129 169/203/129 170/204/129 
f 170/204/129 169/203/129 171/205/129 
f 172/206/129 173/207/129 168/202/129 
f 168/202/129 173/207/129 169/203/129 
f 174/208/129 175/209/129 172/206/129 
f 172/206/129 175/209/129 173/207/129 
f 176/210/129 177/211/129 174/208/129 
f 174/208/129 177/211/129 175/209/129 
f 178/212/130 179/213/129 176/210/129 
f 176/210/129 179/213/129 177/211/129 
f 180/214/129 181/215/129 178/212/130 
f 178/212/130 181/215/129 179/213/129 
f 182/216/129 183/217/129 180/214/129 
f 180/214/129 183/217/129 181/215/129 
f 184/218/129 185/219/129 182/216/129 
f 182/216/129 185/219/129 183/217/129 
f 186/220/129 187/221/129 184/218/129 
f 184/218/129 187/221/129 185/219/129 
f 188/222/129 189/223/129 186/220/129 
f 186/220/129 189/223/129 187/221/129 
f 169/203/129 190/224/129 171/205/129 
f 171/205/129 190/224/129 191/225/129 
f 173/207/129 192/226/129 169/203/129 
f 169/203/129 192/226/129 190/224/129 
f 175/209/129 193/227/129 173/207/129 
f 173/207/129 193/227/129 192/226/129 
f 177/211/129 194/228/129 175/209/129 
f 175/209/129 194/228/129 193/227/129 
f 179/213/129 195/229/129 177/211/129 
f 177/211/129 195/229/129 194/228/129 
f 181/215/129 196/230/129 179/213/129 
f 179/213/129 196/230/129 195/229/129 
f 183/217/129 197/231/129 181/215/129 
f 181/215/129 197/231/129 196/230/129 
f 185/219/129 198/232/129 183/217/129 
f 183/217/129 198/232/129 197/231/129 
f 187/221/129 199/233/129 185/219/129 
f 185/219/129 199/233/129 198/232/129 
f 189/223/129 200/234/129 187/221/129 
f 187/221/129 200/234/129 199/233/129 
f 191/225/129 190/224/129 201/235/130 
f 201/235/130 190/224/129 202/236/129 
f 190/224/129 192/226/129 202/236/129 
f 202/236/129 192/226/129 203/237/129 
f 192/226/129 193/227/129 203/237/129 
f 203/237/129 193/227/129 204/238/129 
f 193/227/129 194/228/129 204/238/129 
f 204/238/129 194/228/129 205/239/129 
f 194/228/129 195/229/129 205/239/129 
f 205/239/129 195/229/129 206/240/129 
f 196/230/129 207/241/129 195/229/129 
f 195/229/129 207/241/129 206/240/129 
f 197/231/129 208/242/129 196/230/129 
f 196/230/129 208/242/129 207/241/129 
f 198/232/129 209/243/129 197/231/129 
f 197/231/129 209/243/129 208/242/129 
f 199/233/129 210/244/129 198/232/129 
f 198/232/129 210/244/129 209/243/129 
f 200/234/129 211/245/129 199/233/129 
f 199/233/129 211/245/129 210/244/129 
f 212/246/131 213/247/132 214/248/133 
f 214/248/133 213/247/132 215/249/134 
f 216/250/135 217/251/136 218/252/137 
f 215/249/134 213/247/132 219/253/138 
f 217/251/136 216/250/135 214/248/133 
f 214/248/133 216/250/135 212/246/131 
f 220/254/139 221/255/140 222/256/141 
f 223/257/142 224/258/143 225/259/144 
f 226/260/145 149/183/110 148/182/109 
f 149/183/110 226/260/145 223/257/142 
f 227/261/146 224/258/143 226/260/145 
f 223/257/142 226/260/145 224/258/143 
f 228/262/147 229/263/148 230/264/149 
f 153/187/114 152/186/113 231/265/150 
f 231/265/150 229/263/148 153/187/114 
f 153/187/114 229/263/148 228/262/147 
f 164/198/125 166/200/127 232/266/151 
f 162/196/123 161/195/122 165/199/126 
f 165/199/126 161/195/122 167/201/128 
f 157/191/118 159/193/120 233/267/152 
f 155/189/116 154/188/115 158/192/119 
f 158/192/119 154/188/115 160/194/121 
f 234/268/153 235/269/154 236/270/155 
f 237/271/156 221/255/140 220/254/139 
f 234/268/153 221/255/140 235/269/154 
f 235/269/154 221/255/140 237/271/156 
f 238/272/157 239/273/158 240/274/159 
f 241/275/160 242/276/161 243/277/162 
f 244/278/163 245/279/164 243/277/162 
f 243/277/162 245/279/164 246/280/165 
f 247/281/166 248/282/167 249/283/168 
f 250/284/169 249/283/168 251/285/170 
f 251/285/170 249/283/168 252/286/106 
f 253/287/101 254/288/99 255/289/101 
f 256/290/99 257/291/106 258/292/106 
f 259/293/171 260/294/172 261/295/173 
f 240/274/159 239/273/158 262/296/174 
f 262/296/174 260/294/172 240/274/159 
f 240/274/159 260/294/172 259/293/171 
f 242/276/161 263/297/175 243/277/162 
f 243/277/162 263/297/175 264/298/176 
f 243/277/162 246/280/165 241/275/160 
f 248/282/167 265/299/177 249/283/168 
f 249/283/168 265/299/177 266/300/99 
f 249/283/168 250/284/169 247/281/166 
f 267/301/99 143/177/99 268/302/99 
f 268/302/99 143/177/99 146/180/106 
f 143/177/99 142/176/106 147/181/106 
f 269/303/106 270/304/106 258/292/106 
f 258/292/106 270/304/106 271/305/108 
f 258/292/106 257/291/106 269/303/106 
f 271/305/108 270/304/106 272/306/106 
f 273/307/101 274/308/99 275/309/99 
f 273/307/101 275/309/99 276/310/99 
f 255/289/101 254/288/99 273/307/101 
f 273/307/101 254/288/99 274/308/99 
f 277/311/178 278/312/179 279/313/180 
f 280/314/181 277/311/178 281/315/182 
f 281/315/182 277/311/178 282/316/179 
f 279/313/180 283/317/183 277/311/178 
f 277/311/178 283/317/183 284/318/179 
f 277/311/178 280/314/181 278/312/179 
f 285/319/184 286/320/185 112/146/103 
f 112/146/103 286/320/185 113/147/104 
f 112/146/103 114/148/105 287/321/186 
# 355 faces

#
# object meshId1_name
#

v  -0.8740 -0.4056 1.5325
v  -0.8673 0.1678 1.5323
v  -0.8572 -0.4056 1.5535
v  -0.8506 0.1678 1.5533
v  -0.8982 -0.4056 1.5209
v  -0.8915 0.1678 1.5206
v  -0.9242 -0.4048 1.5202
v  -0.9183 0.1678 1.5206
v  -0.9492 -0.4056 1.5325
v  -0.9425 0.1678 1.5323
v  -0.9659 -0.4056 1.5535
v  -0.9593 0.1678 1.5533
v  -0.9719 -0.4056 1.5797
v  -0.9652 0.1678 1.5795
v  -0.9659 -0.4056 1.6059
v  -0.9593 0.1678 1.6056
v  -0.9492 -0.4056 1.6269
v  -0.9425 0.1678 1.6266
v  -0.9250 -0.4056 1.6385
v  -0.9183 0.1678 1.6383
v  -0.8982 -0.4056 1.6385
v  -0.8915 0.1678 1.6383
v  -0.8740 -0.4056 1.6269
v  -0.8673 0.1678 1.6266
v  -0.8572 -0.4056 1.6059
v  -0.8506 0.1678 1.6056
v  -0.8513 -0.4056 1.5797
v  -0.8446 0.1678 1.5795
v  -0.8572 0.4087 1.8938
v  -0.8740 0.4297 1.8938
v  -0.9116 0.3825 1.8938
v  -0.8982 0.4413 1.8938
v  -0.9250 0.4413 1.8938
v  -0.9492 0.4297 1.8938
v  -0.9659 0.4087 1.8938
v  -0.9719 0.3825 1.8938
v  -0.9659 0.3563 1.8938
v  -0.9492 0.3353 1.8938
v  -0.9250 0.3237 1.8938
v  -0.8982 0.3237 1.8938
v  -0.8740 0.3353 1.8938
v  -0.8572 0.3563 1.8938
v  -0.8513 0.3825 1.8938
v  -0.8472 0.3381 1.6017
v  -0.8532 0.3565 1.5830
v  -0.8485 0.3675 1.6337
v  -0.8545 0.3913 1.6226
v  -0.8532 0.3197 1.6203
v  -0.8545 0.3438 1.6447
v  -0.8699 0.3049 1.6352
v  -0.8712 0.3248 1.6535
v  -0.8941 0.2967 1.6435
v  -0.8954 0.3142 1.6584
v  -0.9210 0.2967 1.6435
v  -0.9223 0.3142 1.6584
v  -0.9452 0.3049 1.6352
v  -0.9464 0.3248 1.6535
v  -0.9619 0.3197 1.6203
v  -0.9632 0.3438 1.6447
v  -0.9679 0.3381 1.6017
v  -0.9692 0.3675 1.6337
v  -0.9619 0.3565 1.5830
v  -0.9632 0.3913 1.6226
v  -0.9452 0.3712 1.5681
v  -0.9464 0.4103 1.6138
v  -0.9210 0.3794 1.5598
v  -0.9223 0.4209 1.6089
v  -0.8941 0.3794 1.5598
v  -0.8954 0.4209 1.6089
v  -0.8699 0.3712 1.5681
v  -0.8712 0.4103 1.6138
v  -0.8432 0.2671 1.5778
v  -0.8492 0.2728 1.5522
v  -0.8492 0.2615 1.6033
v  -0.8660 0.2569 1.6238
v  -0.8901 0.2544 1.6352
v  -0.9170 0.2544 1.6352
v  -0.9412 0.2569 1.6238
v  -0.9579 0.2615 1.6033
v  -0.9639 0.2671 1.5778
v  -0.9579 0.2728 1.5522
v  -0.9412 0.2774 1.5318
v  -0.9170 0.2799 1.5204
v  -0.8660 0.2774 1.5318
v  -0.8901 0.2799 1.5204
v  -0.8560 0.4086 1.6771
v  -0.8500 0.3839 1.6838
v  -0.8560 0.3592 1.6904
v  -0.8727 0.3393 1.6957
v  -0.8969 0.3284 1.6986
v  -0.9237 0.3284 1.6986
v  -0.9479 0.3393 1.6957
v  -0.9647 0.3592 1.6904
v  -0.9706 0.3839 1.6838
v  -0.9647 0.4086 1.6771
v  -0.9479 0.4284 1.6718
v  -0.9237 0.4394 1.6689
v  -0.8969 0.4394 1.6689
v  -0.8727 0.4284 1.6718
v  0.3160 -0.4056 1.5325
v  0.3226 0.1678 1.5323
v  0.3327 -0.4056 1.5535
v  0.3394 0.1678 1.5533
v  0.2918 -0.4056 1.5209
v  0.2984 0.1678 1.5206
v  0.2649 -0.4056 1.5209
v  0.2716 0.1678 1.5206
v  0.2407 -0.4056 1.5325
v  0.2474 0.1678 1.5323
v  0.2240 -0.4056 1.5535
v  0.2307 0.1678 1.5533
v  0.2180 -0.4056 1.5797
v  0.2247 0.1678 1.5795
v  0.2240 -0.4056 1.6059
v  0.2307 0.1678 1.6056
v  0.2407 -0.4056 1.6269
v  0.2474 0.1678 1.6266
v  0.2649 -0.4056 1.6385
v  0.2716 0.1678 1.6383
v  0.2918 -0.4056 1.6385
v  0.2984 0.1678 1.6383
v  0.3160 -0.4056 1.6269
v  0.3226 0.1678 1.6266
v  0.3327 -0.4056 1.6059
v  0.3394 0.1678 1.6056
v  0.3387 -0.4056 1.5797
v  0.3454 0.1678 1.5795
v  0.3327 0.4087 1.8938
v  0.3160 0.4297 1.8938
v  0.2784 0.3825 1.8938
v  0.2918 0.4413 1.8938
v  0.2649 0.4413 1.8938
v  0.2407 0.4297 1.8938
v  0.2240 0.4087 1.8938
v  0.2180 0.3825 1.8938
v  0.2240 0.3563 1.8938
v  0.2407 0.3353 1.8938
v  0.2649 0.3237 1.8938
v  0.2918 0.3237 1.8938
v  0.3160 0.3353 1.8938
v  0.3327 0.3563 1.8938
v  0.3387 0.3825 1.8938
v  0.3427 0.3381 1.6017
v  0.3367 0.3565 1.5830
v  0.3414 0.3675 1.6337
v  0.3355 0.3913 1.6226
v  0.3367 0.3197 1.6203
v  0.3355 0.3438 1.6447
v  0.3200 0.3049 1.6352
v  0.3187 0.3248 1.6535
v  0.2958 0.2967 1.6435
v  0.2945 0.3142 1.6584
v  0.2689 0.2967 1.6435
v  0.2677 0.3142 1.6584
v  0.2448 0.3049 1.6352
v  0.2435 0.3248 1.6535
v  0.2280 0.3197 1.6203
v  0.2268 0.3438 1.6447
v  0.2220 0.3381 1.6017
v  0.2208 0.3675 1.6337
v  0.2280 0.3565 1.5830
v  0.2268 0.3913 1.6226
v  0.2448 0.3712 1.5681
v  0.2435 0.4103 1.6138
v  0.2689 0.3794 1.5598
v  0.2677 0.4209 1.6089
v  0.2958 0.3794 1.5598
v  0.2945 0.4209 1.6089
v  0.3200 0.3712 1.5681
v  0.3187 0.4103 1.6138
v  0.3467 0.2671 1.5778
v  0.3407 0.2728 1.5522
v  0.3407 0.2615 1.6033
v  0.3240 0.2569 1.6238
v  0.2998 0.2544 1.6352
v  0.2729 0.2544 1.6352
v  0.2488 0.2569 1.6238
v  0.2320 0.2615 1.6033
v  0.2260 0.2671 1.5778
v  0.2320 0.2728 1.5522
v  0.2488 0.2774 1.5318
v  0.2729 0.2799 1.5204
v  0.2998 0.2799 1.5204
v  0.3240 0.2774 1.5318
v  0.3340 0.4086 1.6771
v  0.3399 0.3839 1.6838
v  0.3340 0.3592 1.6904
v  0.3172 0.3393 1.6957
v  0.2930 0.3284 1.6986
v  0.2662 0.3284 1.6986
v  0.2420 0.3393 1.6957
v  0.2253 0.3592 1.6904
v  0.2193 0.3839 1.6838
v  0.2253 0.4086 1.6771
v  0.2420 0.4284 1.6718
v  0.2662 0.4394 1.6689
v  0.2930 0.4394 1.6689
v  0.3172 0.4284 1.6718
v  -1.1992 -0.1032 1.5195
v  -1.3830 -0.1032 1.5195
v  -1.1992 -0.1186 1.5263
v  -1.3830 -0.1186 1.5263
v  -1.1073 -0.1186 1.5263
v  -1.1073 -0.1032 1.5195
v  -1.0153 -0.1032 1.5195
v  -1.0153 -0.1186 1.5263
v  0.5323 -0.1050 1.5391
v  0.4717 -0.1050 1.5391
v  0.5346 -0.1186 1.5455
v  0.4689 -0.1186 1.5455
v  0.7022 -0.1032 1.5195
v  0.7027 -0.1186 1.5263
v  0.7860 -0.1032 1.5195
v  0.7904 -0.1186 1.5263
v  0.6181 -0.1032 1.5195
v  0.6186 -0.1186 1.5263
v  0.6162 -0.1050 1.5391
v  0.6186 -0.1186 1.5455
v  -0.5558 1.4206 1.5195
v  -0.5502 1.4345 1.5553
v  -0.6477 1.4691 1.5195
v  -0.6395 1.4816 1.5553
v  -0.5558 2.3915 1.5195
v  -0.6477 2.3411 1.5195
v  -0.5502 2.3776 1.5553
v  -0.6395 2.3287 1.5553
v  -0.1881 1.4094 1.5195
v  -0.1930 1.4236 1.5553
v  -0.2800 1.3888 1.5195
v  -0.2823 1.4036 1.5553
v  -0.1881 2.4008 1.5195
v  -0.2800 2.4195 1.5195
v  -0.1930 2.3867 1.5553
v  -0.2823 2.4048 1.5553
v  -0.0043 1.5139 1.5195
v  -0.0145 1.5251 1.5553
v  -0.0962 1.4504 1.5195
v  -0.1038 1.4635 1.5553
v  -0.0962 2.3560 1.5195
v  -0.1038 2.3432 1.5553
v  -0.0043 2.2832 1.5195
v  -0.0145 2.2724 1.5553
v  -0.4638 1.3890 1.5195
v  -0.3719 1.3832 1.5195
v  -0.4609 1.4038 1.5553
v  -0.3716 1.3982 1.5553
v  -0.3719 2.4307 1.5195
v  -0.4638 2.4195 1.5195
v  -0.3716 2.4157 1.5553
v  -0.4609 2.4048 1.5553
v  -0.7396 1.5531 1.5195
v  -0.7288 1.5632 1.5553
v  -0.8315 1.6969 1.5195
v  -0.8181 1.7029 1.5553
v  -0.7396 2.2645 1.5195
v  -0.8315 2.1226 1.5195
v  -0.7288 2.2543 1.5553
v  -0.8181 2.1165 1.5553
v  0.0877 2.1562 1.5195
v  0.0748 2.1491 1.5553
v  0.0877 1.6465 1.5195
v  0.0748 1.6539 1.5553
v  0.1264 1.7520 1.5195
v  0.1138 1.7600 1.5553
v  0.1510 1.8575 1.5195
v  0.1463 1.9396 1.5195
v  0.1363 1.8589 1.5553
v  0.1318 1.9387 1.5553
v  0.1416 2.0218 1.5195
v  0.1273 2.0185 1.5553
v  -0.8685 1.9714 1.5195
v  -0.8540 1.9695 1.5553
v  -0.8567 1.9042 1.5553
v  -0.8713 1.9042 1.5195
v  -0.8594 1.8389 1.5553
v  -0.8741 1.8369 1.5195
v  -0.5261 1.4948 1.5553
v  -0.6040 1.5359 1.5553
v  -0.5261 2.3176 1.5553
v  -0.6040 2.2748 1.5553
v  -0.2145 1.4853 1.5553
v  -0.2924 1.4679 1.5553
v  -0.2145 2.3255 1.5553
v  -0.2924 2.3413 1.5553
v  -0.0588 1.5739 1.5553
v  -0.1367 1.5201 1.5553
v  -0.1367 2.2875 1.5553
v  -0.0588 2.2258 1.5553
v  -0.4482 1.4680 1.5553
v  -0.3703 1.4631 1.5553
v  -0.3703 2.3508 1.5553
v  -0.4482 2.3413 1.5553
v  -0.6819 1.6071 1.5553
v  -0.7598 1.7289 1.5553
v  -0.6819 2.2100 1.5553
v  -0.7598 2.0897 1.5553
v  0.0191 2.1182 1.5553
v  0.0191 1.6862 1.5553
v  0.0531 1.7756 1.5553
v  0.0728 1.8650 1.5553
v  0.0688 1.9346 1.5553
v  0.0649 2.0043 1.5553
v  -0.7912 1.9615 1.5553
v  -0.7935 1.9046 1.5553
v  -0.7959 1.8476 1.5553
v  -0.5231 1.5023 1.5091
v  -0.5996 1.5427 1.5091
v  -0.5231 2.3101 1.5091
v  -0.5996 2.2681 1.5091
v  -0.2172 1.4930 1.5091
v  -0.2937 1.4759 1.5091
v  -0.2172 2.3178 1.5091
v  -0.2937 2.3334 1.5091
v  -0.0643 1.5799 1.5091
v  -0.1408 1.5271 1.5091
v  -0.1408 2.2806 1.5091
v  -0.0643 2.2200 1.5091
v  -0.4467 1.4760 1.5091
v  -0.3702 1.4712 1.5091
v  -0.3702 2.3427 1.5091
v  -0.4467 2.3334 1.5091
v  -0.6761 1.6126 1.5091
v  -0.7526 1.7322 1.5091
v  -0.6761 2.2044 1.5091
v  -0.7526 2.0864 1.5091
v  0.0122 2.1143 1.5091
v  0.0122 1.6902 1.5091
v  0.0456 1.7780 1.5091
v  0.0649 1.8658 1.5091
v  0.0610 1.9341 1.5091
v  0.0571 2.0025 1.5091
v  0.0137 2.1063 1.5091
v  -0.7833 1.9605 1.5091
v  -0.7856 1.9046 1.5091
v  -0.7880 1.8487 1.5091
v  -0.9234 -0.1186 1.5263
v  -0.9234 -0.1032 1.5195
v  -0.8315 -0.1032 1.5195
v  -0.8315 -0.1186 1.5263
v  -0.7396 -0.1186 1.5263
v  -0.7396 -0.1032 1.5195
v  -0.6366 -0.1032 1.5195
v  -0.6477 -0.1186 1.5263
v  -0.5295 -0.1186 1.5263
v  -0.5295 -0.1032 1.5195
v  -0.1095 -0.1186 1.5263
v  -0.0043 -0.1186 1.5263
v  -0.1094 -0.1032 1.5195
v  -0.0043 -0.1032 1.5195
v  0.0877 -0.1032 1.5195
v  0.0877 -0.1186 1.5263
v  0.1990 -0.1186 1.5263
v  0.1991 -0.1032 1.5195
v  0.2715 -0.1032 1.5195
v  0.2715 -0.1186 1.5263
v  0.4689 -0.1186 1.5263
v  0.4689 -0.1032 1.5195
v  -1.7507 0.2445 1.2692
v  -1.9163 0.2445 1.2692
v  -1.7507 -0.4041 1.2692
v  -1.9345 -0.4041 1.2692
v  -1.5668 0.2445 1.2692
v  -1.5668 -0.4041 1.2692
v  -0.1487 0.3875 1.5388
v  -0.0962 0.2878 1.5388
v  -0.1170 0.3919 1.5388
v  -0.0962 0.3808 1.5388
v  -0.4949 -0.4041 1.5388
v  -0.4949 -0.1649 1.5388
v  -0.5295 -0.4041 1.5388
v  -0.5295 -0.1649 1.5388
v  -0.4696 -0.2952 1.5195
v  -0.3719 -0.2952 1.5195
v  -0.4696 -0.1649 1.5195
v  -0.3719 -0.1649 1.5195
v  -0.2800 -0.1649 1.5195
v  -0.2800 -0.2952 1.5195
v  -0.1881 -0.2952 1.5195
v  -0.1881 -0.1649 1.5195
v  -0.1094 -0.1649 1.5388
v  -0.1487 -0.1649 1.5388
v  -0.1094 -0.4041 1.5388
v  -0.1487 -0.4041 1.5388
v  -1.1992 -0.1341 1.5297
v  -1.3830 -0.1341 1.5297
v  -1.1992 -0.1526 1.5252
v  -1.3830 -0.1526 1.5252
v  -1.1073 -0.1526 1.5252
v  -1.1073 -0.1341 1.5297
v  -1.0153 -0.1341 1.5297
v  -1.0153 -0.1526 1.5252
v  -0.9234 -0.1526 1.5252
v  -0.9234 -0.1341 1.5297
v  -0.8315 -0.1341 1.5297
v  -0.8315 -0.1526 1.5252
v  -0.7396 -0.1526 1.5252
v  -0.7396 -0.1341 1.5297
v  -0.6477 -0.1341 1.5297
v  -0.6477 -0.1526 1.5252
v  -0.5295 -0.1526 1.5252
v  -0.5295 -0.1341 1.5297
v  -0.1095 -0.1526 1.5252
v  -0.0043 -0.1526 1.5252
v  -0.1095 -0.1341 1.5297
v  -0.0043 -0.1341 1.5297
v  0.0877 -0.1341 1.5297
v  0.0877 -0.1526 1.5252
v  0.1988 -0.1526 1.5252
v  0.1989 -0.1341 1.5297
v  0.2715 -0.1341 1.5297
v  0.2715 -0.1526 1.5252
v  0.4689 -0.1526 1.5252
v  0.4689 -0.1341 1.5297
v  0.4689 -0.1341 1.5455
v  0.4689 -0.1526 1.5455
v  0.5351 -0.1341 1.5455
v  0.5356 -0.1526 1.5455
v  0.6190 -0.1341 1.5455
v  0.6196 -0.1526 1.5455
v  0.6190 -0.1341 1.5297
v  0.6196 -0.1526 1.5252
v  0.7031 -0.1341 1.5297
v  0.7036 -0.1526 1.5252
v  0.7938 -0.1341 1.5297
v  0.7913 -0.1526 1.5252
v  -1.4820 -0.1341 1.5297
v  -1.4797 -0.1526 1.5252
v  -1.4749 -0.1032 1.5195
v  -1.4797 -0.1186 1.5263
v  -1.4749 -0.1649 1.5195
v  -1.3830 -0.1649 1.5195
v  -1.1992 -0.1649 1.5195
v  -1.1073 -0.1649 1.5195
v  -1.0153 -0.1649 1.5195
v  -0.9234 -0.1649 1.5195
v  -0.8315 -0.1649 1.5195
v  -0.7396 -0.1649 1.5195
v  -0.6477 -0.1649 1.5195
v  -0.5295 -0.1649 1.5195
v  -0.1094 -0.1649 1.5195
v  -0.0043 -0.1649 1.5195
v  0.0877 -0.1649 1.5195
v  0.1987 -0.1649 1.5195
v  0.2715 -0.1649 1.5195
v  0.4683 -0.1649 1.5195
v  0.5356 -0.1526 1.5252
v  0.5360 -0.1649 1.5195
v  0.6199 -0.1649 1.5195
v  0.7039 -0.1649 1.5195
v  0.7877 -0.1649 1.5195
v  -0.0679 0.3656 1.5388
v  -0.5295 0.3897 1.5388
v  -0.5648 0.3755 1.5388
v  -0.5208 0.2247 1.5388
v  -0.4704 0.3383 1.5388
v  -0.4949 0.2007 1.5388
v  -0.4704 0.2619 1.5388
v  -0.3719 0.3329 1.5388
v  -0.4704 0.3056 1.5388
v  -0.3719 0.3755 1.5388
v  -0.2800 0.3766 1.5388
v  -0.2800 0.3307 1.5388
v  -0.1881 0.2794 1.5388
v  -0.1881 0.3372 1.5388
v  -0.4949 -0.1649 1.5195
v  -0.4949 -0.2952 1.5195
v  -0.4696 0.2619 1.5195
v  -0.4949 0.2007 1.5195
v  -0.4696 -0.1032 1.5195
v  -0.4949 -0.1032 1.5195
v  -0.3719 -0.1032 1.5195
v  -0.3719 0.3329 1.5195
v  -0.2800 0.3307 1.5195
v  -0.2800 -0.1032 1.5195
v  -0.1881 -0.1032 1.5195
v  -0.1881 0.2794 1.5195
v  -0.1487 -0.1032 1.5195
v  -0.1502 0.2073 1.5195
v  -0.1487 -0.2952 1.5195
v  -0.1487 -0.1649 1.5195
v  -0.1094 -0.1032 1.5388
v  -0.1487 -0.1032 1.5388
v  -0.4949 -0.1032 1.5388
v  -0.5295 -0.1032 1.5388
v  -0.0962 0.3808 1.5195
v  -0.1170 0.3919 1.5195
v  -0.1487 0.3875 1.5195
v  -0.1881 0.3372 1.5195
v  -0.1502 0.2073 1.5388
v  -0.1203 0.2215 1.5195
v  -0.1203 0.2215 1.5388
v  -0.0962 0.2302 1.5195
v  -0.0962 0.2302 1.5388
v  -0.5295 -0.4041 1.5195
v  -0.1094 -0.4041 1.5195
v  -0.0558 0.2379 1.5195
v  -0.0558 0.2379 1.5388
v  -0.0416 0.2783 1.5195
v  -0.0416 0.2783 1.5388
v  -0.0373 0.3285 1.5195
v  -0.0373 0.3285 1.5388
v  -0.0679 0.3656 1.5195
v  -0.5295 0.3897 1.5195
v  -0.5641 0.3758 1.5195
v  -0.6031 0.3383 1.5195
v  -0.6031 0.3383 1.5388
v  -0.6063 0.2772 1.5195
v  -0.6063 0.2772 1.5388
v  -0.5899 0.2411 1.5195
v  -0.5899 0.2411 1.5388
v  -0.5208 0.2247 1.5195
v  -0.4704 0.3383 1.5195
v  -0.4895 0.3820 1.5195
v  -0.4895 0.3820 1.5388
v  -0.5294 -0.0986 1.5195
v  -0.5295 -0.1032 1.5246
v  -0.3719 0.3755 1.5195
v  -0.2800 0.3766 1.5195
v  0.5185 1.0645 -1.4163
v  0.4412 1.0754 -1.4163
v  0.5855 1.5308 -1.4219
v  0.5120 1.5722 -1.4217
v  0.4412 1.0773 -1.3263
v  0.5121 1.5720 -1.3355
v  0.5185 1.0661 -1.3263
v  0.5856 1.5306 -1.3355
v  0.5185 1.0680 0.9819
v  0.5710 1.5342 0.9828
v  0.4412 1.0758 0.9819
v  0.4860 1.5861 0.9830
v  0.5185 1.0679 0.8911
v  0.5711 1.5343 0.8904
v  0.4412 1.0766 0.8911
v  0.4858 1.5863 0.8904
v  -1.4797 -0.1526 1.3076
v  -1.4707 -0.1649 1.3076
v  -1.4797 -0.1186 1.3076
v  -1.4820 -0.1341 1.3076
v  -1.4770 -0.1032 1.3076
v  0.7457 -0.1192 1.0355
v  0.7854 -0.1006 1.5156
v  0.7415 -0.1012 1.0355
v  0.7461 -0.1532 1.0355
v  0.7489 -0.1346 1.0355
v  0.7423 -0.1655 1.0355
v  -0.0774 -0.4041 -1.8152
v  -0.0723 -0.1720 -1.8152
v  -0.0043 -0.4041 -1.8152
v  -0.0044 -0.1720 -1.8152
v  0.7275 -0.1051 -1.5125
v  0.7337 -0.1212 -1.5125
v  0.7240 -0.1051 -1.8305
v  0.7305 -0.1211 -1.8375
v  0.5906 -0.1212 -1.8375
v  0.5904 -0.1051 -1.8305
v  -0.1113 -0.1220 -1.8375
v  -0.1881 -0.1222 -1.8375
v  -0.1113 -0.1051 -1.8305
v  -0.1881 -0.1051 -1.8305
v  -0.2800 -0.1224 -1.8375
v  -0.2800 -0.1051 -1.8305
v  -1.1992 -0.1240 -1.8375
v  -1.3830 -0.1243 -1.8375
v  -1.1992 -0.1051 -1.8305
v  -1.3830 -0.1051 -1.8305
v  -1.4622 -0.1244 -1.8375
v  -1.4535 -0.1051 -1.8305
v  -1.4501 -0.1051 -1.4160
v  -1.4592 -0.1245 -1.4160
v  0.7346 -0.1371 -1.8421
v  0.7376 -0.1372 -1.5125
v  0.7283 -0.1531 -1.8375
v  0.7310 -0.1533 -1.5125
v  0.5905 -0.1535 -1.8375
v  0.5907 -0.1374 -1.8421
v  -0.1881 -0.1564 -1.8375
v  -0.1881 -0.1393 -1.8421
v  -0.1113 -0.1559 -1.8375
v  -0.1113 -0.1390 -1.8421
v  -0.2800 -0.1569 -1.8375
v  -0.2800 -0.1396 -1.8421
v  -1.3830 -0.1627 -1.8375
v  -1.3830 -0.1435 -1.8421
v  -1.1992 -0.1618 -1.8375
v  -1.1992 -0.1429 -1.8421
v  -1.4599 -0.1631 -1.8375
v  -1.4668 -0.1438 -1.8421
v  -1.4642 -0.1439 -1.4160
v  -1.4576 -0.1633 -1.4160
v  0.7196 -0.1691 -1.8305
v  0.7220 -0.1693 -1.5125
v  0.5902 -0.1696 -1.8305
v  -0.1881 -0.1735 -1.8305
v  -0.1113 -0.1729 -1.8305
v  -0.2800 -0.1742 -1.8305
v  -1.3830 -0.1819 -1.8305
v  -1.1992 -0.1806 -1.8305
v  -1.4489 -0.1824 -1.8305
v  -1.4469 -0.1828 -1.4160
v  -0.0048 -0.1048 -1.8152
v  -0.0722 -0.1043 -1.8187
v  -0.2800 -0.2898 -1.8305
v  -0.2800 -0.1742 -1.8463
v  -0.2800 -0.2898 -1.8463
v  -1.1992 -0.2898 -1.8305
v  -1.1992 -0.2898 -1.8463
v  -1.1992 -0.1806 -1.8463
v  -0.2800 -0.1051 -1.8463
v  -1.1992 -0.1051 -1.8463
v  -0.3719 0.2638 -1.8305
v  -0.2800 0.1231 -1.8305
v  -0.3719 0.2638 -1.8463
v  -0.2800 0.1231 -1.8463
v  -0.4638 0.3464 -1.8305
v  -0.4638 0.3464 -1.8463
v  -0.5558 0.3953 -1.8305
v  -0.5558 0.3953 -1.8463
v  -0.6477 0.4121 -1.8305
v  -0.6477 0.4121 -1.8463
v  -0.7396 0.4162 -1.8463
v  -0.8315 0.4100 -1.8305
v  -0.7395 0.4162 -1.8305
v  -0.8315 0.4100 -1.8463
v  -0.7396 0.4162 -1.8354
v  -0.9234 0.3831 -1.8305
v  -0.9234 0.3831 -1.8463
v  -1.0085 0.3357 -1.8305
v  -1.0085 0.3357 -1.8463
v  -1.1073 0.2378 -1.8305
v  -1.1073 0.2378 -1.8463
v  -1.1992 0.0726 -1.8305
v  -1.1992 0.0726 -1.8463
v  -0.3719 -0.2898 -1.8463
v  -0.3194 -0.2504 -1.8463
v  -0.3719 -0.2504 -1.8463
v  -0.3194 -0.1742 -1.8463
v  -0.4638 -0.2898 -1.8463
v  -0.4638 -0.2504 -1.8463
v  -0.5558 -0.2898 -1.8463
v  -0.5558 -0.2504 -1.8463
v  -0.6477 -0.2898 -1.8463
v  -0.6477 -0.2504 -1.8463
v  -0.7396 -0.2898 -1.8463
v  -0.7396 -0.2504 -1.8463
v  -0.8315 -0.2898 -1.8463
v  -0.8315 -0.2504 -1.8463
v  -0.9234 -0.2898 -1.8463
v  -0.9234 -0.2504 -1.8463
v  -1.0143 -0.2898 -1.8463
v  -1.0143 -0.2504 -1.8463
v  -1.1073 -0.2898 -1.8463
v  -1.1073 -0.2504 -1.8463
v  -1.1598 -0.2504 -1.8463
v  -1.1598 -0.1806 -1.8463
v  -0.3194 -0.1051 -1.8463
v  -1.1598 -0.1051 -1.8463
v  -0.3194 0.1114 -1.8463
v  -0.4021 0.2380 -1.8463
v  -0.4866 0.3139 -1.8463
v  -0.5689 0.3577 -1.8463
v  -0.6521 0.3729 -1.8463
v  -0.7391 0.3768 -1.8463
v  -0.8246 0.3710 -1.8463
v  -0.9081 0.3465 -1.8463
v  -0.9846 0.3039 -1.8463
v  -1.0756 0.2138 -1.8463
v  -1.1598 0.0624 -1.8463
v  -0.3194 -0.2504 -1.8280
v  -0.3719 -0.2504 -1.8280
v  -0.3194 -0.1742 -1.8280
v  -0.4638 -0.2504 -1.8280
v  -0.5558 -0.2504 -1.8280
v  -0.6477 -0.2504 -1.8280
v  -0.7396 -0.2504 -1.8280
v  -0.8315 -0.2504 -1.8280
v  -0.9234 -0.2504 -1.8280
v  -1.0143 -0.2504 -1.8280
v  -1.1073 -0.2504 -1.8280
v  -1.1598 -0.2504 -1.8280
v  -1.1598 -0.1806 -1.8280
v  -0.3194 -0.1051 -1.8280
v  -1.1598 -0.1051 -1.8280
v  -0.4021 0.2380 -1.8280
v  -0.3194 0.1114 -1.8280
v  -0.4866 0.3139 -1.8280
v  -0.5689 0.3577 -1.8280
v  -0.6521 0.3729 -1.8280
v  -0.7391 0.3768 -1.8280
v  -0.8246 0.3710 -1.8280
v  -0.9081 0.3465 -1.8280
v  -0.9846 0.3039 -1.8280
v  -1.0756 0.2138 -1.8280
v  -1.1598 0.0624 -1.8280
v  0.2769 -0.1054 -1.8146
v  0.1993 -0.1053 -1.8152
v  0.2773 0.1828 -1.8142
v  0.2436 0.2562 -1.8086
v  0.1493 0.3073 -1.8105
v  0.0874 -0.1051 -1.8152
v  0.0878 0.3158 -1.8151
v  0.0329 0.3061 -1.8203
v  -0.0202 0.2867 -1.8271
v  -0.0456 0.2601 -1.8246
v  0.0877 -0.1716 -1.8152
v  0.0877 -0.4041 -1.8152
v  0.2124 0.2828 -1.8041
v  0.1989 -0.1708 -1.8152
v  0.1980 -0.4041 -1.8152
v  0.2765 -0.1704 -1.8152
v  0.2778 -0.4041 -1.8152
v  -0.0717 0.2198 -1.8220
v  -0.1089 -0.4041 -1.8305
v  -0.1089 -0.4041 -1.8424
v  -0.1113 -0.1729 -1.8424
v  -0.1124 -0.1051 -1.8423
v  0.2743 0.2808 -1.8250
v  0.3160 0.1919 -1.8305
v  0.2735 0.2810 -1.8369
v  0.3156 0.1921 -1.8424
v  0.3160 -0.1051 -1.8305
v  0.3158 -0.1050 -1.8424
v  0.1601 0.3458 -1.8250
v  0.1608 0.3459 -1.8369
v  0.0877 0.3556 -1.8305
v  0.0884 0.3555 -1.8424
v  0.0241 0.3440 -1.8369
v  0.0250 0.3438 -1.8487
v  -0.0395 0.3206 -1.8433
v  -0.0391 0.3204 -1.8551
v  -0.0750 0.2857 -1.8369
v  -0.0763 0.2856 -1.8487
v  0.2326 0.3173 -1.8196
v  0.2322 0.3176 -1.8315
v  0.3160 -0.1703 -1.8305
v  0.3160 -0.1703 -1.8424
v  0.3160 -0.4041 -1.8305
v  0.3160 -0.4041 -1.8424
v  -0.1106 0.2317 -1.8305
v  -0.1127 0.2317 -1.8422
v  -0.0774 -0.4041 -1.8424
v  -0.0719 -0.1723 -1.8424
v  -0.0730 -0.1048 -1.8458
v  0.2763 0.1832 -1.8414
v  0.2414 0.2568 -1.8356
v  0.2764 -0.1051 -1.8418
v  0.0893 0.3157 -1.8422
v  0.1508 0.3075 -1.8376
v  -0.0181 0.2861 -1.8542
v  0.0353 0.3057 -1.8473
v  -0.0465 0.2596 -1.8518
v  0.2114 0.2835 -1.8311
v  0.2766 -0.1703 -1.8424
v  0.2778 -0.4041 -1.8424
v  -0.0740 0.2195 -1.8491
v  0.3160 -0.1540 -1.8375
v  0.3160 -0.1377 -1.8421
v  0.3160 -0.1214 -1.8375
v  0.5342 -0.1032 1.5195
v  -1.3566 2.9141 0.5711
v  -1.3453 2.7740 0.5657
v  -1.3620 2.7740 0.5448
v  -1.3698 2.9141 0.5546
v  -1.3860 2.7740 0.5332
v  -1.3888 2.9141 0.5455
v  -1.4128 2.7740 0.5332
v  -1.4100 2.9141 0.5455
v  -1.4369 2.7740 0.5448
v  -1.4290 2.9141 0.5546
v  -1.4535 2.7740 0.5657
v  -1.4422 2.9141 0.5711
v  -1.4595 2.7740 0.5917
v  -1.4469 2.9141 0.5917
v  -1.4535 2.7740 0.6178
v  -1.4422 2.9141 0.6123
v  -1.4369 2.7740 0.6387
v  -1.4290 2.9141 0.6289
v  -1.4128 2.7740 0.6503
v  -1.4100 2.9141 0.6380
v  -1.3860 2.7740 0.6503
v  -1.3888 2.9141 0.6380
v  -1.3620 2.7740 0.6387
v  -1.3698 2.9141 0.6289
v  -1.3453 2.7740 0.6178
v  -1.3566 2.9141 0.6123
v  -1.3394 2.7740 0.5917
v  -1.3519 2.9141 0.5917
v  -1.3641 3.0206 0.5747
v  -1.3750 3.0206 0.5611
v  -1.3994 3.0206 0.5917
v  -1.3907 3.0206 0.5535
v  -1.4081 3.0206 0.5535
v  -1.4239 3.0206 0.5611
v  -1.4347 3.0206 0.5747
v  -1.4386 3.0206 0.5917
v  -1.4347 3.0206 0.6088
v  -1.4239 3.0206 0.6224
v  -1.4081 3.0206 0.6300
v  -1.3907 3.0206 0.6300
v  -1.3750 3.0206 0.6224
v  -1.3641 3.0206 0.6088
v  -1.3602 3.0206 0.5917
v  -1.3485 2.9264 0.5672
v  -1.3642 2.9264 0.5476
v  -1.3868 2.9264 0.5366
v  -1.4120 2.9264 0.5366
v  -1.4347 2.9264 0.5476
v  -1.4503 2.9264 0.5672
v  -1.4559 2.9264 0.5917
v  -1.4503 2.9264 0.6163
v  -1.4347 2.9264 0.6359
v  -1.4120 2.9264 0.6469
v  -1.3868 2.9264 0.6469
v  -1.3642 2.9264 0.6359
v  -1.3485 2.9264 0.6163
v  -1.3429 2.9264 0.5917
v  -1.1796 2.9141 0.4247
v  -1.1683 2.7740 0.4193
v  -1.1850 2.7740 0.3984
v  -1.1928 2.9141 0.4082
v  -1.2091 2.7740 0.3868
v  -1.2119 2.9141 0.3991
v  -1.2358 2.7740 0.3868
v  -1.2330 2.9141 0.3991
v  -1.2599 2.7740 0.3984
v  -1.2520 2.9141 0.4082
v  -1.2765 2.7740 0.4193
v  -1.2652 2.9141 0.4247
v  -1.2825 2.7740 0.4453
v  -1.2699 2.9141 0.4453
v  -1.2765 2.7740 0.4714
v  -1.2652 2.9141 0.4659
v  -1.2599 2.7740 0.4923
v  -1.2520 2.9141 0.4825
v  -1.2358 2.7740 0.5039
v  -1.2330 2.9141 0.4916
v  -1.2091 2.7740 0.5039
v  -1.2119 2.9141 0.4916
v  -1.1850 2.7740 0.4923
v  -1.1928 2.9141 0.4825
v  -1.1683 2.7740 0.4714
v  -1.1796 2.9141 0.4659
v  -1.1624 2.7740 0.4453
v  -1.1749 2.9141 0.4453
v  -1.1871 3.0206 0.4283
v  -1.1980 3.0206 0.4147
v  -1.2224 3.0206 0.4453
v  -1.2137 3.0206 0.4071
v  -1.2311 3.0206 0.4071
v  -1.2469 3.0206 0.4147
v  -1.2577 3.0206 0.4283
v  -1.2616 3.0206 0.4453
v  -1.2577 3.0206 0.4624
v  -1.2469 3.0206 0.4760
v  -1.2311 3.0206 0.4836
v  -1.2137 3.0206 0.4836
v  -1.1980 3.0206 0.4760
v  -1.1871 3.0206 0.4624
v  -1.1832 3.0206 0.4453
v  -1.1715 2.9264 0.4208
v  -1.1872 2.9264 0.4011
v  -1.2098 2.9264 0.3902
v  -1.2350 2.9264 0.3902
v  -1.2577 2.9264 0.4011
v  -1.2733 2.9264 0.4208
v  -1.2789 2.9264 0.4453
v  -1.2733 2.9264 0.4699
v  -1.2577 2.9264 0.4895
v  -1.2350 2.9264 0.5004
v  -1.2098 2.9264 0.5004
v  -1.1872 2.9264 0.4895
v  -1.1715 2.9264 0.4699
v  -1.1659 2.9264 0.4453
v  -0.6447 0.8770 -2.0898
v  -0.6572 0.7647 -2.0898
v  -0.7034 0.7655 -2.0898
v  -0.7276 0.8781 -2.0898
v  -0.5820 0.8760 -2.0898
v  -0.6010 0.7640 -2.0898
v  -0.5558 0.8758 -2.0898
v  -0.5558 0.7634 -2.0898
v  -0.4818 0.8747 -2.0898
v  -0.5035 0.7627 -2.0898
v  -0.4638 0.8745 -2.0898
v  -0.4638 0.7621 -2.0898
v  -0.3898 0.8734 -2.0898
v  -0.4098 0.7614 -2.0898
v  -0.3719 0.8732 -2.0898
v  -0.3719 0.7609 -2.0898
v  -0.2554 0.8721 -2.0898
v  -0.2731 0.7601 -2.0898
v  -0.2317 0.8719 -2.0898
v  -0.2317 0.7596 -2.0898
v  -0.1902 0.8707 -2.0898
v  -0.1923 0.7584 -2.0898
v  -0.7396 0.7660 -2.0898
v  -0.7396 0.8781 -2.0898
v  -0.6572 0.7500 -1.9964
v  -0.6572 0.7239 -1.8305
v  -0.7034 0.7247 -1.8305
v  -0.7034 0.7508 -1.9964
v  -0.7276 0.8781 -1.9964
v  -0.7276 0.8781 -1.8305
v  -0.6447 0.8770 -1.8305
v  -0.6447 0.8770 -1.9964
v  -0.5820 0.8760 -1.8305
v  -0.5820 0.8760 -1.9964
v  -0.6010 0.7493 -1.9964
v  -0.6010 0.7231 -1.8305
v  -0.5558 0.7487 -1.9964
v  -0.5558 0.7226 -1.8305
v  -0.5558 0.8758 -1.8305
v  -0.5558 0.8758 -1.9964
v  -0.4818 0.8747 -1.8305
v  -0.4818 0.8747 -1.9964
v  -0.5035 0.7480 -1.9964
v  -0.5035 0.7219 -1.8305
v  -0.4638 0.7474 -1.9964
v  -0.4638 0.7213 -1.8305
v  -0.4638 0.8745 -1.8305
v  -0.4638 0.8745 -1.9964
v  -0.3898 0.8734 -1.8305
v  -0.3898 0.8734 -1.9964
v  -0.4098 0.7467 -1.9964
v  -0.4098 0.7206 -1.8305
v  -0.3719 0.7462 -1.9964
v  -0.3719 0.7200 -1.8305
v  -0.3719 0.8732 -1.8305
v  -0.3719 0.8732 -1.9964
v  -0.2554 0.8721 -1.8305
v  -0.2554 0.8721 -1.9964
v  -0.2731 0.7454 -1.9964
v  -0.2731 0.7192 -1.8305
v  -0.2317 0.7449 -1.9964
v  -0.2317 0.7188 -1.8305
v  -0.2317 0.8719 -1.8305
v  -0.2317 0.8719 -1.9964
v  -0.1923 0.7437 -1.9964
v  -0.1923 0.7175 -1.8305
v  -0.1902 0.8707 -1.8305
v  -0.1902 0.8707 -1.9964
v  -0.7396 0.7252 -1.8305
v  -0.7396 0.7513 -1.9964
v  -0.7396 0.8781 -1.8305
v  -0.7396 0.8781 -1.9964
v  -0.6572 0.7565 -2.0379
v  -0.7034 0.7573 -2.0379
v  -0.6010 0.7558 -2.0379
v  -0.5558 0.7553 -2.0379
v  -0.5035 0.7545 -2.0379
v  -0.4638 0.7540 -2.0379
v  -0.4098 0.7532 -2.0379
v  -0.3719 0.7527 -2.0379
v  -0.2731 0.7519 -2.0379
v  -0.2317 0.7514 -2.0379
v  -0.1923 0.7502 -2.0379
v  -0.1902 0.8707 -2.0379
v  -0.2317 0.8719 -2.0379
v  -0.2554 0.8721 -2.0379
v  -0.3719 0.8732 -2.0379
v  -0.3898 0.8734 -2.0379
v  -0.4638 0.8745 -2.0379
v  -0.4818 0.8747 -2.0379
v  -0.5558 0.8758 -2.0379
v  -0.5820 0.8760 -2.0379
v  -0.6447 0.8770 -2.0379
v  -0.7276 0.8781 -2.0379
v  -0.7396 0.8781 -2.0379
v  -0.7396 0.7578 -2.0379
v  -0.6641 0.6036 -1.8305
v  -0.7090 0.6036 -1.8305
v  -0.7090 0.5572 -1.8305
v  -0.6641 0.5572 -1.8305
v  -0.2359 0.6036 -1.8305
v  -0.2757 0.6036 -1.8305
v  -0.2757 0.5572 -1.8305
v  -0.2359 0.5572 -1.8305
v  0.7294 -0.1574 -1.5106
v  0.7294 -0.1735 -1.5102
v  0.7294 -0.1413 -1.5111
v  0.7294 -0.1250 -1.5116
v  -0.3719 -0.2898 -1.8305
v  -0.4638 -0.2898 -1.8305
v  -0.5558 -0.2898 -1.8305
v  -0.6477 -0.2898 -1.8305
v  -0.7396 -0.2898 -1.8305
v  -0.8315 -0.2898 -1.8305
v  -0.9234 -0.2898 -1.8305
v  -1.0143 -0.2898 -1.8305
v  -1.1073 -0.2898 -1.8305
# 989 vertices

vn 0.6225 -0.0076 -0.7826
vn 0.6235 -0.0085 -0.7818
vn 0.9006 -0.0107 -0.4345
vn 0.9008 -0.0116 -0.4342
vn 0.2386 -0.0026 -0.9711
vn 0.2230 -0.0036 -0.9748
vn 0.0267 0.0005 -0.9996
vn -0.2209 0.0019 -0.9753
vn -0.6268 0.0070 -0.7791
vn -0.6223 0.0064 -0.7827
vn -0.4365 0.0051 -0.8997
vn -0.9013 0.0103 -0.4332
vn -0.9004 0.0098 -0.4350
vn -0.9999 0.0116 0.0001
vn -0.9999 0.0121 -0.0004
vn -0.9012 0.0107 0.4333
vn -0.9007 0.0127 0.4342
vn -0.6244 0.0076 0.7810
vn -0.6226 0.0113 0.7824
vn -0.2241 0.0030 0.9746
vn -0.2213 0.0075 0.9752
vn 0.2209 -0.0022 0.9753
vn 0.2235 0.0022 0.9747
vn 0.6224 -0.0069 0.7826
vn 0.6241 -0.0038 0.7813
vn 0.9006 -0.0103 0.4345
vn 0.9012 -0.0089 0.4333
vn 0.9999 -0.0116 0.0001
vn 0.9999 -0.0118 -0.0006
vn 0.0000 -0.0000 1.0000
vn -0.0000 -0.0000 1.0000
vn 0.0000 0.0000 1.0000
vn 0.9979 0.0591 -0.0266
vn 0.8735 0.2696 -0.4055
vn 0.9989 0.0459 0.0029
vn 0.8857 0.4155 -0.2072
vn 0.9111 -0.1386 0.3882
vn 0.9161 -0.3350 0.2203
vn 0.6248 -0.2693 0.7329
vn 0.6457 -0.6509 0.3992
vn 0.2226 -0.3318 0.9167
vn 0.2364 -0.8360 0.4952
vn -0.2345 -0.3655 0.9008
vn -0.2345 -0.8452 0.4802
vn -0.6447 -0.3427 0.6833
vn -0.6458 -0.6732 0.3603
vn -0.9231 -0.2154 0.3186
vn -0.9184 -0.3585 0.1674
vn -0.9961 -0.0058 -0.0878
vn -0.9987 0.0220 -0.0466
vn -0.8682 0.2202 -0.4447
vn -0.8845 0.3969 -0.2452
vn -0.5862 0.4063 -0.7009
vn -0.6047 0.6914 -0.3954
vn -0.2079 0.5161 -0.8309
vn -0.2154 0.8542 -0.4732
vn 0.2043 0.5267 -0.8251
vn 0.2143 0.8580 -0.4668
vn 0.5870 0.4374 -0.6813
vn 0.6070 0.7017 -0.3729
vn 0.9993 0.0201 -0.0309
vn 0.8866 0.0806 -0.4554
vn 0.9115 -0.0192 0.4109
vn 0.6348 -0.0313 0.7720
vn 0.2316 -0.0335 0.9722
vn -0.2213 -0.0424 0.9743
vn -0.6315 -0.0537 0.7735
vn -0.9127 -0.0492 0.4057
vn -0.9991 -0.0092 -0.0406
vn -0.8834 0.0578 -0.4649
vn -0.6005 0.1268 -0.7895
vn -0.2091 0.1730 -0.9625
vn 0.6061 0.1407 -0.7828
vn 0.2159 0.1774 -0.9602
vn 0.8783 0.4776 -0.0218
vn 0.9991 0.0404 0.0090
vn 0.9092 -0.4151 0.0319
vn 0.6259 -0.7787 0.0420
vn 0.2217 -0.9742 0.0416
vn -0.2226 -0.9742 0.0368
vn -0.6251 -0.7800 0.0287
vn -0.9071 -0.4208 0.0127
vn -0.9993 0.0348 -0.0115
vn -0.8799 0.4735 -0.0390
vn -0.5926 0.8031 -0.0619
vn -0.2078 0.9755 -0.0729
vn 0.2078 0.9757 -0.0694
vn 0.5910 0.8051 -0.0511
vn 0.8989 0.4380 0.0058
vn 1.0000 0.0025 0.0053
vn 0.9009 -0.4341 -0.0023
vn 0.6219 -0.7829 -0.0134
vn 0.2209 -0.9751 -0.0218
vn -0.2226 -0.9746 -0.0247
vn -0.6230 -0.7819 -0.0213
vn -0.9010 -0.4335 -0.0135
vn -1.0000 0.0024 -0.0068
vn -0.8993 0.4373 -0.0047
vn -0.6206 0.7841 -0.0064
vn -0.2208 0.9753 -0.0083
vn 0.2192 0.9757 -0.0058
vn 0.6196 0.7849 0.0006
vn 0.2210 -0.0030 -0.9753
vn -0.2241 0.0022 -0.9746
vn -0.2210 0.0017 -0.9753
vn -0.6245 0.0069 -0.7810
vn -0.6222 0.0062 -0.7828
vn 0.9012 -0.0090 0.4333
vn 0.9111 -0.1385 0.3882
vn 0.8989 0.4381 0.0058
vn -0.6229 -0.7820 -0.0213
vn -0.9011 -0.4334 -0.0135
vn 0.2193 0.9756 -0.0058
vn 0.6195 0.7850 0.0006
vn 0.0000 0.0274 0.9996
vn 0.0000 0.0151 0.9999
vn -0.0000 0.3130 0.9498
vn 0.0000 0.3122 0.9500
vn 0.0000 0.3129 0.9498
vn 0.0000 0.0118 0.9999
vn 0.0000 0.0124 0.9999
vn -0.0000 0.3129 0.9498
vn -0.0000 0.4227 0.9063
vn -0.0000 0.2120 0.9773
vn -0.0000 0.2001 0.9798
vn -0.0000 0.0115 0.9999
vn 0.0000 0.3120 0.9501
vn 0.0000 0.0120 0.9999
vn -0.0000 0.2972 0.9548
vn 0.0000 0.0154 0.9999
vn -0.0000 0.3145 0.9492
vn 0.0000 0.4227 0.9063
vn 0.0000 0.2004 0.9797
vn -0.3688 -0.8457 0.3857
vn -0.3697 -0.8453 0.3857
vn -0.5400 -0.7484 0.3851
vn -0.5417 -0.7472 0.3851
vn -0.3627 0.8488 0.3847
vn -0.5246 0.7601 0.3834
vn -0.3635 0.8484 0.3847
vn -0.5251 0.7597 0.3834
vn 0.2923 -0.8741 0.3879
vn 0.2916 -0.8744 0.3879
vn 0.1293 -0.9132 0.3864
vn 0.1287 -0.9133 0.3864
vn 0.3014 0.8720 0.3857
vn 0.1479 0.9119 0.3829
vn 0.3009 0.8722 0.3857
vn 0.1480 0.9119 0.3829
vn 0.6705 -0.6314 0.3896
vn 0.6732 -0.6286 0.3895
vn 0.4550 -0.8012 0.3886
vn 0.4545 -0.8015 0.3886
vn 0.4979 0.7774 0.3844
vn 0.4991 0.7766 0.3844
vn 0.6800 0.6258 0.3821
vn 0.6820 0.6236 0.3820
vn -0.1834 -0.9030 0.3886
vn -0.0011 -0.9225 0.3859
vn -0.1835 -0.9030 0.3886
vn -0.0006 -0.9225 0.3859
vn -0.0005 0.9225 0.3859
vn -0.1931 0.9024 0.3852
vn 0.0006 0.9225 0.3859
vn -0.1936 0.9023 0.3852
vn -0.7193 -0.5807 0.3813
vn -0.7213 -0.5783 0.3812
vn -0.8360 -0.3957 0.3802
vn -0.8357 -0.3964 0.3802
vn -0.7060 0.5955 0.3833
vn -0.8465 0.3711 0.3817
vn -0.7074 0.5939 0.3832
vn -0.8472 0.3695 0.3817
vn 0.8078 0.4509 0.3796
vn 0.8079 0.4508 0.3796
vn 0.8098 -0.4444 0.3830
vn 0.8112 -0.4419 0.3831
vn 0.8870 -0.2701 0.3744
vn 0.8891 -0.2628 0.3749
vn 0.9207 -0.0929 0.3790
vn 0.9249 0.0526 0.3766
vn 0.9203 -0.0911 0.3804
vn 0.8924 0.2419 0.3809
vn 0.8925 0.2417 0.3809
vn -0.9113 0.1647 0.3774
vn -0.9111 0.1654 0.3774
vn -0.9255 0.0386 0.3767
vn -0.9078 -0.1743 0.3814
vn -0.9078 -0.1746 0.3814
vn -0.0000 0.0000 1.0000
vn 0.3937 0.9028 0.1728
vn 0.3941 0.9027 0.1728
vn 0.5764 0.7988 0.1725
vn 0.5772 0.7982 0.1725
vn 0.3869 -0.9059 0.1723
vn 0.5602 -0.8104 0.1716
vn 0.3873 -0.9057 0.1723
vn 0.5605 -0.8102 0.1716
vn -0.3125 0.9338 0.1739
vn -0.3122 0.9340 0.1739
vn -0.1379 0.9752 0.1731
vn -0.1376 0.9752 0.1731
vn -0.3216 -0.9310 0.1728
vn -0.1578 -0.9725 0.1714
vn -0.3214 -0.9310 0.1728
vn -0.1581 -0.9724 0.1714
vn -0.7176 0.6741 0.1748
vn -0.7189 0.6728 0.1747
vn -0.4865 0.8561 0.1743
vn -0.4862 0.8563 0.1743
vn -0.5312 -0.8296 0.1720
vn -0.5318 -0.8292 0.1721
vn -0.7252 -0.6670 0.1710
vn -0.7262 -0.6659 0.1709
vn 0.1960 0.9650 0.1743
vn 0.0011 0.9849 0.1729
vn 0.1961 0.9650 0.1743
vn 0.0008 0.9849 0.1729
vn 0.0003 -0.9849 0.1729
vn 0.2059 -0.9632 0.1725
vn -0.0003 -0.9849 0.1729
vn 0.2060 -0.9632 0.1725
vn 0.7669 0.6188 0.1703
vn 0.7678 0.6175 0.1705
vn 0.8906 0.4218 0.1700
vn 0.8904 0.4222 0.1700
vn 0.7541 -0.6340 0.1715
vn 0.9023 -0.3959 0.1707
vn 0.7548 -0.6331 0.1715
vn 0.9026 -0.3951 0.1707
vn -0.8557 -0.4832 0.1851
vn -0.8132 -0.5570 0.1690
vn -0.8618 0.4774 0.1714
vn -0.8623 0.4767 0.1711
vn -0.9442 0.2835 0.1677
vn -0.9444 0.2832 0.1669
vn -0.9806 0.0974 0.1701
vn -0.9842 -0.0559 0.1681
vn -0.9807 0.0969 0.1696
vn -0.9504 -0.2604 0.1703
vn -0.9497 -0.2591 0.1761
vn -0.9130 -0.3592 0.1936
vn 0.9699 -0.1758 0.1686
vn 0.1153 -0.0210 0.9931
vn 0.1083 -0.0045 0.9941
vn 0.9849 -0.0410 0.1682
vn 0.1202 0.0231 0.9925
vn 0.9677 0.1858 0.1706
vn 0.0000 0.3130 0.9498
vn 0.0000 0.0122 0.9999
vn -0.0010 0.0166 0.9999
vn -0.0000 0.0453 0.9990
vn -0.0000 0.3139 0.9495
vn 0.0000 0.3088 0.9511
vn 0.0000 0.3187 0.9479
vn -0.0000 0.3128 0.9498
vn -0.0004 0.0202 0.9998
vn 0.0000 0.0139 0.9999
vn 0.0000 0.0110 0.9999
vn 0.0000 0.3130 0.9497
vn 0.0000 0.0129 0.9999
vn -0.0000 0.0134 0.9999
vn 0.0000 -0.0299 0.9996
vn 0.0000 -0.3130 0.9498
vn -0.0000 -0.3122 0.9500
vn -0.0000 -0.0299 0.9996
vn 0.0000 -0.0300 0.9996
vn -0.0000 -0.3130 0.9498
vn 0.0000 -0.3129 0.9498
vn 0.0000 -0.0298 0.9996
vn -0.0000 -0.3129 0.9498
vn -0.0000 -0.0298 0.9996
vn 0.0000 -0.0300 0.9995
vn 0.0000 -0.3263 0.9453
vn -0.0000 -0.0258 0.9997
vn -0.0000 -0.3449 0.9386
vn 0.0000 -0.3120 0.9501
vn 0.0000 -0.0367 0.9993
vn 0.0000 -0.2998 0.9540
vn 0.0000 -0.0318 0.9995
vn 0.0000 -0.2977 0.9547
vn 0.0000 0.0100 0.9999
vn 0.0000 0.2987 0.9543
vn -0.0000 -0.0288 0.9996
vn 0.0000 -0.0229 0.9997
vn 0.0000 -0.0222 0.9998
vn -0.0000 -0.0230 0.9997
vn -0.0000 -0.4224 0.9064
vn 0.0000 -0.0231 0.9997
vn 0.0000 -0.0233 0.9997
vn -0.0000 -0.0279 0.9996
vn 0.4706 0.8824 -0.0000
vn 0.4706 0.8824 0.0000
vn -0.1366 0.9906 -0.0000
vn -0.1366 0.9906 0.0000
vn -0.7868 0.6172 -0.0000
vn -0.8849 -0.4657 -0.0000
vn -0.9947 -0.1025 -0.0000
vn -1.0000 -0.0040 -0.0000
vn 0.9996 0.0281 0.0000
vn 0.9994 0.0334 0.0000
vn 0.3408 -0.9401 -0.0000
vn 0.2464 -0.9692 0.0000
vn 0.3408 -0.9401 0.0000
vn 1.0000 0.0000 -0.0000
vn -1.0000 0.0000 -0.0000
vn 1.0000 -0.0000 0.0000
vn 0.1862 -0.9825 -0.0000
vn 0.9435 -0.3315 -0.0000
vn 0.9797 -0.2007 -0.0000
vn 0.9797 -0.2006 -0.0000
vn 0.9962 -0.0866 -0.0000
vn 0.7719 0.6357 0.0000
vn 0.6635 0.7482 0.0000
vn 0.6635 0.7482 -0.0000
vn -0.3733 0.9277 0.0000
vn -0.5119 0.8590 -0.0063
vn -0.5202 0.8540 -0.0053
vn -0.6959 0.7181 -0.0034
vn -0.6968 0.7173 0.0000
vn -0.9986 0.0535 0.0000
vn -0.9910 -0.1336 -0.0000
vn -0.9104 -0.4138 -0.0000
vn -0.2305 -0.9731 -0.0000
vn -0.2305 -0.9731 0.0000
vn 0.9165 0.4000 -0.0000
vn 0.1874 0.9823 0.0000
vn -0.9996 0.0267 0.0000
vn -0.9997 0.0225 0.0000
vn -0.9998 0.0216 0.0000
vn 0.9977 -0.0674 0.0012
vn 0.9977 -0.0671 -0.0000
vn 0.9236 -0.3816 0.0355
vn 0.9245 -0.3800 0.0291
vn 0.5878 -0.8090 -0.0000
vn 0.5875 -0.8093 0.0023
vn 0.5850 -0.8108 0.0202
vn 0.5847 -0.8110 0.0225
vn -0.1968 0.9804 -0.0000
vn -0.3529 0.9357 0.0000
vn -0.1969 0.9804 0.0000
vn 0.2036 0.9791 -0.0000
vn 0.2036 0.9791 0.0000
vn -0.0238 -0.9997 -0.0000
vn -0.2795 -0.9601 -0.0000
vn -0.4876 -0.8731 0.0000
vn 0.3933 0.9194 0.0000
vn -1.0000 0.0018 0.0000
vn -0.0017 -0.0118 -0.9999
vn -0.0078 -0.0098 -0.9999
vn -0.9899 0.1419 -0.0029
vn -0.9899 0.1417 -0.0018
vn -0.9900 0.1414 0.0004
vn -0.9900 0.1412 0.0015
vn 0.0028 0.0194 0.9998
vn 0.0046 0.0188 0.9998
vn 0.0078 0.0178 0.9998
vn 0.0096 0.0173 0.9998
vn 0.9897 -0.1428 0.0025
vn 0.9898 -0.1422 -0.0012
vn -0.0003 -0.0019 1.0000
vn -0.0001 -0.0020 1.0000
vn 0.0003 -0.0021 1.0000
vn 0.0005 -0.0021 1.0000
vn 0.9937 -0.1117 0.0001
vn 0.9937 -0.1119 0.0008
vn -0.0002 -0.0014 -1.0000
vn -0.0006 -0.0012 -1.0000
vn -0.9962 0.0874 0.0008
vn -0.9962 0.0874 0.0011
vn -0.9962 0.0874 0.0012
vn -0.9962 0.0873 0.0015
vn -0.9802 -0.1982 -0.0000
vn -0.9419 -0.3358 -0.0070
vn -0.9995 -0.0253 -0.0186
vn -0.9999 -0.0063 0.0132
vn -0.9863 0.1648 0.0045
vn -1.0000 0.0003 -0.0000
vn -0.9782 0.2076 -0.0000
vn -1.0000 0.0009 -0.0000
vn -1.0000 0.0070 -0.0045
vn -0.9999 0.0073 0.0094
vn 0.9730 0.2131 -0.0889
vn 0.9725 0.2150 -0.0891
vn 0.9751 0.2002 -0.0950
vn 0.9959 0.0149 -0.0892
vn 0.9957 0.0181 -0.0912
vn 0.9739 -0.2081 -0.0903
vn 0.9957 0.0132 -0.0914
vn 0.9844 -0.1514 -0.0898
vn 0.9954 0.0311 -0.0906
vn 0.9956 -0.0034 -0.0934
vn 0.9956 -0.0046 -0.0934
vn 0.0000 -0.0001 -1.0000
vn 0.0002 -0.0000 -1.0000
vn 0.0000 -0.0000 -1.0000
vn 0.0001 -0.0000 -1.0000
vn 0.9999 -0.0087 -0.0109
vn 0.9544 0.2983 0.0123
vn 0.9999 -0.0036 -0.0109
vn 0.9529 0.3032 -0.0088
vn -0.0005 0.3268 -0.9451
vn -0.0002 0.3371 -0.9415
vn -0.0006 0.0707 -0.9975
vn -0.0002 0.1086 -0.9941
vn -0.0007 0.3235 -0.9462
vn -0.0006 0.3209 -0.9471
vn -0.0003 0.0198 -0.9998
vn -0.0000 0.0205 -0.9998
vn -0.0005 0.3182 -0.9480
vn 0.0000 0.0285 -0.9996
vn -0.0005 0.2931 -0.9561
vn -0.0003 0.2877 -0.9577
vn -0.0006 0.0200 -0.9998
vn -0.0001 0.0181 -0.9998
vn -0.0006 0.2745 -0.9616
vn -0.0000 0.0162 -0.9999
vn -0.9997 -0.0204 0.0127
vn -0.9998 -0.0186 0.0081
vn -0.9405 0.3397 0.0072
vn -0.9512 0.3084 0.0064
vn 0.9975 -0.0703 -0.0089
vn 0.9963 -0.0837 0.0204
vn 0.9094 -0.4159 -0.0081
vn 0.9011 -0.4334 0.0122
vn 0.0008 -0.3370 -0.9415
vn 0.0001 0.0008 -1.0000
vn 0.0009 -0.3219 -0.9468
vn -0.0000 0.0145 -0.9999
vn 0.0019 -0.3207 -0.9472
vn 0.0002 -0.0002 -1.0000
vn 0.0018 -0.3228 -0.9465
vn 0.0002 0.0009 -1.0000
vn 0.0020 -0.3182 -0.9480
vn 0.0002 -0.0007 -1.0000
vn 0.0017 -0.2876 -0.9578
vn 0.0002 0.0005 -1.0000
vn 0.0014 -0.2928 -0.9562
vn 0.0002 0.0004 -1.0000
vn 0.0010 -0.2696 -0.9630
vn -0.0000 0.0094 -1.0000
vn -0.9982 -0.0596 0.0062
vn -0.9143 -0.4049 0.0052
vn -0.9991 -0.0414 0.0062
vn -0.9142 -0.4053 0.0044
vn 0.9966 -0.0821 -0.0076
vn 0.9967 -0.0811 -0.0048
vn 0.0001 -0.0282 -0.9996
vn 0.0001 -0.0385 -0.9993
vn 0.0002 -0.0347 -0.9994
vn 0.0002 -0.0283 -0.9996
vn 0.0013 -0.0522 -0.9986
vn 0.0003 -0.0359 -0.9994
vn 0.0002 -0.0550 -0.9985
vn 0.0003 -0.0550 -0.9985
vn 0.0002 -0.0426 -0.9991
vn -0.9961 -0.0887 0.0018
vn -0.9973 -0.0736 0.0040
vn 0.0002 -0.0001 -1.0000
vn 0.0255 -0.0255 -0.9993
vn 0.0254 -0.0254 -0.9994
vn 0.0506 -0.0507 -0.9974
vn 0.7720 0.6356 0.0000
vn 0.8372 0.5469 0.0000
vn 0.5818 0.8133 0.0000
vn 0.3368 0.9416 0.0000
vn 0.1123 0.9937 -0.0000
vn 0.1126 0.9936 0.0000
vn -0.0014 1.0000 -0.0000
vn -0.1771 0.9842 -0.0000
vn 0.0134 0.9999 0.0005
vn -0.1797 0.9837 0.0000
vn 0.0075 1.0000 0.0001
vn -0.3872 0.9220 0.0000
vn -0.3873 0.9219 0.0000
vn -0.6200 0.7846 0.0000
vn -0.8096 0.5870 0.0000
vn -0.9659 0.2589 0.0000
vn 0.0000 0.0000 -1.0000
vn -0.0000 0.0000 -1.0000
vn 0.0000 1.0000 0.0000
vn 0.0000 1.0000 -0.0000
vn -1.0000 -0.0000 0.0000
vn -0.0000 1.0000 0.0000
vn -0.7711 -0.6367 -0.0000
vn -0.8372 -0.5469 -0.0000
vn -0.5832 -0.8124 -0.0000
vn -0.3360 -0.9419 -0.0000
vn -0.3359 -0.9419 -0.0000
vn -0.1113 -0.9938 -0.0000
vn 0.0111 -0.9999 -0.0000
vn 0.1759 -0.9844 -0.0000
vn 0.3865 -0.9223 -0.0000
vn 0.6213 -0.7836 -0.0000
vn 0.8093 -0.5873 -0.0000
vn 0.8093 -0.5873 0.0000
vn 0.9668 -0.2554 -0.0000
vn 0.0071 0.0016 -1.0000
vn -0.0014 0.0210 -0.9998
vn -0.0858 0.0267 -0.9960
vn -0.1116 0.0319 -0.9932
vn 0.0869 -0.0017 -0.9962
vn 0.0086 0.0073 -0.9999
vn 0.0837 0.0001 -0.9965
vn 0.0974 -0.0100 -0.9952
vn 0.0226 -0.0158 -0.9996
vn 0.1029 -0.0263 -0.9943
vn 0.0487 -0.0200 -0.9986
vn -0.0503 -0.0281 -0.9983
vn 0.0001 -0.0001 -1.0000
vn 0.0470 0.0080 -0.9989
vn 0.0031 0.0037 -1.0000
vn 0.0039 0.0046 -1.0000
vn 0.0071 0.0084 -0.9999
vn -0.0842 -0.0102 -0.9964
vn -0.9999 -0.0104 -0.0000
vn -1.0000 -0.0080 -0.0000
vn -1.0000 -0.0084 0.0022
vn -0.9962 -0.0006 0.0876
vn -0.9959 -0.0010 0.0909
vn 0.8301 0.5561 -0.0401
vn 0.9935 0.1103 -0.0264
vn 0.8330 0.5518 -0.0400
vn 0.9938 0.1080 -0.0268
vn 0.9999 0.0004 -0.0138
vn 0.9999 0.0004 -0.0144
vn 0.2556 0.9666 0.0200
vn 0.2522 0.9675 0.0201
vn -0.0109 0.9999 -0.0041
vn -0.0167 0.9998 -0.0059
vn -0.2613 0.9647 -0.0330
vn -0.2643 0.9639 -0.0336
vn -0.5023 0.8642 -0.0305
vn -0.4941 0.8686 -0.0364
vn -0.7705 0.6322 0.0811
vn -0.7677 0.6370 0.0696
vn 0.4976 0.8674 0.0039
vn 0.4926 0.8702 0.0039
vn 1.0000 0.0001 -0.0003
vn 1.0000 0.0001 -0.0005
vn -0.9844 -0.0010 0.1758
vn -0.9841 -0.0011 0.1777
vn -0.8179 0.5560 0.1479
vn -0.8185 0.5571 0.1405
vn -0.0069 -0.0076 -0.9999
vn -0.0000 -0.0000 -1.0000
vn -0.0001 -0.0116 -0.9999
vn -0.0941 -0.0080 -0.9955
vn -0.0833 -0.0116 -0.9965
vn -0.0283 0.0111 -0.9995
vn -0.0293 0.0108 -0.9995
vn -0.0685 0.0484 -0.9965
vn -0.0785 0.0476 -0.9958
vn -0.0141 0.0022 -0.9999
vn -0.0141 0.0029 -0.9999
vn 0.0868 -0.0008 -0.9962
vn 0.0804 -0.0121 -0.9967
vn 0.0861 -0.0024 -0.9963
vn 0.0895 -0.0048 -0.9960
vn 0.0116 -0.0208 -0.9997
vn 0.1049 0.0019 -0.9945
vn 0.0199 -0.0106 -0.9997
vn 0.1124 -0.0069 -0.9936
vn -0.1189 -0.0190 -0.9927
vn -0.0978 0.0062 -0.9952
vn 0.0015 -0.0072 -1.0000
vn 0.0091 -0.0043 -0.9999
vn -0.0011 0.0007 -1.0000
vn -0.1757 0.0001 -0.9844
vn -0.1680 -0.0004 -0.9858
vn 0.9997 -0.0237 0.0001
vn 0.9998 -0.0164 0.0097
vn 0.9997 -0.0236 0.0010
vn 0.9998 -0.0173 0.0126
vn 0.9996 0.0047 -0.0283
vn 0.9996 0.0039 -0.0289
vn -0.9948 -0.0953 0.0359
vn -0.9946 -0.0976 0.0364
vn -0.8409 -0.5390 0.0490
vn -0.8367 -0.5454 0.0507
vn -0.9999 0.0016 0.0170
vn -0.9999 0.0020 0.0169
vn 0.0155 -0.9999 0.0070
vn -0.2525 -0.9674 -0.0208
vn 0.0087 -1.0000 0.0025
vn -0.2573 -0.9661 -0.0201
vn 0.4852 -0.8724 0.0588
vn 0.2618 -0.9643 0.0391
vn 0.4961 -0.8671 0.0456
vn 0.2576 -0.9656 0.0354
vn 0.7760 -0.6307 0.0004
vn 0.7865 -0.6171 -0.0232
vn -0.4753 -0.8798 -0.0019
vn -0.4798 -0.8774 -0.0023
vn -1.0000 -0.0046 -0.0018
vn -1.0000 -0.0042 -0.0007
vn -1.0000 -0.0054 -0.0001
vn -1.0000 -0.0054 -0.0000
vn 0.9969 -0.0021 -0.0785
vn 0.9967 -0.0023 -0.0813
vn 0.8320 -0.5527 -0.0476
vn 0.8354 -0.5461 -0.0624
vn 0.0007 -0.3350 -0.9422
vn 0.0004 -0.0279 -0.9996
vn 0.0001 -0.0002 -1.0000
vn -0.0001 0.3349 -0.9422
vn 0.0000 0.0359 -0.9994
vn -0.0000 0.9958 0.0921
vn -0.9870 0.0645 0.1469
vn -0.9889 0.1184 0.0902
vn -0.9879 0.1396 0.0675
vn -0.9795 0.2015 0.0000
vn 0.0000 0.9958 0.0921
vn 0.9920 0.0738 0.1029
vn 0.9909 0.1261 0.0472
vn 0.9918 0.1114 0.0630
vn 0.9855 0.1697 0.0000
vn -1.0000 0.0000 0.0000
vn -1.0000 -0.0000 -0.0000
vn 0.9996 0.0288 0.0000
vn 0.8974 0.0894 -0.4321
vn 0.6210 0.0894 -0.7787
vn 0.2216 0.0894 -0.9710
vn -0.2216 0.0894 -0.9710
vn -0.6210 0.0894 -0.7787
vn -0.8974 0.0894 -0.4321
vn -0.9960 0.0894 0.0000
vn -0.8974 0.0894 0.4321
vn -0.6210 0.0894 0.7787
vn -0.2216 0.0894 0.9710
vn 0.2216 0.0894 0.9710
vn 0.6210 0.0894 0.7787
vn 0.8974 0.0894 0.4321
vn 0.9960 0.0894 0.0000
vn 0.7260 -0.5922 -0.3496
vn 0.5024 -0.5922 -0.6300
vn 0.1793 -0.5922 -0.7856
vn -0.1793 -0.5922 -0.7856
vn -0.5024 -0.5922 -0.6300
vn -0.7260 -0.5922 -0.3496
vn -0.8058 -0.5922 0.0000
vn -0.7260 -0.5922 0.3496
vn -0.5024 -0.5922 0.6300
vn -0.1793 -0.5922 0.7856
vn 0.1793 -0.5922 0.7856
vn 0.5024 -0.5922 0.6300
vn 0.7260 -0.5922 0.3496
vn 0.8058 -0.5922 -0.0000
vn 0.8861 0.1809 -0.4267
vn 0.6132 0.1809 -0.7689
vn 0.2189 0.1809 -0.9588
vn -0.2189 0.1809 -0.9588
vn -0.6132 0.1809 -0.7689
vn -0.8861 0.1809 -0.4267
vn -0.9835 0.1809 0.0000
vn -0.8861 0.1809 0.4267
vn -0.6132 0.1809 0.7689
vn -0.2189 0.1809 0.9588
vn 0.2189 0.1809 0.9588
vn 0.6132 0.1809 0.7689
vn 0.8861 0.1809 0.4267
vn 0.9835 0.1809 0.0000
vn -0.9960 0.0894 -0.0000
vn 0.9835 0.1809 -0.0000
vn -0.0141 -0.9877 -0.1555
vn -0.0147 -0.9877 -0.1555
vn -0.0152 -0.9877 -0.1555
vn 0.0067 1.0000 0.0000
vn 0.0151 0.9999 0.0000
vn 0.0128 0.9999 0.0000
vn -0.0124 -0.9878 -0.1555
vn -0.0129 -0.9878 -0.1555
vn 0.0114 0.9999 0.0000
vn 0.0139 0.9999 0.0000
vn -0.0138 -0.9877 -0.1555
vn -0.0109 -0.9878 -0.1555
vn 0.0115 0.9999 0.0000
vn 0.0094 1.0000 0.0000
vn -0.0091 -0.9878 -0.1555
vn -0.0097 -0.9878 -0.1555
vn -0.0114 -0.9878 -0.1555
vn 0.0098 1.0000 0.0000
vn -0.0306 -0.9874 -0.1554
vn 0.0301 0.9995 0.0000
vn 0.9999 -0.0156 -0.0012
vn 0.9999 -0.0152 -0.0012
vn 0.9999 -0.0155 -0.0012
vn 0.9998 -0.0183 -0.0014
vn 0.9998 -0.0178 -0.0014
vn 0.9998 -0.0177 -0.0014
vn 0.0064 0.7490 0.6626
vn -0.9994 0.0337 0.0053
vn -0.9995 0.0037 -0.0298
vn -0.9995 0.0316 0.0028
vn -0.9994 0.0000 -0.0340
vn -0.0121 -0.7209 -0.6930
vn -0.0012 -0.7199 -0.6941
vn -0.0109 -0.7208 -0.6931
vn 0.0000 -0.7198 -0.6942
vn 0.9991 -0.0413 -0.0065
vn 0.9992 -0.0391 -0.0039
vn 0.9993 -0.0044 0.0365
vn 0.9991 0.0000 0.0415
vn 0.0045 0.7609 0.6488
vn -0.9999 0.0076 -0.0073
vn -0.0043 -0.7296 -0.6839
vn 0.9996 -0.0263 -0.0041
vn 0.9997 -0.0246 -0.0023
vn 0.9997 -0.0028 0.0224
vn 0.9997 -0.0000 0.0256
vn 0.9051 -0.3614 -0.2241
vn 0.2834 -0.0253 -0.9587
vn 0.2695 -0.0168 0.9629
vn 0.1602 0.0348 0.9865
vn 0.0000 -1.0000 -0.0000
# 715 vertex normals

vt 2.6902 0.3590 0.0000
vt 2.6903 0.5879 0.0000
vt 2.6821 0.3590 0.0000
vt 2.6822 0.5879 0.0000
vt 2.8117 0.7971 0.0000
vt 2.8143 0.5734 0.0000
vt 2.8209 0.7971 0.0000
vt 2.8234 0.5734 0.0000
vt 2.4259 0.9134 0.0000
vt 2.4280 0.6995 0.0000
vt 2.4354 0.9137 0.0000
vt 2.8041 0.5734 0.0000
vt 2.9182 0.7989 0.0000
vt 2.9208 0.5727 0.0000
vt 2.9278 0.7986 0.0000
vt 2.8904 0.6110 0.0000
vt 2.8834 0.3856 0.0000
vt 2.8927 0.3856 0.0000
vt 2.2603 0.3874 0.0000
vt 2.2602 0.6162 0.0000
vt 2.2521 0.3874 0.0000
vt 2.2521 0.6162 0.0000
vt 2.2704 0.3874 0.0000
vt 2.2703 0.6162 0.0000
vt 2.2806 0.3874 0.0000
vt 2.2805 0.6162 0.0000
vt 2.2887 0.3874 0.0000
vt 2.2886 0.6162 0.0000
vt 2.6000 0.3598 0.0000
vt 2.6090 0.3598 0.0000
vt 2.6025 0.5815 0.0000
vt 2.6115 0.5815 0.0000
vt 2.6191 0.3598 0.0000
vt 2.6216 0.5815 0.0000
vt 2.6282 0.3598 0.0000
vt 2.6307 0.5815 0.0000
vt 2.6537 0.3590 0.0000
vt 2.6618 0.3590 0.0000
vt 2.6538 0.5879 0.0000
vt 2.6619 0.5879 0.0000
vt 2.6719 0.3590 0.0000
vt 2.6720 0.5879 0.0000
vt 2.8148 0.1926 0.0000
vt 2.8224 0.1988 0.0000
vt 2.8053 0.2129 0.0000
vt 2.8266 0.2079 0.0000
vt 2.8266 0.2179 0.0000
vt 2.8224 0.2269 0.0000
vt 2.8148 0.2332 0.0000
vt 2.8053 0.2354 0.0000
vt 2.7958 0.2332 0.0000
vt 2.7882 0.2269 0.0000
vt 2.7840 0.2179 0.0000
vt 2.7840 0.2079 0.0000
vt 2.7882 0.1988 0.0000
vt 2.7958 0.1926 0.0000
vt 2.8053 0.1904 0.0000
vt 2.6634 0.6558 0.0000
vt 2.6707 0.6632 0.0000
vt 2.6510 0.6676 0.0000
vt 2.6553 0.6771 0.0000
vt 2.6562 0.6485 0.0000
vt 2.6468 0.6581 0.0000
vt 2.6504 0.6426 0.0000
vt 2.6433 0.6505 0.0000
vt 2.9045 0.2806 0.0000
vt 2.9137 0.2774 0.0000
vt 2.9040 0.2865 0.0000
vt 2.9132 0.2846 0.0000
vt 2.8942 0.2806 0.0000
vt 2.8937 0.2865 0.0000
vt 2.8850 0.2774 0.0000
vt 2.8845 0.2846 0.0000
vt 2.2919 0.6710 0.0000
vt 2.2990 0.6789 0.0000
vt 2.2862 0.6769 0.0000
vt 2.2956 0.6865 0.0000
vt 2.2789 0.6842 0.0000
vt 2.2913 0.6960 0.0000
vt 2.2717 0.6916 0.0000
vt 2.2871 0.7055 0.0000
vt 2.2659 0.6974 0.0000
vt 2.2836 0.7131 0.0000
vt 2.3230 0.8574 0.0000
vt 2.3225 0.8391 0.0000
vt 2.3324 0.8607 0.0000
vt 2.3319 0.8411 0.0000
vt 2.3429 0.8607 0.0000
vt 2.3424 0.8411 0.0000
vt 2.3523 0.8574 0.0000
vt 2.3518 0.8391 0.0000
vt 2.6764 0.6691 0.0000
vt 2.6587 0.6847 0.0000
vt 2.6727 0.6275 0.0000
vt 2.6826 0.6298 0.0000
vt 2.6628 0.6253 0.0000
vt 2.6548 0.6234 0.0000
vt 2.6221 0.6150 0.0000
vt 2.6312 0.6160 0.0000
vt 2.6120 0.6150 0.0000
vt 2.6030 0.6160 0.0000
vt 2.2875 0.6518 0.0000
vt 2.2796 0.6536 0.0000
vt 2.2697 0.6559 0.0000
vt 2.2598 0.6582 0.0000
vt 2.2518 0.6600 0.0000
vt 2.2966 0.1295 0.0000
vt 2.2971 0.0864 0.0000
vt 2.3058 0.1295 0.0000
vt 2.7954 0.5306 0.0000
vt 2.8046 0.5296 0.0000
vt 2.8239 0.5306 0.0000
vt 2.8148 0.5296 0.0000
vt 2.6905 0.6316 0.0000
vt 2.6206 0.6314 0.0000
vt 2.6297 0.6346 0.0000
vt 2.6105 0.6314 0.0000
vt 2.6015 0.6346 0.0000
vt 2.7939 0.4940 0.0000
vt 2.8031 0.4908 0.0000
vt 2.8132 0.4908 0.0000
vt 2.8224 0.4940 0.0000
vt 2.6342 0.6840 0.0000
vt 2.6316 0.6741 0.0000
vt 2.6291 0.6643 0.0000
vt 2.6270 0.6564 0.0000
vt 2.9127 0.3012 0.0000
vt 2.9034 0.3023 0.0000
vt 2.8932 0.3023 0.0000
vt 2.8839 0.3012 0.0000
vt 2.3154 0.6847 0.0000
vt 2.3133 0.6926 0.0000
vt 2.3107 0.7025 0.0000
vt 2.3082 0.7124 0.0000
vt 2.3061 0.7203 0.0000
vt 2.3314 0.8170 0.0000
vt 2.3220 0.8158 0.0000
vt 2.3418 0.8170 0.0000
vt 2.3512 0.8158 0.0000
vt 2.6362 0.6919 0.0000
vt 2.5502 0.6840 0.0000
vt 2.5502 0.6736 0.0000
vt 2.5502 0.6631 0.0000
vt 2.5502 0.6548 0.0000
vt 2.9122 0.3792 0.0000
vt 2.9029 0.3792 0.0000
vt 2.8927 0.3792 0.0000
vt 2.8834 0.3792 0.0000
vt 2.3921 0.6915 0.0000
vt 2.3921 0.6831 0.0000
vt 2.3921 0.7020 0.0000
vt 2.3921 0.7124 0.0000
vt 2.3921 0.7208 0.0000
vt 2.3309 0.7269 0.0000
vt 2.3215 0.7269 0.0000
vt 2.3413 0.7269 0.0000
vt 2.2914 0.1646 0.0000
vt 2.2817 0.0772 0.0000
vt 2.2909 0.0772 0.0000
vt 2.5502 0.6924 0.0000
vt 2.5510 0.3598 0.0000
vt 2.5511 0.5887 0.0000
vt 2.5428 0.3598 0.0000
vt 2.5429 0.5887 0.0000
vt 2.7187 0.7971 0.0000
vt 2.7212 0.5746 0.0000
vt 2.7278 0.7971 0.0000
vt 2.7303 0.5746 0.0000
vt 2.7085 0.7971 0.0000
vt 2.7111 0.5746 0.0000
vt 2.6994 0.7971 0.0000
vt 2.7019 0.5746 0.0000
vt 2.0216 0.3322 0.0000
vt 2.0215 0.5610 0.0000
vt 2.0134 0.3322 0.0000
vt 2.0134 0.5610 0.0000
vt 2.0317 0.3322 0.0000
vt 2.0316 0.5610 0.0000
vt 2.0419 0.3322 0.0000
vt 2.0418 0.5610 0.0000
vt 2.0500 0.3322 0.0000
vt 2.0499 0.5610 0.0000
vt 2.5602 0.3598 0.0000
vt 2.5693 0.3598 0.0000
vt 2.5627 0.5815 0.0000
vt 2.5718 0.5815 0.0000
vt 2.5793 0.3598 0.0000
vt 2.5818 0.5815 0.0000
vt 2.5884 0.3598 0.0000
vt 2.5909 0.5815 0.0000
vt 2.5144 0.3598 0.0000
vt 2.5226 0.3598 0.0000
vt 2.5145 0.5887 0.0000
vt 2.5227 0.5887 0.0000
vt 2.5327 0.3598 0.0000
vt 2.5328 0.5887 0.0000
vt 2.3523 0.0123 0.0000
vt 2.3599 0.0186 0.0000
vt 2.3428 0.0326 0.0000
vt 2.3641 0.0276 0.0000
vt 2.3641 0.0376 0.0000
vt 2.3599 0.0467 0.0000
vt 2.3523 0.0529 0.0000
vt 2.3428 0.0551 0.0000
vt 2.3333 0.0529 0.0000
vt 2.3257 0.0467 0.0000
vt 2.3215 0.0376 0.0000
vt 2.3215 0.0276 0.0000
vt 2.3257 0.0186 0.0000
vt 2.3333 0.0123 0.0000
vt 2.3428 0.0101 0.0000
vt 2.5242 0.6567 0.0000
vt 2.5314 0.6640 0.0000
vt 2.5118 0.6684 0.0000
vt 2.5161 0.6779 0.0000
vt 2.5170 0.6493 0.0000
vt 2.5075 0.6590 0.0000
vt 2.5112 0.6435 0.0000
vt 2.5041 0.6514 0.0000
vt 2.7205 0.8068 0.0000
vt 2.7297 0.8035 0.0000
vt 2.7200 0.8126 0.0000
vt 2.7292 0.8107 0.0000
vt 2.7102 0.8068 0.0000
vt 2.7097 0.8126 0.0000
vt 2.7010 0.8035 0.0000
vt 2.7005 0.8107 0.0000
vt 2.0532 0.6158 0.0000
vt 2.0603 0.6237 0.0000
vt 2.0474 0.6217 0.0000
vt 2.0569 0.6313 0.0000
vt 2.0402 0.6290 0.0000
vt 2.0526 0.6408 0.0000
vt 2.0330 0.6363 0.0000
vt 2.0484 0.6502 0.0000
vt 2.0272 0.6422 0.0000
vt 2.0449 0.6578 0.0000
vt 2.8551 0.7051 0.0000
vt 2.8546 0.6870 0.0000
vt 2.8644 0.7084 0.0000
vt 2.8639 0.6889 0.0000
vt 2.8748 0.7084 0.0000
vt 2.8743 0.6889 0.0000
vt 2.8841 0.7051 0.0000
vt 2.8836 0.6870 0.0000
vt 2.5372 0.6699 0.0000
vt 2.5195 0.6855 0.0000
vt 2.5334 0.6284 0.0000
vt 2.5433 0.6306 0.0000
vt 2.5235 0.6261 0.0000
vt 2.5156 0.6243 0.0000
vt 2.5823 0.6150 0.0000
vt 2.5914 0.6160 0.0000
vt 2.5723 0.6150 0.0000
vt 2.5632 0.6160 0.0000
vt 2.0488 0.5966 0.0000
vt 2.0409 0.5984 0.0000
vt 2.0310 0.6007 0.0000
vt 2.0211 0.6030 0.0000
vt 2.0131 0.6048 0.0000
vt 2.7024 0.5321 0.0000
vt 2.7116 0.5311 0.0000
vt 2.7217 0.5311 0.0000
vt 2.7308 0.5321 0.0000
vt 2.5513 0.6324 0.0000
vt 2.5808 0.6314 0.0000
vt 2.5899 0.6346 0.0000
vt 2.5708 0.6314 0.0000
vt 2.5617 0.6346 0.0000
vt 2.7009 0.4956 0.0000
vt 2.7100 0.4925 0.0000
vt 2.7202 0.4925 0.0000
vt 2.7293 0.4956 0.0000
vt 2.4949 0.6848 0.0000
vt 2.4924 0.6750 0.0000
vt 2.4898 0.6651 0.0000
vt 2.4878 0.6572 0.0000
vt 2.7287 0.8273 0.0000
vt 2.7194 0.8285 0.0000
vt 2.7092 0.8285 0.0000
vt 2.6999 0.8273 0.0000
vt 2.0767 0.6295 0.0000
vt 2.0746 0.6374 0.0000
vt 2.0720 0.6473 0.0000
vt 2.0695 0.6572 0.0000
vt 2.0674 0.6651 0.0000
vt 2.8634 0.6652 0.0000
vt 2.8541 0.6640 0.0000
vt 2.8737 0.6652 0.0000
vt 2.8830 0.6640 0.0000
vt 2.4970 0.6927 0.0000
vt 2.4110 0.6849 0.0000
vt 2.4110 0.6744 0.0000
vt 2.4110 0.6640 0.0000
vt 2.4110 0.6556 0.0000
vt 2.7282 0.9054 0.0000
vt 2.7189 0.9054 0.0000
vt 2.7087 0.9054 0.0000
vt 2.6994 0.9054 0.0000
vt 2.1534 0.6363 0.0000
vt 2.1534 0.6279 0.0000
vt 2.1534 0.6467 0.0000
vt 2.1534 0.6572 0.0000
vt 2.1534 0.6656 0.0000
vt 2.8629 0.5761 0.0000
vt 2.8536 0.5761 0.0000
vt 2.8732 0.5761 0.0000
vt 2.8825 0.5761 0.0000
vt 2.4110 0.6932 0.0000
vt 2.7871 0.7567 0.0000
vt 2.7871 0.8273 0.0000
vt 2.7813 0.7567 0.0000
vt 2.7813 0.8273 0.0000
vt 2.7813 0.7214 0.0000
vt 2.7871 0.7214 0.0000
vt 2.7871 0.6860 0.0000
vt 2.7813 0.6860 0.0000
vt 2.1052 0.2840 0.0000
vt 2.1052 0.3070 0.0000
vt 2.1002 0.2831 0.0000
vt 2.1002 0.3081 0.0000
vt 2.2451 0.4689 0.0000
vt 2.2393 0.4687 0.0000
vt 2.2451 0.4366 0.0000
vt 2.2393 0.4350 0.0000
vt 2.2451 0.5012 0.0000
vt 2.2393 0.5010 0.0000
vt 2.1052 0.2522 0.0000
vt 2.1002 0.2513 0.0000
vt 2.8983 0.5689 0.0000
vt 2.9122 0.5667 0.0000
vt 2.8983 0.6056 0.0000
vt 2.9122 0.6023 0.0000
vt 2.9072 0.1936 0.0000
vt 2.9072 0.2303 0.0000
vt 2.8934 0.1914 0.0000
vt 2.8934 0.2270 0.0000
vt 2.8983 0.4223 0.0000
vt 2.9122 0.4243 0.0000
vt 2.8983 0.4589 0.0000
vt 2.9122 0.4599 0.0000
vt 2.9072 0.0468 0.0000
vt 2.9072 0.0835 0.0000
vt 2.8934 0.0487 0.0000
vt 2.8934 0.0844 0.0000
vt 2.8484 0.0612 0.0000
vt 2.8337 0.0659 0.0000
vt 2.8484 0.0343 0.0000
vt 2.8337 0.0398 0.0000
vt 2.8484 0.4178 0.0000
vt 2.8337 0.4124 0.0000
vt 2.8484 0.3870 0.0000
vt 2.8337 0.3824 0.0000
vt 2.8983 0.5323 0.0000
vt 2.8983 0.4956 0.0000
vt 2.9122 0.5311 0.0000
vt 2.9122 0.4955 0.0000
vt 2.9072 0.1202 0.0000
vt 2.9072 0.1569 0.0000
vt 2.8934 0.1201 0.0000
vt 2.8934 0.1557 0.0000
vt 2.8536 0.0454 0.0000
vt 2.8682 0.0496 0.0000
vt 2.8536 0.1057 0.0000
vt 2.8682 0.1083 0.0000
vt 2.8536 0.3441 0.0000
vt 2.8536 0.2845 0.0000
vt 2.8682 0.3398 0.0000
vt 2.8682 0.2819 0.0000
vt 2.9072 0.0101 0.0000
vt 2.8934 0.0131 0.0000
vt 2.8983 0.3856 0.0000
vt 2.9122 0.3886 0.0000
vt 2.8484 0.3332 0.0000
vt 2.8337 0.3302 0.0000
vt 2.8484 0.1173 0.0000
vt 2.8337 0.1205 0.0000
vt 2.8536 0.3763 0.0000
vt 2.8682 0.3711 0.0000
vt 2.8536 0.0101 0.0000
vt 2.8682 0.0153 0.0000
vt 2.8484 0.1620 0.0000
vt 2.8337 0.1654 0.0000
vt 2.8484 0.2067 0.0000
vt 2.8484 0.2415 0.0000
vt 2.8337 0.2073 0.0000
vt 2.8337 0.2411 0.0000
vt 2.8484 0.2763 0.0000
vt 2.8337 0.2749 0.0000
vt 2.8536 0.2210 0.0000
vt 2.8682 0.2202 0.0000
vt 2.8682 0.1928 0.0000
vt 2.8536 0.1928 0.0000
vt 2.8682 0.1654 0.0000
vt 2.8536 0.1646 0.0000
vt 2.1253 0.0236 0.0000
vt 2.1340 0.0462 0.0000
vt 2.0929 0.0412 0.0000
vt 2.1058 0.0615 0.0000
vt 2.1253 0.3760 0.0000
vt 2.0929 0.3577 0.0000
vt 2.1340 0.3535 0.0000
vt 2.1058 0.3376 0.0000
vt 2.2548 0.0196 0.0000
vt 2.2470 0.0426 0.0000
vt 2.2224 0.0121 0.0000
vt 2.2188 0.0361 0.0000
vt 2.2548 0.3793 0.0000
vt 2.2224 0.3861 0.0000
vt 2.2470 0.3565 0.0000
vt 2.2188 0.3624 0.0000
vt 2.3196 0.0575 0.0000
vt 2.3035 0.0757 0.0000
vt 2.2872 0.0345 0.0000
vt 2.2752 0.0556 0.0000
vt 2.2872 0.3631 0.0000
vt 2.2752 0.3423 0.0000
vt 2.3196 0.3367 0.0000
vt 2.3035 0.3192 0.0000
vt 2.1577 0.0122 0.0000
vt 2.1900 0.0101 0.0000
vt 2.1623 0.0362 0.0000
vt 2.1905 0.0343 0.0000
vt 2.1900 0.3902 0.0000
vt 2.1577 0.3861 0.0000
vt 2.1905 0.3659 0.0000
vt 2.1623 0.3624 0.0000
vt 2.0605 0.0717 0.0000
vt 2.0775 0.0881 0.0000
vt 2.0281 0.1239 0.0000
vt 2.0493 0.1336 0.0000
vt 2.0605 0.3299 0.0000
vt 2.0281 0.2784 0.0000
vt 2.0775 0.3133 0.0000
vt 2.0493 0.2684 0.0000
vt 2.3519 0.2906 0.0000
vt 2.3317 0.2790 0.0000
vt 2.3519 0.1056 0.0000
vt 2.3317 0.1177 0.0000
vt 2.3661 0.1452 0.0000
vt 2.3440 0.1511 0.0000
vt 2.3742 0.1822 0.0000
vt 2.3726 0.2120 0.0000
vt 2.3512 0.1845 0.0000
vt 2.3498 0.2105 0.0000
vt 2.3710 0.2418 0.0000
vt 2.3483 0.2365 0.0000
vt 2.0151 0.2235 0.0000
vt 2.0379 0.2205 0.0000
vt 2.0370 0.1992 0.0000
vt 2.0141 0.1991 0.0000
vt 2.0362 0.1780 0.0000
vt 2.0131 0.1747 0.0000
vt 2.2966 0.5162 0.0000
vt 2.3139 0.5150 0.0000
vt 2.2966 0.5462 0.0000
vt 2.3139 0.5445 0.0000
vt 2.5029 0.5104 0.0000
vt 2.5029 0.5405 0.0000
vt 2.4856 0.5093 0.0000
vt 2.4856 0.5388 0.0000
vt 2.2966 0.3959 0.0000
vt 2.3139 0.3969 0.0000
vt 2.2966 0.4260 0.0000
vt 2.3139 0.4264 0.0000
vt 2.5029 0.3899 0.0000
vt 2.5029 0.4201 0.0000
vt 2.4856 0.3910 0.0000
vt 2.4856 0.4206 0.0000
vt 2.7576 0.5217 0.0000
vt 2.7392 0.5242 0.0000
vt 2.7576 0.4996 0.0000
vt 2.7392 0.5025 0.0000
vt 2.7576 0.8147 0.0000
vt 2.7392 0.8118 0.0000
vt 2.7576 0.7893 0.0000
vt 2.7392 0.7870 0.0000
vt 2.2966 0.4861 0.0000
vt 2.2966 0.4560 0.0000
vt 2.3139 0.4855 0.0000
vt 2.3139 0.4560 0.0000
vt 2.5029 0.4502 0.0000
vt 2.5029 0.4803 0.0000
vt 2.4856 0.4501 0.0000
vt 2.4856 0.4797 0.0000
vt 2.8287 0.5772 0.0000
vt 2.8469 0.5794 0.0000
vt 2.8287 0.6268 0.0000
vt 2.8469 0.6281 0.0000
vt 2.8287 0.8226 0.0000
vt 2.8287 0.7737 0.0000
vt 2.8469 0.8204 0.0000
vt 2.8469 0.7723 0.0000
vt 2.5029 0.3598 0.0000
vt 2.4856 0.3614 0.0000
vt 2.2966 0.3658 0.0000
vt 2.3139 0.3674 0.0000
vt 2.7576 0.7452 0.0000
vt 2.7392 0.7436 0.0000
vt 2.7576 0.5678 0.0000
vt 2.7392 0.5695 0.0000
vt 2.8287 0.8490 0.0000
vt 2.8469 0.8463 0.0000
vt 2.8287 0.5482 0.0000
vt 2.8469 0.5510 0.0000
vt 2.7576 0.6045 0.0000
vt 2.7392 0.6055 0.0000
vt 2.7576 0.6412 0.0000
vt 2.7576 0.6698 0.0000
vt 2.7392 0.6416 0.0000
vt 2.7392 0.6696 0.0000
vt 2.7392 0.6977 0.0000
vt 2.7576 0.6984 0.0000
vt 2.7392 0.7403 0.0000
vt 2.8287 0.7215 0.0000
vt 2.8469 0.7211 0.0000
vt 2.8469 0.6983 0.0000
vt 2.8287 0.6983 0.0000
vt 2.8469 0.6756 0.0000
vt 2.8287 0.6751 0.0000
vt 2.7813 0.6507 0.0000
vt 2.7871 0.6507 0.0000
vt 2.7871 0.6154 0.0000
vt 2.7813 0.6154 0.0000
vt 2.7813 0.5801 0.0000
vt 2.7871 0.5801 0.0000
vt 2.7871 0.5405 0.0000
vt 2.7813 0.5448 0.0000
vt 2.7813 0.4994 0.0000
vt 2.7871 0.4994 0.0000
vt 2.2393 0.7810 0.0000
vt 2.2393 0.7405 0.0000
vt 2.2451 0.7810 0.0000
vt 2.2451 0.7405 0.0000
vt 2.2451 0.7052 0.0000
vt 2.2393 0.7052 0.0000
vt 2.2393 0.6624 0.0000
vt 2.2451 0.6623 0.0000
vt 2.2451 0.6345 0.0000
vt 2.2393 0.6345 0.0000
vt 2.2393 0.5586 0.0000
vt 2.2451 0.5586 0.0000
vt 2.7114 0.2523 0.0000
vt 2.6513 0.2523 0.0000
vt 2.7114 0.0101 0.0000
vt 2.6447 0.0101 0.0000
vt 2.7780 0.2523 0.0000
vt 2.7780 0.0101 0.0000
vt 2.4626 0.6440 0.0000
vt 2.4816 0.6067 0.0000
vt 2.4741 0.6456 0.0000
vt 2.4816 0.6415 0.0000
vt 2.3370 0.3483 0.0000
vt 2.3370 0.4376 0.0000
vt 2.3245 0.3483 0.0000
vt 2.3245 0.4376 0.0000
vt 2.7086 0.2588 0.0000
vt 2.7440 0.2588 0.0000
vt 2.7086 0.3074 0.0000
vt 2.7440 0.3074 0.0000
vt 2.7774 0.3074 0.0000
vt 2.7774 0.2588 0.0000
vt 2.8107 0.2588 0.0000
vt 2.8107 0.3074 0.0000
vt 2.4768 0.4376 0.0000
vt 2.4626 0.4376 0.0000
vt 2.4768 0.3483 0.0000
vt 2.4626 0.3483 0.0000
vt 2.7756 0.7567 0.0000
vt 2.7756 0.8273 0.0000
vt 2.7687 0.7567 0.0000
vt 2.7687 0.8273 0.0000
vt 2.7687 0.7214 0.0000
vt 2.7756 0.7214 0.0000
vt 2.7756 0.6860 0.0000
vt 2.7687 0.6860 0.0000
vt 2.7687 0.6507 0.0000
vt 2.7756 0.6507 0.0000
vt 2.7756 0.6154 0.0000
vt 2.7687 0.6154 0.0000
vt 2.7687 0.5801 0.0000
vt 2.7756 0.5801 0.0000
vt 2.7756 0.5448 0.0000
vt 2.7687 0.5448 0.0000
vt 2.7687 0.4994 0.0000
vt 2.7756 0.4994 0.0000
vt 2.2266 0.7810 0.0000
vt 2.2266 0.7405 0.0000
vt 2.2335 0.7810 0.0000
vt 2.2335 0.7405 0.0000
vt 2.2335 0.7052 0.0000
vt 2.2266 0.7052 0.0000
vt 2.2266 0.6625 0.0000
vt 2.2335 0.6624 0.0000
vt 2.2335 0.6345 0.0000
vt 2.2266 0.6345 0.0000
vt 2.2266 0.5586 0.0000
vt 2.2335 0.5586 0.0000
vt 2.0945 0.3081 0.0000
vt 2.0877 0.3081 0.0000
vt 2.0946 0.2830 0.0000
vt 2.0877 0.2828 0.0000
vt 2.0945 0.2512 0.0000
vt 2.0877 0.2510 0.0000
vt 2.2335 0.5009 0.0000
vt 2.2266 0.5007 0.0000
vt 2.2335 0.4685 0.0000
vt 2.2266 0.4683 0.0000
vt 2.2335 0.4336 0.0000
vt 2.2266 0.4346 0.0000
vt 2.7756 0.8653 0.0000
vt 2.7687 0.8645 0.0000
vt 2.7871 0.8626 0.0000
vt 2.7813 0.8645 0.0000
vt 2.7641 0.8626 0.0000
vt 2.7641 0.8273 0.0000
vt 2.7641 0.7567 0.0000
vt 2.7641 0.7214 0.0000
vt 2.7641 0.6860 0.0000
vt 2.7641 0.6507 0.0000
vt 2.7641 0.6154 0.0000
vt 2.7641 0.5801 0.0000
vt 2.7641 0.5448 0.0000
vt 2.7641 0.4994 0.0000
vt 2.2220 0.7810 0.0000
vt 2.2220 0.7405 0.0000
vt 2.2220 0.7052 0.0000
vt 2.2220 0.6625 0.0000
vt 2.2220 0.6345 0.0000
vt 2.2220 0.5588 0.0000
vt 2.2266 0.5329 0.0000
vt 2.2220 0.5328 0.0000
vt 2.2220 0.5005 0.0000
vt 2.2220 0.4682 0.0000
vt 2.2220 0.4360 0.0000
vt 2.4919 0.6358 0.0000
vt 2.3245 0.6448 0.0000
vt 2.3117 0.6395 0.0000
vt 2.3276 0.5832 0.0000
vt 2.3459 0.6256 0.0000
vt 2.3370 0.5742 0.0000
vt 2.3459 0.5971 0.0000
vt 2.3816 0.6236 0.0000
vt 2.3459 0.6134 0.0000
vt 2.3816 0.6395 0.0000
vt 2.4149 0.6399 0.0000
vt 2.4149 0.6228 0.0000
vt 2.4483 0.6036 0.0000
vt 2.4483 0.6252 0.0000
vt 2.6994 0.3074 0.0000
vt 2.6994 0.2588 0.0000
vt 2.7086 0.4668 0.0000
vt 2.6994 0.4440 0.0000
vt 2.7086 0.3305 0.0000
vt 2.6994 0.3305 0.0000
vt 2.7440 0.3305 0.0000
vt 2.7440 0.4934 0.0000
vt 2.7774 0.4925 0.0000
vt 2.7774 0.3305 0.0000
vt 2.8107 0.3305 0.0000
vt 2.8107 0.4734 0.0000
vt 2.8250 0.3305 0.0000
vt 2.8244 0.4464 0.0000
vt 2.8250 0.2588 0.0000
vt 2.8250 0.3074 0.0000
vt 2.4768 0.4607 0.0000
vt 2.4626 0.4607 0.0000
vt 2.3370 0.4607 0.0000
vt 2.3245 0.4607 0.0000
vt 2.1548 0.6831 0.0000
vt 2.1548 0.6914 0.0000
vt 2.1474 0.6831 0.0000
vt 2.1474 0.6914 0.0000
vt 2.1548 0.7038 0.0000
vt 2.1474 0.7038 0.0000
vt 2.1548 0.7194 0.0000
vt 2.1474 0.7194 0.0000
vt 2.9481 0.6169 0.0000
vt 2.9481 0.5898 0.0000
vt 2.9551 0.6169 0.0000
vt 2.9551 0.5898 0.0000
vt 2.9481 0.4730 0.0000
vt 2.9551 0.4730 0.0000
vt 2.9700 0.1225 0.0000
vt 2.9700 0.2438 0.0000
vt 2.9630 0.1225 0.0000
vt 2.9630 0.2438 0.0000
vt 2.4508 0.0865 0.0000
vt 2.4508 0.0774 0.0000
vt 2.4579 0.0865 0.0000
vt 2.4579 0.0774 0.0000
vt 2.9332 0.2892 0.0000
vt 2.9404 0.3315 0.0000
vt 2.9332 0.3821 0.0000
vt 2.9481 0.7126 0.0000
vt 2.9481 0.6233 0.0000
vt 2.9551 0.7126 0.0000
vt 2.9551 0.6233 0.0000
vt 2.9481 0.4498 0.0000
vt 2.9481 0.4008 0.0000
vt 2.9551 0.4498 0.0000
vt 2.9700 0.0101 0.0000
vt 2.9700 0.0994 0.0000
vt 2.9630 0.0101 0.0000
vt 2.9630 0.0994 0.0000
vt 2.4508 0.0620 0.0000
vt 2.4579 0.0620 0.0000
vt 2.3388 0.1815 0.0000
vt 2.3388 0.1974 0.0000
vt 2.3314 0.1815 0.0000
vt 2.3314 0.1974 0.0000
vt 2.3388 0.2172 0.0000
vt 2.3314 0.2172 0.0000
vt 2.3388 0.2317 0.0000
vt 2.3314 0.2317 0.0000
vt 2.1548 0.6720 0.0000
vt 2.1474 0.6720 0.0000
vt 2.0678 0.1334 0.0000
vt 2.0750 0.1334 0.0000
vt 2.0750 0.1466 0.0000
vt 2.0678 0.1468 0.0000
vt 2.0529 0.1983 0.0000
vt 2.0529 0.1833 0.0000
vt 2.0604 0.1981 0.0000
vt 2.0604 0.1833 0.0000
vt 2.0529 0.1588 0.0000
vt 2.0604 0.1588 0.0000
vt 2.0529 0.1444 0.0000
vt 2.0604 0.1444 0.0000
vt 2.3066 0.0363 0.0000
vt 2.3066 0.0101 0.0000
vt 2.3137 0.0363 0.0000
vt 2.3137 0.0101 0.0000
vt 2.2990 0.0101 0.0000
vt 2.2990 0.0271 0.0000
vt 2.2916 0.0101 0.0000
vt 2.2916 0.0271 0.0000
vt 2.0750 0.1181 0.0000
vt 2.0678 0.1181 0.0000
vt 2.9481 0.8582 0.0000
vt 2.9481 0.7374 0.0000
vt 2.9551 0.8582 0.0000
vt 2.9551 0.7357 0.0000
vt 2.9499 0.7357 0.0000
vt 2.9404 0.4061 0.0000
vt 2.9404 0.5241 0.0000
vt 2.9332 0.4061 0.0000
vt 2.9332 0.5241 0.0000
vt 2.9404 0.5478 0.0000
vt 2.9332 0.5478 0.0000
vt 2.9404 0.5754 0.0000
vt 2.9332 0.5754 0.0000
vt 2.1548 0.7919 0.0000
vt 2.1548 0.8307 0.0000
vt 2.1474 0.7919 0.0000
vt 2.1474 0.8307 0.0000
vt 2.1548 0.7556 0.0000
vt 2.1474 0.7556 0.0000
vt 2.6348 0.4310 0.0000
vt 2.6348 0.3954 0.0000
vt 2.6420 0.4310 0.0000
vt 2.6420 0.3954 0.0000
vt 2.6348 0.3598 0.0000
vt 2.6420 0.3598 0.0000
vt 2.9481 0.7357 0.0000
vt 2.9404 0.3821 0.0000
vt 2.9551 0.3598 0.0000
vt 2.4756 0.7000 0.0000
vt 2.5040 0.6992 0.0000
vt 2.4777 0.8756 0.0000
vt 2.6248 0.8711 0.0000
vt 2.6511 0.6952 0.0000
vt 2.6535 0.8826 0.0000
vt 2.4536 0.0971 0.0000
vt 2.4570 0.2833 0.0000
vt 2.4209 0.0982 0.0000
vt 2.1126 0.3806 0.0000
vt 2.1488 0.5663 0.0000
vt 2.1174 0.5671 0.0000
vt 2.1361 0.6719 0.0000
vt 2.1394 0.8468 0.0000
vt 2.1076 0.6725 0.0000
vt 2.0927 0.6715 0.0000
vt 2.1245 0.8457 0.0000
vt 2.0961 0.8577 0.0000
vt 2.5104 0.6965 0.0000
vt 2.5431 0.6959 0.0000
vt 2.5138 0.8714 0.0000
vt 2.0728 0.6042 0.0000
vt 2.1022 0.4288 0.0000
vt 2.1042 0.6043 0.0000
vt 2.3861 0.8658 0.0000
vt 2.4057 0.6920 0.0000
vt 2.4141 0.8696 0.0000
vt 2.0216 0.8562 0.0000
vt 2.0131 0.6787 0.0000
vt 2.0475 0.6668 0.0000
vt 2.0907 0.2446 0.0000
vt 2.0579 0.2407 0.0000
vt 2.1103 0.0707 0.0000
vt 2.3340 0.1506 0.0000
vt 2.2817 0.3206 0.0000
vt 2.3007 0.1466 0.0000
vt 2.8121 0.1840 0.0000
vt 2.7840 0.1810 0.0000
vt 2.8311 0.0100 0.0000
vt 2.1050 0.3781 0.0000
vt 2.0579 0.5488 0.0000
vt 2.0741 0.3584 0.0000
vt 2.6596 0.8593 0.0000
vt 2.6855 0.6700 0.0000
vt 2.6923 0.8636 0.0000
vt 2.0598 0.8645 0.0000
vt 2.0529 0.6707 0.0000
vt 2.0862 0.6757 0.0000
vt 2.6493 0.2604 0.0000
vt 2.6493 0.3435 0.0000
vt 2.6447 0.2626 0.0000
vt 2.6447 0.3435 0.0000
vt 2.6619 0.3435 0.0000
vt 2.6562 0.3435 0.0000
vt 2.6619 0.2600 0.0000
vt 2.6562 0.2587 0.0000
vt 2.6676 0.3435 0.0000
vt 2.6676 0.2626 0.0000
vt 2.8708 0.5684 0.0000
vt 2.8706 0.3827 0.0000
vt 2.8765 0.5658 0.0000
vt 2.8774 0.5644 0.0000
vt 2.8772 0.3827 0.0000
vt 2.8581 0.3827 0.0000
vt 2.8649 0.3827 0.0000
vt 2.8583 0.5680 0.0000
vt 2.8651 0.5697 0.0000
vt 2.8536 0.3827 0.0000
vt 2.8538 0.5658 0.0000
vt 2.4657 0.3003 0.0000
vt 2.4676 0.2135 0.0000
vt 2.4922 0.3003 0.0000
vt 2.4922 0.2136 0.0000
vt 2.1965 0.9297 0.0000
vt 2.1904 0.9297 0.0000
vt 2.1965 0.8061 0.0000
vt 2.1905 0.8034 0.0000
vt 2.8596 0.7164 0.0000
vt 2.8596 0.7703 0.0000
vt 2.8536 0.7189 0.0000
vt 2.8536 0.7703 0.0000
vt 2.3626 0.7272 0.0000
vt 2.3627 0.7567 0.0000
vt 2.3563 0.7272 0.0000
vt 2.3563 0.7567 0.0000
vt 2.3627 0.7920 0.0000
vt 2.3563 0.7920 0.0000
vt 2.8904 0.7135 0.0000
vt 2.8906 0.7837 0.0000
vt 2.8834 0.7135 0.0000
vt 2.8834 0.7837 0.0000
vt 2.8906 0.8140 0.0000
vt 2.8834 0.8106 0.0000
vt 2.4701 0.6995 0.0000
vt 2.4701 0.8607 0.0000
vt 2.4628 0.6995 0.0000
vt 2.4628 0.8634 0.0000
vt 2.1844 0.8016 0.0000
vt 2.1844 0.9297 0.0000
vt 2.1784 0.8034 0.0000
vt 2.1783 0.9297 0.0000
vt 2.8717 0.7703 0.0000
vt 2.8657 0.7702 0.0000
vt 2.8715 0.7172 0.0000
vt 2.8655 0.7148 0.0000
vt 2.3754 0.7567 0.0000
vt 2.3690 0.7567 0.0000
vt 2.3752 0.7272 0.0000
vt 2.3689 0.7272 0.0000
vt 2.3756 0.7920 0.0000
vt 2.3692 0.7920 0.0000
vt 2.9048 0.7837 0.0000
vt 2.8977 0.7837 0.0000
vt 2.9044 0.7135 0.0000
vt 2.8974 0.7135 0.0000
vt 2.9049 0.8131 0.0000
vt 2.8978 0.8157 0.0000
vt 2.4555 0.8652 0.0000
vt 2.4482 0.8634 0.0000
vt 2.4555 0.6995 0.0000
vt 2.4481 0.6995 0.0000
vt 2.1724 0.8061 0.0000
vt 2.1723 0.9297 0.0000
vt 2.8777 0.7704 0.0000
vt 2.8775 0.7206 0.0000
vt 2.3818 0.7567 0.0000
vt 2.3815 0.7272 0.0000
vt 2.3820 0.7920 0.0000
vt 2.9119 0.7837 0.0000
vt 2.9114 0.7135 0.0000
vt 2.9121 0.8089 0.0000
vt 2.4410 0.8607 0.0000
vt 2.4408 0.6995 0.0000
vt 2.4920 0.1884 0.0000
vt 2.4676 0.1882 0.0000
vt 2.9630 0.7485 0.0000
vt 2.9630 0.7031 0.0000
vt 2.9690 0.7485 0.0000
vt 2.9690 0.7031 0.0000
vt 2.9839 0.0101 0.0000
vt 2.9839 0.0529 0.0000
vt 2.9779 0.0101 0.0000
vt 2.9779 0.0529 0.0000
vt 2.9630 0.7757 0.0000
vt 2.9690 0.7757 0.0000
vt 2.9839 0.0826 0.0000
vt 2.9779 0.0826 0.0000
vt 2.9630 0.9207 0.0000
vt 2.9630 0.8654 0.0000
vt 2.9690 0.9207 0.0000
vt 2.9690 0.8654 0.0000
vt 2.9630 0.9531 0.0000
vt 2.9690 0.9531 0.0000
vt 2.9779 0.2972 0.0000
vt 2.9779 0.2620 0.0000
vt 2.9838 0.2972 0.0000
vt 2.9838 0.2620 0.0000
vt 2.9779 0.3325 0.0000
vt 2.9838 0.3325 0.0000
vt 2.9838 0.3678 0.0000
vt 2.9779 0.4031 0.0000
vt 2.9779 0.3678 0.0000
vt 2.9838 0.4031 0.0000
vt 2.9797 0.3678 0.0000
vt 2.9779 0.4383 0.0000
vt 2.9838 0.4383 0.0000
vt 2.9779 0.4710 0.0000
vt 2.9838 0.4710 0.0000
vt 2.9839 0.2172 0.0000
vt 2.9839 0.2556 0.0000
vt 2.9779 0.2172 0.0000
vt 2.9779 0.2556 0.0000
vt 2.9839 0.1523 0.0000
vt 2.9779 0.1523 0.0000
vt 2.6372 0.0101 0.0000
vt 2.6372 0.0444 0.0000
vt 2.6229 0.0248 0.0000
vt 2.6229 0.0444 0.0000
vt 2.5952 0.0101 0.0000
vt 2.5952 0.0248 0.0000
vt 2.6372 0.0788 0.0000
vt 2.6229 0.0788 0.0000
vt 2.6372 0.1131 0.0000
vt 2.6229 0.1131 0.0000
vt 2.6372 0.1474 0.0000
vt 2.6229 0.1474 0.0000
vt 2.6372 0.1818 0.0000
vt 2.6229 0.1818 0.0000
vt 2.6372 0.2161 0.0000
vt 2.6229 0.2161 0.0000
vt 2.6372 0.2504 0.0000
vt 2.6229 0.2504 0.0000
vt 2.6372 0.2844 0.0000
vt 2.6229 0.2844 0.0000
vt 2.6372 0.3191 0.0000
vt 2.6229 0.3191 0.0000
vt 2.6372 0.3534 0.0000
vt 2.6229 0.3387 0.0000
vt 2.5976 0.3534 0.0000
vt 2.5976 0.3387 0.0000
vt 2.5702 0.0101 0.0000
vt 2.5702 0.0248 0.0000
vt 2.5702 0.3534 0.0000
vt 2.5702 0.3387 0.0000
vt 2.4874 0.0101 0.0000
vt 2.4917 0.0248 0.0000
vt 2.4364 0.0444 0.0000
vt 2.4458 0.0557 0.0000
vt 2.4065 0.0788 0.0000
vt 2.4182 0.0872 0.0000
vt 2.3887 0.1131 0.0000
vt 2.4024 0.1180 0.0000
vt 2.3826 0.1474 0.0000
vt 2.3968 0.1491 0.0000
vt 2.3811 0.1818 0.0000
vt 2.3954 0.1816 0.0000
vt 2.3834 0.2161 0.0000
vt 2.3975 0.2135 0.0000
vt 2.3932 0.2504 0.0000
vt 2.4064 0.2447 0.0000
vt 2.4104 0.2822 0.0000
vt 2.4219 0.2733 0.0000
vt 2.4458 0.3191 0.0000
vt 2.4546 0.3073 0.0000
vt 2.5057 0.3534 0.0000
vt 2.5094 0.3387 0.0000
vt 2.9398 0.5818 0.0000
vt 2.9398 0.6014 0.0000
vt 2.9332 0.5818 0.0000
vt 2.9332 0.6014 0.0000
vt 2.9630 0.2802 0.0000
vt 2.9630 0.2502 0.0000
vt 2.9700 0.2802 0.0000
vt 2.9700 0.2502 0.0000
vt 2.9398 0.6358 0.0000
vt 2.9332 0.6358 0.0000
vt 2.9398 0.6701 0.0000
vt 2.9332 0.6701 0.0000
vt 2.9398 0.7044 0.0000
vt 2.9332 0.7044 0.0000
vt 2.9398 0.7388 0.0000
vt 2.9332 0.7388 0.0000
vt 2.9398 0.7731 0.0000
vt 2.9332 0.7731 0.0000
vt 2.9398 0.8074 0.0000
vt 2.9332 0.8074 0.0000
vt 2.9398 0.8414 0.0000
vt 2.9332 0.8414 0.0000
vt 2.9398 0.8761 0.0000
vt 2.9332 0.8761 0.0000
vt 2.9398 0.8957 0.0000
vt 2.9332 0.8957 0.0000
vt 2.9700 0.4787 0.0000
vt 2.9700 0.5061 0.0000
vt 2.9630 0.4787 0.0000
vt 2.9630 0.5061 0.0000
vt 2.9630 0.3074 0.0000
vt 2.9700 0.3074 0.0000
vt 2.9700 0.5358 0.0000
vt 2.9630 0.5358 0.0000
vt 2.9630 0.4424 0.0000
vt 2.9630 0.3926 0.0000
vt 2.9700 0.4424 0.0000
vt 2.9700 0.3926 0.0000
vt 2.9630 0.4723 0.0000
vt 2.9700 0.4723 0.0000
vt 2.4458 0.3656 0.0000
vt 2.4458 0.3341 0.0000
vt 2.4526 0.3656 0.0000
vt 2.4526 0.3341 0.0000
vt 2.4458 0.3975 0.0000
vt 2.4526 0.3975 0.0000
vt 2.4458 0.4309 0.0000
vt 2.4526 0.4309 0.0000
vt 2.4458 0.4637 0.0000
vt 2.4526 0.4637 0.0000
vt 2.4458 0.4958 0.0000
vt 2.4526 0.4958 0.0000
vt 2.4458 0.5251 0.0000
vt 2.4526 0.5251 0.0000
vt 2.9700 0.6612 0.0000
vt 2.9700 0.6967 0.0000
vt 2.9630 0.6612 0.0000
vt 2.9630 0.6967 0.0000
vt 2.9700 0.6017 0.0000
vt 2.9630 0.6017 0.0000
vt 2.5943 0.1886 0.0000
vt 2.5661 0.1886 0.0000
vt 2.5944 0.0809 0.0000
vt 2.5822 0.0534 0.0000
vt 2.5480 0.0344 0.0000
vt 2.5255 0.1885 0.0000
vt 2.5257 0.0312 0.0000
vt 2.5057 0.0348 0.0000
vt 2.4865 0.0420 0.0000
vt 2.4772 0.0520 0.0000
vt 2.5256 0.2134 0.0000
vt 2.5256 0.3003 0.0000
vt 2.5709 0.0435 0.0000
vt 2.5660 0.2131 0.0000
vt 2.5656 0.3003 0.0000
vt 2.5942 0.2129 0.0000
vt 2.5946 0.3003 0.0000
vt 2.4678 0.0671 0.0000
vt 2.9323 0.0101 0.0000
vt 2.9323 0.0983 0.0000
vt 2.9279 0.0101 0.0000
vt 2.9279 0.0983 0.0000
vt 2.9323 0.1241 0.0000
vt 2.9280 0.1241 0.0000
vt 2.9202 0.5538 0.0000
vt 2.9223 0.5199 0.0000
vt 2.9246 0.5539 0.0000
vt 2.9267 0.5200 0.0000
vt 2.9223 0.4068 0.0000
vt 2.9267 0.4068 0.0000
vt 2.4130 0.1493 0.0000
vt 2.4174 0.1491 0.0000
vt 2.4150 0.1770 0.0000
vt 2.4194 0.1767 0.0000
vt 2.4174 0.2012 0.0000
vt 2.4218 0.2008 0.0000
vt 2.4197 0.2254 0.0000
vt 2.4241 0.2253 0.0000
vt 2.9300 0.2732 0.0000
vt 2.9276 0.2865 0.0000
vt 2.9256 0.2732 0.0000
vt 2.9232 0.2864 0.0000
vt 2.4110 0.1217 0.0000
vt 2.4154 0.1219 0.0000
vt 2.9223 0.3820 0.0000
vt 2.9267 0.3820 0.0000
vt 2.9223 0.2929 0.0000
vt 2.9267 0.2929 0.0000
vt 2.9182 0.5677 0.0000
vt 2.9226 0.5678 0.0000
vt 2.9323 0.2526 0.0000
vt 2.9280 0.2526 0.0000
vt 2.1190 0.3255 0.0000
vt 2.1181 0.2390 0.0000
vt 2.1304 0.3255 0.0000
vt 2.1324 0.2388 0.0000
vt 2.1177 0.2136 0.0000
vt 2.1320 0.2135 0.0000
vt 2.2732 0.1024 0.0000
vt 2.2589 0.1058 0.0000
vt 2.2579 0.0691 0.0000
vt 2.2462 0.0782 0.0000
vt 2.2732 0.2136 0.0000
vt 2.2589 0.2136 0.0000
vt 2.1906 0.0413 0.0000
vt 2.2169 0.0449 0.0000
vt 2.1910 0.0562 0.0000
vt 2.2133 0.0592 0.0000
vt 2.1443 0.0544 0.0000
vt 2.1676 0.0456 0.0000
vt 2.1519 0.0673 0.0000
vt 2.1713 0.0599 0.0000
vt 2.1308 0.0674 0.0000
vt 2.1416 0.0771 0.0000
vt 2.2429 0.0554 0.0000
vt 2.2353 0.0682 0.0000
vt 2.2733 0.2380 0.0000
vt 2.2590 0.2380 0.0000
vt 2.2733 0.3255 0.0000
vt 2.2594 0.3255 0.0000
vt 2.1176 0.0876 0.0000
vt 2.1317 0.0922 0.0000
vt 2.6100 0.0312 0.0000
vt 2.6100 0.1190 0.0000
vt 2.6000 0.0312 0.0000
vt 2.6000 0.1191 0.0000
vt 2.6112 0.1446 0.0000
vt 2.6012 0.1448 0.0000
vt 2.8739 0.2329 0.0000
vt 2.8839 0.2328 0.0000
vt 2.8760 0.2609 0.0000
vt 2.8859 0.2606 0.0000
vt 2.8737 0.1235 0.0000
vt 2.8837 0.1234 0.0000
vt 2.7884 0.0570 0.0000
vt 2.7901 0.0336 0.0000
vt 2.7984 0.0576 0.0000
vt 2.8001 0.0342 0.0000
vt 2.7840 0.0979 0.0000
vt 2.7865 0.0776 0.0000
vt 2.7940 0.0987 0.0000
vt 2.7965 0.0785 0.0000
vt 2.6143 0.2927 0.0000
vt 2.6044 0.2930 0.0000
vt 2.6134 0.2827 0.0000
vt 2.6034 0.2829 0.0000
vt 2.7925 0.0105 0.0000
vt 2.8025 0.0101 0.0000
vt 2.8735 0.0988 0.0000
vt 2.8835 0.0988 0.0000
vt 2.8735 0.0101 0.0000
vt 2.8835 0.0101 0.0000
vt 2.8776 0.2710 0.0000
vt 2.8876 0.2707 0.0000
vt 2.6124 0.2675 0.0000
vt 2.6025 0.2676 0.0000
vt 2.8719 0.8761 0.0000
vt 2.8780 0.8761 0.0000
vt 2.8658 0.8761 0.0000
vt 2.8597 0.8761 0.0000
vt 2.8536 0.8761 0.0000
vt 2.1098 0.2441 0.0000
vt 2.1027 0.2430 0.0000
vt 2.1098 0.2197 0.0000
vt 2.1027 0.2204 0.0000
vt 2.3712 0.0286 0.0000
vt 2.3737 0.0228 0.0000
vt 2.3783 0.0279 0.0000
vt 2.3806 0.0228 0.0000
vt 2.1098 0.1882 0.0000
vt 2.1027 0.1889 0.0000
vt 2.8183 0.0286 0.0000
vt 2.8111 0.0279 0.0000
vt 2.8158 0.0228 0.0000
vt 2.8088 0.0228 0.0000
vt 2.3733 0.0101 0.0000
vt 2.3806 0.0101 0.0000
vt 2.3749 0.0170 0.0000
vt 2.3806 0.0170 0.0000
vt 2.8162 0.0101 0.0000
vt 2.8146 0.0170 0.0000
vt 2.8088 0.0101 0.0000
vt 2.8088 0.0170 0.0000
vt 2.2978 0.6256 0.0000
vt 2.2966 0.6028 0.0000
vt 2.3025 0.5893 0.0000
vt 2.4729 0.5820 0.0000
vt 2.4816 0.5852 0.0000
vt 2.4962 0.5881 0.0000
vt 2.5030 0.6220 0.0000
vt 2.5014 0.6032 0.0000
vt 2.4620 0.5767 0.0000
vt 2.3390 0.6419 0.0000
vt 2.6065 0.8363 0.0000
vt 2.6086 0.7799 0.0000
vt 2.6168 0.7799 0.0000
vt 2.6129 0.8363 0.0000
vt 2.8193 0.8451 0.0000
vt 2.8223 0.8998 0.0000
vt 2.8132 0.8998 0.0000
vt 2.8121 0.8451 0.0000
vt 2.8030 0.8998 0.0000
vt 2.8041 0.8451 0.0000
vt 2.7939 0.8998 0.0000
vt 2.7969 0.8451 0.0000
vt 2.2806 0.8498 0.0000
vt 2.2767 0.7934 0.0000
vt 2.2849 0.7934 0.0000
vt 2.2870 0.8498 0.0000
vt 2.2951 0.7934 0.0000
vt 2.2951 0.8498 0.0000
vt 2.3052 0.7934 0.0000
vt 2.3031 0.8498 0.0000
vt 2.3134 0.7934 0.0000
vt 2.3096 0.8498 0.0000
vt 2.8864 0.8768 0.0000
vt 2.8834 0.8221 0.0000
vt 2.8925 0.8221 0.0000
vt 2.8936 0.8768 0.0000
vt 2.9027 0.8221 0.0000
vt 2.9016 0.8768 0.0000
vt 2.9118 0.8221 0.0000
vt 2.9088 0.8768 0.0000
vt 2.5839 0.8363 0.0000
vt 2.5801 0.7799 0.0000
vt 2.5882 0.7799 0.0000
vt 2.5904 0.8363 0.0000
vt 2.5984 0.7799 0.0000
vt 2.5984 0.8363 0.0000
vt 2.0332 0.0115 0.0000
vt 2.0381 0.0156 0.0000
vt 2.0270 0.0247 0.0000
vt 2.0409 0.0215 0.0000
vt 2.0409 0.0280 0.0000
vt 2.0381 0.0339 0.0000
vt 2.0332 0.0379 0.0000
vt 2.0270 0.0394 0.0000
vt 2.0208 0.0379 0.0000
vt 2.0159 0.0339 0.0000
vt 2.0131 0.0280 0.0000
vt 2.0131 0.0215 0.0000
vt 2.0159 0.0156 0.0000
vt 2.0208 0.0115 0.0000
vt 2.0270 0.0101 0.0000
vt 2.6080 0.8412 0.0000
vt 2.6157 0.8412 0.0000
vt 2.8214 0.8403 0.0000
vt 2.8129 0.8403 0.0000
vt 2.8033 0.8403 0.0000
vt 2.7947 0.8403 0.0000
vt 2.2778 0.8547 0.0000
vt 2.2855 0.8547 0.0000
vt 2.2951 0.8547 0.0000
vt 2.3046 0.8547 0.0000
vt 2.3123 0.8547 0.0000
vt 2.8843 0.8816 0.0000
vt 2.8928 0.8816 0.0000
vt 2.9024 0.8816 0.0000
vt 2.9110 0.8816 0.0000
vt 2.5811 0.8412 0.0000
vt 2.5888 0.8412 0.0000
vt 2.5984 0.8412 0.0000
vt 2.6051 0.8791 0.0000
vt 2.6104 0.8791 0.0000
vt 2.8174 0.8035 0.0000
vt 2.8114 0.8035 0.0000
vt 2.8048 0.8035 0.0000
vt 2.7988 0.8035 0.0000
vt 2.2831 0.8926 0.0000
vt 2.2884 0.8926 0.0000
vt 2.2951 0.8926 0.0000
vt 2.3017 0.8926 0.0000
vt 2.3070 0.8926 0.0000
vt 2.8884 0.9184 0.0000
vt 2.8943 0.9184 0.0000
vt 2.9009 0.9184 0.0000
vt 2.9069 0.9184 0.0000
vt 2.5864 0.8791 0.0000
vt 2.5918 0.8791 0.0000
vt 2.5984 0.8791 0.0000
vt 2.5617 0.8352 0.0000
vt 2.5638 0.7788 0.0000
vt 2.5720 0.7788 0.0000
vt 2.5682 0.8352 0.0000
vt 2.1529 0.8945 0.0000
vt 2.1559 0.9492 0.0000
vt 2.1468 0.9492 0.0000
vt 2.1457 0.8945 0.0000
vt 2.1366 0.9492 0.0000
vt 2.1377 0.8945 0.0000
vt 2.1275 0.9492 0.0000
vt 2.1305 0.8945 0.0000
vt 2.2060 0.8580 0.0000
vt 2.2021 0.8016 0.0000
vt 2.2103 0.8016 0.0000
vt 2.2124 0.8580 0.0000
vt 2.2205 0.8016 0.0000
vt 2.2205 0.8580 0.0000
vt 2.2306 0.8016 0.0000
vt 2.2285 0.8580 0.0000
vt 2.2388 0.8016 0.0000
vt 2.2350 0.8580 0.0000
vt 2.0161 0.9171 0.0000
vt 2.0131 0.8624 0.0000
vt 2.0223 0.8624 0.0000
vt 2.0233 0.9171 0.0000
vt 2.0324 0.8624 0.0000
vt 2.0313 0.9171 0.0000
vt 2.0415 0.8624 0.0000
vt 2.0385 0.9171 0.0000
vt 2.5392 0.8352 0.0000
vt 2.5353 0.7788 0.0000
vt 2.5435 0.7788 0.0000
vt 2.5456 0.8352 0.0000
vt 2.5537 0.7788 0.0000
vt 2.5537 0.8352 0.0000
vt 2.3863 0.2708 0.0000
vt 2.3912 0.2748 0.0000
vt 2.3801 0.2840 0.0000
vt 2.3939 0.2807 0.0000
vt 2.3939 0.2872 0.0000
vt 2.3912 0.2931 0.0000
vt 2.3863 0.2972 0.0000
vt 2.3801 0.2986 0.0000
vt 2.3739 0.2972 0.0000
vt 2.3690 0.2931 0.0000
vt 2.3662 0.2872 0.0000
vt 2.3662 0.2807 0.0000
vt 2.3690 0.2748 0.0000
vt 2.3739 0.2708 0.0000
vt 2.3801 0.2693 0.0000
vt 2.5632 0.8402 0.0000
vt 2.5709 0.8402 0.0000
vt 2.1551 0.8897 0.0000
vt 2.1465 0.8897 0.0000
vt 2.1369 0.8897 0.0000
vt 2.1284 0.8897 0.0000
vt 2.2032 0.8630 0.0000
vt 2.2109 0.8630 0.0000
vt 2.2205 0.8630 0.0000
vt 2.2300 0.8630 0.0000
vt 2.2377 0.8630 0.0000
vt 2.0140 0.9219 0.0000
vt 2.0226 0.9219 0.0000
vt 2.0321 0.9219 0.0000
vt 2.0407 0.9219 0.0000
vt 2.5364 0.8402 0.0000
vt 2.5441 0.8402 0.0000
vt 2.5537 0.8402 0.0000
vt 2.5603 0.8781 0.0000
vt 2.5656 0.8781 0.0000
vt 2.1510 0.8529 0.0000
vt 2.1450 0.8529 0.0000
vt 2.1384 0.8529 0.0000
vt 2.1324 0.8529 0.0000
vt 2.2085 0.9009 0.0000
vt 2.2138 0.9009 0.0000
vt 2.2205 0.9009 0.0000
vt 2.2271 0.9009 0.0000
vt 2.2324 0.9009 0.0000
vt 2.0181 0.9586 0.0000
vt 2.0240 0.9586 0.0000
vt 2.0306 0.9586 0.0000
vt 2.0366 0.9586 0.0000
vt 2.5417 0.8781 0.0000
vt 2.5470 0.8781 0.0000
vt 2.5537 0.8781 0.0000
vt 2.1627 0.6629 0.0000
vt 2.2035 0.6676 0.0000
vt 2.2032 0.6848 0.0000
vt 2.1623 0.6939 0.0000
vt 2.1631 0.6395 0.0000
vt 2.2037 0.6466 0.0000
vt 2.1632 0.6297 0.0000
vt 2.2039 0.6297 0.0000
vt 2.1636 0.6021 0.0000
vt 2.2042 0.6102 0.0000
vt 2.1637 0.5954 0.0000
vt 2.2044 0.5954 0.0000
vt 2.1640 0.5677 0.0000
vt 2.2047 0.5752 0.0000
vt 2.1641 0.5610 0.0000
vt 2.2049 0.5610 0.0000
vt 2.1645 0.5175 0.0000
vt 2.2052 0.5241 0.0000
vt 2.1646 0.5086 0.0000
vt 2.2053 0.5086 0.0000
vt 2.1650 0.4931 0.0000
vt 2.2058 0.4939 0.0000
vt 2.2030 0.6984 0.0000
vt 2.1623 0.6984 0.0000
vt 2.1765 0.2645 0.0000
vt 2.2371 0.2645 0.0000
vt 2.2371 0.2819 0.0000
vt 2.1765 0.2819 0.0000
vt 2.4065 0.5263 0.0000
vt 2.3463 0.5263 0.0000
vt 2.3463 0.4953 0.0000
vt 2.4065 0.4953 0.0000
vt 2.3463 0.4719 0.0000
vt 2.4065 0.4719 0.0000
vt 2.1765 0.2434 0.0000
vt 2.2371 0.2434 0.0000
vt 2.1765 0.2264 0.0000
vt 2.2371 0.2264 0.0000
vt 2.3463 0.4621 0.0000
vt 2.4065 0.4621 0.0000
vt 2.3463 0.4344 0.0000
vt 2.4065 0.4344 0.0000
vt 2.1765 0.2067 0.0000
vt 2.2371 0.2067 0.0000
vt 2.1765 0.1918 0.0000
vt 2.2371 0.1918 0.0000
vt 2.3463 0.4277 0.0000
vt 2.4065 0.4277 0.0000
vt 2.3463 0.4001 0.0000
vt 2.4065 0.4001 0.0000
vt 2.1765 0.1715 0.0000
vt 2.2371 0.1715 0.0000
vt 2.1765 0.1573 0.0000
vt 2.2371 0.1573 0.0000
vt 2.3463 0.3934 0.0000
vt 2.4065 0.3934 0.0000
vt 2.3463 0.3498 0.0000
vt 2.4065 0.3498 0.0000
vt 2.1765 0.1201 0.0000
vt 2.2371 0.1201 0.0000
vt 2.1765 0.1046 0.0000
vt 2.2371 0.1046 0.0000
vt 2.3463 0.3410 0.0000
vt 2.4065 0.3410 0.0000
vt 2.1765 0.0898 0.0000
vt 2.2371 0.0898 0.0000
vt 2.3463 0.3255 0.0000
vt 2.4065 0.3255 0.0000
vt 2.1657 0.4583 0.0000
vt 2.1668 0.3963 0.0000
vt 2.2224 0.3974 0.0000
vt 2.2117 0.4592 0.0000
vt 2.2371 0.2955 0.0000
vt 2.1765 0.2955 0.0000
vt 2.2083 0.7332 0.0000
vt 2.2178 0.7952 0.0000
vt 2.1623 0.7952 0.0000
vt 2.1623 0.7332 0.0000
vt 2.4065 0.5307 0.0000
vt 2.3463 0.5307 0.0000
vt 2.1424 0.2645 0.0000
vt 2.1614 0.2645 0.0000
vt 2.1614 0.2819 0.0000
vt 2.1424 0.2819 0.0000
vt 2.1424 0.2434 0.0000
vt 2.1614 0.2434 0.0000
vt 2.1424 0.2264 0.0000
vt 2.1614 0.2264 0.0000
vt 2.1424 0.2067 0.0000
vt 2.1614 0.2067 0.0000
vt 2.1424 0.1918 0.0000
vt 2.1614 0.1918 0.0000
vt 2.1424 0.1715 0.0000
vt 2.1614 0.1715 0.0000
vt 2.1424 0.1573 0.0000
vt 2.1614 0.1573 0.0000
vt 2.1424 0.1201 0.0000
vt 2.1614 0.1201 0.0000
vt 2.1424 0.1046 0.0000
vt 2.1614 0.1046 0.0000
vt 2.1424 0.0898 0.0000
vt 2.1614 0.0898 0.0000
vt 2.1654 0.4738 0.0000
vt 2.2091 0.4746 0.0000
vt 2.4404 0.3410 0.0000
vt 2.4216 0.3410 0.0000
vt 2.4216 0.3255 0.0000
vt 2.4404 0.3255 0.0000
vt 2.4404 0.3498 0.0000
vt 2.4216 0.3498 0.0000
vt 2.4404 0.3934 0.0000
vt 2.4216 0.3934 0.0000
vt 2.4404 0.4001 0.0000
vt 2.4216 0.4001 0.0000
vt 2.4404 0.4277 0.0000
vt 2.4216 0.4277 0.0000
vt 2.4404 0.4344 0.0000
vt 2.4216 0.4344 0.0000
vt 2.4404 0.4621 0.0000
vt 2.4216 0.4621 0.0000
vt 2.4404 0.4719 0.0000
vt 2.4216 0.4719 0.0000
vt 2.4404 0.4953 0.0000
vt 2.4216 0.4953 0.0000
vt 2.4404 0.5263 0.0000
vt 2.4216 0.5263 0.0000
vt 2.4404 0.5307 0.0000
vt 2.4216 0.5307 0.0000
vt 2.2060 0.7177 0.0000
vt 2.1623 0.7177 0.0000
vt 2.1614 0.2955 0.0000
vt 2.1424 0.2955 0.0000
vt 2.2657 0.8083 0.0000
vt 2.2686 0.8799 0.0000
vt 2.2492 0.8799 0.0000
vt 2.2469 0.8083 0.0000
vt 2.4467 0.5396 0.0000
vt 2.3822 0.6096 0.0000
vt 2.4364 0.5371 0.0000
vt 2.3762 0.5972 0.0000
vt 2.4315 0.0226 0.0000
vt 2.3644 0.0945 0.0000
vt 2.4180 0.0100 0.0000
vt 2.3513 0.0825 0.0000
vt 2.6350 0.6984 0.0000
vt 2.6377 0.7089 0.0000
vt 2.5701 0.7679 0.0000
vt 2.5824 0.7735 0.0000
vt 2.6911 0.2588 0.0000
vt 2.6929 0.3298 0.0000
vt 2.6757 0.3298 0.0000
vt 2.6746 0.2588 0.0000
vt 2.5453 0.7582 0.0000
vt 2.6039 0.6985 0.0000
vt 2.6144 0.7004 0.0000
vt 2.5515 0.7707 0.0000
vt 2.0131 0.0827 0.0000
vt 2.0781 0.0101 0.0000
vt 2.0902 0.0213 0.0000
vt 2.0247 0.0933 0.0000
vt 2.3103 0.7267 0.0000
vt 2.3128 0.7374 0.0000
vt 2.2469 0.7965 0.0000
vt 2.2594 0.8019 0.0000
vt 2.1013 0.0100 0.0000
vt 2.1006 0.0117 0.0000
vt 2.0977 0.0166 0.0000
vt 2.1006 0.0184 0.0000
vt 2.0485 0.0116 0.0000
vt 2.0510 0.0177 0.0000
vt 2.0480 0.0162 0.0000
vt 2.0480 0.0100 0.0000
vt 2.0496 0.0239 0.0000
vt 2.0480 0.0224 0.0000
vt 2.9538 0.0101 0.0000
vt 2.9538 0.0444 0.0000
vt 2.9481 0.0444 0.0000
vt 2.9481 0.0101 0.0000
vt 2.9538 0.0788 0.0000
vt 2.9481 0.0788 0.0000
vt 2.9481 0.1131 0.0000
vt 2.9538 0.1131 0.0000
vt 2.9481 0.1474 0.0000
vt 2.9538 0.1474 0.0000
vt 2.9481 0.1818 0.0000
vt 2.9538 0.1818 0.0000
vt 2.9481 0.2161 0.0000
vt 2.9538 0.2161 0.0000
vt 2.9481 0.2504 0.0000
vt 2.9538 0.2504 0.0000
vt 2.9481 0.2844 0.0000
vt 2.9538 0.2844 0.0000
vt 2.9481 0.3191 0.0000
vt 2.9538 0.3191 0.0000
vt 2.9481 0.3534 0.0000
vt 2.9538 0.3534 0.0000
# 1576 texture coords

o meshId1_name
g meshId1_name
usemtl 03___Default
s off
f 288/322/187 289/323/188 290/324/189 
f 290/324/189 289/323/188 291/325/190 
f 292/326/191 293/327/192 288/328/187 
f 288/328/187 293/327/192 289/329/188 
f 294/330/193 295/331/194 292/332/191 
f 292/326/191 295/333/194 293/327/192 
f 296/334/195 297/335/196 294/336/197 
f 294/337/197 297/338/196 295/339/194 
f 298/340/198 299/341/199 296/342/195 
f 296/342/195 299/341/199 297/343/196 
f 298/340/198 300/344/200 299/341/199 
f 299/341/199 300/344/200 301/345/201 
f 300/344/200 302/346/202 301/345/201 
f 301/345/201 302/346/202 303/347/203 
f 302/346/202 304/348/204 303/347/203 
f 303/347/203 304/348/204 305/349/205 
f 304/350/204 306/351/206 305/352/205 
f 305/352/205 306/351/206 307/353/207 
f 306/351/206 308/354/208 307/353/207 
f 307/353/207 308/354/208 309/355/209 
f 308/354/208 310/356/210 309/355/209 
f 309/355/209 310/356/210 311/357/211 
f 310/358/210 312/359/212 311/360/211 
f 311/360/211 312/359/212 313/361/213 
f 312/359/212 314/362/214 313/361/213 
f 313/361/213 314/362/214 315/363/215 
f 314/362/214 290/324/189 315/363/215 
f 315/363/215 290/324/189 291/325/190 
f 316/364/216 317/365/216 318/366/217 
f 317/365/216 319/367/216 318/366/217 
f 319/367/216 320/368/217 318/366/217 
f 320/368/217 321/369/217 318/366/217 
f 321/369/217 322/370/216 318/366/217 
f 322/370/216 323/371/216 318/366/217 
f 323/371/216 324/372/216 318/366/217 
f 324/372/216 325/373/218 318/366/217 
f 325/373/218 326/374/218 318/366/217 
f 326/374/218 327/375/216 318/366/217 
f 327/375/216 328/376/218 318/366/217 
f 328/376/218 329/377/218 318/366/217 
f 329/377/218 330/378/216 318/366/217 
f 330/378/216 316/364/216 318/366/217 
f 331/379/219 332/380/220 333/381/221 
f 333/381/221 332/380/220 334/382/222 
f 335/383/223 331/379/219 336/384/224 
f 336/384/224 331/379/219 333/381/221 
f 337/385/225 335/383/223 338/386/226 
f 338/386/226 335/383/223 336/384/224 
f 339/387/227 337/388/225 340/389/228 
f 340/389/228 337/388/225 338/390/226 
f 339/387/227 340/389/228 341/391/229 
f 341/391/229 340/389/228 342/392/230 
f 341/391/229 342/392/230 343/393/231 
f 343/393/231 342/392/230 344/394/232 
f 343/395/231 344/396/232 345/397/233 
f 345/397/233 344/396/232 346/398/234 
f 345/397/233 346/398/234 347/399/235 
f 347/399/235 346/398/234 348/400/236 
f 347/399/235 348/400/236 349/401/237 
f 349/401/237 348/400/236 350/402/238 
f 349/401/237 350/402/238 351/403/239 
f 351/403/239 350/402/238 352/404/240 
f 351/405/239 352/406/240 353/407/241 
f 353/407/241 352/406/240 354/408/242 
f 355/409/243 353/407/241 356/410/244 
f 356/410/244 353/407/241 354/408/242 
f 357/411/245 355/409/243 358/412/246 
f 358/412/246 355/409/243 356/410/244 
f 332/380/220 357/413/245 334/382/222 
f 334/382/222 357/413/245 358/414/246 
f 315/363/215 291/325/190 359/415/247 
f 359/415/247 291/325/190 360/416/248 
f 313/361/213 315/363/215 361/417/249 
f 361/417/249 315/363/215 359/415/247 
f 311/360/211 313/361/213 362/418/250 
f 362/418/250 313/361/213 361/417/249 
f 309/355/209 311/357/211 363/419/251 
f 363/419/251 311/357/211 362/420/250 
f 307/353/207 309/355/209 364/421/252 
f 364/421/252 309/355/209 363/419/251 
f 307/353/207 364/421/252 305/352/205 
f 305/352/205 364/421/252 365/422/253 
f 305/349/205 365/423/253 303/347/203 
f 303/347/203 365/423/253 366/424/254 
f 303/347/203 366/424/254 301/345/201 
f 301/345/201 366/424/254 367/425/255 
f 301/345/201 367/425/255 299/341/199 
f 299/341/199 367/425/255 368/426/256 
f 299/341/199 368/426/256 297/343/196 
f 297/343/196 368/426/256 369/427/257 
f 297/428/196 369/429/257 295/430/194 
f 295/333/194 369/431/257 370/432/258 
f 289/329/188 293/327/192 371/433/259 
f 371/433/259 293/327/192 372/434/260 
f 291/325/190 289/323/188 360/416/248 
f 360/416/248 289/323/188 371/435/259 
f 359/415/247 360/416/248 331/379/219 
f 331/379/219 360/416/248 332/380/220 
f 361/417/249 359/415/247 335/383/223 
f 335/383/223 359/415/247 331/379/219 
f 362/418/250 361/417/249 337/385/225 
f 337/385/225 361/417/249 335/383/223 
f 363/419/251 362/420/250 339/436/227 
f 339/436/227 362/420/250 337/437/225 
f 363/419/251 339/436/227 364/421/252 
f 364/421/252 339/436/227 341/438/229 
f 364/421/252 341/438/229 365/422/253 
f 365/422/253 341/438/229 343/439/231 
f 365/423/253 343/395/231 366/424/254 
f 366/424/254 343/395/231 345/397/233 
f 366/424/254 345/397/233 367/425/255 
f 367/425/255 345/397/233 347/399/235 
f 367/425/255 347/399/235 368/426/256 
f 368/426/256 347/399/235 349/401/237 
f 368/426/256 349/401/237 369/427/257 
f 369/427/257 349/401/237 351/403/239 
f 369/431/257 351/440/239 370/432/258 
f 370/432/258 351/440/239 353/441/241 
f 372/434/260 370/432/258 355/442/243 
f 355/442/243 370/432/258 353/441/241 
f 371/433/259 372/434/260 357/443/245 
f 357/443/245 372/434/260 355/442/243 
f 360/416/248 371/435/259 332/380/220 
f 332/380/220 371/435/259 357/413/245 
f 334/382/222 373/444/261 333/381/221 
f 333/381/221 373/444/261 374/445/262 
f 333/381/221 374/445/262 336/384/224 
f 336/384/224 374/445/262 375/446/263 
f 336/384/224 375/446/263 338/386/226 
f 338/386/226 375/446/263 376/447/264 
f 338/390/226 376/448/264 340/389/228 
f 340/389/228 376/448/264 377/449/265 
f 340/389/228 377/449/265 342/392/230 
f 342/392/230 377/449/265 378/450/266 
f 342/392/230 378/450/266 344/394/232 
f 344/394/232 378/450/266 379/451/267 
f 344/396/232 379/452/267 346/398/234 
f 346/398/234 379/452/267 380/453/268 
f 348/400/236 346/398/234 381/454/269 
f 381/454/269 346/398/234 380/453/268 
f 350/402/238 348/400/236 382/455/270 
f 382/455/270 348/400/236 381/454/269 
f 352/404/240 350/402/238 383/456/271 
f 383/456/271 350/402/238 382/455/270 
f 354/408/242 352/406/240 384/457/272 
f 384/457/272 352/406/240 383/458/271 
f 356/410/244 354/408/242 385/459/273 
f 358/412/246 356/410/244 386/460/274 
f 386/460/274 356/410/244 385/459/273 
f 358/414/246 386/461/274 334/382/222 
f 334/382/222 386/461/274 373/444/261 
f 373/444/261 316/462/275 374/445/262 
f 374/445/262 316/462/275 330/463/276 
f 374/445/262 330/463/276 375/446/263 
f 375/446/263 330/463/276 329/464/277 
f 375/446/263 329/464/277 376/447/264 
f 376/447/264 329/464/277 328/465/278 
f 376/448/264 328/466/278 377/449/265 
f 377/449/265 328/466/278 327/467/279 
f 377/449/265 327/467/279 378/450/266 
f 378/450/266 327/467/279 326/468/280 
f 379/451/267 378/450/266 325/469/281 
f 325/469/281 378/450/266 326/468/280 
f 380/453/268 379/452/267 324/470/282 
f 324/470/282 379/452/267 325/471/281 
f 381/454/269 380/453/268 323/472/283 
f 323/472/283 380/453/268 324/470/282 
f 382/455/270 381/454/269 322/473/284 
f 322/473/284 381/454/269 323/472/283 
f 383/456/271 382/455/270 321/474/285 
f 321/474/285 382/455/270 322/473/284 
f 384/457/272 383/458/271 320/475/286 
f 320/475/286 383/458/271 321/476/285 
f 319/477/287 384/457/272 320/475/286 
f 385/459/273 319/477/287 386/460/274 
f 386/478/274 319/479/287 317/480/288 
f 386/461/274 317/481/288 373/444/261 
f 373/444/261 317/481/288 316/462/275 
f 387/482/187 388/483/188 389/484/189 
f 389/484/189 388/483/188 390/485/190 
f 391/486/289 392/487/192 387/488/187 
f 387/488/187 392/487/192 388/489/188 
f 393/490/290 394/491/291 391/486/289 
f 391/486/289 394/491/291 392/487/192 
f 395/492/292 396/493/293 393/490/290 
f 393/490/290 396/493/293 394/491/291 
f 397/494/198 398/495/199 395/496/292 
f 395/496/292 398/495/199 396/497/293 
f 397/494/198 399/498/200 398/495/199 
f 398/495/199 399/498/200 400/499/201 
f 399/498/200 401/500/202 400/499/201 
f 400/499/201 401/500/202 402/501/203 
f 401/500/202 403/502/204 402/501/203 
f 402/501/203 403/502/204 404/503/205 
f 403/504/204 405/505/206 404/506/205 
f 404/506/205 405/505/206 406/507/207 
f 405/505/206 407/508/208 406/507/207 
f 406/507/207 407/508/208 408/509/209 
f 407/508/208 409/510/210 408/509/209 
f 408/509/209 409/510/210 410/511/211 
f 409/512/210 411/513/212 410/514/211 
f 410/514/211 411/513/212 412/515/294 
f 411/513/212 413/516/214 412/515/294 
f 412/515/294 413/516/214 414/517/215 
f 413/516/214 389/484/189 414/517/215 
f 414/517/215 389/484/189 390/485/190 
f 415/518/216 416/519/216 417/520/217 
f 416/519/216 418/521/216 417/520/217 
f 418/521/216 419/522/217 417/520/217 
f 419/522/217 420/523/217 417/520/217 
f 420/523/217 421/524/216 417/520/217 
f 421/524/216 422/525/216 417/520/217 
f 422/525/216 423/526/216 417/520/217 
f 423/526/216 424/527/218 417/520/217 
f 424/527/218 425/528/218 417/520/217 
f 425/528/218 426/529/216 417/520/217 
f 426/529/216 427/530/218 417/520/217 
f 427/530/218 428/531/218 417/520/217 
f 428/531/218 429/532/216 417/520/217 
f 429/532/216 415/518/216 417/520/217 
f 430/533/219 431/534/220 432/535/221 
f 432/535/221 431/534/220 433/536/222 
f 434/537/295 430/533/219 435/538/224 
f 435/538/224 430/533/219 432/535/221 
f 436/539/225 434/537/295 437/540/226 
f 437/540/226 434/537/295 435/538/224 
f 438/541/227 436/542/225 439/543/228 
f 439/543/228 436/542/225 437/544/226 
f 438/541/227 439/543/228 440/545/229 
f 440/545/229 439/543/228 441/546/230 
f 440/545/229 441/546/230 442/547/231 
f 442/547/231 441/546/230 443/548/232 
f 442/549/231 443/550/232 444/551/233 
f 444/551/233 443/550/232 445/552/234 
f 444/551/233 445/552/234 446/553/235 
f 446/553/235 445/552/234 447/554/236 
f 446/553/235 447/554/236 448/555/237 
f 448/555/237 447/554/236 449/556/238 
f 448/555/237 449/556/238 450/557/239 
f 450/557/239 449/556/238 451/558/240 
f 450/559/239 451/560/240 452/561/241 
f 452/561/241 451/560/240 453/562/242 
f 454/563/243 452/561/241 455/564/244 
f 455/564/244 452/561/241 453/562/242 
f 456/565/245 454/563/243 457/566/246 
f 457/566/246 454/563/243 455/564/244 
f 431/534/220 456/567/245 433/536/222 
f 433/536/222 456/567/245 457/568/246 
f 414/517/215 390/485/190 458/569/247 
f 458/569/247 390/485/190 459/570/248 
f 412/515/294 414/517/215 460/571/249 
f 460/571/249 414/517/215 458/569/247 
f 410/514/211 412/515/294 461/572/250 
f 461/572/250 412/515/294 460/571/249 
f 408/509/209 410/511/211 462/573/251 
f 462/573/251 410/511/211 461/574/250 
f 406/507/207 408/509/209 463/575/252 
f 463/575/252 408/509/209 462/573/251 
f 406/507/207 463/575/252 404/506/205 
f 404/506/205 463/575/252 464/576/253 
f 404/503/205 464/577/253 402/501/203 
f 402/501/203 464/577/253 465/578/254 
f 402/501/203 465/578/254 400/499/201 
f 400/499/201 465/578/254 466/579/255 
f 400/499/201 466/579/255 398/495/199 
f 398/495/199 466/579/255 467/580/256 
f 398/495/199 467/580/256 396/497/293 
f 396/497/293 467/580/256 468/581/257 
f 396/493/293 468/582/257 394/491/291 
f 394/491/291 468/582/257 469/583/258 
f 394/491/291 469/583/258 392/487/192 
f 392/487/192 469/583/258 470/584/260 
f 388/489/188 392/487/192 471/585/259 
f 471/585/259 392/487/192 470/584/260 
f 390/485/190 388/483/188 459/570/248 
f 459/570/248 388/483/188 471/586/259 
f 458/569/247 459/570/248 430/533/219 
f 430/533/219 459/570/248 431/534/220 
f 460/571/249 458/569/247 434/537/295 
f 434/537/295 458/569/247 430/533/219 
f 461/572/250 460/571/249 436/539/225 
f 436/539/225 460/571/249 434/537/295 
f 462/573/251 461/574/250 438/587/227 
f 438/587/227 461/574/250 436/588/225 
f 462/573/251 438/587/227 463/575/252 
f 463/575/252 438/587/227 440/589/229 
f 463/575/252 440/589/229 464/576/253 
f 464/576/253 440/589/229 442/590/231 
f 464/577/253 442/549/231 465/578/254 
f 465/578/254 442/549/231 444/551/233 
f 465/578/254 444/551/233 466/579/255 
f 466/579/255 444/551/233 446/553/235 
f 466/579/255 446/553/235 467/580/256 
f 467/580/256 446/553/235 448/555/237 
f 467/580/256 448/555/237 468/581/257 
f 468/581/257 448/555/237 450/557/239 
f 468/582/257 450/591/239 469/583/258 
f 469/583/258 450/591/239 452/592/241 
f 470/584/260 469/583/258 454/593/243 
f 454/593/243 469/583/258 452/592/241 
f 471/585/259 470/584/260 456/594/245 
f 456/594/245 470/584/260 454/593/243 
f 459/570/248 471/586/259 431/534/220 
f 431/534/220 471/586/259 456/567/245 
f 433/536/222 472/595/261 432/535/221 
f 432/535/221 472/595/261 473/596/262 
f 432/535/221 473/596/262 435/538/224 
f 435/538/224 473/596/262 474/597/263 
f 435/538/224 474/597/263 437/540/226 
f 437/540/226 474/597/263 475/598/264 
f 437/544/226 475/599/264 439/543/228 
f 439/543/228 475/599/264 476/600/265 
f 439/543/228 476/600/265 441/546/230 
f 441/546/230 476/600/265 477/601/266 
f 441/546/230 477/601/266 443/548/232 
f 443/548/232 477/601/266 478/602/267 
f 443/550/232 478/603/267 445/552/234 
f 445/552/234 478/603/267 479/604/268 
f 447/554/236 445/552/234 480/605/269 
f 480/605/269 445/552/234 479/604/268 
f 449/556/238 447/554/236 481/606/270 
f 481/606/270 447/554/236 480/605/269 
f 451/558/240 449/556/238 482/607/271 
f 482/607/271 449/556/238 481/606/270 
f 453/562/242 451/560/240 483/608/272 
f 483/608/272 451/560/240 482/609/271 
f 455/564/244 453/562/242 484/610/273 
f 484/610/273 453/562/242 483/608/272 
f 457/566/246 455/564/244 485/611/274 
f 485/611/274 455/564/244 484/610/273 
f 457/568/246 485/612/274 433/536/222 
f 433/536/222 485/612/274 472/595/261 
f 472/595/261 415/613/296 473/596/262 
f 473/596/262 415/613/296 429/614/276 
f 473/596/262 429/614/276 474/597/263 
f 474/597/263 429/614/276 428/615/277 
f 474/597/263 428/615/277 475/598/264 
f 475/598/264 428/615/277 427/616/278 
f 475/599/264 427/617/278 476/600/265 
f 476/600/265 427/617/278 426/618/279 
f 476/600/265 426/618/279 477/601/266 
f 477/601/266 426/618/279 425/619/280 
f 478/602/267 477/601/266 424/620/297 
f 424/620/297 477/601/266 425/619/280 
f 479/604/268 478/603/267 423/621/298 
f 423/621/298 478/603/267 424/622/297 
f 480/605/269 479/604/268 422/623/283 
f 422/623/283 479/604/268 423/621/298 
f 481/606/270 480/605/269 421/624/284 
f 421/624/284 480/605/269 422/623/283 
f 482/607/271 481/606/270 420/625/285 
f 420/625/285 481/606/270 421/624/284 
f 483/608/272 482/609/271 419/626/286 
f 419/626/286 482/609/271 420/627/285 
f 484/610/273 483/608/272 418/628/299 
f 418/628/299 483/608/272 419/626/286 
f 484/610/273 418/628/299 485/611/274 
f 485/611/274 418/628/299 416/629/300 
f 485/612/274 416/630/300 472/595/261 
f 472/595/261 416/630/300 415/613/296 
f 486/631/301 487/632/302 488/633/303 
f 488/633/303 487/632/302 489/634/304 
f 488/633/303 490/635/305 486/631/301 
f 486/631/301 490/635/305 491/636/306 
f 492/637/307 491/636/306 493/638/308 
f 493/638/308 491/636/306 490/635/305 
f 494/639/309 495/640/309 496/641/310 
f 496/641/310 495/640/309 497/642/311 
f 498/643/312 499/644/313 500/645/314 
f 500/645/314 499/644/313 501/646/315 
f 502/647/316 503/648/317 498/643/312 
f 498/643/312 503/648/317 499/644/313 
f 494/639/309 496/641/310 504/649/318 
f 504/649/318 496/641/310 505/650/319 
f 506/651/320 507/652/321 508/653/322 
f 508/653/322 507/652/321 509/654/323 
f 510/655/324 511/656/325 512/657/326 
f 512/657/326 511/656/325 513/658/327 
f 514/659/328 515/660/329 516/661/330 
f 516/661/330 515/660/329 517/662/331 
f 518/663/332 519/664/333 520/665/334 
f 520/665/334 519/664/333 521/666/335 
f 522/667/336 523/668/337 524/669/338 
f 524/669/338 523/668/337 525/670/339 
f 526/671/340 527/672/341 528/673/342 
f 528/673/342 527/672/341 529/674/343 
f 530/675/344 531/676/345 532/677/346 
f 532/677/346 531/676/345 533/678/347 
f 534/679/348 535/680/349 536/681/350 
f 536/681/350 535/680/349 537/682/351 
f 538/683/352 539/684/353 540/685/354 
f 540/685/354 539/684/353 541/686/355 
f 542/687/356 543/688/357 544/689/358 
f 544/689/358 543/688/357 545/690/359 
f 534/679/348 536/681/350 519/664/333 
f 519/664/333 536/681/350 521/666/335 
f 516/661/330 517/662/331 531/676/345 
f 531/676/345 517/662/331 533/678/347 
f 518/663/332 520/665/334 526/691/340 
f 526/691/340 520/665/334 527/692/341 
f 524/693/338 525/694/339 514/659/328 
f 514/659/328 525/694/339 515/660/329 
f 528/673/342 529/674/343 546/695/360 
f 546/695/360 529/674/343 547/696/361 
f 522/667/336 548/697/362 523/668/337 
f 523/668/337 548/697/362 549/698/363 
f 535/680/349 510/655/324 537/682/351 
f 537/682/351 510/655/324 512/657/326 
f 530/675/344 532/677/346 506/651/320 
f 506/651/320 532/677/346 507/652/321 
f 542/687/356 544/689/358 511/699/325 
f 511/699/325 544/689/358 513/700/327 
f 508/701/322 509/702/323 538/683/352 
f 538/683/352 509/702/323 539/684/353 
f 548/697/362 550/703/364 549/698/363 
f 549/698/363 550/703/364 551/704/365 
f 552/705/366 553/706/367 554/707/368 
f 554/707/368 553/706/367 555/708/367 
f 556/709/369 546/695/360 557/710/370 
f 557/710/370 546/695/360 547/696/361 
f 543/688/357 558/711/371 545/690/359 
f 545/690/359 558/711/371 559/712/372 
f 560/713/373 561/714/373 562/715/374 
f 562/715/374 561/714/373 563/716/375 
f 563/716/375 540/685/354 562/715/374 
f 562/715/374 540/685/354 541/686/355 
f 507/717/217 564/718/216 509/719/217 
f 509/719/217 564/718/216 565/720/216 
f 512/721/216 513/722/216 566/723/216 
f 566/723/216 513/722/216 567/724/216 
f 515/725/216 568/726/216 517/727/216 
f 517/727/216 568/726/216 569/728/216 
f 520/729/217 521/730/216 570/731/216 
f 570/731/216 521/730/216 571/732/216 
f 523/733/216 572/734/216 525/735/216 
f 525/735/216 572/734/216 573/736/216 
f 527/737/217 574/738/216 529/739/216 
f 529/739/216 574/738/216 575/740/216 
f 532/741/216 533/742/216 576/743/216 
f 576/743/216 533/742/216 577/744/217 
f 536/745/217 537/746/216 578/747/216 
f 578/747/216 537/746/216 579/748/216 
f 539/749/376 580/750/376 541/751/216 
f 541/751/216 580/750/376 581/752/216 
f 544/753/218 545/754/218 582/755/218 
f 582/755/218 545/754/218 583/756/218 
f 536/745/217 578/747/216 521/730/216 
f 521/730/216 578/747/216 571/732/216 
f 517/727/216 569/728/216 533/742/216 
f 533/742/216 569/728/216 577/744/217 
f 520/729/217 570/731/216 527/737/217 
f 527/737/217 570/731/216 574/738/216 
f 525/735/216 573/736/216 515/725/216 
f 515/725/216 573/736/216 568/726/216 
f 529/739/216 575/740/216 547/757/376 
f 547/757/376 575/740/216 584/758/376 
f 523/733/216 549/759/217 572/734/216 
f 572/734/216 549/759/217 585/760/217 
f 537/746/216 512/721/216 579/748/216 
f 579/748/216 512/721/216 566/723/216 
f 532/741/216 576/743/216 507/717/217 
f 507/717/217 576/743/216 564/718/216 
f 544/753/218 582/755/218 513/722/216 
f 513/722/216 582/755/218 567/724/216 
f 509/719/217 565/720/216 539/749/376 
f 539/749/376 565/720/216 580/750/376 
f 549/759/217 551/761/216 585/760/217 
f 585/760/217 551/761/216 586/762/216 
f 554/763/217 555/764/216 587/765/217 
f 587/765/217 555/764/216 588/766/216 
f 557/767/218 547/757/376 589/768/218 
f 589/768/218 547/757/376 584/758/376 
f 545/754/218 559/769/217 583/756/218 
f 583/756/218 559/769/217 590/770/217 
f 591/771/216 560/772/216 592/773/216 
f 592/773/216 560/772/216 562/774/216 
f 562/774/216 541/751/216 592/773/216 
f 592/773/216 541/751/216 581/752/216 
f 564/775/377 593/776/378 565/777/379 
f 565/777/379 593/776/378 594/778/380 
f 566/779/381 567/780/382 595/781/383 
f 595/781/383 567/780/382 596/782/384 
f 568/783/385 597/784/386 569/785/387 
f 569/785/387 597/784/386 598/786/388 
f 570/787/389 571/788/390 599/789/391 
f 599/789/391 571/788/390 600/790/392 
f 572/791/393 601/792/394 573/793/395 
f 573/793/395 601/792/394 602/794/396 
f 574/795/397 603/796/398 575/797/399 
f 575/797/399 603/796/398 604/798/400 
f 576/799/401 577/800/402 605/801/403 
f 605/801/403 577/800/402 606/802/404 
f 578/803/405 579/804/406 607/805/407 
f 607/805/407 579/804/406 608/806/408 
f 580/807/409 609/808/410 581/809/411 
f 581/809/411 609/808/410 610/810/412 
f 582/811/413 583/812/414 611/813/415 
f 611/813/415 583/812/414 612/814/416 
f 578/803/405 607/805/407 571/788/390 
f 571/788/390 607/805/407 600/790/392 
f 569/785/387 598/786/388 577/800/402 
f 577/800/402 598/786/388 606/802/404 
f 570/787/389 599/789/391 574/815/397 
f 574/815/397 599/789/391 603/816/398 
f 573/817/395 602/818/396 568/783/385 
f 568/783/385 602/818/396 597/784/386 
f 575/797/399 604/798/400 584/819/417 
f 584/819/417 604/798/400 613/820/418 
f 572/791/393 585/821/419 601/792/394 
f 601/792/394 585/821/419 614/822/420 
f 579/804/406 566/779/381 608/806/408 
f 608/806/408 566/779/381 595/781/383 
f 576/799/401 605/801/403 564/775/377 
f 564/775/377 605/801/403 593/776/378 
f 567/823/382 582/811/413 596/824/384 
f 596/824/384 582/811/413 611/813/415 
f 565/825/379 594/826/380 580/807/409 
f 580/807/409 594/826/380 609/808/410 
f 585/821/419 586/827/421 614/822/420 
f 614/822/420 586/827/421 615/828/422 
f 587/829/423 588/830/424 616/831/425 
f 616/831/425 588/830/424 617/832/424 
f 618/833/426 589/834/427 619/835/428 
f 613/820/418 619/835/428 584/819/417 
f 589/834/427 584/819/417 619/835/428 
f 583/812/414 590/836/429 612/814/416 
f 612/814/416 590/836/429 620/837/430 
f 621/838/431 591/839/432 622/840/433 
f 622/840/433 591/839/432 592/841/434 
f 592/841/434 581/809/411 622/840/433 
f 622/840/433 581/809/411 610/810/412 
f 555/708/367 553/706/367 557/710/370 
f 557/710/370 553/706/367 556/709/369 
f 588/766/216 555/764/216 589/768/218 
f 589/768/218 555/764/216 557/767/218 
f 617/832/424 588/830/424 618/833/426 
f 618/833/426 588/830/424 589/834/427 
f 590/836/429 591/839/432 620/837/430 
f 620/837/430 591/839/432 621/838/431 
f 559/769/217 560/772/216 590/770/217 
f 590/770/217 560/772/216 591/771/216 
f 558/711/371 561/714/373 559/712/372 
f 559/712/372 561/714/373 560/713/373 
f 550/703/364 552/705/366 551/704/365 
f 551/704/365 552/705/366 554/707/368 
f 586/762/216 551/761/216 587/765/217 
f 587/765/217 551/761/216 554/763/217 
f 615/828/422 586/827/421 616/831/425 
f 616/831/425 586/827/421 587/829/423 
f 493/638/308 623/842/435 492/637/307 
f 492/637/307 623/842/435 624/843/436 
f 625/844/306 624/843/436 626/845/305 
f 626/845/305 624/843/436 623/842/435 
f 626/845/305 627/846/303 625/844/306 
f 625/844/306 627/846/303 628/847/437 
f 629/848/438 628/847/437 630/849/439 
f 630/849/439 628/847/437 627/846/303 
f 630/849/439 631/850/440 629/848/438 
f 629/848/438 631/850/440 632/851/441 
f 633/852/442 634/853/305 635/854/443 
f 635/854/443 634/853/305 636/855/444 
f 637/856/445 636/855/444 638/857/435 
f 638/857/435 636/855/444 634/853/305 
f 638/857/435 639/858/446 637/856/445 
f 637/856/445 639/858/446 640/859/306 
f 641/860/447 640/859/306 642/861/305 
f 642/861/305 640/859/306 639/858/446 
f 642/861/305 643/862/435 641/860/447 
f 641/860/447 643/862/435 644/863/448 
f 645/864/216 646/865/216 647/866/216 
f 647/866/216 646/865/216 648/867/216 
f 649/868/216 645/864/216 650/869/216 
f 650/869/216 645/864/216 647/866/216 
f 651/870/216 652/871/216 653/872/217 
f 654/873/217 653/872/217 652/871/216 
f 655/874/216 656/875/216 657/876/216 
f 657/876/216 656/875/216 658/877/216 
f 659/878/216 660/879/216 661/880/216 
f 661/880/216 660/879/216 662/881/216 
f 663/882/216 662/881/216 664/883/216 
f 664/883/216 662/881/216 660/879/216 
f 664/883/216 665/884/216 663/882/216 
f 663/882/216 665/884/216 666/885/216 
f 667/886/216 668/887/216 669/888/216 
f 669/888/216 668/887/216 670/889/216 
f 671/890/449 672/891/449 673/892/450 
f 673/892/450 672/891/449 674/893/451 
f 673/892/450 675/894/450 671/890/449 
f 671/890/449 675/894/450 676/895/449 
f 677/896/449 676/895/449 678/897/450 
f 678/897/450 676/895/449 675/894/450 
f 678/897/450 679/898/450 677/896/449 
f 677/896/449 679/898/450 680/899/452 
f 681/900/453 680/899/452 682/901/450 
f 682/901/450 680/899/452 679/898/450 
f 682/901/450 683/902/454 681/900/453 
f 681/900/453 683/902/454 684/903/452 
f 685/904/449 684/903/452 686/905/450 
f 686/905/450 684/903/452 683/902/454 
f 686/905/450 687/906/450 685/904/449 
f 685/904/449 687/906/450 688/907/453 
f 689/908/455 690/909/450 691/910/452 
f 691/910/452 690/909/450 692/911/453 
f 693/912/456 692/911/453 694/913/450 
f 694/913/450 692/911/453 690/909/450 
f 694/913/450 695/914/457 693/912/456 
f 693/912/456 695/914/457 696/915/458 
f 697/916/459 696/915/458 698/917/457 
f 698/917/457 696/915/458 695/914/457 
f 698/917/457 699/918/460 697/916/459 
f 697/916/459 699/918/460 700/919/449 
f 701/920/216 702/921/216 703/922/216 
f 703/922/216 702/921/216 704/923/216 
f 703/922/216 704/923/216 705/924/216 
f 705/924/216 704/923/216 706/925/216 
f 707/926/461 708/927/462 709/928/449 
f 709/928/449 708/927/462 710/929/463 
f 711/930/464 709/928/449 712/931/465 
f 712/931/465 709/928/449 710/929/463 
f 713/932/466 714/933/467 672/891/449 
f 672/891/449 714/933/467 674/893/451 
f 487/632/302 715/934/468 489/634/304 
f 489/634/304 715/934/468 716/935/469 
f 714/933/467 717/936/470 674/893/451 
f 674/893/451 717/936/470 718/937/471 
f 673/892/450 674/893/451 719/938/471 
f 719/938/471 674/893/451 718/937/471 
f 719/938/471 720/939/471 673/892/450 
f 673/892/450 720/939/471 675/894/450 
f 678/897/450 675/894/450 721/940/471 
f 721/940/471 675/894/450 720/939/471 
f 721/940/471 722/941/472 678/897/450 
f 678/897/450 722/941/472 679/898/450 
f 682/901/450 679/898/450 723/942/471 
f 723/942/471 679/898/450 722/941/472 
f 723/942/471 724/943/471 682/901/450 
f 682/901/450 724/943/471 683/902/454 
f 686/905/450 683/902/454 725/944/471 
f 725/944/471 683/902/454 724/943/471 
f 725/944/471 726/945/471 686/905/450 
f 686/905/450 726/945/471 687/906/450 
f 727/946/471 728/947/471 689/908/455 
f 689/908/455 728/947/471 690/909/450 
f 694/913/450 690/909/450 729/948/471 
f 729/948/471 690/909/450 728/947/471 
f 729/948/471 730/949/471 694/913/450 
f 694/913/450 730/949/471 695/914/457 
f 698/917/457 695/914/457 731/950/471 
f 731/950/471 695/914/457 730/949/471 
f 731/950/471 732/951/473 698/917/457 
f 698/917/457 732/951/473 699/918/460 
f 733/952/474 699/918/460 734/953/471 
f 734/953/471 699/918/460 732/951/473 
f 733/952/474 734/953/471 708/927/462 
f 708/927/462 734/953/471 735/954/475 
f 708/927/462 735/954/475 710/929/463 
f 710/929/463 735/954/475 736/955/476 
f 712/931/465 710/929/463 737/956/477 
f 737/956/477 710/929/463 736/955/476 
f 489/634/304 716/935/469 672/891/449 
f 672/891/449 716/935/469 713/932/466 
f 488/633/303 489/634/304 671/890/449 
f 671/890/449 489/634/304 672/891/449 
f 671/890/449 676/895/449 488/633/303 
f 488/633/303 676/895/449 490/635/305 
f 493/638/308 490/635/305 677/896/449 
f 677/896/449 490/635/305 676/895/449 
f 677/896/449 680/899/452 493/638/308 
f 493/638/308 680/899/452 623/842/435 
f 626/845/305 623/842/435 681/900/453 
f 681/900/453 623/842/435 680/899/452 
f 681/900/453 684/903/452 626/845/305 
f 626/845/305 684/903/452 627/846/303 
f 630/849/439 627/846/303 685/904/449 
f 685/904/449 627/846/303 684/903/452 
f 685/904/449 688/907/453 630/849/439 
f 630/849/439 688/907/453 631/850/440 
f 691/910/452 692/911/453 633/852/442 
f 633/852/442 692/911/453 634/853/305 
f 638/857/435 634/853/305 693/912/456 
f 693/912/456 634/853/305 692/911/453 
f 693/912/456 696/915/458 638/857/435 
f 638/857/435 696/915/458 639/858/446 
f 642/861/305 639/858/446 697/916/459 
f 697/916/459 639/858/446 696/915/458 
f 697/916/459 700/919/449 642/861/305 
f 642/861/305 700/919/449 643/862/435 
f 497/642/311 701/920/216 496/641/310 
f 496/641/310 701/920/216 703/922/216 
f 496/641/310 703/922/216 505/650/319 
f 505/650/319 703/922/216 705/924/216 
f 503/648/317 707/926/461 499/644/313 
f 499/644/313 707/926/461 709/928/449 
f 499/644/313 709/928/449 501/646/315 
f 501/646/315 709/928/449 711/930/464 
f 652/871/216 738/957/216 654/873/217 
f 739/958/216 740/959/216 741/960/217 
f 742/961/217 741/960/217 743/962/217 
f 744/963/216 745/964/216 746/965/216 
f 747/966/216 742/961/217 745/964/216 
f 745/964/216 742/961/217 746/965/216 
f 747/966/216 745/964/216 748/967/216 
f 748/967/216 745/964/216 749/968/216 
f 750/969/216 751/970/216 749/968/216 
f 749/968/216 751/970/216 748/967/216 
f 661/880/216 752/971/216 659/878/216 
f 659/878/216 752/971/216 753/972/216 
f 754/973/216 755/974/217 756/975/217 
f 756/975/217 755/974/217 757/976/217 
f 756/975/217 758/977/216 754/973/216 
f 754/973/216 758/977/216 759/978/216 
f 759/978/216 758/977/216 760/979/216 
f 760/979/216 758/977/216 761/980/216 
f 762/981/216 763/982/216 761/980/216 
f 761/980/216 763/982/216 760/979/216 
f 764/983/216 765/984/217 762/981/216 
f 762/981/216 765/984/217 763/982/216 
f 665/884/216 766/985/216 666/885/216 
f 666/885/216 766/985/216 767/986/216 
f 768/987/216 769/988/216 667/886/216 
f 667/886/216 769/988/216 668/887/216 
f 764/983/216 762/981/216 767/986/216 
f 767/986/216 762/981/216 666/885/216 
f 762/981/216 761/980/216 666/885/216 
f 666/885/216 761/980/216 663/882/216 
f 761/980/216 758/977/216 663/882/216 
f 663/882/216 758/977/216 662/881/216 
f 758/977/216 756/975/217 662/881/216 
f 662/881/216 756/975/217 661/880/216 
f 756/975/217 757/976/217 661/880/216 
f 661/880/216 757/976/217 752/971/216 
f 770/989/216 771/990/216 656/875/216 
f 656/875/216 771/990/216 658/877/216 
f 772/991/478 773/992/479 654/993/478 
f 654/993/478 773/992/479 653/994/479 
f 773/992/480 774/995/481 653/994/480 
f 653/994/480 774/995/481 651/996/481 
f 774/995/482 775/997/482 651/996/482 
f 651/996/482 775/997/482 751/998/482 
f 763/999/483 765/1000/484 750/1001/483 
f 750/1001/483 765/1000/484 776/1002/484 
f 765/1000/484 764/1003/485 776/1002/484 
f 776/1002/484 764/1003/485 769/1004/485 
f 635/1005/486 777/1006/487 768/1007/486 
f 768/1007/486 777/1006/487 778/1008/487 
f 777/1009/488 779/1010/489 778/1011/490 
f 778/1011/490 779/1010/489 780/1012/489 
f 655/1013/491 753/1014/491 656/1015/491 
f 726/1016/492 781/1017/492 658/1018/492 
f 658/1018/492 781/1017/492 657/1019/492 
f 767/1020/492 766/1021/492 668/1022/492 
f 782/1023/493 727/1024/493 669/1025/493 
f 669/1025/493 727/1024/493 667/1026/493 
f 779/1010/489 783/1027/494 780/1012/489 
f 780/1012/489 783/1027/494 784/1028/494 
f 783/1029/495 785/1030/496 784/1031/495 
f 784/1031/495 785/1030/496 786/1032/497 
f 785/1030/496 787/1033/498 786/1032/497 
f 786/1032/497 787/1033/498 788/1034/498 
f 787/1033/499 789/1035/500 788/1034/499 
f 788/1034/499 789/1035/500 738/1036/501 
f 789/1037/500 772/991/478 738/1038/501 
f 738/1038/501 772/991/478 654/993/478 
f 739/1039/502 790/1040/502 791/1041/503 
f 791/1041/503 740/1042/504 739/1039/502 
f 791/1043/503 792/1044/505 740/1045/504 
f 740/1045/504 792/1044/505 793/1046/506 
f 792/1044/507 794/1047/508 793/1046/507 
f 793/1046/507 794/1047/508 795/1048/508 
f 794/1047/508 796/1049/509 795/1048/508 
f 795/1048/508 796/1049/509 797/1050/509 
f 796/1051/510 798/1052/511 797/1053/511 
f 797/1053/511 798/1052/511 741/1054/511 
f 799/1055/512 800/1056/512 742/1057/512 
f 742/1057/512 800/1056/512 801/1058/512 
f 800/1059/513 790/1040/513 801/1060/513 
f 801/1060/513 790/1040/513 739/1039/513 
f 798/1061/514 802/1062/514 741/1063/514 
f 771/1064/515 741/1063/514 803/1065/516 
f 802/1062/514 803/1065/516 741/1063/514 
f 757/1066/491 755/1067/517 770/1068/491 
f 770/1068/491 755/1067/517 743/1069/518 
f 754/1070/519 744/1071/520 755/1067/517 
f 755/1067/517 744/1071/520 743/1069/518 
f 759/1072/521 745/1073/522 754/1070/523 
f 754/1070/523 745/1073/522 744/1071/524 
f 804/1074/525 799/1075/526 747/1076/527 
f 747/1076/527 799/1075/526 742/1077/526 
f 805/1078/528 804/1074/525 748/1079/529 
f 748/1079/529 804/1074/525 747/1076/527 
f 759/1080/530 760/1081/531 745/1082/530 
f 745/1082/530 760/1081/531 749/1083/531 
f 760/1081/531 763/1084/532 749/1083/531 
f 749/1083/531 763/1084/532 750/1085/532 
f 775/997/533 805/1078/528 751/998/533 
f 751/998/533 805/1078/528 748/1079/529 
f 764/1003/485 767/1020/492 769/1004/485 
f 769/1004/485 767/1020/492 668/1022/492 
f 727/1024/493 635/1005/486 667/1026/493 
f 667/1026/493 635/1005/486 768/1007/486 
f 632/1086/534 726/1016/492 803/1065/516 
f 726/1016/492 658/1018/492 803/1065/516 
f 658/1018/492 771/1064/515 803/1065/516 
f 752/1087/491 757/1066/491 656/1015/491 
f 656/1015/491 757/1066/491 770/1068/491 
f 656/1015/491 753/1014/491 752/1087/491 
f 668/1022/492 766/1021/492 670/1088/492 
f 806/1089/535 807/1090/535 808/1091/535 
f 808/1092/536 807/1093/536 809/1094/536 
f 810/1095/537 811/1096/538 807/1097/539 
f 807/1098/539 811/1099/538 809/1100/540 
f 812/1101/541 813/1102/542 810/1103/543 
f 810/1104/543 813/1105/542 811/1106/544 
f 812/1107/545 806/1108/545 813/1109/545 
f 813/1110/546 806/1111/546 808/1112/546 
f 814/1113/547 815/1114/548 816/1115/549 
f 816/1116/549 815/1117/548 817/1118/550 
f 814/1119/551 818/1120/551 815/1121/551 
f 815/1122/552 818/1123/552 819/1124/552 
f 818/1125/553 820/1126/553 819/1127/553 
f 819/1128/554 820/1129/554 821/1130/554 
f 816/1131/555 817/1132/556 820/1133/557 
f 820/1134/557 817/1135/556 821/1136/558 
f 714/1137/559 822/1138/560 717/1139/561 
f 717/1139/561 822/1138/560 823/1140/562 
f 824/1141/563 825/1142/564 716/1143/565 
f 716/1143/565 825/1142/564 713/1144/566 
f 826/1145/567 824/1141/563 715/1146/568 
f 715/1146/568 824/1141/563 716/1143/565 
f 713/1144/566 825/1142/564 714/1137/559 
f 714/1137/559 825/1142/564 822/1138/560 
f 501/1147/569 827/1148/570 500/1149/571 
f 500/1149/571 827/1148/570 828/1150/572 
f 827/1148/570 829/1151/573 828/1150/572 
f 830/1152/574 831/1153/575 712/1154/576 
f 712/1154/576 831/1153/575 711/1155/577 
f 832/1156/578 830/1152/574 737/1157/579 
f 737/1157/579 830/1152/574 712/1154/576 
f 711/1155/577 831/1153/575 501/1147/569 
f 501/1147/569 831/1153/575 827/1148/570 
f 833/1158/580 834/1159/581 835/1160/582 
f 835/1160/582 834/1159/581 836/1161/583 
f 837/1162/584 838/1163/585 839/1164/586 
f 839/1164/586 838/1163/585 840/1165/587 
f 840/1166/588 841/1167/589 839/1168/590 
f 839/1168/590 841/1167/589 842/1169/591 
f 843/1170/592 844/1171/593 845/1172/594 
f 845/1172/594 844/1171/593 846/1173/595 
f 844/1171/593 847/1174/596 846/1173/595 
f 846/1173/595 847/1174/596 848/1175/597 
f 849/1176/598 850/1177/599 851/1178/600 
f 851/1178/600 850/1177/599 852/1179/601 
f 853/1180/602 854/1181/603 850/1177/599 
f 850/1177/599 854/1181/603 852/1179/601 
f 855/1182/604 854/1183/605 856/1184/606 
f 856/1184/606 854/1183/605 853/1185/607 
f 857/1186/608 858/1187/609 859/1188/610 
f 859/1188/610 858/1187/609 860/1189/611 
f 861/1190/612 862/1191/613 859/1192/614 
f 859/1192/614 862/1191/613 857/1193/615 
f 863/1194/616 864/1195/617 865/1196/618 
f 865/1196/618 864/1195/617 866/1197/619 
f 867/1198/620 868/1199/621 863/1194/616 
f 863/1194/616 868/1199/621 864/1195/617 
f 869/1200/622 870/1201/623 871/1202/624 
f 871/1202/624 870/1201/623 872/1203/625 
f 869/1200/622 873/1204/626 870/1201/623 
f 870/1201/623 873/1204/626 874/1205/627 
f 874/1206/628 873/1207/629 875/1208/630 
f 875/1208/630 873/1207/629 876/1209/631 
f 859/1188/610 860/1189/611 877/1210/632 
f 877/1210/632 860/1189/611 878/1211/633 
f 879/1212/634 861/1190/612 877/1213/635 
f 877/1213/635 861/1190/612 859/1192/614 
f 880/1214/636 863/1194/616 881/1215/637 
f 881/1215/637 863/1194/616 865/1196/618 
f 882/1216/638 867/1198/620 880/1214/636 
f 880/1214/636 867/1198/620 863/1194/616 
f 883/1217/639 869/1200/622 884/1218/640 
f 884/1218/641 869/1200/622 871/1202/624 
f 883/1217/639 885/1219/642 869/1200/622 
f 869/1200/622 885/1219/642 873/1204/626 
f 873/1207/629 885/1220/643 876/1209/631 
f 876/1209/631 885/1220/643 886/1221/644 
f 838/1163/585 858/1187/609 840/1165/587 
f 840/1165/587 858/1187/609 857/1186/608 
f 857/1193/615 862/1191/613 840/1166/588 
f 840/1166/588 862/1191/613 841/1167/589 
f 864/1195/617 844/1171/593 866/1197/619 
f 866/1197/619 844/1171/593 843/1170/592 
f 868/1199/621 847/1174/596 864/1195/617 
f 864/1195/617 847/1174/596 844/1171/593 
f 870/1201/623 850/1177/599 872/1203/625 
f 872/1203/625 850/1177/599 849/1176/598 
f 874/1205/627 853/1180/602 870/1201/623 
f 870/1201/623 853/1180/602 850/1177/599 
f 856/1184/606 853/1185/607 875/1208/630 
f 875/1208/630 853/1185/607 874/1206/628 
f 836/1161/645 834/1159/646 887/1222/647 
f 887/1222/647 834/1159/646 888/1223/648 
f 882/1224/491 889/1225/491 890/1226/491 
f 890/1226/491 889/1225/491 891/1227/491 
f 892/1228/492 884/1229/492 893/1230/492 
f 893/1230/492 884/1229/492 894/1231/492 
f 848/1232/491 882/1224/491 895/1233/491 
f 895/1233/491 882/1224/491 890/1226/491 
f 884/1229/492 851/1234/492 894/1231/492 
f 894/1231/492 851/1234/492 896/1235/492 
f 897/1236/649 898/1237/650 899/1238/649 
f 899/1238/649 898/1237/650 900/1239/650 
f 898/1237/491 848/1232/491 900/1239/491 
f 900/1239/491 848/1232/491 895/1233/491 
f 901/1240/651 897/1236/649 902/1241/651 
f 902/1241/651 897/1236/649 899/1238/649 
f 903/1242/652 901/1243/651 904/1244/652 
f 904/1244/652 901/1243/651 902/1245/651 
f 905/1246/653 903/1242/652 906/1247/654 
f 906/1247/654 903/1242/652 904/1244/652 
f 907/1248/655 905/1246/653 906/1247/654 
f 908/1249/656 909/1250/657 910/1251/658 
f 909/1250/657 911/1252/659 910/1251/658 
f 910/1251/658 911/1252/659 907/1248/655 
f 912/1253/660 908/1249/656 913/1254/661 
f 913/1254/661 908/1249/656 910/1251/658 
f 914/1255/662 912/1253/660 915/1256/662 
f 915/1256/662 912/1253/660 913/1254/661 
f 916/1257/663 914/1258/662 917/1259/663 
f 917/1259/663 914/1258/662 915/1260/662 
f 851/1234/492 918/1261/664 896/1235/492 
f 896/1235/492 918/1261/664 919/1262/664 
f 918/1261/664 916/1257/663 919/1262/664 
f 919/1262/664 916/1257/663 917/1259/663 
f 891/1263/665 920/1264/665 921/1265/665 
f 921/1265/665 920/1264/665 922/1266/665 
f 891/1263/665 921/1265/665 890/1267/665 
f 890/1267/665 921/1265/665 923/1268/665 
f 920/1264/665 924/1269/665 922/1266/665 
f 922/1266/665 924/1269/665 925/1270/665 
f 924/1269/665 926/1271/665 925/1270/665 
f 925/1270/665 926/1271/665 927/1272/665 
f 926/1271/665 928/1273/665 927/1272/665 
f 927/1272/665 928/1273/665 929/1274/665 
f 928/1273/665 930/1275/665 929/1274/665 
f 929/1274/665 930/1275/665 931/1276/665 
f 930/1275/665 932/1277/665 931/1276/665 
f 931/1276/665 932/1277/665 933/1278/665 
f 932/1277/665 934/1279/665 933/1278/665 
f 933/1278/665 934/1279/665 935/1280/665 
f 934/1279/665 936/1281/665 935/1280/665 
f 935/1280/665 936/1281/665 937/1282/665 
f 936/1281/665 938/1283/665 937/1282/665 
f 937/1282/665 938/1283/665 939/1284/665 
f 893/1285/665 940/1286/665 938/1283/665 
f 938/1283/665 940/1286/665 939/1284/665 
f 893/1285/665 894/1287/665 940/1286/665 
f 940/1286/665 894/1287/665 941/1288/665 
f 895/1289/665 890/1267/665 942/1290/665 
f 942/1290/665 890/1267/665 923/1268/665 
f 894/1287/665 896/1291/665 941/1288/665 
f 941/1288/665 896/1291/665 943/1292/665 
f 900/1293/665 944/1294/665 899/1295/665 
f 899/1295/665 944/1294/665 945/1296/665 
f 900/1293/665 895/1289/665 944/1294/665 
f 944/1294/665 895/1289/665 942/1290/665 
f 899/1295/665 945/1296/665 902/1297/665 
f 902/1297/665 945/1296/665 946/1298/666 
f 904/1299/665 902/1297/665 947/1300/665 
f 947/1300/665 902/1297/665 946/1298/666 
f 904/1299/665 947/1300/665 906/1301/665 
f 906/1301/665 947/1300/665 948/1302/665 
f 906/1301/665 948/1302/665 907/1303/665 
f 907/1303/665 948/1302/665 949/1304/665 
f 910/1305/665 907/1303/665 950/1306/665 
f 950/1306/665 907/1303/665 949/1304/665 
f 913/1307/665 910/1305/665 951/1308/665 
f 951/1308/665 910/1305/665 950/1306/665 
f 915/1309/666 913/1307/665 952/1310/666 
f 952/1310/666 913/1307/665 951/1308/665 
f 917/1311/665 915/1309/666 953/1312/665 
f 953/1312/665 915/1309/666 952/1310/666 
f 919/1313/665 954/1314/665 896/1291/665 
f 896/1291/665 954/1314/665 943/1292/665 
f 919/1313/665 917/1311/665 954/1314/665 
f 954/1314/665 917/1311/665 953/1312/665 
f 921/1315/667 922/1316/668 955/1317/668 
f 955/1317/668 922/1316/668 956/1318/668 
f 923/1319/492 921/1320/669 957/1321/492 
f 957/1321/492 921/1320/669 955/1322/669 
f 922/1316/668 925/1323/667 956/1318/668 
f 956/1318/668 925/1323/667 958/1324/667 
f 925/1323/667 927/1325/667 958/1324/667 
f 958/1324/667 927/1325/667 959/1326/667 
f 927/1325/667 929/1327/670 959/1326/667 
f 959/1326/667 929/1327/670 960/1328/670 
f 929/1327/670 931/1329/670 960/1328/670 
f 960/1328/670 931/1329/670 961/1330/670 
f 931/1329/670 933/1331/667 961/1330/670 
f 961/1330/670 933/1331/667 962/1332/667 
f 933/1331/667 935/1333/667 962/1332/667 
f 962/1332/667 935/1333/667 963/1334/667 
f 935/1333/667 937/1335/667 963/1334/667 
f 963/1334/667 937/1335/667 964/1336/667 
f 937/1335/667 939/1337/667 964/1336/667 
f 964/1336/667 939/1337/667 965/1338/667 
f 939/1337/667 940/1339/667 965/1338/667 
f 965/1338/667 940/1339/667 966/1340/667 
f 940/1341/491 941/1342/491 966/1343/491 
f 966/1343/491 941/1342/491 967/1344/491 
f 942/1345/492 923/1319/492 968/1346/492 
f 968/1346/492 923/1319/492 957/1321/492 
f 941/1342/491 943/1347/491 967/1344/491 
f 967/1344/491 943/1347/491 969/1348/491 
f 945/1349/671 944/1350/672 970/1351/671 
f 970/1351/671 944/1350/672 971/1352/672 
f 944/1350/669 942/1345/492 971/1352/669 
f 971/1352/669 942/1345/492 968/1346/492 
f 946/1353/673 945/1349/671 972/1354/673 
f 972/1354/673 945/1349/671 970/1351/671 
f 947/1355/674 946/1356/673 973/1357/675 
f 973/1357/675 946/1356/673 972/1358/673 
f 948/1359/676 947/1355/674 974/1360/676 
f 974/1360/676 947/1355/674 973/1357/675 
f 949/1361/677 948/1359/676 975/1362/677 
f 975/1362/677 948/1359/676 974/1360/676 
f 950/1363/678 949/1361/677 976/1364/678 
f 976/1364/678 949/1361/677 975/1362/677 
f 951/1365/679 950/1363/678 977/1366/679 
f 977/1366/679 950/1363/678 976/1364/678 
f 952/1367/680 951/1365/679 978/1368/680 
f 978/1368/680 951/1365/679 977/1366/679 
f 953/1369/681 952/1370/680 979/1371/682 
f 979/1371/682 952/1370/680 978/1372/680 
f 943/1347/491 954/1373/683 969/1348/491 
f 969/1348/491 954/1373/683 980/1374/683 
f 954/1373/683 953/1369/681 980/1374/683 
f 980/1374/683 953/1369/681 979/1371/682 
f 981/1375/684 982/1376/685 983/1377/686 
f 983/1377/686 982/1376/685 984/1378/687 
f 985/1379/688 986/1380/689 987/1381/690 
f 988/1382/691 887/1222/692 989/1383/693 
f 888/1223/694 990/1384/695 887/1222/692 
f 887/1222/692 990/1384/695 989/1383/693 
f 887/1222/692 988/1382/691 986/1380/689 
f 986/1380/689 988/1382/691 987/1381/690 
f 991/1385/582 836/1161/583 986/1380/580 
f 986/1380/580 836/1161/583 887/1222/696 
f 835/1160/582 836/1161/583 992/1386/582 
f 992/1386/582 836/1161/583 991/1385/582 
f 982/1376/685 986/1380/689 993/1387/697 
f 993/1387/697 986/1380/689 985/1379/688 
f 991/1385/582 986/1380/580 994/1388/582 
f 994/1388/582 986/1380/580 982/1376/698 
f 992/1386/582 991/1385/582 995/1389/665 
f 995/1389/665 991/1385/582 994/1388/582 
f 994/1388/582 982/1376/698 996/1390/699 
f 996/1390/699 982/1376/698 981/1375/700 
f 995/1389/665 994/1388/582 997/1391/666 
f 997/1391/666 994/1388/582 996/1390/699 
f 984/1378/687 982/1376/685 993/1387/697 
f 990/1384/695 888/1223/694 998/1392/701 
f 999/1393/702 881/1394/703 1000/1395/702 
f 1000/1395/702 881/1394/703 1001/1396/704 
f 881/1394/703 845/1397/705 1001/1396/704 
f 1001/1396/704 845/1397/705 1002/1398/706 
f 1003/1399/707 1004/1400/708 1005/1401/709 
f 1005/1401/709 1004/1400/708 1006/1402/710 
f 1007/1403/711 1008/1404/712 1004/1400/708 
f 1004/1400/708 1008/1404/712 1006/1402/710 
f 1009/1405/713 1010/1406/714 1011/1407/715 
f 1011/1407/715 1010/1406/714 1012/1408/716 
f 1013/1409/717 1014/1410/718 1015/1411/719 
f 1015/1411/719 1014/1410/718 1016/1412/720 
f 1017/1413/721 1015/1414/719 1018/1415/722 
f 1018/1415/722 1015/1414/719 1016/1416/720 
f 1011/1407/715 1012/1408/716 1013/1409/717 
f 1013/1409/717 1012/1408/716 1014/1410/718 
f 1019/1417/723 1020/1418/724 1009/1405/713 
f 1009/1405/713 1020/1418/724 1010/1406/714 
f 1021/1419/491 1022/1420/725 1007/1403/711 
f 1007/1403/711 1022/1420/725 1008/1404/712 
f 1021/1419/491 1023/1421/491 1022/1420/726 
f 1022/1420/726 1023/1421/491 1024/1422/491 
f 1019/1423/723 1003/1399/707 1020/1424/724 
f 1020/1424/724 1003/1399/707 1005/1401/709 
f 845/1397/705 1025/1425/727 1002/1398/706 
f 1002/1398/706 1025/1425/727 1026/1426/728 
f 1025/1425/729 1017/1413/721 1026/1426/730 
f 1026/1426/730 1017/1413/721 1018/1415/722 
f 1000/1427/665 1001/1428/731 1027/1429/732 
f 1027/1429/732 1001/1428/731 1028/1430/733 
f 1002/1431/734 1029/1432/735 1001/1428/731 
f 1001/1428/731 1029/1432/735 1028/1430/733 
f 1006/1433/736 1030/1434/737 1005/1435/738 
f 1005/1435/738 1030/1434/737 1031/1436/739 
f 1006/1433/736 1008/1437/740 1030/1434/737 
f 1030/1434/737 1008/1437/740 1032/1438/741 
f 1012/1439/742 1010/1440/743 1033/1441/744 
f 1033/1441/744 1010/1440/743 1034/1442/745 
f 1016/1443/746 1014/1444/747 1035/1445/748 
f 1035/1445/748 1014/1444/747 1036/1446/749 
f 1016/1443/746 1035/1445/748 1018/1447/750 
f 1018/1447/750 1035/1445/748 1037/1448/751 
f 1012/1439/742 1033/1441/744 1014/1444/747 
f 1014/1444/747 1033/1441/744 1036/1446/749 
f 1020/1449/752 1038/1450/753 1010/1440/743 
f 1010/1440/743 1038/1450/753 1034/1442/745 
f 1022/1451/665 1039/1452/754 1008/1437/740 
f 1008/1437/740 1039/1452/754 1032/1438/741 
f 1024/1453/665 1040/1454/665 1022/1451/665 
f 1022/1451/665 1040/1454/582 1039/1452/754 
f 1005/1435/738 1031/1436/739 1020/1449/752 
f 1020/1449/752 1031/1436/739 1038/1450/753 
f 1026/1455/755 1041/1456/756 1002/1431/734 
f 1002/1431/734 1041/1456/756 1029/1432/735 
f 1026/1455/755 1018/1447/750 1041/1456/756 
f 1041/1456/756 1018/1447/750 1037/1448/751 
f 1027/1457/757 1028/1458/758 833/1459/759 
f 833/1459/759 1028/1458/758 834/1460/760 
f 1029/1461/761 888/1462/762 1028/1458/758 
f 1028/1458/758 888/1462/762 834/1460/760 
f 1030/1463/763 983/1464/764 1031/1465/765 
f 1031/1465/765 983/1464/764 984/1466/766 
f 1030/1463/763 1032/1467/767 983/1464/764 
f 983/1464/764 1032/1467/767 981/1468/768 
f 1033/1469/769 1034/1470/770 987/1471/771 
f 987/1471/771 1034/1470/770 985/1472/772 
f 1035/1473/773 1036/1474/774 989/1475/775 
f 989/1475/775 1036/1474/774 988/1476/776 
f 1035/1477/773 989/1478/775 1037/1479/777 
f 1037/1479/777 989/1478/775 990/1480/778 
f 1036/1474/774 1033/1469/769 988/1476/776 
f 988/1476/776 1033/1469/769 987/1471/771 
f 1034/1470/770 1038/1481/779 985/1472/772 
f 985/1472/772 1038/1481/779 993/1482/780 
f 1039/1483/781 996/1484/782 1032/1467/767 
f 1032/1467/767 996/1484/782 981/1468/768 
f 1039/1483/781 1040/1485/783 996/1484/782 
f 996/1484/782 1040/1485/783 997/1486/784 
f 1031/1465/765 984/1466/766 1038/1487/779 
f 1038/1487/779 984/1466/766 993/1488/780 
f 1029/1461/761 1041/1489/785 888/1462/762 
f 888/1462/762 1041/1489/785 998/1490/786 
f 1037/1479/777 990/1480/778 1041/1489/787 
f 1041/1489/787 990/1480/778 998/1490/788 
f 861/1190/612 879/1212/634 1042/1491/789 
f 1042/1491/789 879/1212/634 1021/1492/790 
f 862/1191/613 861/1190/612 1043/1493/791 
f 1043/1493/791 861/1190/612 1042/1491/789 
f 841/1167/589 862/1191/613 1044/1494/792 
f 1044/1494/792 862/1191/613 1043/1493/791 
f 841/1167/589 1044/1494/792 842/1169/591 
f 842/1169/591 1044/1494/792 1007/1495/793 
f 644/1496/794 495/1497/794 1045/1498/794 
f 1045/1498/794 495/1497/794 494/1499/794 
f 644/1500/795 643/1501/796 495/1502/797 
f 495/1502/797 643/1501/796 497/1503/798 
f 502/1504/799 1045/1498/794 504/1505/799 
f 504/1505/799 1045/1498/794 494/1499/794 
f 502/1506/800 504/1507/801 503/1508/802 
f 503/1508/802 504/1507/801 505/1509/803 
f 699/1510/804 702/1511/804 700/1512/805 
f 700/1512/805 702/1511/804 701/1513/492 
f 708/1514/806 707/1515/806 706/1516/806 
f 706/1516/806 707/1515/806 705/1517/806 
f 643/1501/805 700/1512/805 497/1503/805 
f 497/1503/805 700/1512/805 701/1513/492 
f 503/1508/806 505/1509/806 707/1515/806 
f 707/1515/806 505/1509/806 705/1517/806 
f 741/960/217 740/959/216 793/1518/216 
f 741/960/217 793/1518/216 795/1519/217 
f 741/960/217 795/1519/217 797/1520/216 
f 652/871/216 778/1521/217 780/1522/216 
f 780/1522/216 784/1523/217 652/871/216 
f 652/871/216 788/1524/216 738/957/216 
f 784/1523/217 786/1525/216 652/871/216 
f 652/871/216 786/1525/216 788/1524/216 
f 652/871/216 651/870/216 751/970/216 
f 778/1521/217 776/1526/217 768/987/216 
f 768/987/216 776/1526/217 769/988/216 
f 652/871/216 751/970/216 750/969/216 
f 652/871/216 750/969/216 778/1521/217 
f 778/1521/217 750/969/216 776/1526/217 
f 801/1527/216 739/958/216 742/961/217 
f 742/961/217 739/958/216 741/960/217 
f 742/961/217 743/962/217 746/965/216 
f 743/962/217 744/963/216 746/965/216 
f 741/960/217 771/990/216 743/962/217 
f 743/962/217 771/990/216 770/989/216 
f 1046/1528/807 1047/1529/807 1048/1530/808 
f 1048/1530/808 1049/1531/808 1046/1528/807 
f 1049/1532/808 1048/1533/808 1050/1534/809 
f 1050/1534/809 1051/1535/809 1049/1532/808 
f 1051/1535/809 1050/1534/809 1052/1536/810 
f 1052/1536/810 1053/1537/810 1051/1535/809 
f 1053/1537/810 1052/1536/810 1054/1538/811 
f 1054/1538/811 1055/1539/811 1053/1537/810 
f 1055/1540/811 1054/1541/811 1056/1542/812 
f 1056/1542/812 1057/1543/812 1055/1540/811 
f 1057/1543/812 1056/1542/812 1058/1544/813 
f 1058/1544/813 1059/1545/813 1057/1543/812 
f 1059/1545/813 1058/1544/813 1060/1546/814 
f 1060/1546/814 1061/1547/814 1059/1545/813 
f 1061/1547/814 1060/1546/814 1062/1548/815 
f 1062/1548/815 1063/1549/815 1061/1547/814 
f 1063/1550/815 1062/1551/815 1064/1552/816 
f 1064/1552/816 1065/1553/816 1063/1550/815 
f 1065/1553/816 1064/1552/816 1066/1554/817 
f 1066/1554/817 1067/1555/817 1065/1553/816 
f 1067/1555/817 1066/1554/817 1068/1556/818 
f 1068/1556/818 1069/1557/818 1067/1555/817 
f 1069/1558/818 1068/1559/818 1070/1560/819 
f 1070/1560/819 1071/1561/819 1069/1558/818 
f 1071/1561/819 1070/1560/819 1072/1562/820 
f 1072/1562/820 1073/1563/820 1071/1561/819 
f 1073/1563/820 1072/1562/820 1047/1529/807 
f 1047/1529/807 1046/1528/807 1073/1563/820 
f 1074/1564/667 1075/1565/667 1076/1566/667 
f 1075/1565/667 1077/1567/667 1076/1566/667 
f 1077/1567/667 1078/1568/667 1076/1566/667 
f 1078/1568/667 1079/1569/667 1076/1566/667 
f 1079/1569/667 1080/1570/667 1076/1566/667 
f 1080/1570/667 1081/1571/667 1076/1566/667 
f 1081/1571/667 1082/1572/667 1076/1566/667 
f 1082/1572/667 1083/1573/668 1076/1566/667 
f 1083/1573/668 1084/1574/668 1076/1566/667 
f 1084/1574/668 1085/1575/667 1076/1566/667 
f 1085/1575/667 1086/1576/667 1076/1566/667 
f 1086/1576/667 1087/1577/667 1076/1566/667 
f 1087/1577/667 1088/1578/667 1076/1566/667 
f 1088/1578/667 1074/1564/667 1076/1566/667 
f 1089/1579/821 1046/1528/821 1049/1531/822 
f 1049/1531/822 1090/1580/822 1089/1579/821 
f 1090/1581/822 1049/1532/822 1051/1535/823 
f 1051/1535/823 1091/1582/823 1090/1581/822 
f 1091/1582/823 1051/1535/823 1053/1537/824 
f 1053/1537/824 1092/1583/824 1091/1582/823 
f 1092/1583/824 1053/1537/824 1055/1539/825 
f 1055/1539/825 1093/1584/825 1092/1583/824 
f 1093/1585/825 1055/1540/825 1057/1543/826 
f 1057/1543/826 1094/1586/826 1093/1585/825 
f 1094/1586/826 1057/1543/826 1059/1545/827 
f 1059/1545/827 1095/1587/827 1094/1586/826 
f 1095/1587/827 1059/1545/827 1061/1547/828 
f 1061/1547/828 1096/1588/828 1095/1587/827 
f 1096/1588/828 1061/1547/828 1063/1549/829 
f 1063/1549/829 1097/1589/829 1096/1588/828 
f 1097/1590/829 1063/1550/829 1065/1553/830 
f 1065/1553/830 1098/1591/830 1097/1590/829 
f 1098/1591/830 1065/1553/830 1067/1555/831 
f 1067/1555/831 1099/1592/831 1098/1591/830 
f 1099/1592/831 1067/1555/831 1069/1557/832 
f 1069/1557/832 1100/1593/832 1099/1592/831 
f 1100/1594/832 1069/1558/832 1071/1561/833 
f 1071/1561/833 1101/1595/833 1100/1594/832 
f 1101/1595/833 1071/1561/833 1073/1563/834 
f 1073/1563/834 1102/1596/834 1101/1595/833 
f 1102/1596/834 1073/1563/834 1046/1528/821 
f 1046/1528/821 1089/1579/821 1102/1596/834 
f 1074/1597/835 1089/1579/835 1090/1580/836 
f 1090/1580/836 1075/1598/836 1074/1597/835 
f 1075/1599/836 1090/1581/836 1091/1582/837 
f 1091/1582/837 1077/1600/837 1075/1599/836 
f 1077/1600/837 1091/1582/837 1092/1583/838 
f 1092/1583/838 1078/1601/838 1077/1600/837 
f 1078/1601/838 1092/1583/838 1093/1584/839 
f 1093/1584/839 1079/1602/839 1078/1601/838 
f 1079/1603/839 1093/1585/839 1094/1586/840 
f 1094/1586/840 1080/1604/840 1079/1603/839 
f 1080/1604/840 1094/1586/840 1095/1587/841 
f 1095/1587/841 1081/1605/841 1080/1604/840 
f 1081/1605/841 1095/1587/841 1096/1588/842 
f 1096/1588/842 1082/1606/842 1081/1605/841 
f 1082/1606/842 1096/1588/842 1097/1589/843 
f 1097/1589/843 1083/1607/843 1082/1606/842 
f 1083/1608/843 1097/1590/843 1098/1591/844 
f 1098/1591/844 1084/1609/844 1083/1608/843 
f 1084/1609/844 1098/1591/844 1099/1592/845 
f 1099/1592/845 1085/1610/845 1084/1609/844 
f 1085/1610/845 1099/1592/845 1100/1593/846 
f 1100/1593/846 1086/1611/846 1085/1610/845 
f 1086/1612/846 1100/1594/846 1101/1595/847 
f 1101/1595/847 1087/1613/847 1086/1612/846 
f 1087/1613/847 1101/1595/847 1102/1596/848 
f 1102/1596/848 1088/1614/848 1087/1613/847 
f 1088/1614/848 1102/1596/848 1089/1579/835 
f 1089/1579/835 1074/1597/835 1088/1614/848 
f 1103/1615/807 1104/1616/807 1105/1617/808 
f 1105/1617/808 1106/1618/808 1103/1615/807 
f 1106/1619/808 1105/1620/808 1107/1621/809 
f 1107/1621/809 1108/1622/809 1106/1619/808 
f 1108/1622/809 1107/1621/809 1109/1623/810 
f 1109/1623/810 1110/1624/810 1108/1622/809 
f 1110/1624/810 1109/1623/810 1111/1625/811 
f 1111/1625/811 1112/1626/811 1110/1624/810 
f 1112/1627/811 1111/1628/811 1113/1629/812 
f 1113/1629/812 1114/1630/812 1112/1627/811 
f 1114/1630/812 1113/1629/812 1115/1631/849 
f 1115/1631/849 1116/1632/849 1114/1630/812 
f 1116/1632/849 1115/1631/849 1117/1633/814 
f 1117/1633/814 1118/1634/814 1116/1632/849 
f 1118/1634/814 1117/1633/814 1119/1635/815 
f 1119/1635/815 1120/1636/815 1118/1634/814 
f 1120/1637/815 1119/1638/815 1121/1639/816 
f 1121/1639/816 1122/1640/816 1120/1637/815 
f 1122/1640/816 1121/1639/816 1123/1641/817 
f 1123/1641/817 1124/1642/817 1122/1640/816 
f 1124/1642/817 1123/1641/817 1125/1643/818 
f 1125/1643/818 1126/1644/818 1124/1642/817 
f 1126/1645/818 1125/1646/818 1127/1647/819 
f 1127/1647/819 1128/1648/819 1126/1645/818 
f 1128/1648/819 1127/1647/819 1129/1649/820 
f 1129/1649/820 1130/1650/820 1128/1648/819 
f 1130/1650/820 1129/1649/820 1104/1616/807 
f 1104/1616/807 1103/1615/807 1130/1650/820 
f 1131/1651/667 1132/1652/667 1133/1653/667 
f 1132/1652/667 1134/1654/667 1133/1653/667 
f 1134/1654/667 1135/1655/667 1133/1653/667 
f 1135/1655/667 1136/1656/667 1133/1653/667 
f 1136/1656/667 1137/1657/667 1133/1653/667 
f 1137/1657/667 1138/1658/667 1133/1653/667 
f 1138/1658/667 1139/1659/667 1133/1653/667 
f 1139/1659/667 1140/1660/668 1133/1653/667 
f 1140/1660/668 1141/1661/668 1133/1653/667 
f 1141/1661/668 1142/1662/667 1133/1653/667 
f 1142/1662/667 1143/1663/667 1133/1653/667 
f 1143/1663/667 1144/1664/667 1133/1653/667 
f 1144/1664/667 1145/1665/667 1133/1653/667 
f 1145/1665/667 1131/1651/667 1133/1653/667 
f 1146/1666/821 1103/1615/821 1106/1618/822 
f 1106/1618/822 1147/1667/822 1146/1666/821 
f 1147/1668/822 1106/1619/822 1108/1622/823 
f 1108/1622/823 1148/1669/823 1147/1668/822 
f 1148/1669/823 1108/1622/823 1110/1624/824 
f 1110/1624/824 1149/1670/824 1148/1669/823 
f 1149/1670/824 1110/1624/824 1112/1626/825 
f 1112/1626/825 1150/1671/825 1149/1670/824 
f 1150/1672/825 1112/1627/825 1114/1630/826 
f 1114/1630/826 1151/1673/826 1150/1672/825 
f 1151/1673/826 1114/1630/826 1116/1632/827 
f 1116/1632/827 1152/1674/827 1151/1673/826 
f 1152/1674/827 1116/1632/827 1118/1634/828 
f 1118/1634/828 1153/1675/828 1152/1674/827 
f 1153/1675/828 1118/1634/828 1120/1636/829 
f 1120/1636/829 1154/1676/829 1153/1675/828 
f 1154/1677/829 1120/1637/829 1122/1640/830 
f 1122/1640/830 1155/1678/830 1154/1677/829 
f 1155/1678/830 1122/1640/830 1124/1642/831 
f 1124/1642/831 1156/1679/831 1155/1678/830 
f 1156/1679/831 1124/1642/831 1126/1644/832 
f 1126/1644/832 1157/1680/832 1156/1679/831 
f 1157/1681/832 1126/1645/832 1128/1648/833 
f 1128/1648/833 1158/1682/833 1157/1681/832 
f 1158/1682/833 1128/1648/833 1130/1650/834 
f 1130/1650/834 1159/1683/834 1158/1682/833 
f 1159/1683/834 1130/1650/834 1103/1615/821 
f 1103/1615/821 1146/1666/821 1159/1683/834 
f 1131/1684/835 1146/1666/835 1147/1667/836 
f 1147/1667/836 1132/1685/836 1131/1684/835 
f 1132/1686/836 1147/1668/836 1148/1669/837 
f 1148/1669/837 1134/1687/837 1132/1686/836 
f 1134/1687/837 1148/1669/837 1149/1670/838 
f 1149/1670/838 1135/1688/838 1134/1687/837 
f 1135/1688/838 1149/1670/838 1150/1671/839 
f 1150/1671/839 1136/1689/839 1135/1688/838 
f 1136/1690/839 1150/1672/839 1151/1673/840 
f 1151/1673/840 1137/1691/840 1136/1690/839 
f 1137/1691/840 1151/1673/840 1152/1674/841 
f 1152/1674/841 1138/1692/841 1137/1691/840 
f 1138/1692/841 1152/1674/841 1153/1675/842 
f 1153/1675/842 1139/1693/842 1138/1692/841 
f 1139/1693/842 1153/1675/842 1154/1676/843 
f 1154/1676/843 1140/1694/843 1139/1693/842 
f 1140/1695/843 1154/1677/843 1155/1678/844 
f 1155/1678/844 1141/1696/844 1140/1695/843 
f 1141/1696/844 1155/1678/844 1156/1679/845 
f 1156/1679/845 1142/1697/845 1141/1696/844 
f 1142/1697/845 1156/1679/845 1157/1680/846 
f 1157/1680/846 1143/1698/846 1142/1697/845 
f 1143/1699/846 1157/1681/846 1158/1682/847 
f 1158/1682/847 1144/1700/847 1143/1699/846 
f 1144/1700/847 1158/1682/847 1159/1683/850 
f 1159/1683/850 1145/1701/850 1144/1700/847 
f 1145/1701/850 1159/1683/850 1146/1666/835 
f 1146/1666/835 1131/1684/835 1145/1701/850 
f 1160/1702/665 1161/1703/665 1162/1704/665 
f 1162/1704/665 1163/1705/665 1160/1702/665 
f 1161/1703/665 1160/1702/665 1164/1706/665 
f 1164/1706/665 1165/1707/665 1161/1703/665 
f 1166/1708/665 1167/1709/665 1165/1707/665 
f 1165/1707/665 1164/1706/665 1166/1708/665 
f 1167/1709/665 1166/1708/665 1168/1710/666 
f 1168/1710/666 1169/1711/666 1167/1709/665 
f 1170/1712/582 1171/1713/582 1169/1711/666 
f 1169/1711/666 1168/1710/666 1170/1712/582 
f 1171/1713/582 1170/1712/582 1172/1714/665 
f 1172/1714/665 1173/1715/665 1171/1713/582 
f 1174/1716/665 1175/1717/665 1173/1715/665 
f 1173/1715/665 1172/1714/665 1174/1716/665 
f 1175/1717/665 1174/1716/665 1176/1718/665 
f 1176/1718/665 1177/1719/665 1175/1717/665 
f 1178/1720/665 1179/1721/665 1177/1719/665 
f 1177/1719/665 1176/1718/665 1178/1720/665 
f 1180/1722/665 1181/1723/665 1179/1721/665 
f 1179/1721/665 1178/1720/665 1180/1722/665 
f 1163/1705/665 1162/1704/665 1182/1724/665 
f 1182/1724/665 1183/1725/665 1163/1705/665 
f 1184/1726/851 1185/1727/852 1186/1728/853 
f 1186/1728/853 1187/1729/852 1184/1726/851 
f 1188/1730/854 1189/1731/854 1190/1732/855 
f 1190/1732/855 1191/1733/855 1188/1730/854 
f 1191/1733/855 1190/1732/855 1192/1734/856 
f 1192/1734/856 1193/1735/856 1191/1733/855 
f 1194/1736/857 1195/1737/857 1185/1727/852 
f 1185/1727/852 1184/1726/851 1194/1736/857 
f 1196/1738/858 1197/1739/858 1195/1737/857 
f 1195/1737/857 1194/1736/857 1196/1738/858 
f 1193/1735/856 1192/1734/856 1198/1740/859 
f 1198/1740/859 1199/1741/859 1193/1735/856 
f 1199/1741/859 1198/1740/859 1200/1742/860 
f 1200/1742/860 1201/1743/860 1199/1741/859 
f 1202/1744/861 1203/1745/861 1197/1739/858 
f 1197/1739/858 1196/1738/858 1202/1744/861 
f 1204/1746/861 1205/1747/861 1203/1745/861 
f 1203/1745/861 1202/1744/861 1204/1746/861 
f 1201/1743/860 1200/1742/860 1206/1748/860 
f 1206/1748/860 1207/1749/860 1201/1743/860 
f 1207/1749/860 1206/1748/860 1208/1750/860 
f 1208/1750/860 1209/1751/860 1207/1749/860 
f 1210/1752/861 1211/1753/861 1205/1747/861 
f 1205/1747/861 1204/1746/861 1210/1752/861 
f 1212/1754/862 1213/1755/862 1211/1753/861 
f 1211/1753/861 1210/1752/861 1212/1754/862 
f 1209/1751/860 1208/1750/860 1214/1756/863 
f 1214/1756/863 1215/1757/863 1209/1751/860 
f 1215/1757/863 1214/1756/863 1216/1758/864 
f 1216/1758/864 1217/1759/864 1215/1757/863 
f 1218/1760/865 1219/1761/866 1213/1755/862 
f 1213/1755/862 1212/1754/862 1218/1760/865 
f 1220/1762/867 1221/1763/867 1219/1761/866 
f 1219/1761/866 1218/1760/865 1220/1762/867 
f 1217/1759/864 1216/1758/864 1222/1764/868 
f 1222/1764/868 1223/1765/868 1217/1759/864 
f 1224/1766/869 1225/1767/869 1221/1763/869 
f 1221/1763/869 1220/1762/869 1224/1766/869 
f 1223/1765/870 1222/1764/870 1226/1768/870 
f 1226/1768/870 1227/1769/870 1223/1765/870 
f 1227/1770/871 1226/1771/872 1225/1772/872 
f 1225/1772/872 1224/1773/873 1227/1770/871 
f 1187/1729/852 1186/1728/853 1228/1774/861 
f 1228/1774/861 1229/1775/861 1187/1729/852 
f 1229/1776/492 1228/1777/492 1230/1778/492 
f 1230/1778/492 1231/1779/492 1229/1776/492 
f 1231/1780/667 1230/1781/667 1189/1731/854 
f 1189/1731/854 1188/1730/854 1231/1780/667 
f 1161/1782/852 1232/1783/851 1233/1784/852 
f 1233/1784/852 1162/1785/853 1161/1782/852 
f 1165/1786/857 1234/1787/857 1232/1783/851 
f 1232/1783/851 1161/1782/852 1165/1786/857 
f 1167/1788/858 1235/1789/858 1234/1787/857 
f 1234/1787/857 1165/1786/857 1167/1788/858 
f 1169/1790/861 1236/1791/861 1235/1789/858 
f 1235/1789/858 1167/1788/858 1169/1790/861 
f 1171/1792/861 1237/1793/861 1236/1791/861 
f 1236/1791/861 1169/1790/861 1171/1792/861 
f 1173/1794/861 1238/1795/861 1237/1793/861 
f 1237/1793/861 1171/1792/861 1173/1794/861 
f 1175/1796/862 1239/1797/862 1238/1795/861 
f 1238/1795/861 1173/1794/861 1175/1796/862 
f 1177/1798/866 1240/1799/865 1239/1797/862 
f 1239/1797/862 1175/1796/862 1177/1798/866 
f 1179/1800/867 1241/1801/867 1240/1799/865 
f 1240/1799/865 1177/1798/866 1179/1800/867 
f 1181/1802/869 1242/1803/869 1241/1801/869 
f 1241/1801/869 1179/1800/869 1181/1802/869 
f 1180/1722/874 1243/1804/875 1242/1805/876 
f 1242/1805/876 1181/1723/874 1180/1722/874 
f 1178/1806/870 1244/1807/870 1243/1808/870 
f 1243/1808/870 1180/1809/870 1178/1806/870 
f 1176/1810/864 1245/1811/864 1244/1807/868 
f 1244/1807/868 1178/1806/868 1176/1810/864 
f 1174/1812/863 1246/1813/863 1245/1811/864 
f 1245/1811/864 1176/1810/864 1174/1812/863 
f 1172/1814/860 1247/1815/860 1246/1813/863 
f 1246/1813/863 1174/1812/863 1172/1814/860 
f 1170/1816/860 1248/1817/860 1247/1815/860 
f 1247/1815/860 1172/1814/860 1170/1816/860 
f 1168/1818/860 1249/1819/860 1248/1817/860 
f 1248/1817/860 1170/1816/860 1168/1818/860 
f 1166/1820/859 1250/1821/859 1249/1819/860 
f 1249/1819/860 1168/1818/860 1166/1820/859 
f 1164/1822/856 1251/1823/856 1250/1821/859 
f 1250/1821/859 1166/1820/859 1164/1822/856 
f 1160/1824/855 1252/1825/855 1251/1823/856 
f 1251/1823/856 1164/1822/856 1160/1824/855 
f 1163/1826/854 1253/1827/854 1252/1825/855 
f 1252/1825/855 1160/1824/855 1163/1826/854 
f 1183/1828/667 1254/1829/667 1253/1827/854 
f 1253/1827/854 1163/1826/854 1183/1828/667 
f 1182/1724/492 1255/1830/492 1254/1831/492 
f 1254/1831/492 1183/1725/492 1182/1724/492 
f 1162/1785/853 1233/1784/852 1255/1832/861 
f 1255/1832/861 1182/1833/861 1162/1785/853 
f 1234/1787/857 1194/1736/857 1184/1726/851 
f 1184/1726/851 1232/1783/851 1234/1787/857 
f 1235/1789/858 1196/1738/858 1194/1736/857 
f 1194/1736/857 1234/1787/857 1235/1789/858 
f 1236/1791/861 1202/1744/861 1196/1738/858 
f 1196/1738/858 1235/1789/858 1236/1791/861 
f 1237/1793/861 1204/1746/861 1202/1744/861 
f 1202/1744/861 1236/1791/861 1237/1793/861 
f 1238/1795/861 1210/1752/861 1204/1746/861 
f 1204/1746/861 1237/1793/861 1238/1795/861 
f 1239/1797/862 1212/1754/862 1210/1752/861 
f 1210/1752/861 1238/1795/861 1239/1797/862 
f 1240/1799/865 1218/1760/865 1212/1754/862 
f 1212/1754/862 1239/1797/862 1240/1799/865 
f 1242/1803/869 1224/1766/869 1220/1762/869 
f 1220/1762/869 1241/1801/869 1242/1803/869 
f 1243/1804/875 1227/1770/871 1224/1773/873 
f 1224/1773/873 1242/1805/876 1243/1804/875 
f 1244/1807/870 1223/1765/870 1227/1769/870 
f 1227/1769/870 1243/1808/870 1244/1807/870 
f 1245/1811/864 1217/1759/864 1223/1765/868 
f 1223/1765/868 1244/1807/868 1245/1811/864 
f 1246/1813/863 1215/1757/863 1217/1759/864 
f 1217/1759/864 1245/1811/864 1246/1813/863 
f 1247/1815/860 1209/1751/860 1215/1757/863 
f 1215/1757/863 1246/1813/863 1247/1815/860 
f 1248/1817/860 1207/1749/860 1209/1751/860 
f 1209/1751/860 1247/1815/860 1248/1817/860 
f 1249/1819/860 1201/1743/860 1207/1749/860 
f 1207/1749/860 1248/1817/860 1249/1819/860 
f 1250/1821/859 1199/1741/859 1201/1743/860 
f 1201/1743/860 1249/1819/860 1250/1821/859 
f 1251/1823/856 1193/1735/856 1199/1741/859 
f 1199/1741/859 1250/1821/859 1251/1823/856 
f 1252/1825/855 1191/1733/855 1193/1735/856 
f 1193/1735/856 1251/1823/856 1252/1825/855 
f 1253/1827/854 1188/1730/854 1191/1733/855 
f 1191/1733/855 1252/1825/855 1253/1827/854 
f 1254/1829/667 1231/1780/667 1188/1730/854 
f 1188/1730/854 1253/1827/854 1254/1829/667 
f 1255/1830/492 1229/1776/492 1231/1779/492 
f 1231/1779/492 1254/1831/492 1255/1830/492 
f 1233/1784/852 1187/1729/852 1229/1775/861 
f 1229/1775/861 1255/1832/861 1233/1784/852 
f 1256/1834/877 1184/1835/877 1187/1836/877 
f 1187/1836/877 1257/1837/877 1256/1834/877 
f 1233/1838/878 1258/1839/879 1187/1840/880 
f 1187/1840/880 1258/1839/879 1257/1841/881 
f 1232/1842/882 1259/1843/883 1233/1844/884 
f 1233/1844/884 1259/1843/883 1258/1845/885 
f 1232/1846/886 1184/1847/887 1259/1848/888 
f 1259/1848/888 1184/1847/887 1256/1849/889 
f 1260/1850/890 1220/1851/890 1218/1852/890 
f 1218/1852/890 1261/1853/890 1260/1850/890 
f 1261/1854/891 1218/1855/891 1240/1856/891 
f 1240/1856/891 1262/1857/891 1261/1854/891 
f 1262/1858/892 1240/1859/892 1241/1860/892 
f 1241/1860/892 1263/1861/892 1262/1858/892 
f 1241/1862/893 1220/1863/894 1263/1864/895 
f 1263/1864/895 1220/1863/894 1260/1865/896 
f 907/1248/655 911/1252/659 909/1250/657 
f 909/1250/657 905/1246/653 907/1248/655 
f 860/1866/611 1264/1867/897 878/1868/633 
f 878/1868/633 1264/1867/897 1265/1869/898 
f 860/1870/611 858/1871/609 1266/1872/899 
f 1266/1872/899 1264/1873/897 860/1870/611 
f 858/1871/609 838/1874/585 1267/1875/900 
f 1267/1875/900 1266/1872/899 858/1871/609 
f 889/1876/901 1268/1877/901 920/1878/901 
f 920/1878/901 891/1879/901 889/1876/901 
f 920/1878/901 1268/1877/901 1269/1880/901 
f 1269/1880/901 924/1881/901 920/1878/901 
f 926/1882/901 924/1881/901 1269/1880/901 
f 1269/1880/901 1270/1883/901 926/1882/901 
f 928/1884/901 926/1882/901 1270/1883/901 
f 1270/1883/901 1271/1885/901 928/1884/901 
f 930/1886/901 928/1884/901 1271/1885/901 
f 1271/1885/901 1272/1887/901 930/1886/901 
f 932/1888/901 930/1886/901 1272/1887/901 
f 1272/1887/901 1273/1889/901 932/1888/901 
f 934/1890/901 932/1888/901 1273/1889/901 
f 1273/1889/901 1274/1891/901 934/1890/901 
f 936/1892/901 934/1890/901 1274/1891/901 
f 1274/1891/901 1275/1893/901 936/1892/901 
f 938/1894/901 936/1892/901 1275/1893/901 
f 1275/1893/901 1276/1895/901 938/1894/901 
f 893/1896/901 938/1894/901 1276/1895/901 
f 1276/1895/901 892/1897/901 893/1896/901 
# 1590 faces

#
# object meshId2_name
#

v  -0.9183 0.1678 1.5206
v  -0.9170 0.2799 1.5204
v  -0.8915 0.1678 1.5206
v  -0.8901 0.2799 1.5204
v  -0.8969 0.4394 1.6689
v  -0.9223 0.4209 1.6089
v  -0.9237 0.4394 1.6689
v  -0.8982 0.4413 1.8938
v  -2.1070 0.4931 1.3076
v  -1.9289 0.5273 1.3076
v  -2.1070 0.4931 1.0315
v  -1.9289 0.5273 1.0315
v  -1.8717 0.5273 -1.9260
v  -1.8722 0.4496 -1.9260
v  -2.0499 0.4931 -1.9260
v  -2.0510 0.4066 -1.9260
v  -1.5668 0.7114 1.0315
v  -1.7507 0.5991 1.0315
v  -1.5668 0.7114 1.3076
v  -1.7507 0.5991 1.3076
v  -1.7507 0.5163 -1.9260
v  -1.7507 0.5991 -1.9260
v  -1.5668 0.6270 -1.9260
v  -1.5668 0.7114 -1.9260
v  -1.1992 1.2211 1.0315
v  -1.3830 0.8914 1.0315
v  -1.1992 1.2211 1.3076
v  -1.3830 0.8914 1.3076
v  -1.3830 0.7830 -1.9260
v  -1.3830 0.8914 -1.9260
v  -1.1992 1.0254 -1.9260
v  -1.1992 1.2211 -1.9260
v  -1.0153 0.4286 1.8796
v  -0.9234 0.4449 1.8796
v  -1.0153 0.5259 1.8796
v  -0.9234 0.5427 1.8796
v  -0.9234 2.3511 1.3076
v  -0.9234 2.3511 1.0315
v  -0.9914 2.2057 1.3076
v  -0.9914 2.2057 1.0315
v  -0.9946 1.8619 -1.9260
v  -0.9914 2.2057 -1.9260
v  -0.9234 2.2030 -1.9260
v  -0.9234 2.3511 -1.9260
v  -0.5558 2.6488 1.3076
v  -0.5558 2.6488 1.0315
v  -0.6477 2.6255 1.3076
v  -0.6477 2.6255 1.0315
v  -0.6477 2.5311 -1.9260
v  -0.6477 2.6255 -1.9260
v  -0.5558 2.5600 -1.9260
v  -0.5558 2.6488 -1.9260
v  -0.1881 2.6612 1.3076
v  -0.1881 2.6612 1.0315
v  -0.2800 2.6846 1.3076
v  -0.2800 2.6846 1.0315
v  -0.1881 2.5693 -1.9260
v  -0.2800 2.5916 -1.9260
v  -0.1881 2.6612 -1.9260
v  -0.2800 2.6846 -1.9260
v  0.2094 2.3882 1.0315
v  0.0877 2.5230 1.0315
v  0.2094 2.3882 1.3076
v  0.0877 2.5230 1.3076
v  0.2086 2.1995 -1.9260
v  0.0877 2.3941 -1.9260
v  0.2094 2.3882 -1.9260
v  0.0877 2.5230 -1.9260
v  0.5965 1.6282 1.3076
v  0.5965 1.6282 1.0315
v  0.4139 1.7721 1.3076
v  0.4139 1.7721 1.0315
v  0.6088 1.5188 -1.9260
v  0.4175 1.6251 -1.9260
v  0.5965 1.6282 -1.9260
v  0.4139 1.7721 -1.9260
v  0.7183 1.5742 1.0315
v  0.7183 1.5742 1.3076
v  0.7393 1.4754 1.0315
v  0.7401 1.4718 1.3076
v  0.3721 0.4260 1.8796
v  0.3721 0.5091 1.8796
v  0.2715 0.4420 1.8796
v  0.2715 0.5427 1.8796
v  0.2715 2.2305 1.0315
v  0.2715 2.2305 1.3076
v  0.2715 2.0323 -1.9260
v  0.2715 2.2305 -1.9260
v  -0.0043 2.5804 1.3076
v  -0.0043 2.5804 1.0315
v  -0.0962 2.6379 1.3076
v  -0.0962 2.6379 1.0315
v  -0.0043 2.4929 -1.9260
v  -0.0962 2.5407 -1.9260
v  -0.0043 2.5804 -1.9260
v  -0.0962 2.6379 -1.9260
v  -0.3719 2.6783 1.3076
v  -0.3719 2.6783 1.0315
v  -0.4638 2.6720 1.3076
v  -0.4638 2.6720 1.0315
v  -0.4638 2.5789 -1.9260
v  -0.4638 2.6720 -1.9260
v  -0.3719 2.5916 -1.9260
v  -0.3719 2.6783 -1.9260
v  -0.7396 2.5610 1.3076
v  -0.7396 2.5610 1.0315
v  -0.8315 2.4965 1.3076
v  -0.8315 2.4965 1.0315
v  -0.8315 2.3782 -1.9260
v  -0.8315 2.4965 -1.9260
v  -0.7396 2.4580 -1.9260
v  -0.7396 2.5610 -1.9260
v  -1.1073 1.5845 1.0315
v  -1.1073 1.5845 1.3076
v  -1.1073 1.2179 -1.9260
v  -1.1073 1.5845 -1.9260
v  -1.4749 0.8014 1.0315
v  -1.4749 0.8014 1.3076
v  -1.4749 0.6865 -1.9260
v  -1.4749 0.8014 -1.9260
v  0.4139 1.7721 1.6165
v  0.4175 1.6260 1.6165
v  0.5965 1.6282 1.6165
v  0.6111 1.5082 1.6165
v  0.2020 0.5763 1.8796
v  0.2015 0.4603 1.8796
v  0.2715 2.2305 1.6165
v  0.2715 1.9260 1.6165
v  0.4176 1.6204 1.6165
v  0.2094 2.3882 1.6165
v  0.2086 2.1812 1.6165
v  0.0877 2.5230 1.6165
v  0.0877 2.4162 1.6165
v  -0.0962 2.6379 1.6165
v  -0.0962 2.5481 1.6165
v  -0.0043 2.5804 1.6165
v  -0.0043 2.4822 1.6165
v  -0.2800 2.6846 1.6165
v  -0.2800 2.5969 1.6165
v  -0.1881 2.6612 1.6165
v  -0.1881 2.5725 1.6165
v  -0.4638 2.5940 1.6165
v  -0.3719 2.5954 1.6165
v  -0.4638 2.6720 1.6165
v  -0.3719 2.6783 1.6165
v  -0.6477 2.5367 1.6165
v  -0.5558 2.5653 1.6165
v  -0.6477 2.6255 1.6165
v  -0.5558 2.6488 1.6165
v  -0.8315 2.3904 1.6165
v  -0.7396 2.4635 1.6165
v  -0.8315 2.4965 1.6165
v  -0.7396 2.5610 1.6165
v  -1.0153 1.7712 1.6165
v  -0.9234 2.1969 1.6165
v  -0.9914 2.2057 1.6165
v  -0.9234 2.3511 1.6165
v  -1.1992 1.0659 1.6165
v  -1.1073 1.3065 1.6165
v  -1.1992 1.2211 1.6165
v  -1.1073 1.5845 1.6165
v  -1.3830 0.7993 1.6165
v  -1.3830 0.8914 1.6165
v  -1.5668 0.6187 1.6165
v  -1.4749 0.7090 1.6165
v  -1.5668 0.7114 1.6165
v  -1.4749 0.8014 1.6165
v  -1.7507 0.5270 1.6165
v  -1.7507 0.5991 1.6165
v  -1.9293 0.4610 1.6165
v  -1.9289 0.5273 1.6165
v  -2.2068 0.4091 1.6165
v  -2.2057 0.4956 1.6165
v  -2.2057 0.4956 1.0315
v  -2.2068 0.4091 1.0315
v  -2.2057 0.4956 1.3076
v  -2.2068 0.4091 1.3076
v  0.7183 1.5742 0.7135
v  0.7390 1.4771 0.7135
v  0.5965 1.6282 0.7135
v  0.4139 1.7721 0.7135
v  0.2715 2.2305 0.7135
v  0.2094 2.3882 -1.8305
v  0.2094 2.3882 -1.5233
v  0.2715 2.2305 -1.8305
v  0.2715 2.2305 -1.5125
v  0.2094 2.3882 0.7097
v  0.0877 2.5230 0.7097
v  -0.0043 2.5804 0.7097
v  -0.0962 2.6379 0.7097
v  -0.1881 2.6612 0.7097
v  -0.2800 2.6846 0.7097
v  -0.3719 2.6783 0.7097
v  -0.4638 2.6720 0.7097
v  -0.5558 2.6488 0.7097
v  -0.6477 2.6255 0.7097
v  -0.7396 2.5610 0.7097
v  -0.8315 2.4965 0.7097
v  -0.9914 2.2057 -1.8305
v  -0.9914 2.2057 -1.5125
v  -0.9234 2.3511 -1.8305
v  -0.9234 2.3511 -1.5125
v  -1.1073 1.5845 -1.8305
v  -1.1073 1.7155 -1.5125
v  -1.1992 1.2211 -1.8305
v  -1.5483 0.7568 -1.5125
v  -1.2244 1.2404 -1.5125
v  -1.3830 0.8914 -1.8305
v  -1.5668 0.7114 -1.8305
v  -1.4749 0.8014 -1.8305
v  -1.7507 0.5991 -1.8305
v  -1.7507 0.5991 -1.5125
v  -1.9289 0.5273 -1.5125
v  -1.8717 0.5273 -1.8305
v  -2.1070 0.4931 -1.5125
v  -2.0499 0.4931 -1.8305
v  -2.2068 0.4091 -1.8305
v  -2.2068 0.4091 -1.5125
v  -2.2057 0.4956 -1.8305
v  -2.2057 0.4956 -1.5125
v  0.7401 1.4718 1.5195
v  0.7183 1.5742 1.5195
v  0.4176 1.6235 1.3076
v  0.6111 1.5082 1.3076
v  0.4175 1.6260 1.5195
v  0.6111 1.5082 1.5195
v  0.5965 1.6282 1.5195
v  0.4139 1.7721 1.5195
v  0.4176 1.6204 1.5195
v  0.4176 1.6204 1.3572
v  0.2715 2.2305 1.5195
v  0.2094 2.3882 1.5195
v  0.0877 2.5230 1.5195
v  -0.0043 2.5804 1.5195
v  -0.0962 2.6379 1.5195
v  -0.1881 2.6612 1.5195
v  -0.2800 2.6846 1.5195
v  -0.3719 2.6783 1.5195
v  -0.4638 2.6720 1.5195
v  -0.5558 2.6488 1.5195
v  -0.6477 2.6255 1.5195
v  -0.7396 2.5610 1.5195
v  -0.8315 2.4965 1.5195
v  -0.9234 2.3511 1.5195
v  -0.9914 2.2057 1.5195
v  -1.1073 1.5845 1.5195
v  -1.1992 1.2211 1.5195
v  -1.3830 0.8914 1.5195
v  -1.4653 0.7090 1.2975
v  -1.4749 0.7090 1.5195
v  -1.5668 0.6187 1.3076
v  -1.5668 0.6187 1.5195
v  -1.4749 0.8014 1.5195
v  -1.5668 0.7114 1.5195
v  -1.7507 0.5270 1.3076
v  -1.7507 0.5270 1.5195
v  -1.7507 0.5991 1.5195
v  -1.9293 0.4610 1.3076
v  -1.9293 0.4610 1.5195
v  -1.9289 0.5273 1.5195
v  -2.0510 0.4066 1.3076
v  -2.1081 0.4066 1.5195
v  -2.1070 0.4931 1.5195
v  0.7401 1.4718 1.6165
v  0.7183 1.5742 1.6165
v  0.2715 1.9260 1.5195
v  0.3721 1.7155 1.5195
v  0.2086 2.1812 1.5195
v  0.0877 2.4162 1.5195
v  -0.0962 2.5481 1.5195
v  -0.0043 2.4822 1.5195
v  -0.2800 2.5969 1.5195
v  -0.1881 2.5725 1.5195
v  -0.4638 2.5940 1.5195
v  -0.3719 2.5954 1.5195
v  -0.6477 2.5367 1.5195
v  -0.5558 2.5653 1.5195
v  -0.8315 2.3904 1.5195
v  -0.7396 2.4636 1.5195
v  -1.0153 1.7712 1.5195
v  -0.9234 2.1969 1.5195
v  -1.1992 1.0659 1.5195
v  -1.1073 1.3065 1.5195
v  -1.3830 0.7993 1.5195
v  -2.0510 0.4066 1.0315
v  -2.0510 0.4066 -1.4160
v  -2.0510 0.4066 -1.8305
v  -2.2068 0.4091 -1.9260
v  -2.2057 0.4956 -1.9260
v  -0.8315 0.5796 1.8796
v  -0.8315 0.4655 1.8796
v  -0.9234 2.3511 0.7135
v  0.4176 1.6237 1.0303
v  -2.2068 0.4091 0.7135
v  -2.0510 0.4066 0.7135
v  -2.2057 0.4956 0.7135
v  -2.1070 0.4931 0.7135
v  -1.9289 0.5273 0.7135
v  -1.7507 0.5991 0.7135
v  -1.5233 0.7141 0.7135
v  -1.2008 0.6869 0.7135
v  -1.1304 1.5845 0.7135
v  -0.9914 2.2057 0.7135
v  -2.2068 0.4091 0.3955
v  -2.0510 0.4066 0.3955
v  -2.2057 0.4956 0.3955
v  -2.1070 0.4931 0.3955
v  -1.9289 0.5273 0.3955
v  -1.7507 0.5991 0.3955
v  -1.5233 0.7141 0.3955
v  -0.9914 2.2057 0.3955
v  -1.1304 1.7155 0.3955
v  -0.9234 2.3511 0.3955
v  -2.2068 0.4091 0.0775
v  -2.0510 0.4066 0.0775
v  -2.2057 0.4956 0.0775
v  -2.1070 0.4931 0.0775
v  -1.9289 0.5273 0.0775
v  -1.7507 0.5991 0.0775
v  -1.5483 0.7568 0.0775
v  -1.7341 1.4536 0.0775
v  -1.7261 1.3701 0.0775
v  -1.7341 1.4536 0.3955
v  -1.7261 1.3701 0.3955
v  -1.1073 1.7155 0.0432
v  -0.9914 2.2057 0.0775
v  -0.9234 2.3511 0.0775
v  -2.2068 0.4091 -0.2405
v  -2.0510 0.4066 -0.2405
v  -2.2057 0.4956 -0.2405
v  -2.1070 0.4931 -0.2405
v  -1.9289 0.5273 -0.2405
v  -1.7507 0.5991 -0.2405
v  -1.5483 0.7568 -0.2405
v  -1.7341 1.4536 -0.2405
v  -1.7261 1.3701 -0.2405
v  -1.1073 1.7155 -0.2405
v  -0.9914 2.2057 -0.2405
v  -0.9234 2.3511 -0.2557
v  -2.2068 0.4091 -0.5585
v  -2.0510 0.4066 -0.5585
v  -2.2057 0.4956 -0.5585
v  -2.1070 0.4931 -0.5585
v  -1.9289 0.5273 -0.5585
v  -1.7507 0.5991 -0.5585
v  -1.5483 0.7568 -0.5585
v  -1.7341 1.4536 -0.5585
v  -1.7261 1.3701 -0.5585
v  -0.9914 2.2057 -0.5585
v  -1.1073 1.7155 -0.5585
v  -0.9234 2.3511 -0.5585
v  -2.2068 0.4091 -0.8765
v  -2.0510 0.4066 -0.8765
v  -2.2057 0.4956 -0.8765
v  -2.1070 0.4931 -0.8765
v  -1.9289 0.5273 -0.8765
v  -1.7507 0.5991 -0.8765
v  -1.5483 0.7568 -0.8765
v  -1.7341 1.4536 -0.8765
v  -1.7261 1.3701 -0.8765
v  -0.9914 2.2057 -0.8765
v  -1.1073 1.7155 -0.8646
v  -0.9234 2.3511 -0.8765
v  -2.2068 0.4091 -1.1945
v  -2.0510 0.4066 -1.1945
v  -2.2057 0.4956 -1.1945
v  -2.1070 0.4931 -1.1945
v  -1.9289 0.5273 -1.1945
v  -1.7507 0.5991 -1.1945
v  -1.5483 0.7568 -1.1945
v  -1.7341 1.4536 -1.1945
v  -1.7261 1.3701 -1.1945
v  -0.9914 2.2057 -1.1945
v  -1.1073 1.7155 -1.1945
v  -0.9234 2.3511 -1.1945
v  -1.7341 1.4536 -1.5125
v  -1.7261 1.3701 -1.5125
v  0.7183 1.5742 0.3955
v  0.7386 1.4787 0.3955
v  0.5965 1.6282 0.3955
v  0.4139 1.7721 0.3955
v  0.2715 2.2305 0.3955
v  0.7183 1.5742 0.0775
v  0.7383 1.4803 0.0775
v  0.5965 1.6282 0.0775
v  0.4282 1.7928 -0.0202
v  0.4014 1.8126 -0.0202
v  0.7183 1.5742 -0.2405
v  0.7380 1.4819 -0.2405
v  0.5965 1.6282 -0.2405
v  0.4177 1.7865 -0.2405
v  0.7183 1.5742 -0.5585
v  0.7376 1.4835 -0.5585
v  0.5965 1.6282 -0.5585
v  0.4282 1.7928 -0.4854
v  0.3566 1.9565 -0.2405
v  0.3648 1.9303 -0.3944
v  0.2715 2.2305 -0.2405
v  0.2715 2.2305 -0.5585
v  0.7183 1.5742 -0.8765
v  0.7373 1.4851 -0.8765
v  0.5965 1.6282 -0.8765
v  0.4139 1.7721 -0.8765
v  0.4041 1.8037 -0.4854
v  0.2715 2.2305 -0.8765
v  0.7183 1.5742 -1.1945
v  0.7369 1.4868 -1.1945
v  0.5965 1.6282 -1.1945
v  0.4139 1.7721 -1.1945
v  0.2715 2.2305 -1.1945
v  0.7183 1.5742 -1.5125
v  0.7366 1.4884 -1.5125
v  0.5965 1.6282 -1.5125
v  0.4139 1.7721 -1.5125
v  0.7183 1.5742 -1.8305
v  0.7362 1.4900 -1.8305
v  0.4139 1.7721 -1.8305
v  0.5965 1.6282 -1.8305
v  0.8539 0.4575 1.5176
v  0.8303 0.4698 0.7135
v  0.8520 0.5591 1.5176
v  0.8482 0.5927 0.7135
v  0.5134 1.0195 1.5195
v  0.5092 1.0195 1.0275
v  0.4290 1.0335 1.5195
v  0.4100 1.0335 1.0249
v  0.5991 0.9520 1.5195
v  0.6081 0.9520 1.0304
v  0.6857 0.8471 1.5195
v  0.6889 0.8471 1.0329
v  0.7724 0.6961 1.5195
v  0.7314 0.6961 1.0355
v  0.7743 0.5686 1.5195
v  0.7331 0.5686 1.0355
v  0.7737 0.6961 1.6326
v  0.7757 0.5686 1.6326
v  0.8547 0.5591 1.6307
v  0.8566 0.4575 1.6307
v  0.6857 0.8471 1.6326
v  0.6886 0.6948 1.6326
v  0.5991 0.9520 1.6326
v  0.6017 0.8112 1.6326
v  0.5134 1.0195 1.6326
v  0.5160 0.8873 1.6326
v  0.4290 1.0335 1.6326
v  0.4318 0.9213 1.6326
v  0.6886 0.6948 1.5195
v  0.6017 0.8112 1.5195
v  0.5160 0.8873 1.5195
v  0.4523 0.9213 1.5195
v  -0.3719 0.7978 1.8796
v  -0.3719 0.7038 1.8796
v  -0.2800 0.7978 1.8796
v  -0.2800 0.7005 1.8796
v  -0.1881 0.6871 1.8796
v  -0.1881 0.7865 1.8796
v  -0.0962 0.7592 1.8796
v  -0.0962 0.6535 1.8796
v  -0.0043 0.6011 1.8796
v  -0.0043 0.7160 1.8796
v  0.0877 0.6468 1.8796
v  0.0877 0.5310 1.8796
v  -0.7396 0.5125 1.8796
v  -0.7396 0.6270 1.8796
v  -0.6477 0.7051 1.8796
v  -0.6477 0.5696 1.8796
v  -0.5558 0.6434 1.8796
v  -0.5558 0.7576 1.8796
v  -0.4638 0.7844 1.8796
v  -0.4638 0.6871 1.8796
v  0.0122 2.1143 1.5091
v  -0.0643 2.2200 1.5091
v  0.0137 2.1063 1.5091
v  -1.0153 0.4286 1.5195
v  -0.9234 0.4449 1.5195
v  -0.9234 0.5427 1.5195
v  -1.0153 0.5259 1.5195
v  0.3721 0.4260 1.5195
v  0.3721 0.5091 1.5195
v  0.2715 0.5427 1.5195
v  0.2715 0.4420 1.5195
v  0.2020 0.5763 1.5195
v  0.2015 0.4603 1.5195
v  -0.8315 0.5796 1.5195
v  -0.8315 0.4655 1.5195
v  -0.2800 0.7978 1.5195
v  -0.3719 0.7978 1.5195
v  -0.3719 0.7038 1.5195
v  -0.2800 0.7005 1.5195
v  -0.1881 0.6871 1.5195
v  -0.1881 0.7865 1.5195
v  -0.0962 0.7592 1.5195
v  -0.0962 0.6535 1.5195
v  -0.0043 0.6011 1.5195
v  -0.0043 0.7160 1.5195
v  0.0877 0.6468 1.5195
v  0.0877 0.5310 1.5195
v  -0.7396 0.5125 1.5195
v  -0.7396 0.6270 1.5195
v  -0.6477 0.7051 1.5195
v  -0.6366 0.5696 1.5195
v  -0.5295 0.6434 1.5195
v  -0.5558 0.7576 1.5195
v  -0.4638 0.7844 1.5195
v  -0.4704 0.6871 1.5195
v  0.6106 1.5104 1.0306
v  0.6088 1.5188 -1.8305
v  0.6090 1.5179 -1.5125
v  0.4175 1.6251 -1.5880
v  0.4176 1.6250 -1.5125
v  0.5855 1.5308 -1.4219
v  0.6090 1.5176 -1.4219
v  0.5856 1.5306 -1.3355
v  0.6091 1.5174 -1.3355
v  0.6092 1.5170 -1.1945
v  0.6094 1.5160 -0.8761
v  0.4176 1.6250 -1.1945
v  0.4176 1.6246 -0.8761
v  0.6096 1.5151 -0.5584
v  0.4176 1.6242 -0.5584
v  0.6098 1.5141 -0.2400
v  0.4176 1.6239 -0.2400
v  0.4176 1.6236 0.0779
v  0.6100 1.5132 0.0780
v  0.6102 1.5123 0.3958
v  0.4176 1.6234 0.3957
v  0.6104 1.5113 0.7130
v  0.4176 1.6236 0.7129
v  0.4175 1.6259 0.8904
v  0.4176 1.6237 0.8870
v  0.6105 1.5108 0.8904
v  0.5711 1.5343 0.8904
v  0.4858 1.5863 0.8904
v  0.7362 1.4900 -1.9260
v  0.7183 1.5742 -1.9260
v  0.6106 1.5105 0.9827
v  -1.9260 0.4066 1.3076
v  -2.0510 0.4066 1.2975
v  -1.9260 0.4066 1.2975
v  -1.9293 0.4610 1.2975
v  -1.5668 0.6187 1.2975
v  -1.7507 0.5270 1.2975
v  -1.7507 0.4066 1.3076
v  -1.5668 0.4066 1.3076
v  -1.7507 0.4066 1.2975
v  -1.5668 0.4066 1.2975
v  -1.7507 0.2445 1.3076
v  -1.9163 0.2445 1.3076
v  -1.7507 0.2445 1.2692
v  -1.9163 0.2445 1.2692
v  -1.5668 0.2445 1.3076
v  -1.5668 0.2445 1.2692
v  0.2249 1.6184 0.7135
v  0.2249 1.6180 1.0315
v  0.2249 1.6188 0.3955
v  0.2249 1.6192 0.0775
v  0.2249 1.6196 -0.2405
v  0.2249 1.6201 -0.5585
v  0.2249 1.6205 -0.8765
v  0.2249 1.6209 -1.1945
v  0.4175 1.6251 -1.4213
v  0.2249 1.6213 -1.5125
v  -1.4215 1.5410 0.3955
v  -1.4215 1.5410 0.0775
v  -1.6166 1.4650 0.3955
v  -1.6166 1.4650 0.0775
v  -1.4215 1.5410 -0.2405
v  -1.6166 1.4650 -0.2405
v  -1.4215 1.5410 -0.5585
v  -1.6166 1.4650 -0.5585
v  -1.4215 1.5410 -0.8765
v  -1.6166 1.4650 -0.8765
v  -1.4215 1.5410 -1.1945
v  -1.6166 1.4650 -1.1945
v  -1.4215 1.5410 -1.5125
v  -1.6166 1.4650 -1.5125
v  -1.1360 1.5988 -1.5125
v  -1.6085 1.3814 0.0775
v  -1.6085 1.3814 0.3955
v  -1.6085 1.3814 0.4348
v  -1.6166 1.4650 0.4348
v  -1.7261 1.3701 0.4348
v  -1.7341 1.4536 0.4348
v  -1.6085 1.3814 -0.2405
v  -1.6085 1.3814 -0.5585
v  -1.6085 1.3814 -0.8765
v  -1.6085 1.3814 -1.1945
v  -1.6085 1.3814 -1.0355
v  -1.6166 1.4650 -1.5519
v  -1.6085 1.3814 -1.5519
v  -1.7341 1.4536 -1.5519
v  -1.7261 1.3701 -1.5519
v  -1.6085 1.3814 -1.5125
v  -1.4419 1.4262 0.4387
v  -1.4283 1.5383 0.4438
v  -1.4368 1.4321 0.3955
v  0.5120 1.5722 -1.4217
v  0.5121 1.5720 -1.3355
v  0.4860 1.5861 0.9830
v  0.5710 1.5342 0.9828
v  0.4175 1.6259 0.9832
v  0.4175 1.6251 -1.3354
v  -1.5668 0.6270 -1.8305
v  -1.5668 0.6270 -1.4160
v  -1.4749 0.6865 -1.4160
v  -1.7507 0.5163 -1.8305
v  -1.7507 0.5163 -1.4160
v  -1.8722 0.4496 -1.8305
v  -1.8722 0.4496 -1.4160
v  -1.4749 0.4530 -1.9482
v  -1.3830 0.5652 -1.9482
v  -1.1992 0.7883 -1.9482
v  -1.1992 0.9276 -1.9482
v  -1.1073 0.8493 -1.9482
v  -1.1073 0.9799 -1.9482
v  -1.0035 0.9076 -1.9482
v  -1.0022 1.0331 -1.9482
v  -0.9234 0.9450 -1.9482
v  -0.9234 1.0621 -1.9482
v  -0.8315 0.9752 -1.9482
v  -0.8315 1.0942 -1.9482
v  -0.7396 0.9951 -1.9482
v  -0.7396 1.1221 -1.9482
v  -0.6477 1.0150 -1.9482
v  -0.6477 1.1439 -1.9482
v  -0.5558 1.0287 -1.9482
v  -0.5558 1.1627 -1.9482
v  -0.4638 1.0418 -1.9482
v  -0.4638 1.1751 -1.9482
v  -0.3719 1.0517 -1.9482
v  -0.3719 1.1852 -1.9482
v  -0.2800 1.0570 -1.9482
v  -0.2800 1.1936 -1.9482
v  -0.1881 1.0609 -1.9482
v  -0.1881 1.1929 -1.9482
v  -0.0962 1.0547 -1.9482
v  -0.0962 1.1854 -1.9482
v  -0.0043 1.0434 -1.9482
v  -0.0043 1.1695 -1.9482
v  0.0877 1.0277 -1.9482
v  0.0877 1.1484 -1.9482
v  0.2037 1.0026 -1.9482
v  0.2042 1.1221 -1.9482
v  0.2715 0.9764 -1.9482
v  0.2715 1.0975 -1.9482
v  0.4306 0.9165 -1.9482
v  0.4270 1.0486 -1.9482
v  0.8696 0.7401 -1.1945
v  0.8595 0.7206 -1.8312
v  0.8894 0.8762 -1.1946
v  0.8595 0.8528 -1.8312
v  -1.4749 0.4530 -1.8305
v  -1.3830 0.5652 -1.8305
v  -1.1992 0.7883 -1.8305
v  -1.3830 0.7830 -1.5880
v  -1.1992 0.9276 -1.5880
v  -1.1073 0.8493 -1.8305
v  -1.1073 0.9799 -1.5880
v  -1.0035 0.9076 -1.8305
v  -1.0022 1.0331 -1.5880
v  -0.9234 0.9450 -1.8305
v  -0.9234 1.0621 -1.5880
v  -0.8315 0.9752 -1.8305
v  -0.8315 1.0942 -1.5880
v  -0.7396 0.9951 -1.8305
v  -0.7258 1.1221 -1.5880
v  -0.6477 1.0150 -1.8305
v  -0.6477 1.1439 -1.5880
v  -0.5558 1.0287 -1.8305
v  -0.5558 1.1627 -1.5880
v  -0.4638 1.0418 -1.8305
v  -0.5025 1.1751 -1.5880
v  -0.3719 1.0517 -1.8305
v  -0.3305 1.1852 -1.5880
v  -0.2800 1.0570 -1.8305
v  -0.2800 1.1936 -1.5880
v  -0.1881 1.0609 -1.8305
v  -0.1577 1.1929 -1.5880
v  -0.1089 1.0547 -1.8305
v  -0.0962 1.1854 -1.5880
v  -0.0043 1.0434 -1.8305
v  0.0096 1.1695 -1.5880
v  0.0877 1.0277 -1.8305
v  0.0877 1.1484 -1.5880
v  0.2037 1.0026 -1.8305
v  0.2042 1.1221 -1.5880
v  0.3160 0.9764 -1.8305
v  0.2715 1.0975 -1.5880
v  0.5941 0.8723 -1.8308
v  0.7414 0.7682 -1.8312
v  0.4270 1.0300 -1.5880
v  0.8595 0.8511 -1.9482
v  0.8595 0.7189 -1.9482
v  0.4270 1.0300 -1.5125
v  0.6482 0.9528 -1.8312
v  0.7414 0.8122 -1.9482
v  0.6482 0.9511 -1.9482
v  -1.1992 1.0254 -1.5880
v  -0.9234 2.2030 -1.5880
v  -0.9946 1.8619 -1.5880
v  -0.5558 2.5600 -1.5880
v  -0.6477 2.5311 -1.5880
v  -0.6477 2.6255 -1.8305
v  -0.5558 2.6488 -1.8305
v  -0.1577 2.5693 -1.5880
v  -0.2800 2.5916 -1.5880
v  -0.2800 2.6846 -1.8305
v  -0.1881 2.6612 -1.8305
v  0.2086 2.1995 -1.5880
v  0.0877 2.3941 -1.5880
v  0.0877 2.5230 -1.8305
v  0.2715 2.0323 -1.5880
v  0.0096 2.4929 -1.5880
v  -0.0962 2.5407 -1.5880
v  -0.0962 2.6379 -1.8305
v  -0.0043 2.5804 -1.8305
v  -0.3305 2.5916 -1.5880
v  -0.5025 2.5789 -1.5880
v  -0.4638 2.6720 -1.8305
v  -0.3719 2.6783 -1.8305
v  -0.7258 2.4580 -1.5880
v  -0.8315 2.3782 -1.5880
v  -0.8315 2.4965 -1.8305
v  -0.7396 2.5610 -1.8305
v  -1.1073 1.2179 -1.5880
v  0.7414 0.7581 -1.5139
v  -0.5295 -0.1032 1.5195
v  -0.5294 -0.0986 1.5195
v  -0.6366 -0.1032 1.5195
v  -0.5295 -0.1032 1.5246
v  0.4689 -0.1526 1.5252
v  0.5356 -0.1526 1.5252
v  0.4689 -0.1526 1.5455
v  0.5356 -0.1526 1.5455
v  0.6196 -0.1526 1.5252
v  0.6196 -0.1526 1.5455
v  -1.4948 1.3953 -1.5519
v  -1.3600 1.4321 -1.5519
v  -1.4215 1.5410 -1.5519
v  -1.1073 1.7155 -1.5519
v  -1.1360 1.5988 -1.5519
v  -1.4948 1.3953 -1.5125
v  -1.3600 1.4321 -1.5125
v  0.4282 1.9207 -0.1176
v  0.4282 1.9511 -0.2405
v  0.3645 1.9344 -0.1113
v  0.4282 1.9207 -0.3866
v  0.2715 2.2305 0.0775
v  0.4277 1.9101 -0.1297
v  0.4277 1.9378 -0.2405
v  0.4277 1.7938 -0.4626
v  0.4277 1.9101 -0.3733
v  0.4277 1.7938 -0.0429
v  0.3884 1.9122 -0.1290
v  0.3884 1.9403 -0.2405
v  0.3884 1.7952 -0.4637
v  0.3884 1.9121 -0.3740
v  0.3786 1.7893 -0.2405
v  0.3884 1.7954 -0.0419
v  0.2094 2.3882 -0.2557
v  0.2094 2.3882 -0.5678
v  0.1485 2.4556 -0.5678
v  0.0877 2.5230 -0.8799
v  0.2094 2.3882 -0.8799
v  0.0877 2.5230 -0.2557
v  0.0877 2.5230 -0.5678
v  0.0417 2.5517 -0.5678
v  -0.0043 2.5804 -0.2557
v  -0.0043 2.5804 -0.5678
v  -0.0502 2.6091 -0.5678
v  -0.0962 2.6379 -0.2557
v  -0.0962 2.6379 -0.5678
v  -0.1421 2.6495 -0.5678
v  -0.1881 2.6612 -0.2557
v  -0.1881 2.6612 -0.5678
v  -0.2340 2.6729 -0.5678
v  -0.2800 2.6846 -0.2557
v  -0.2800 2.6846 -0.5678
v  -0.3260 2.6814 -0.5678
v  -0.3719 2.6783 -0.2557
v  -0.3719 2.6783 -0.5678
v  -0.4179 2.6751 -0.5678
v  -0.4638 2.6720 -0.2557
v  -0.4638 2.6720 -0.5678
v  -0.5098 2.6604 -0.5678
v  -0.5558 2.6488 -0.2557
v  -0.5558 2.6488 -0.5678
v  -0.6017 2.6371 -0.5678
v  -0.6477 2.6255 -0.2557
v  -0.6477 2.6255 -0.5678
v  -0.6936 2.5933 -0.5678
v  -0.7396 2.5610 -0.2557
v  -0.7396 2.5610 -0.5678
v  -0.7855 2.5288 -0.5678
v  -0.8315 2.4965 -0.2557
v  -0.8315 2.4965 -0.5678
v  -0.8315 2.4965 -1.5233
v  0.2094 2.3882 0.3879
v  0.2094 2.3882 0.0661
v  0.1487 2.4554 0.0670
v  0.0877 2.5230 0.3879
v  0.0877 2.5230 0.0679
v  0.0417 2.5517 0.0661
v  -0.0043 2.5804 0.0661
v  -0.0502 2.6091 0.0661
v  -0.0962 2.6379 0.0661
v  -0.1421 2.6495 0.0661
v  -0.1881 2.6612 0.0661
v  -0.2340 2.6729 0.0661
v  -0.2800 2.6846 0.0661
v  -0.3260 2.6814 0.0661
v  -0.3719 2.6783 0.0661
v  -0.4179 2.6751 0.0661
v  -0.4638 2.6720 0.0661
v  -0.5098 2.6604 0.0661
v  -0.5558 2.6488 0.0661
v  -0.6017 2.6371 0.0661
v  -0.6477 2.6255 0.0661
v  -0.6936 2.5933 0.0661
v  -0.7396 2.5610 0.0661
v  -0.7855 2.5288 0.0661
v  -0.8315 2.4965 0.0661
v  -0.0043 2.5804 0.3879
v  -0.0962 2.6379 0.3879
v  -0.1881 2.6612 0.3879
v  -0.2800 2.6846 0.3879
v  -0.3719 2.6783 0.3879
v  -0.4638 2.6720 0.3879
v  -0.5558 2.6488 0.3879
v  -0.6477 2.6255 0.3879
v  -0.7396 2.5610 0.3879
v  -0.8315 2.4965 0.3879
v  0.0877 2.5230 -1.5233
v  -0.0043 2.5804 -1.5233
v  -0.0962 2.6379 -1.5233
v  -0.1881 2.6612 -1.5233
v  -0.2800 2.6846 -1.5233
v  -0.3719 2.6783 -1.5233
v  -0.4638 2.6720 -1.5233
v  -0.5558 2.6488 -1.5233
v  -0.6477 2.6255 -1.5233
v  -0.7396 2.5610 -1.5233
v  -0.7396 2.5610 -1.2016
v  -0.8315 2.4965 -1.2016
v  -0.7396 2.5610 -0.8799
v  -0.8315 2.4965 -0.8799
v  -0.6477 2.6255 -1.2016
v  -0.6477 2.6255 -0.8799
v  -0.5558 2.6488 -1.2016
v  -0.5558 2.6488 -0.8799
v  -0.4638 2.6720 -1.2016
v  -0.4638 2.6720 -0.8799
v  -0.3719 2.6783 -1.2016
v  -0.3719 2.6783 -0.8799
v  -0.2800 2.6846 -1.2016
v  -0.2800 2.6846 -0.8799
v  -0.1881 2.6612 -1.2016
v  -0.1881 2.6612 -0.8799
v  -0.0962 2.6379 -1.2016
v  -0.0962 2.6379 -0.8799
v  -0.0043 2.5804 -1.2016
v  -0.0043 2.5804 -0.8799
v  0.0877 2.5230 -1.2016
v  0.2094 2.3882 -1.2016
v  0.7294 -0.1250 -1.5116
v  0.7337 -0.1212 -1.5125
v  0.7294 -0.1086 -1.5121
v  0.7275 -0.1051 -1.5125
v  -0.1487 -0.2952 1.5272
v  -0.1487 -0.2952 1.5195
v  -0.1881 -0.2952 1.5195
v  -0.1881 -0.2952 1.5272
v  -0.2800 -0.2952 1.5195
v  -0.2800 -0.2952 1.5272
v  -0.3719 -0.2952 1.5195
v  -0.3719 -0.2952 1.5272
v  -0.4696 -0.2952 1.5195
v  -0.4696 -0.2952 1.5272
v  -0.4949 -0.2952 1.5195
v  -0.4949 -0.2952 1.5272
v  0.4176 1.6237 0.9794
# 881 vertices

vn -0.2209 0.0019 -0.9753
vn -0.2091 0.1730 -0.9625
vn 0.2230 -0.0036 -0.9748
vn 0.2159 0.1774 -0.9602
vn 0.2078 0.9757 -0.0694
vn -0.2154 0.8542 -0.4732
vn -0.2078 0.9755 -0.0729
vn 0.2192 0.9757 -0.0058
vn -0.1138 0.9935 0.0000
vn -0.2851 0.9585 0.0000
vn -0.1138 0.9935 -0.0000
vn -0.0000 0.0000 -1.0000
vn -0.5702 0.8215 0.0000
vn -0.4533 0.8913 0.0000
vn -0.5915 0.8063 0.0000
vn -0.4533 0.8914 0.0000
vn 0.0000 0.0000 -1.0000
vn -0.9674 0.2182 -0.1287
vn -0.7604 0.4948 -0.4206
vn -0.9293 0.3692 -0.0000
vn -0.8358 0.5491 0.0000
vn -0.0000 -0.0000 1.0000
vn 0.0000 -0.0000 1.0000
vn -0.8763 0.4818 0.0000
vn -0.8762 0.4819 0.0000
vn -0.9724 0.2332 0.0000
vn -0.9724 0.2332 -0.0000
vn -0.2450 0.9695 0.0000
vn -0.4308 0.9024 0.0000
vn -0.4308 0.9025 -0.0000
vn 0.0000 -0.0000 -1.0000
vn 0.2464 0.9692 0.0000
vn 0.0924 0.9957 0.0000
vn 0.0925 0.9957 0.0000
vn 0.8465 0.5324 0.0000
vn 0.6688 0.7435 0.0000
vn 0.8467 0.5321 0.0000
vn 0.5450 0.8384 0.0000
vn 0.8800 0.4749 -0.0000
vn 0.7302 0.6833 -0.0000
vn 0.7359 0.6771 -0.0000
vn 0.9780 0.2084 0.0000
vn 0.9491 0.3151 -0.0000
vn 0.9491 0.3150 -0.0000
vn 0.5298 0.8481 0.0000
vn 0.4023 0.9155 0.0000
vn 0.4023 0.9155 -0.0000
vn -0.0684 0.9977 0.0000
vn -0.1586 0.9873 0.0000
vn -0.1585 0.9874 0.0000
vn -0.0000 -0.0000 -1.0000
vn -0.5745 0.8185 0.0000
vn -0.7523 0.6588 0.0000
vn -0.7520 0.6591 -0.0000
vn -0.9762 0.2146 0.0309
vn -0.9785 0.2064 0.0000
vn -0.6741 0.6884 -0.2677
vn -0.6997 0.7145 0.0000
vn -0.0001 -0.0000 1.0000
vn -0.0002 -0.0000 1.0000
vn -0.9999 0.0126 0.0000
vn 0.7274 0.6862 -0.0000
vn 0.5451 0.8384 -0.0000
vn 0.8472 0.5312 0.0000
vn 0.9492 0.3148 -0.0000
vn 0.9491 0.3151 0.0000
vn -0.7520 0.6591 0.0000
vn -0.9672 0.2532 -0.0182
vn -0.9606 0.2779 0.0000
vn -0.8765 0.4814 0.0000
vn -0.8761 0.4820 0.0000
vn -0.9759 0.2088 -0.0630
vn -0.9767 0.2109 -0.0383
vn -0.9066 0.4113 -0.0941
vn -0.8714 0.4849 -0.0747
vn -0.8945 0.4360 -0.0986
vn -0.8371 0.5184 -0.1751
vn -0.6060 0.7947 -0.0346
vn -0.6989 0.7137 -0.0472
vn -0.5169 0.8560 0.0000
vn -0.5131 0.8580 -0.0253
vn -0.2799 0.9597 -0.0247
vn -0.3311 0.9433 -0.0239
vn -0.1049 0.9944 -0.0094
vn -0.1033 0.9945 -0.0147
vn 0.5242 -0.8516 -0.0000
vn 0.9780 0.2084 -0.0000
vn -0.5117 -0.8591 0.0100
vn -0.4272 -0.9041 -0.0015
vn -0.5168 -0.8561 0.0036
vn -0.4313 -0.9022 0.0000
vn 0.5451 0.8384 0.0000
vn 0.6190 0.7854 0.0000
vn 0.9998 0.0175 0.0000
vn 0.9998 0.0175 -0.0000
vn -0.4882 -0.8727 -0.0036
vn 0.9550 0.2967 0.0000
vn 0.9491 0.3150 0.0000
vn -0.4307 0.9025 0.0000
vn -0.9293 0.3692 0.0000
vn 0.6386 -0.7679 0.0503
vn 0.6882 -0.7255 0.0107
vn 0.5362 -0.8440 0.0137
vn 0.5510 -0.8345 0.0000
vn 0.3989 -0.9170 -0.0000
vn 0.3990 -0.9170 -0.0000
vn 0.3719 -0.9283 -0.0000
vn 0.3305 -0.9436 0.0178
vn 0.1139 -0.9934 0.0138
vn 0.1315 -0.9883 0.0770
vn -0.0916 0.9951 -0.0381
vn 0.4288 -0.6966 0.5752
vn 0.4759 0.1014 0.8736
vn -0.5197 -0.8543 0.0000
vn -0.9435 -0.3314 -0.0000
vn -0.9022 -0.4314 -0.0000
vn -0.9416 -0.3368 -0.0000
vn 0.9999 0.0172 0.0000
vn 0.9999 0.0171 0.0000
vn -0.9365 -0.3508 -0.0000
vn -0.9363 -0.3513 -0.0000
vn -0.8165 -0.5773 0.0000
vn -0.8165 -0.5773 -0.0000
vn 0.6687 0.7435 0.0000
vn -0.4409 -0.8976 -0.0000
vn -0.5829 -0.8125 -0.0000
vn -0.1238 -0.9923 -0.0000
vn -0.2563 -0.9666 -0.0000
vn 0.1616 -0.9869 -0.0000
vn 0.0156 -0.9999 -0.0000
vn 0.4844 -0.8749 -0.0000
vn 0.2978 -0.9546 -0.0000
vn 0.4843 -0.8749 -0.0000
vn 0.6225 -0.7826 -0.0000
vn 0.9793 -0.2022 -0.0000
vn 0.9586 -0.2846 -0.0000
vn 0.9793 -0.2026 -0.0000
vn 0.9587 -0.2846 -0.0000
vn 0.8785 -0.4777 -0.0000
vn 0.9677 -0.2523 -0.0000
vn 0.8786 -0.4776 -0.0000
vn 0.9677 -0.2522 -0.0000
vn -0.9785 0.2065 0.0000
vn 0.7913 -0.6114 -0.0000
vn 0.7008 -0.7133 -0.0000
vn -0.6997 0.7145 -0.0000
vn -0.5916 0.8063 0.0000
vn 0.3990 -0.9170 0.0000
vn 0.2940 -0.9547 0.0458
vn -0.2618 0.9646 -0.0309
vn 0.0741 -0.9922 0.1007
vn -0.0399 0.9970 -0.0660
vn -0.0159 -0.9999 -0.0000
vn -0.0169 -0.9999 -0.0013
vn 0.0251 0.9997 0.0000
vn 0.1289 -0.9917 -0.0000
vn 0.0168 0.9999 0.0018
vn 0.9033 -0.4289 -0.0000
vn -0.8762 0.4820 0.0000
vn 0.9439 -0.3303 0.0017
vn -0.4004 0.9163 0.0000
vn -0.4508 0.8910 -0.0540
vn -0.6969 0.7116 -0.0893
vn 0.0809 0.9580 -0.2751
vn -0.9036 0.2281 -0.3625
vn -0.9816 0.1886 0.0294
vn -0.9641 0.2646 0.0225
vn -0.4051 0.9143 0.0000
vn -0.4515 0.8923 0.0000
vn -0.9509 0.3096 0.0000
vn -0.9710 0.2381 0.0219
vn -0.4961 0.8679 0.0257
vn -0.9873 0.1532 0.0428
vn -0.9801 0.1849 0.0722
vn -0.9954 -0.0959 -0.0000
vn -0.9721 0.2320 -0.0335
vn -0.9576 0.2879 -0.0099
vn -0.8761 0.4821 0.0000
vn -0.5166 0.8562 0.0000
vn -0.9839 0.1788 0.0000
vn -0.9732 0.2299 0.0000
vn -0.9603 0.2791 0.0000
vn -0.8765 0.4815 0.0000
vn -0.9746 0.2238 0.0096
vn -0.9607 0.2775 0.0000
vn -0.8200 0.5723 -0.0000
vn -0.9607 0.2776 -0.0000
vn -0.5166 0.8563 0.0000
vn -0.8200 0.5723 0.0001
vn -0.9606 0.2778 0.0000
vn 0.7245 0.6892 -0.0000
vn 0.8853 0.4651 0.0050
vn 0.9493 0.3144 -0.0000
vn 0.7216 0.6923 -0.0000
vn 0.5928 0.8051 0.0198
vn 0.6758 0.7363 0.0354
vn 0.9366 0.3488 0.0342
vn 0.7186 0.6954 -0.0000
vn 0.5822 0.8130 0.0004
vn 0.6629 0.7487 0.0001
vn 0.7156 0.6985 -0.0000
vn 0.5922 0.8056 -0.0189
vn 0.6677 0.7434 -0.0381
vn 0.8882 0.4594 -0.0080
vn 0.9268 0.3724 -0.0485
vn 0.9457 0.3250 -0.0003
vn 0.9479 0.3185 -0.0000
vn 0.7125 0.7016 -0.0000
vn 0.8846 0.4663 -0.0051
vn 0.9364 0.3495 -0.0308
vn 0.9492 0.3146 -0.0000
vn 0.7094 0.7048 -0.0000
vn 0.7062 0.7080 -0.0000
vn 0.5450 0.8384 -0.0000
vn 0.7032 0.7110 0.0000
vn 0.8800 0.4749 0.0000
vn 0.9995 0.0193 -0.0265
vn 0.9994 0.0193 -0.0290
vn 0.9995 0.0193 -0.0239
vn 0.9895 -0.1439 -0.0106
vn 0.4290 0.9033 0.0036
vn 0.1421 0.9898 -0.0049
vn 0.1605 0.9870 -0.0016
vn 0.1395 0.9902 -0.0054
vn 0.7083 0.7059 0.0071
vn 0.5710 0.8209 -0.0027
vn 0.5637 0.8260 -0.0048
vn 0.8236 0.5666 -0.0276
vn 0.7887 0.6147 0.0129
vn 0.7922 0.6101 0.0145
vn 0.8649 0.4988 -0.0555
vn 0.8649 0.4965 -0.0733
vn 0.9625 0.2711 0.0063
vn -0.8105 -0.5817 0.0691
vn -0.6972 -0.7169 0.0095
vn -0.9413 -0.0128 -0.3374
vn -0.9361 0.1361 -0.3244
vn 0.8620 0.5016 -0.0730
vn 0.7023 0.7113 0.0265
vn 0.0238 0.0004 0.9997
vn 0.0238 0.0005 0.9997
vn 0.0000 0.0000 1.0000
vn 0.0002 0.0000 1.0000
vn -0.8126 -0.5824 0.0197
vn -0.8193 -0.5733 0.0073
vn -0.8081 -0.5890 0.0098
vn -0.8160 -0.5780 0.0099
vn 0.9995 0.0193 -0.0240
vn 0.8644 0.5023 -0.0210
vn 0.8609 0.5087 -0.0104
vn 0.8623 0.5062 -0.0105
vn 0.8273 0.5617 -0.0022
vn -0.8147 -0.5798 -0.0000
vn -0.8139 -0.5810 0.0021
vn 0.7073 0.7069 0.0000
vn -0.7445 -0.6677 -0.0000
vn 0.4319 0.9019 0.0000
vn -0.5930 -0.8052 -0.0000
vn -0.5604 -0.8280 -0.0200
vn 0.1633 0.9866 0.0000
vn -0.9642 -0.1995 -0.1745
vn -0.9893 -0.1151 -0.0902
vn -0.9891 -0.1157 -0.0909
vn -0.9997 -0.0244 -0.0000
vn -0.4244 -0.9049 -0.0324
vn -0.3730 -0.9254 -0.0675
vn 0.1751 -0.9846 0.0000
vn 0.1968 -0.9804 0.0000
vn 0.1751 -0.9846 -0.0000
vn 0.1968 -0.9804 -0.0000
vn -0.2804 0.9599 0.0000
vn -0.1796 0.9837 0.0000
vn -0.2805 0.9599 0.0000
vn -0.1796 0.9837 -0.0000
vn -1.0000 0.0000 -0.0000
vn 1.0000 0.0000 -0.0000
vn 0.3164 0.9486 0.0000
vn 0.3672 0.9301 0.0000
vn 0.3672 0.9301 -0.0000
vn -0.1970 -0.9804 0.0000
vn -0.1568 -0.9876 -0.0000
vn -0.1970 -0.9804 -0.0000
vn 0.4926 0.8702 -0.0000
vn -0.4357 -0.9001 -0.0000
vn -0.4357 -0.9001 0.0000
vn -0.4168 0.9090 0.0000
vn 0.3450 -0.9386 -0.0000
vn 0.0614 0.9981 0.0000
vn -0.0725 0.9974 0.0000
vn 0.0618 0.9981 0.0000
vn -0.0728 0.9973 0.0000
vn 0.0707 -0.9975 -0.0013
vn -0.0907 -0.9959 -0.0000
vn 0.0726 -0.9974 -0.0000
vn -0.0910 -0.9959 -0.0000
vn -0.2476 -0.9689 0.0000
vn -0.2477 -0.9688 -0.0000
vn 0.2055 0.9786 0.0000
vn 0.2056 0.9786 0.0000
vn 0.3581 0.9337 0.0000
vn 0.3580 0.9337 0.0000
vn -0.4237 -0.9058 -0.0000
vn -0.5546 -0.8321 -0.0000
vn 0.5218 0.8531 0.0000
vn 0.5607 0.8280 -0.0000
vn 0.5607 0.8280 0.0000
vn -0.5646 -0.8254 -0.0000
vn -0.5646 -0.8254 0.0000
vn 0.4749 -0.8800 0.0065
vn 0.4926 -0.8702 -0.0000
vn -0.5636 0.8260 0.0000
vn -0.5790 0.8153 0.0000
vn 0.5351 -0.8444 0.0268
vn 0.5746 -0.8184 0.0114
vn 0.5642 -0.8253 0.0244
vn 0.5352 -0.8443 0.0276
vn -0.3962 0.9182 0.0000
vn -0.2141 0.9768 0.0000
vn -0.2140 0.9768 0.0000
vn 0.3602 -0.9329 -0.0066
vn 0.3157 -0.9488 0.0137
vn -0.4208 -0.9071 -0.0045
vn -0.4009 -0.9161 -0.0012
vn -0.3819 -0.9242 -0.0032
vn -0.4874 -0.8732 -0.0014
vn -0.4884 -0.8726 -0.0013
vn -0.4887 -0.8724 -0.0015
vn -0.4903 -0.8715 -0.0022
vn -0.4908 -0.8713 -0.0020
vn -0.4909 -0.8712 -0.0022
vn -0.3973 -0.9177 -0.0024
vn -0.3995 -0.9167 -0.0025
vn -0.4917 -0.8708 -0.0017
vn -0.4929 -0.8701 -0.0014
vn -0.4014 -0.9159 -0.0030
vn -0.4939 -0.8695 -0.0013
vn -0.4939 -0.8695 -0.0022
vn -0.4944 -0.8692 -0.0016
vn -0.4958 -0.8684 -0.0007
vn -0.4972 -0.8676 -0.0015
vn -0.9998 -0.0205 -0.0000
vn -0.4963 -0.8681 -0.0017
vn -0.4976 -0.8674 -0.0021
vn -0.4976 -0.8674 -0.0022
vn -0.4996 -0.8662 -0.0006
vn -0.4368 -0.8996 -0.0011
vn -0.4996 -0.8662 -0.0000
vn -0.4356 -0.9001 -0.0022
vn -0.5029 -0.8644 0.0006
vn -0.5121 -0.8589 -0.0022
vn -0.5079 -0.8614 0.0012
vn -0.5144 -0.8574 0.0175
vn -0.5143 -0.8574 0.0175
vn -0.5016 -0.8650 0.0109
vn -0.5028 -0.8644 0.0006
vn -0.2253 -0.9743 -0.0047
vn -0.2215 -0.9752 -0.0024
vn -0.2281 -0.9736 -0.0038
vn -0.2300 -0.9732 -0.0027
vn -0.2277 -0.9737 -0.0041
vn -0.2353 -0.9719 -0.0039
vn -0.2312 -0.9729 -0.0032
vn -0.2393 -0.9709 -0.0047
vn -0.2440 -0.9698 -0.0047
vn -0.2439 -0.9698 -0.0006
vn -0.2431 -0.9700 -0.0043
vn -0.2393 -0.9709 -0.0027
vn -0.2516 -0.9678 -0.0032
vn -0.2455 -0.9694 -0.0041
vn -0.2531 -0.9674 -0.0027
vn -0.2494 -0.9684 -0.0043
vn -0.2576 -0.9662 -0.0046
vn -0.2543 -0.9671 -0.0032
vn -0.2606 -0.9654 -0.0042
vn -0.2621 -0.9650 -0.0027
vn -0.2608 -0.9654 -0.0040
vn -0.2719 -0.9623 -0.0060
vn -0.2649 -0.9642 -0.0085
vn 0.4050 0.9143 -0.0000
vn 0.0000 0.0206 0.9998
vn -0.0000 0.0625 0.9980
vn 0.0000 1.0000 0.0000
vn 0.4078 -0.9131 -0.0000
vn 0.5508 -0.8343 -0.0238
vn 0.5510 -0.8345 -0.0000
vn -0.0000 1.0000 0.0000
vn -0.7189 0.6952 0.0000
vn -0.1345 0.1644 -0.9772
vn -0.7188 0.6952 -0.0000
vn -0.0119 0.0376 -0.9992
vn -0.1346 0.1644 -0.9772
vn 0.0000 -1.0000 -0.0000
vn -0.0000 -1.0000 -0.0000
vn 0.0247 -0.9997 0.0000
vn 0.0271 -0.9996 0.0003
vn 0.0278 -0.9996 0.0005
vn 0.0274 -0.9996 0.0001
vn 0.0297 -0.9996 -0.0013
vn 0.0230 -0.9997 -0.0010
vn 0.0262 -0.9997 -0.0006
vn 0.0227 -0.9997 -0.0010
vn 0.0235 -0.9997 -0.0011
vn 0.0215 -0.9998 -0.0009
vn 0.0223 -0.9997 -0.0012
vn 0.0214 -0.9998 -0.0016
vn 0.0217 -0.9998 -0.0011
vn 0.0213 -0.9998 -0.0014
vn 0.0214 -0.9998 -0.0014
vn 0.0210 -0.9998 -0.0012
vn 0.0211 -0.9998 -0.0013
vn 0.0191 -0.9998 0.0012
vn 0.0194 -0.9998 0.0005
vn 0.0205 -0.9998 -0.0008
vn -0.3631 0.9317 0.0004
vn -0.3631 0.9317 0.0000
vn -0.3632 0.9317 0.0005
vn -0.4651 0.8852 -0.0073
vn -0.4407 0.8976 -0.0000
vn -0.2317 0.9728 -0.0000
vn -0.2691 0.9631 -0.0000
vn -0.4411 0.8974 -0.0000
vn -0.4417 0.8972 -0.0000
vn -0.4414 0.8973 -0.0000
vn -0.9663 0.2382 -0.0981
vn -0.4868 0.8734 -0.0160
vn -0.4991 0.8663 -0.0185
vn -0.5141 0.8577 0.0000
vn -0.4855 0.8742 0.0000
vn -0.4855 0.8742 -0.0000
vn 0.0959 -0.9954 -0.0000
vn -0.0959 0.9954 0.0000
vn 0.0959 -0.9954 0.0000
vn 0.0984 -0.9951 -0.0000
vn -0.9870 0.1249 -0.1014
vn -0.9831 0.1348 -0.1237
vn -0.9857 0.1283 -0.1091
vn -0.9819 0.1376 -0.1302
vn 0.4900 0.8717 0.0010
vn 0.4904 0.8715 0.0015
vn 0.4908 0.8713 0.0019
vn 0.5210 0.8536 0.0009
vn 0.5206 0.8538 0.0013
vn 0.5207 0.8538 0.0013
vn 0.5203 0.8540 0.0017
vn -0.5024 -0.8637 -0.0401
vn -0.5062 -0.8613 -0.0429
vn -0.5043 -0.8624 -0.0438
vn -0.5123 -0.8586 -0.0194
vn -0.5202 -0.8541 0.0061
vn -0.5125 -0.8587 -0.0020
vn -0.5016 -0.8651 0.0002
vn -0.5021 -0.8648 -0.0003
vn -0.5022 -0.8647 -0.0004
vn -0.5028 -0.8644 -0.0009
vn -0.4887 -0.8725 -0.0018
vn -0.4889 -0.8724 -0.0001
vn -0.4894 -0.8720 -0.0002
vn -0.4891 -0.8722 0.0005
vn -0.4910 -0.8711 -0.0022
vn -0.4905 -0.8714 -0.0016
vn -0.4903 -0.8716 -0.0014
vn -0.4896 -0.8719 -0.0007
vn 0.5253 -0.8509 -0.0000
vn 0.5519 -0.8339 -0.0000
vn 0.5434 -0.8395 -0.0000
vn 0.5024 -0.8646 -0.0000
vn 0.5024 -0.8647 -0.0000
vn 0.3428 -0.9394 -0.0000
vn 0.3429 -0.9394 -0.0000
vn 0.2334 -0.9724 -0.0000
vn 0.9895 -0.1439 -0.0114
vn 0.9989 0.0000 -0.0470
vn -0.9996 -0.0268 0.0125
vn -1.0000 -0.0000 -0.0000
vn 0.7726 -0.6349 -0.0000
vn 0.7734 -0.6339 0.0000
vn 0.7726 -0.6349 0.0000
vn 0.7176 -0.6965 -0.0000
vn -0.6303 0.7763 -0.0000
vn -0.5812 0.8138 0.0000
vn -0.6447 0.7644 0.0000
vn -0.5812 0.8138 -0.0000
vn 0.5205 -0.8538 -0.0000
vn 0.5205 -0.8539 0.0000
vn -0.4721 0.8815 0.0000
vn -0.4720 0.8816 0.0000
vn 0.4620 -0.8869 -0.0000
vn 0.4619 -0.8869 -0.0000
vn -0.4081 0.9129 -0.0000
vn -0.4081 0.9129 0.0000
vn 0.3662 -0.9305 -0.0000
vn 0.3661 -0.9306 -0.0000
vn -0.3371 0.9415 0.0000
vn -0.3373 0.9414 0.0000
vn 0.2628 -0.9648 -0.0000
vn 0.2630 -0.9648 -0.0000
vn -0.2940 0.9558 0.0044
vn -0.3105 0.9506 0.0000
vn 0.2115 -0.9774 -0.0000
vn -0.2582 0.9661 0.0062
vn -0.2581 0.9661 0.0052
vn 0.1794 -0.9838 -0.0000
vn -0.2321 0.9727 0.0000
vn -0.2176 0.9760 0.0039
vn 0.1439 -0.9896 -0.0000
vn -0.2103 0.9776 0.0000
vn -0.1708 0.9853 -0.0066
vn 0.1240 -0.9923 -0.0000
vn -0.1067 0.9943 0.0024
vn -0.1206 0.9926 -0.0130
vn 0.0824 -0.9966 -0.0000
vn -0.0829 0.9965 0.0056
vn -0.0892 0.9960 0.0019
vn 0.0500 -0.9987 -0.0000
vn -0.0456 0.9990 -0.0002
vn -0.0425 0.9991 0.0049
vn -0.0131 -0.9999 -0.0000
vn -0.0125 -0.9999 -0.0023
vn 0.0458 0.9989 -0.0008
vn 0.0409 0.9992 -0.0032
vn -0.0907 -0.9958 -0.0076
vn -0.0931 -0.9956 -0.0064
vn 0.1402 0.9901 -0.0031
vn 0.1284 0.9917 -0.0031
vn -0.1402 -0.9901 -0.0036
vn -0.1454 -0.9894 -0.0000
vn 0.1963 0.9805 -0.0039
vn 0.1945 0.9809 -0.0047
vn -0.1928 -0.9812 -0.0000
vn -0.1928 -0.9812 0.0000
vn 0.2367 0.9716 0.0000
vn 0.2238 0.9746 -0.0033
vn -0.2345 -0.9717 0.0294
vn -0.2689 -0.9632 -0.0000
vn 0.2671 0.9637 -0.0000
vn 0.2671 0.9637 0.0000
vn -0.3238 -0.9382 0.1223
vn -0.3253 -0.9399 0.1035
vn 0.3269 0.9450 0.0000
vn 0.3131 0.9497 0.0000
vn -0.4845 -0.7891 0.3777
vn -0.3675 -0.9266 0.0797
vn -0.4195 -0.8759 -0.2383
vn 0.3975 0.9164 0.0474
vn 0.2997 0.9540 0.0000
vn 1.0000 -0.0000 0.0000
vn 1.0000 -0.0000 -0.0000
vn 0.3295 0.9442 0.0000
vn 0.3279 0.9447 -0.0012
vn 0.3271 0.9450 -0.0018
vn -0.3821 -0.8651 -0.3250
vn 0.3756 0.9256 0.0478
vn 0.4034 0.9149 -0.0134
vn -0.0945 0.9955 0.0000
vn -0.3339 0.9426 0.0000
vn 0.1200 -0.9928 -0.0000
vn -0.5167 0.8561 0.0000
vn -0.5915 0.8063 -0.0000
vn 0.8446 -0.5354 -0.0000
vn 0.7911 -0.6117 -0.0000
vn 0.8446 -0.5354 0.0000
vn 0.7833 -0.6217 0.0000
vn -0.8358 0.5491 -0.0000
vn -0.9292 0.3695 0.0000
vn 0.9536 -0.3012 -0.0000
vn 0.9830 -0.1834 -0.0000
vn 0.3127 -0.9499 0.0000
vn 0.5142 -0.8577 0.0000
vn 0.2569 -0.9664 0.0104
vn 0.4904 -0.8714 -0.0116
vn -0.4308 0.9025 0.0000
vn -0.2660 -0.9639 0.0122
vn -0.1320 -0.9912 0.0098
vn -0.2564 -0.9665 0.0147
vn -0.1230 -0.9924 -0.0000
vn -0.8915 -0.4529 -0.0000
vn -0.8275 -0.5615 -0.0000
vn -0.8915 -0.4530 -0.0000
vn -0.8134 -0.5816 0.0087
vn -0.4859 -0.8740 -0.0000
vn -0.3904 -0.9206 -0.0000
vn -0.9413 -0.3376 0.0000
vn -0.9398 -0.3418 -0.0000
vn -0.9413 -0.3376 -0.0000
vn -0.9398 -0.3418 0.0000
vn -0.6201 -0.7844 0.0122
vn -0.4211 -0.9070 0.0087
vn -0.6144 -0.7888 0.0184
vn -0.3908 -0.9204 0.0115
vn 0.0533 -0.9986 -0.0065
vn 0.1508 -0.9886 -0.0027
vn 0.0656 -0.9978 0.0029
vn 0.1676 -0.9857 0.0192
vn 0.6341 -0.7731 -0.0159
vn 0.7949 -0.6067 -0.0079
vn 0.6327 -0.7742 -0.0152
vn 0.8112 -0.5848 -0.0000
vn -0.5745 0.8185 -0.0000
vn -0.7523 0.6588 -0.0000
vn 0.9714 -0.2375 -0.0000
vn -0.9785 0.2065 -0.0000
vn 0.6403 -0.7681 -0.0000
vn 0.0159 0.9999 0.0000
vn -0.2206 -0.9754 -0.0000
vn 0.4050 0.9143 0.0000
vn -0.3737 -0.9271 -0.0297
vn -0.2197 -0.9750 0.0333
vn 0.3201 0.9474 -0.0073
vn 0.4273 0.9025 -0.0533
vn -0.5945 -0.7527 -0.2828
vn -0.3738 -0.9274 0.0136
vn 0.4279 0.9037 -0.0133
vn 0.0000 0.3187 0.9479
vn -0.0000 0.0453 0.9990
vn -0.9998 0.0216 0.0000
vn -0.9996 0.0267 0.0000
vn -1.0000 0.0018 0.0000
vn -0.0224 -0.0022 0.9997
vn -0.0312 -0.0418 0.9986
vn 0.2833 -0.9590 -0.0000
vn 0.2607 -0.9602 -0.0999
vn -0.3630 0.9318 0.0003
vn -0.3629 0.9318 0.0000
vn 0.1085 -0.9941 -0.0000
vn -0.2691 0.9631 0.0000
vn 0.2000 -0.9798 -0.0000
vn 0.4934 -0.8698 -0.0000
vn -0.4414 0.8973 0.0000
vn 0.9709 -0.2393 -0.0000
vn 0.5970 -0.8023 -0.0000
vn 0.2342 0.8116 0.5351
vn 0.0937 0.9953 -0.0264
vn 0.9290 0.3667 0.0503
vn 0.1751 0.8585 -0.4820
vn 0.9476 0.3195 0.0003
vn 0.9993 -0.0355 -0.0088
vn 0.9993 -0.0356 -0.0088
vn 0.9993 -0.0362 -0.0090
vn 0.9996 -0.0170 0.0220
vn 0.9996 -0.0173 0.0225
vn 0.9996 -0.0173 0.0226
vn 0.9547 -0.2956 0.0331
vn 0.1245 0.9915 0.0382
vn 0.0686 0.9976 -0.0004
vn 0.9993 -0.0362 0.0075
vn 0.9996 -0.0167 -0.0220
vn 0.9996 -0.0168 -0.0221
vn 0.9996 -0.0179 -0.0239
vn 0.9995 -0.0180 -0.0241
vn 0.9393 -0.3413 -0.0348
vn 0.1337 0.9901 -0.0433
vn -0.0530 -0.8050 -0.5910
vn -0.0539 -0.8082 -0.5865
vn -0.0628 -0.9980 0.0002
vn -0.0645 -0.9979 0.0004
vn -0.0427 -0.6086 0.7923
vn -0.0448 -0.6081 0.7926
vn -0.0431 -0.6085 0.7924
vn -0.0452 -0.6080 0.7926
vn 0.0395 0.9986 0.0339
vn 0.0724 0.9974 -0.0002
vn -0.0531 -0.9776 0.2035
vn -0.0549 -0.9774 0.2040
vn -0.0446 -0.5974 -0.8007
vn -0.0449 -0.5973 -0.8007
vn 0.0431 0.9983 -0.0382
vn 0.8300 0.5578 0.0000
vn 0.8776 0.4793 0.0000
vn 0.7421 0.6703 0.0000
vn 0.6554 0.7553 0.0000
vn 0.8489 0.5285 0.0000
vn 0.6675 0.7446 0.0000
vn 0.6687 0.7435 -0.0000
vn 0.4020 0.9157 0.0000
vn -0.4303 0.9027 0.0000
vn -0.7282 0.6853 -0.0000
vn -0.7530 0.6580 -0.0000
vn 0.8392 0.5438 0.0000
vn 0.8465 0.5323 0.0001
vn 0.6708 0.7417 0.0000
vn 0.6694 0.7429 -0.0000
vn 0.0954 0.9954 0.0000
vn -0.1567 0.9876 0.0000
vn -0.4271 0.9042 -0.0000
vn -0.7375 0.6753 0.0000
vn -0.7521 0.6591 -0.0000
vn -0.7412 0.6713 0.0000
vn -0.4340 0.9009 0.0000
vn -0.1603 0.9871 0.0000
vn 0.0925 0.9957 -0.0000
vn 0.0893 0.9960 0.0000
vn 0.3991 0.9169 0.0000
vn 0.6688 0.7435 -0.0000
vn 0.1602 0.0348 0.9865
vn 0.9544 0.2983 0.0123
vn 0.9443 0.3270 0.0385
vn 0.9999 -0.0087 -0.0109
vn 0.6014 0.6171 -0.5073
vn 0.7396 0.4428 -0.5069
vn 0.9170 -0.1338 -0.3758
vn -0.2595 -0.9657 -0.0036
vn -0.2600 -0.9656 -0.0039
vn -0.2576 -0.9662 -0.0027
vn 0.9998 0.0176 -0.0000
vn -0.2270 -0.9739 -0.0040
vn -0.2271 -0.9739 -0.0041
vn -0.2253 -0.9743 -0.0027
vn 0.0204 -0.9998 -0.0008
# 708 vertex normals

vt 0.0000 0.0000 0.0000
vt 0.9668 0.5355 0.0000
vt 0.9377 0.5355 0.0000
vt 0.9668 0.4906 0.0000
vt 0.9377 0.4906 0.0000
vt 0.6628 0.9300 0.0000
vt 0.6726 0.9301 0.0000
vt 0.6671 0.9524 0.0000
vt 0.6780 0.9525 0.0000
vt 0.8984 0.4906 0.0000
vt 0.9127 0.4906 0.0000
vt 0.8984 0.5355 0.0000
vt 0.9127 0.5355 0.0000
vt 0.6642 0.9148 0.0000
vt 0.6538 0.9148 0.0000
vt 0.6503 0.8917 0.0000
vt 0.6397 0.8917 0.0000
vt 0.8153 0.4906 0.0000
vt 0.8691 0.4906 0.0000
vt 0.8153 0.5355 0.0000
vt 0.8691 0.5355 0.0000
vt 0.6307 0.8687 0.0000
vt 0.6171 0.8687 0.0000
vt 0.6003 0.8456 0.0000
vt 0.5757 0.8456 0.0000
vt 0.7565 0.8180 0.0000
vt 0.7585 0.8065 0.0000
vt 0.7687 0.8180 0.0000
vt 0.7708 0.8065 0.0000
vt 0.6312 0.5355 0.0000
vt 0.6312 0.4906 0.0000
vt 0.6549 0.5355 0.0000
vt 0.6549 0.4906 0.0000
vt 0.4953 0.8199 0.0000
vt 0.4521 0.8195 0.0000
vt 0.4524 0.8110 0.0000
vt 0.4339 0.8110 0.0000
vt 0.5716 0.5355 0.0000
vt 0.5716 0.4906 0.0000
vt 0.5865 0.5355 0.0000
vt 0.5865 0.4906 0.0000
vt 0.4113 0.7763 0.0000
vt 0.3994 0.7763 0.0000
vt 0.4076 0.7648 0.0000
vt 0.3965 0.7648 0.0000
vt 0.5116 0.5355 0.0000
vt 0.5116 0.4906 0.0000
vt 0.5266 0.5355 0.0000
vt 0.5266 0.4906 0.0000
vt 0.4065 0.7187 0.0000
vt 0.4037 0.7302 0.0000
vt 0.3949 0.7187 0.0000
vt 0.3920 0.7302 0.0000
vt 0.4560 0.4906 0.0000
vt 0.4780 0.4906 0.0000
vt 0.4560 0.5355 0.0000
vt 0.4780 0.5355 0.0000
vt 0.4529 0.6689 0.0000
vt 0.4285 0.6840 0.0000
vt 0.4292 0.6688 0.0000
vt 0.4123 0.6840 0.0000
vt 0.3322 0.5355 0.0000
vt 0.3322 0.4906 0.0000
vt 0.3556 0.5355 0.0000
vt 0.3556 0.4906 0.0000
vt 0.5383 0.6186 0.0000
vt 0.5250 0.6426 0.0000
vt 0.5246 0.6202 0.0000
vt 0.5065 0.6431 0.0000
vt 0.3123 0.4906 0.0000
vt 0.3123 0.5355 0.0000
vt 0.2962 0.4906 0.0000
vt 0.2958 0.5355 0.0000
vt 0.7562 0.6438 0.0000
vt 0.7666 0.6438 0.0000
vt 0.7582 0.6565 0.0000
vt 0.7708 0.6565 0.0000
vt 0.4303 0.4906 0.0000
vt 0.4303 0.5355 0.0000
vt 0.4739 0.6610 0.0000
vt 0.4490 0.6610 0.0000
vt 0.4873 0.5355 0.0000
vt 0.4873 0.4906 0.0000
vt 0.4967 0.5355 0.0000
vt 0.4967 0.4906 0.0000
vt 0.4161 0.6956 0.0000
vt 0.4101 0.7071 0.0000
vt 0.4051 0.6956 0.0000
vt 0.3979 0.7071 0.0000
vt 0.5416 0.5355 0.0000
vt 0.5416 0.4906 0.0000
vt 0.5566 0.5355 0.0000
vt 0.5566 0.4906 0.0000
vt 0.4053 0.7533 0.0000
vt 0.3936 0.7533 0.0000
vt 0.4037 0.7417 0.0000
vt 0.3928 0.7417 0.0000
vt 0.5970 0.5355 0.0000
vt 0.5970 0.4906 0.0000
vt 0.6076 0.5355 0.0000
vt 0.6076 0.4906 0.0000
vt 0.4305 0.7994 0.0000
vt 0.4156 0.7994 0.0000
vt 0.4204 0.7879 0.0000
vt 0.4075 0.7879 0.0000
vt 0.7561 0.4906 0.0000
vt 0.7561 0.5355 0.0000
vt 0.5761 0.8340 0.0000
vt 0.5301 0.8340 0.0000
vt 0.8837 0.4906 0.0000
vt 0.8837 0.5355 0.0000
vt 0.6428 0.8802 0.0000
vt 0.6284 0.8802 0.0000
vt 0.8550 0.6436 0.0000
vt 0.8366 0.6431 0.0000
vt 0.8369 0.6206 0.0000
vt 0.8218 0.6188 0.0000
vt 0.7750 0.6652 0.0000
vt 0.7605 0.6653 0.0000
vt 0.9125 0.6615 0.0000
vt 0.8743 0.6615 0.0000
vt 0.8359 0.6431 0.0000
vt 0.9323 0.6692 0.0000
vt 0.9063 0.6693 0.0000
vt 0.9492 0.6845 0.0000
vt 0.9358 0.6845 0.0000
vt 0.9636 0.7076 0.0000
vt 0.9524 0.7076 0.0000
vt 0.9564 0.6961 0.0000
vt 0.9441 0.6961 0.0000
vt 0.9695 0.7307 0.0000
vt 0.9585 0.7307 0.0000
vt 0.9666 0.7191 0.0000
vt 0.9554 0.7191 0.0000
vt 0.9581 0.7538 0.0000
vt 0.9583 0.7422 0.0000
vt 0.9679 0.7538 0.0000
vt 0.9687 0.7422 0.0000
vt 0.9509 0.7768 0.0000
vt 0.9545 0.7653 0.0000
vt 0.9621 0.7768 0.0000
vt 0.9650 0.7653 0.0000
vt 0.9326 0.7999 0.0000
vt 0.9418 0.7884 0.0000
vt 0.9459 0.7999 0.0000
vt 0.9540 0.7884 0.0000
vt 0.8549 0.8230 0.0000
vt 0.9083 0.8114 0.0000
vt 0.9094 0.8200 0.0000
vt 0.9277 0.8114 0.0000
vt 0.7663 0.8461 0.0000
vt 0.7965 0.8345 0.0000
vt 0.7858 0.8461 0.0000
vt 0.8314 0.8345 0.0000
vt 0.7329 0.8691 0.0000
vt 0.7444 0.8691 0.0000
vt 0.7102 0.8922 0.0000
vt 0.7215 0.8807 0.0000
vt 0.7218 0.8922 0.0000
vt 0.7331 0.8807 0.0000
vt 0.6987 0.9153 0.0000
vt 0.7077 0.9153 0.0000
vt 0.6904 0.9377 0.0000
vt 0.6987 0.9377 0.0000
vt 0.6839 0.9726 0.0000
vt 0.6947 0.9724 0.0000
vt 0.9828 0.4906 0.0000
vt 0.9969 0.4906 0.0000
vt 0.9828 0.5355 0.0000
vt 0.9969 0.5355 0.0000
vt 0.3123 0.4387 0.0000
vt 0.2964 0.4387 0.0000
vt 0.3322 0.4387 0.0000
vt 0.3556 0.4387 0.0000
vt 0.4303 0.4387 0.0000
vt 0.4560 0.0243 0.0000
vt 0.4560 0.0743 0.0000
vt 0.4303 0.0243 0.0000
vt 0.4303 0.0761 0.0000
vt 0.4560 0.4381 0.0000
vt 0.4780 0.4381 0.0000
vt 0.4873 0.4381 0.0000
vt 0.4967 0.4381 0.0000
vt 0.5116 0.4381 0.0000
vt 0.5266 0.4381 0.0000
vt 0.5416 0.4381 0.0000
vt 0.5566 0.4381 0.0000
vt 0.5716 0.4381 0.0000
vt 0.5865 0.4381 0.0000
vt 0.5970 0.4381 0.0000
vt 0.6076 0.4381 0.0000
vt 0.6549 0.0243 0.0000
vt 0.6549 0.0761 0.0000
vt 0.6312 0.0243 0.0000
vt 0.6312 0.0761 0.0000
vt 0.7561 0.0243 0.0000
vt 0.7348 0.0761 0.0000
vt 0.8153 0.0243 0.0000
vt 0.8910 0.0761 0.0000
vt 0.8122 0.0761 0.0000
vt 0.8691 0.0243 0.0000
vt 0.8984 0.0243 0.0000
vt 0.8837 0.0243 0.0000
vt 0.9167 0.0243 0.0000
vt 0.9127 0.0761 0.0000
vt 0.9377 0.0761 0.0000
vt 0.9284 0.0243 0.0000
vt 0.9667 0.0761 0.0000
vt 0.9574 0.0243 0.0000
vt 0.9969 0.0243 0.0000
vt 0.9969 0.0761 0.0000
vt 0.9828 0.0243 0.0000
vt 0.9828 0.0761 0.0000
vt 0.2957 0.5701 0.0000
vt 0.3123 0.5701 0.0000
vt 0.2434 0.5352 0.0000
vt 0.2749 0.5354 0.0000
vt 0.2431 0.5697 0.0000
vt 0.2747 0.5699 0.0000
vt 0.3322 0.5701 0.0000
vt 0.3556 0.5701 0.0000
vt 0.8789 0.7442 0.0000
vt 0.8789 0.7238 0.0000
vt 0.8793 0.7176 0.0000
vt 0.8796 0.7442 0.0000
vt 0.4303 0.5701 0.0000
vt 0.4560 0.5701 0.0000
vt 0.4780 0.5701 0.0000
vt 0.4873 0.5701 0.0000
vt 0.4967 0.5701 0.0000
vt 0.5116 0.5701 0.0000
vt 0.5266 0.5701 0.0000
vt 0.5416 0.5701 0.0000
vt 0.5566 0.5701 0.0000
vt 0.5716 0.5701 0.0000
vt 0.5865 0.5701 0.0000
vt 0.5970 0.5701 0.0000
vt 0.6076 0.5701 0.0000
vt 0.6312 0.5701 0.0000
vt 0.6549 0.5701 0.0000
vt 0.7561 0.5701 0.0000
vt 0.8153 0.5701 0.0000
vt 0.8691 0.5701 0.0000
vt 0.0768 0.9331 0.0000
vt 0.0882 0.9597 0.0000
vt 0.0768 0.9597 0.0000
vt 0.8837 0.5701 0.0000
vt 0.8984 0.5701 0.0000
vt 0.0747 0.4141 0.0000
vt 0.0978 0.4141 0.0000
vt 0.0747 0.4407 0.0000
vt 0.0978 0.4407 0.0000
vt 0.9127 0.5701 0.0000
vt 0.0523 0.4141 0.0000
vt 0.0523 0.4407 0.0000
vt 0.9377 0.5701 0.0000
vt 0.0370 0.4141 0.0000
vt 0.0298 0.4407 0.0000
vt 0.9668 0.5701 0.0000
vt 0.9828 0.5859 0.0000
vt 0.9969 0.5859 0.0000
vt 0.2956 0.5859 0.0000
vt 0.3123 0.5859 0.0000
vt 0.2430 0.5855 0.0000
vt 0.2746 0.5857 0.0000
vt 0.3322 0.5859 0.0000
vt 0.3556 0.5859 0.0000
vt 0.4649 0.9596 0.0000
vt 0.4914 0.9596 0.0000
vt 0.4649 0.9717 0.0000
vt 0.5033 0.9596 0.0000
vt 0.5033 0.9718 0.0000
vt 0.8789 0.7564 0.0000
vt 0.8796 0.7564 0.0000
vt 0.4303 0.5859 0.0000
vt 0.4329 0.9595 0.0000
vt 0.4329 0.9717 0.0000
vt 0.4560 0.5859 0.0000
vt 0.4034 0.9595 0.0000
vt 0.4034 0.9716 0.0000
vt 0.4780 0.5859 0.0000
vt 0.3868 0.9594 0.0000
vt 0.3951 0.9595 0.0000
vt 0.3868 0.9716 0.0000
vt 0.3951 0.9716 0.0000
vt 0.4873 0.5859 0.0000
vt 0.4967 0.5859 0.0000
vt 0.3638 0.9594 0.0000
vt 0.3753 0.9594 0.0000
vt 0.3638 0.9716 0.0000
vt 0.3753 0.9716 0.0000
vt 0.5116 0.5859 0.0000
vt 0.5266 0.5859 0.0000
vt 0.3407 0.9594 0.0000
vt 0.3522 0.9594 0.0000
vt 0.3407 0.9716 0.0000
vt 0.3522 0.9716 0.0000
vt 0.5416 0.5859 0.0000
vt 0.5566 0.5859 0.0000
vt 0.3176 0.9594 0.0000
vt 0.3291 0.9594 0.0000
vt 0.3176 0.9716 0.0000
vt 0.3291 0.9716 0.0000
vt 0.5716 0.5859 0.0000
vt 0.5865 0.5859 0.0000
vt 0.2992 0.9595 0.0000
vt 0.3084 0.9594 0.0000
vt 0.2993 0.9716 0.0000
vt 0.3084 0.9716 0.0000
vt 0.5970 0.5859 0.0000
vt 0.6076 0.5859 0.0000
vt 0.2215 0.9595 0.0000
vt 0.2749 0.9595 0.0000
vt 0.2215 0.9717 0.0000
vt 0.2750 0.9717 0.0000
vt 0.6312 0.5859 0.0000
vt 0.6549 0.5859 0.0000
vt 0.1330 0.9596 0.0000
vt 0.1632 0.9596 0.0000
vt 0.1330 0.9718 0.0000
vt 0.1632 0.9718 0.0000
vt 0.7561 0.5859 0.0000
vt 0.8153 0.5859 0.0000
vt 0.0995 0.9597 0.0000
vt 0.0995 0.9718 0.0000
vt 0.8691 0.5859 0.0000
vt 0.0768 0.9719 0.0000
vt 0.0882 0.9718 0.0000
vt 0.8837 0.5859 0.0000
vt 0.8984 0.5859 0.0000
vt 0.0747 0.4529 0.0000
vt 0.0978 0.4529 0.0000
vt 0.9127 0.5859 0.0000
vt 0.0523 0.4529 0.0000
vt 0.9377 0.5859 0.0000
vt 0.0174 0.4529 0.0000
vt 0.0370 0.3795 0.0000
vt 0.0174 0.3795 0.0000
vt 0.0174 0.4141 0.0000
vt 0.0370 0.0722 0.0000
vt 0.0174 0.0601 0.0000
vt 0.0370 0.0202 0.0000
vt 0.0174 0.0202 0.0000
vt 0.6776 0.9721 0.0000
vt 0.6668 0.9719 0.0000
vt 0.7754 0.7949 0.0000
vt 0.7611 0.7949 0.0000
vt 0.6312 0.4387 0.0000
vt 0.8793 0.6828 0.0000
vt 0.0174 0.3395 0.0000
vt 0.0370 0.3395 0.0000
vt 0.9828 0.4387 0.0000
vt 0.9969 0.4387 0.0000
vt 0.9668 0.4387 0.0000
vt 0.9377 0.4387 0.0000
vt 0.9127 0.4387 0.0000
vt 0.7774 0.1389 0.0000
vt 0.7403 0.1389 0.0000
vt 0.7703 0.0871 0.0000
vt 0.7852 0.0871 0.0000
vt 0.8299 0.1389 0.0000
vt 0.9024 0.4387 0.0000
vt 0.7561 0.4387 0.0000
vt 0.6549 0.4387 0.0000
vt 0.0174 0.2996 0.0000
vt 0.0370 0.2996 0.0000
vt 0.9828 0.3869 0.0000
vt 0.9969 0.3869 0.0000
vt 0.9667 0.3869 0.0000
vt 0.9377 0.3869 0.0000
vt 0.9087 0.3869 0.0000
vt 0.8848 0.3869 0.0000
vt 0.8716 0.4388 0.0000
vt 0.6549 0.3869 0.0000
vt 0.7348 0.3869 0.0000
vt 0.6312 0.3869 0.0000
vt 0.0174 0.2597 0.0000
vt 0.0370 0.2597 0.0000
vt 0.9828 0.3351 0.0000
vt 0.9969 0.3351 0.0000
vt 0.9667 0.3351 0.0000
vt 0.9377 0.3351 0.0000
vt 0.9127 0.3351 0.0000
vt 0.8910 0.3351 0.0000
vt 0.0318 0.5731 0.0000
vt 0.0213 0.5731 0.0000
vt 0.0318 0.5332 0.0000
vt 0.0213 0.5332 0.0000
vt 0.7348 0.3295 0.0000
vt 0.6549 0.3351 0.0000
vt 0.6312 0.3351 0.0000
vt 0.0174 0.2198 0.0000
vt 0.0370 0.2198 0.0000
vt 0.9828 0.2833 0.0000
vt 0.9969 0.2833 0.0000
vt 0.9667 0.2833 0.0000
vt 0.9377 0.2833 0.0000
vt 0.9127 0.2833 0.0000
vt 0.8910 0.2833 0.0000
vt 0.0318 0.6131 0.0000
vt 0.0213 0.6131 0.0000
vt 0.7348 0.2833 0.0000
vt 0.6549 0.2833 0.0000
vt 0.6312 0.2809 0.0000
vt 0.0174 0.1799 0.0000
vt 0.0370 0.1799 0.0000
vt 0.9828 0.2315 0.0000
vt 0.9969 0.2315 0.0000
vt 0.9667 0.2315 0.0000
vt 0.9377 0.2315 0.0000
vt 0.9127 0.2315 0.0000
vt 0.8910 0.2315 0.0000
vt 0.0318 0.6530 0.0000
vt 0.0213 0.6530 0.0000
vt 0.6549 0.2315 0.0000
vt 0.7348 0.2315 0.0000
vt 0.6312 0.2315 0.0000
vt 0.0174 0.1399 0.0000
vt 0.0370 0.1399 0.0000
vt 0.9828 0.1797 0.0000
vt 0.9969 0.1797 0.0000
vt 0.9667 0.1797 0.0000
vt 0.9377 0.1797 0.0000
vt 0.9127 0.1797 0.0000
vt 0.8910 0.1797 0.0000
vt 0.0318 0.6929 0.0000
vt 0.0213 0.6929 0.0000
vt 0.6549 0.1797 0.0000
vt 0.7348 0.1816 0.0000
vt 0.6312 0.1797 0.0000
vt 0.0174 0.1000 0.0000
vt 0.0370 0.1000 0.0000
vt 0.9828 0.1279 0.0000
vt 0.9969 0.1279 0.0000
vt 0.9667 0.1279 0.0000
vt 0.9377 0.1279 0.0000
vt 0.9127 0.1279 0.0000
vt 0.8910 0.1279 0.0000
vt 0.0318 0.7328 0.0000
vt 0.0213 0.7328 0.0000
vt 0.6549 0.1279 0.0000
vt 0.7348 0.1279 0.0000
vt 0.6312 0.1279 0.0000
vt 0.0318 0.7727 0.0000
vt 0.0213 0.7727 0.0000
vt 0.3123 0.3869 0.0000
vt 0.2967 0.3869 0.0000
vt 0.3322 0.3869 0.0000
vt 0.3556 0.3869 0.0000
vt 0.4303 0.3869 0.0000
vt 0.3123 0.3351 0.0000
vt 0.2970 0.3351 0.0000
vt 0.3322 0.3351 0.0000
vt 0.3590 0.3192 0.0000
vt 0.3622 0.3192 0.0000
vt 0.3123 0.2833 0.0000
vt 0.2973 0.2833 0.0000
vt 0.3322 0.2833 0.0000
vt 0.3580 0.2833 0.0000
vt 0.3123 0.2315 0.0000
vt 0.2975 0.2315 0.0000
vt 0.3322 0.2315 0.0000
vt 0.3590 0.2434 0.0000
vt 0.3857 0.2833 0.0000
vt 0.3814 0.2582 0.0000
vt 0.4303 0.2833 0.0000
vt 0.4303 0.2315 0.0000
vt 0.3123 0.1797 0.0000
vt 0.2978 0.1797 0.0000
vt 0.3322 0.1797 0.0000
vt 0.3556 0.1797 0.0000
vt 0.3608 0.2434 0.0000
vt 0.4303 0.1797 0.0000
vt 0.3123 0.1279 0.0000
vt 0.2981 0.1279 0.0000
vt 0.3322 0.1279 0.0000
vt 0.3556 0.1279 0.0000
vt 0.4303 0.1279 0.0000
vt 0.3123 0.0761 0.0000
vt 0.2984 0.0761 0.0000
vt 0.3322 0.0761 0.0000
vt 0.3556 0.0761 0.0000
vt 0.3123 0.0243 0.0000
vt 0.2986 0.0243 0.0000
vt 0.3556 0.0243 0.0000
vt 0.3322 0.0243 0.0000
vt 0.4557 0.7868 0.0000
vt 0.4573 0.6858 0.0000
vt 0.4685 0.7868 0.0000
vt 0.4727 0.6858 0.0000
vt 0.5263 0.7870 0.0000
vt 0.5263 0.7253 0.0000
vt 0.5369 0.7869 0.0000
vt 0.5387 0.7248 0.0000
vt 0.5178 0.7870 0.0000
vt 0.5178 0.7256 0.0000
vt 0.5046 0.7870 0.0000
vt 0.5046 0.7259 0.0000
vt 0.4857 0.7870 0.0000
vt 0.4857 0.7263 0.0000
vt 0.8502 0.7849 0.0000
vt 0.8451 0.7242 0.0000
vt 0.8602 0.7847 0.0000
vt 0.8573 0.6837 0.0000
vt 0.9213 0.7446 0.0000
vt 0.9216 0.7286 0.0000
vt 0.9315 0.7274 0.0000
vt 0.9317 0.7147 0.0000
vt 0.9103 0.7636 0.0000
vt 0.9106 0.7445 0.0000
vt 0.8994 0.7768 0.0000
vt 0.8997 0.7591 0.0000
vt 0.8886 0.7852 0.0000
vt 0.8890 0.7686 0.0000
vt 0.8780 0.7870 0.0000
vt 0.8784 0.7729 0.0000
vt 0.8606 0.7989 0.0000
vt 0.8504 0.7991 0.0000
vt 0.4557 0.8010 0.0000
vt 0.4685 0.8010 0.0000
vt 0.4857 0.8012 0.0000
vt 0.5046 0.8012 0.0000
vt 0.8395 0.7849 0.0000
vt 0.8395 0.7991 0.0000
vt 0.5178 0.8012 0.0000
vt 0.8286 0.7849 0.0000
vt 0.8286 0.7991 0.0000
vt 0.5263 0.8012 0.0000
vt 0.8178 0.7849 0.0000
vt 0.8178 0.7991 0.0000
vt 0.5370 0.8011 0.0000
vt 0.5509 0.7868 0.0000
vt 0.5511 0.8010 0.0000
vt 0.8098 0.7849 0.0000
vt 0.8072 0.7991 0.0000
vt 0.8028 0.7372 0.0000
vt 0.7910 0.7372 0.0000
vt 0.8028 0.7257 0.0000
vt 0.7906 0.7257 0.0000
vt 0.7889 0.7142 0.0000
vt 0.8014 0.7142 0.0000
vt 0.7980 0.7026 0.0000
vt 0.7847 0.7026 0.0000
vt 0.7781 0.6911 0.0000
vt 0.7926 0.6911 0.0000
vt 0.7839 0.6795 0.0000
vt 0.7693 0.6795 0.0000
vt 0.7670 0.7834 0.0000
vt 0.7814 0.7834 0.0000
vt 0.7912 0.7719 0.0000
vt 0.7742 0.7719 0.0000
vt 0.7835 0.7603 0.0000
vt 0.7978 0.7603 0.0000
vt 0.8012 0.7488 0.0000
vt 0.7889 0.7488 0.0000
vt 0.1986 0.0950 0.0000
vt 0.1986 0.1066 0.0000
vt 0.1534 0.0950 0.0000
vt 0.1534 0.1066 0.0000
vt 0.1986 0.4423 0.0000
vt 0.1986 0.4538 0.0000
vt 0.1534 0.4423 0.0000
vt 0.1534 0.4538 0.0000
vt 0.1986 0.4661 0.0000
vt 0.1534 0.4661 0.0000
vt 0.1986 0.2692 0.0000
vt 0.1986 0.2797 0.0000
vt 0.1534 0.2692 0.0000
vt 0.1534 0.2797 0.0000
vt 0.1986 0.2923 0.0000
vt 0.1534 0.2923 0.0000
vt 0.1986 0.2566 0.0000
vt 0.1534 0.2566 0.0000
vt 0.1986 0.3010 0.0000
vt 0.1534 0.3010 0.0000
vt 0.1986 0.2478 0.0000
vt 0.1534 0.2478 0.0000
vt 0.1986 0.4308 0.0000
vt 0.1534 0.4308 0.0000
vt 0.1986 0.1181 0.0000
vt 0.1534 0.1181 0.0000
vt 0.1986 0.3615 0.0000
vt 0.1986 0.3731 0.0000
vt 0.1534 0.3615 0.0000
vt 0.1534 0.3731 0.0000
vt 0.1986 0.1758 0.0000
vt 0.1986 0.1874 0.0000
vt 0.1534 0.1758 0.0000
vt 0.1534 0.1874 0.0000
vt 0.1986 0.1989 0.0000
vt 0.1534 0.1989 0.0000
vt 0.1986 0.3500 0.0000
vt 0.1534 0.3500 0.0000
vt 0.1986 0.3384 0.0000
vt 0.1534 0.3384 0.0000
vt 0.1986 0.2104 0.0000
vt 0.1534 0.2104 0.0000
vt 0.1986 0.2220 0.0000
vt 0.1534 0.2220 0.0000
vt 0.1986 0.3269 0.0000
vt 0.1534 0.3269 0.0000
vt 0.1986 0.3154 0.0000
vt 0.1534 0.3154 0.0000
vt 0.1986 0.2335 0.0000
vt 0.1534 0.2335 0.0000
vt 0.1986 0.1297 0.0000
vt 0.1534 0.1297 0.0000
vt 0.1986 0.4192 0.0000
vt 0.1534 0.4192 0.0000
vt 0.1986 0.4077 0.0000
vt 0.1534 0.4077 0.0000
vt 0.1986 0.1426 0.0000
vt 0.1534 0.1412 0.0000
vt 0.1986 0.1560 0.0000
vt 0.1534 0.1527 0.0000
vt 0.1986 0.3961 0.0000
vt 0.1534 0.3961 0.0000
vt 0.1986 0.3846 0.0000
vt 0.1534 0.3846 0.0000
vt 0.1986 0.1635 0.0000
vt 0.1534 0.1643 0.0000
vt 0.2751 0.4903 0.0000
vt 0.2436 0.4900 0.0000
vt 0.2778 0.0242 0.0000
vt 0.2776 0.0759 0.0000
vt 0.2464 0.0635 0.0000
vt 0.2464 0.0758 0.0000
vt 0.2737 0.0907 0.0000
vt 0.2775 0.0907 0.0000
vt 0.2736 0.1047 0.0000
vt 0.2775 0.1048 0.0000
vt 0.2773 0.1278 0.0000
vt 0.2770 0.1796 0.0000
vt 0.2461 0.1275 0.0000
vt 0.2457 0.1794 0.0000
vt 0.2767 0.2314 0.0000
vt 0.2454 0.2312 0.0000
vt 0.2764 0.2833 0.0000
vt 0.2451 0.2831 0.0000
vt 0.2761 0.3351 0.0000
vt 0.2447 0.3348 0.0000
vt 0.2757 0.3868 0.0000
vt 0.2444 0.3866 0.0000
vt 0.2754 0.4385 0.0000
vt 0.2440 0.4383 0.0000
vt 0.2440 0.4672 0.0000
vt 0.2438 0.4667 0.0000
vt 0.2753 0.4674 0.0000
vt 0.2688 0.4674 0.0000
vt 0.2549 0.4673 0.0000
vt 0.5420 0.6026 0.0000
vt 0.5314 0.6049 0.0000
vt 0.2752 0.4825 0.0000
vt 0.8301 0.6054 0.0000
vt 0.8173 0.6026 0.0000
vt 0.2126 0.4382 0.0000
vt 0.2123 0.4900 0.0000
vt 0.2130 0.3864 0.0000
vt 0.2133 0.3346 0.0000
vt 0.2137 0.2828 0.0000
vt 0.2140 0.2309 0.0000
vt 0.2144 0.1791 0.0000
vt 0.2147 0.1273 0.0000
vt 0.2463 0.0906 0.0000
vt 0.2150 0.0755 0.0000
vt 0.6819 0.6204 0.0000
vt 0.6819 0.6604 0.0000
vt 0.6574 0.6204 0.0000
vt 0.6574 0.6604 0.0000
vt 0.6819 0.7003 0.0000
vt 0.6574 0.7003 0.0000
vt 0.6819 0.7402 0.0000
vt 0.6574 0.7402 0.0000
vt 0.6819 0.7801 0.0000
vt 0.6574 0.7801 0.0000
vt 0.6819 0.8200 0.0000
vt 0.6574 0.8200 0.0000
vt 0.6819 0.8599 0.0000
vt 0.6574 0.8599 0.0000
vt 0.7538 0.0761 0.0000
vt 0.7213 0.6647 0.0000
vt 0.7184 0.6204 0.0000
vt 0.7213 0.7003 0.0000
vt 0.7213 0.7402 0.0000
vt 0.7213 0.7786 0.0000
vt 0.7213 0.8200 0.0000
vt 0.7213 0.8599 0.0000
vt 0.0646 0.2967 0.0000
vt 0.0646 0.3367 0.0000
vt 0.0498 0.2967 0.0000
vt 0.0498 0.3367 0.0000
vt 0.0213 0.5134 0.0000
vt 0.0318 0.5134 0.0000
vt 0.0213 0.5283 0.0000
vt 0.0318 0.5283 0.0000
vt 0.6426 0.6204 0.0000
vt 0.6426 0.6603 0.0000
vt 0.0646 0.2568 0.0000
vt 0.0498 0.2568 0.0000
vt 0.6426 0.7003 0.0000
vt 0.0646 0.2169 0.0000
vt 0.0498 0.2169 0.0000
vt 0.6426 0.7402 0.0000
vt 0.0646 0.1770 0.0000
vt 0.0498 0.1770 0.0000
vt 0.6426 0.7801 0.0000
vt 0.0646 0.1371 0.0000
vt 0.0646 0.1570 0.0000
vt 0.0498 0.1371 0.0000
vt 0.6426 0.8200 0.0000
vt 0.0318 0.7925 0.0000
vt 0.0213 0.7925 0.0000
vt 0.0318 0.7777 0.0000
vt 0.0213 0.7777 0.0000
vt 0.0646 0.0972 0.0000
vt 0.0498 0.0972 0.0000
vt 0.6426 0.8599 0.0000
vt 0.0249 0.4921 0.0000
vt 0.0387 0.4890 0.0000
vt 0.0265 0.4973 0.0000
vt 0.0400 0.4950 0.0000
vt 0.8389 0.1303 0.0000
vt 0.8529 0.1303 0.0000
vt 0.8388 0.1423 0.0000
vt 0.8341 0.1816 0.0000
vt 0.8482 0.1696 0.0000
vt 0.8482 0.1816 0.0000
vt 0.8371 0.2462 0.0000
vt 0.8371 0.2377 0.0000
vt 0.8521 0.2462 0.0000
vt 0.8482 0.2139 0.0000
vt 0.8331 0.2054 0.0000
vt 0.8482 0.2054 0.0000
vt 0.2439 0.4823 0.0000
vt 0.2549 0.4824 0.0000
vt 0.2687 0.4825 0.0000
vt 0.2617 0.0906 0.0000
vt 0.2617 0.1047 0.0000
vt 0.2462 0.1046 0.0000
vt 0.0978 0.0202 0.0000
vt 0.1093 0.0082 0.0000
vt 0.0978 0.0722 0.0000
vt 0.1093 0.0722 0.0000
vt 0.0747 0.0202 0.0000
vt 0.0747 0.0722 0.0000
vt 0.0595 0.0202 0.0000
vt 0.0595 0.0722 0.0000
vt 0.2876 0.8889 0.0000
vt 0.2583 0.8889 0.0000
vt 0.2735 0.8774 0.0000
vt 0.2462 0.8774 0.0000
vt 0.2455 0.8543 0.0000
vt 0.2280 0.8543 0.0000
vt 0.2378 0.8428 0.0000
vt 0.2214 0.8428 0.0000
vt 0.2305 0.8298 0.0000
vt 0.2148 0.8296 0.0000
vt 0.2258 0.8197 0.0000
vt 0.2111 0.8197 0.0000
vt 0.2220 0.8082 0.0000
vt 0.2071 0.8082 0.0000
vt 0.2195 0.7966 0.0000
vt 0.2036 0.7966 0.0000
vt 0.2170 0.7851 0.0000
vt 0.2008 0.7851 0.0000
vt 0.2153 0.7736 0.0000
vt 0.1985 0.7736 0.0000
vt 0.2137 0.7620 0.0000
vt 0.1969 0.7620 0.0000
vt 0.2124 0.7505 0.0000
vt 0.1957 0.7505 0.0000
vt 0.2118 0.7389 0.0000
vt 0.1946 0.7389 0.0000
vt 0.2113 0.7274 0.0000
vt 0.1947 0.7274 0.0000
vt 0.2120 0.7159 0.0000
vt 0.1956 0.7159 0.0000
vt 0.2135 0.7043 0.0000
vt 0.1976 0.7043 0.0000
vt 0.2154 0.6928 0.0000
vt 0.2003 0.6928 0.0000
vt 0.2186 0.6782 0.0000
vt 0.2036 0.6782 0.0000
vt 0.2219 0.6697 0.0000
vt 0.2067 0.6697 0.0000
vt 0.2294 0.6497 0.0000
vt 0.2128 0.6502 0.0000
vt 0.8631 0.2103 0.0000
vt 0.8599 0.1065 0.0000
vt 0.8853 0.2102 0.0000
vt 0.8815 0.1065 0.0000
vt 0.7869 0.2064 0.0000
vt 0.7714 0.2444 0.0000
vt 0.7678 0.2064 0.0000
vt 0.1402 0.3008 0.0000
vt 0.1402 0.3123 0.0000
vt 0.1254 0.3008 0.0000
vt 0.1254 0.3123 0.0000
vt 0.1402 0.2777 0.0000
vt 0.1254 0.2777 0.0000
vt 0.1502 0.7791 0.0000
vt 0.1078 0.7560 0.0000
vt 0.1530 0.7560 0.0000
vt 0.1402 0.2662 0.0000
vt 0.1254 0.2662 0.0000
vt 0.1078 0.7445 0.0000
vt 0.1530 0.7445 0.0000
vt 0.1402 0.2531 0.0000
vt 0.1254 0.2531 0.0000
vt 0.1078 0.7313 0.0000
vt 0.1530 0.7313 0.0000
vt 0.1402 0.2431 0.0000
vt 0.1254 0.2431 0.0000
vt 0.1078 0.7214 0.0000
vt 0.1530 0.7214 0.0000
vt 0.1402 0.2315 0.0000
vt 0.1254 0.2315 0.0000
vt 0.1078 0.7099 0.0000
vt 0.1530 0.7099 0.0000
vt 0.1402 0.2200 0.0000
vt 0.1254 0.2200 0.0000
vt 0.1078 0.6966 0.0000
vt 0.1530 0.6983 0.0000
vt 0.1402 0.2085 0.0000
vt 0.1254 0.2085 0.0000
vt 0.1078 0.6868 0.0000
vt 0.1530 0.6868 0.0000
vt 0.1402 0.1969 0.0000
vt 0.1254 0.1969 0.0000
vt 0.1078 0.6753 0.0000
vt 0.1530 0.6753 0.0000
vt 0.1402 0.1854 0.0000
vt 0.1254 0.1854 0.0000
vt 0.1078 0.6686 0.0000
vt 0.1530 0.6637 0.0000
vt 0.1402 0.1738 0.0000
vt 0.1254 0.1738 0.0000
vt 0.1078 0.6470 0.0000
vt 0.1530 0.6522 0.0000
vt 0.1402 0.1623 0.0000
vt 0.1254 0.1623 0.0000
vt 0.1078 0.6407 0.0000
vt 0.1530 0.6407 0.0000
vt 0.1402 0.1508 0.0000
vt 0.1254 0.1508 0.0000
vt 0.1078 0.6253 0.0000
vt 0.1530 0.6291 0.0000
vt 0.1402 0.1408 0.0000
vt 0.1254 0.1392 0.0000
vt 0.1078 0.6176 0.0000
vt 0.1530 0.6176 0.0000
vt 0.1402 0.1277 0.0000
vt 0.1254 0.1277 0.0000
vt 0.1078 0.6043 0.0000
vt 0.1530 0.6060 0.0000
vt 0.1402 0.1162 0.0000
vt 0.1254 0.1162 0.0000
vt 0.1078 0.5945 0.0000
vt 0.1530 0.5945 0.0000
vt 0.1402 0.1016 0.0000
vt 0.1254 0.1016 0.0000
vt 0.1078 0.5799 0.0000
vt 0.1530 0.5799 0.0000
vt 0.1402 0.0875 0.0000
vt 0.1254 0.0931 0.0000
vt 0.1078 0.5714 0.0000
vt 0.1530 0.5714 0.0000
vt 0.1401 0.0526 0.0000
vt 0.1254 0.0731 0.0000
vt 0.1401 0.0341 0.0000
vt 0.1078 0.5519 0.0000
vt 0.1530 0.5519 0.0000
vt 0.8812 0.0874 0.0000
vt 0.8597 0.0874 0.0000
vt 0.0983 0.5519 0.0000
vt 0.1383 0.5241 0.0000
vt 0.1254 0.0341 0.0000
vt 0.2250 0.6224 0.0000
vt 0.2425 0.6107 0.0000
vt 0.1530 0.5241 0.0000
vt 0.9574 0.0087 0.0000
vt 0.9284 0.0087 0.0000
vt 0.0595 0.0082 0.0000
vt 0.0370 0.0082 0.0000
vt 0.0978 0.0082 0.0000
vt 0.0747 0.0082 0.0000
vt 0.9167 0.0087 0.0000
vt 0.8984 0.0087 0.0000
vt 0.0748 0.1725 0.0000
vt 0.0748 0.1421 0.0000
vt 0.1172 0.1725 0.0000
vt 0.1172 0.1421 0.0000
vt 0.8691 0.0087 0.0000
vt 0.8153 0.0087 0.0000
vt 0.0748 0.3203 0.0000
vt 0.0748 0.2775 0.0000
vt 0.1172 0.3203 0.0000
vt 0.1172 0.2775 0.0000
vt 0.6549 0.0087 0.0000
vt 0.6312 0.0087 0.0000
vt 0.8726 0.3878 0.0000
vt 0.8726 0.4027 0.0000
vt 0.8175 0.3878 0.0000
vt 0.8175 0.4027 0.0000
vt 0.5865 0.0243 0.0000
vt 0.5716 0.0243 0.0000
vt 0.5865 0.0087 0.0000
vt 0.5716 0.0087 0.0000
vt 0.8726 0.3229 0.0000
vt 0.8726 0.3428 0.0000
vt 0.8175 0.3279 0.0000
vt 0.8175 0.3428 0.0000
vt 0.5266 0.0243 0.0000
vt 0.5116 0.0243 0.0000
vt 0.5266 0.0087 0.0000
vt 0.5116 0.0087 0.0000
vt 0.8097 0.3583 0.0000
vt 0.8097 0.3900 0.0000
vt 0.7546 0.3583 0.0000
vt 0.7546 0.3900 0.0000
vt 0.4780 0.0243 0.0000
vt 0.4780 0.0087 0.0000
vt 0.4560 0.0087 0.0000
vt 0.2467 0.0084 0.0000
vt 0.2779 0.0086 0.0000
vt 0.3556 0.0087 0.0000
vt 0.3322 0.0087 0.0000
vt 0.8097 0.2647 0.0000
vt 0.8097 0.3310 0.0000
vt 0.7546 0.2647 0.0000
vt 0.7546 0.3310 0.0000
vt 0.4303 0.0087 0.0000
vt 0.8726 0.2957 0.0000
vt 0.8726 0.3129 0.0000
vt 0.8175 0.2979 0.0000
vt 0.8175 0.3129 0.0000
vt 0.4967 0.0243 0.0000
vt 0.4873 0.0243 0.0000
vt 0.4967 0.0087 0.0000
vt 0.4873 0.0087 0.0000
vt 0.8726 0.3511 0.0000
vt 0.8726 0.3791 0.0000
vt 0.8175 0.3578 0.0000
vt 0.8175 0.3728 0.0000
vt 0.5566 0.0243 0.0000
vt 0.5416 0.0243 0.0000
vt 0.5566 0.0087 0.0000
vt 0.5416 0.0087 0.0000
vt 0.0748 0.3524 0.0000
vt 0.0748 0.3423 0.0000
vt 0.1172 0.3524 0.0000
vt 0.1172 0.3423 0.0000
vt 0.6076 0.0243 0.0000
vt 0.5970 0.0243 0.0000
vt 0.6076 0.0087 0.0000
vt 0.5970 0.0087 0.0000
vt 0.0748 0.1967 0.0000
vt 0.1172 0.1967 0.0000
vt 0.7561 0.0087 0.0000
vt 0.8837 0.0087 0.0000
vt 0.0174 0.0082 0.0000
vt 0.9969 0.0087 0.0000
vt 0.9828 0.0087 0.0000
vt 0.8097 0.4061 0.0000
vt 0.7546 0.4061 0.0000
vt 0.0748 0.3615 0.0000
vt 0.1172 0.3615 0.0000
vt 0.2986 0.0087 0.0000
vt 0.3123 0.0087 0.0000
vt 0.1401 0.0193 0.0000
vt 0.1799 0.0341 0.0000
vt 0.2200 0.0180 0.0000
vt 0.0584 0.4938 0.0000
vt 0.1383 0.4976 0.0000
vt 0.1254 0.0193 0.0000
vt 0.2376 0.5959 0.0000
vt 0.2542 0.5959 0.0000
vt 0.1530 0.4976 0.0000
vt 0.0217 0.8069 0.0000
vt 0.0247 0.8242 0.0000
vt 0.0390 0.8178 0.0000
vt 0.0571 0.8591 0.0000
vt 0.0428 0.8541 0.0000
vt 0.6574 0.6155 0.0000
vt 0.6426 0.6155 0.0000
vt 0.0498 0.3416 0.0000
vt 0.0646 0.3416 0.0000
vt 0.8293 0.2650 0.0000
vt 0.8509 0.2650 0.0000
vt 0.8293 0.2699 0.0000
vt 0.8502 0.2704 0.0000
vt 0.6810 0.6144 0.0000
vt 0.0646 0.0922 0.0000
vt 0.0498 0.0922 0.0000
vt 0.6426 0.8649 0.0000
vt 0.6574 0.8649 0.0000
vt 0.0788 0.0972 0.0000
vt 0.0788 0.0922 0.0000
vt 0.0958 0.0972 0.0000
vt 0.0958 0.0922 0.0000
vt 0.6819 0.8649 0.0000
vt 0.7946 0.2526 0.0000
vt 0.7946 0.2335 0.0000
vt 0.8010 0.2526 0.0000
vt 0.8010 0.2335 0.0000
vt 0.7946 0.2064 0.0000
vt 0.8010 0.2064 0.0000
vt 0.7213 0.8649 0.0000
vt 0.8832 0.2362 0.0000
vt 0.8832 0.2563 0.0000
vt 0.8728 0.2352 0.0000
vt 0.8716 0.2563 0.0000
vt 0.8832 0.2962 0.0000
vt 0.8793 0.2962 0.0000
vt 0.8832 0.2801 0.0000
vt 0.8729 0.2814 0.0000
vt 0.3821 0.3044 0.0000
vt 0.4303 0.3351 0.0000
vt 0.8832 0.2204 0.0000
vt 0.8788 0.2204 0.0000
vt 0.3798 0.3034 0.0000
vt 0.3781 0.3014 0.0000
vt 0.3848 0.2833 0.0000
vt 0.3826 0.2833 0.0000
vt 0.3798 0.2595 0.0000
vt 0.3591 0.2471 0.0000
vt 0.3781 0.2617 0.0000
vt 0.3591 0.3155 0.0000
vt 0.7465 0.3553 0.0000
vt 0.7401 0.3554 0.0000
vt 0.7465 0.3373 0.0000
vt 0.7401 0.3373 0.0000
vt 0.7465 0.3011 0.0000
vt 0.7465 0.3156 0.0000
vt 0.7401 0.3009 0.0000
vt 0.7401 0.3155 0.0000
vt 0.7468 0.2648 0.0000
vt 0.7404 0.2645 0.0000
vt 0.7465 0.3695 0.0000
vt 0.7401 0.3696 0.0000
vt 0.7501 0.2328 0.0000
vt 0.7438 0.2323 0.0000
vt 0.4560 0.2809 0.0000
vt 0.4560 0.2300 0.0000
vt 0.4670 0.2300 0.0000
vt 0.4780 0.1791 0.0000
vt 0.4560 0.1791 0.0000
vt 0.4780 0.2809 0.0000
vt 0.4780 0.2300 0.0000
vt 0.4826 0.2300 0.0000
vt 0.4873 0.2809 0.0000
vt 0.4873 0.2300 0.0000
vt 0.4920 0.2300 0.0000
vt 0.4967 0.2809 0.0000
vt 0.4967 0.2300 0.0000
vt 0.5042 0.2300 0.0000
vt 0.5116 0.2809 0.0000
vt 0.5116 0.2300 0.0000
vt 0.5191 0.2300 0.0000
vt 0.5266 0.2809 0.0000
vt 0.5266 0.2300 0.0000
vt 0.5341 0.2300 0.0000
vt 0.5416 0.2809 0.0000
vt 0.5416 0.2300 0.0000
vt 0.5491 0.2300 0.0000
vt 0.5566 0.2809 0.0000
vt 0.5566 0.2300 0.0000
vt 0.5641 0.2300 0.0000
vt 0.5716 0.2809 0.0000
vt 0.5716 0.2300 0.0000
vt 0.5790 0.2300 0.0000
vt 0.5865 0.2809 0.0000
vt 0.5865 0.2300 0.0000
vt 0.5918 0.2300 0.0000
vt 0.5970 0.2809 0.0000
vt 0.5970 0.2300 0.0000
vt 0.6023 0.2300 0.0000
vt 0.6076 0.2809 0.0000
vt 0.6076 0.2300 0.0000
vt 0.6076 0.0743 0.0000
vt 0.4560 0.3857 0.0000
vt 0.4560 0.3333 0.0000
vt 0.4670 0.3334 0.0000
vt 0.4780 0.3857 0.0000
vt 0.4780 0.3336 0.0000
vt 0.4826 0.3333 0.0000
vt 0.4873 0.3333 0.0000
vt 0.4920 0.3333 0.0000
vt 0.4967 0.3333 0.0000
vt 0.5042 0.3333 0.0000
vt 0.5116 0.3333 0.0000
vt 0.5191 0.3333 0.0000
vt 0.5266 0.3333 0.0000
vt 0.5341 0.3333 0.0000
vt 0.5416 0.3333 0.0000
vt 0.5491 0.3333 0.0000
vt 0.5566 0.3333 0.0000
vt 0.5641 0.3333 0.0000
vt 0.5716 0.3333 0.0000
vt 0.5790 0.3333 0.0000
vt 0.5865 0.3333 0.0000
vt 0.5918 0.3333 0.0000
vt 0.5970 0.3333 0.0000
vt 0.6023 0.3333 0.0000
vt 0.6076 0.3333 0.0000
vt 0.4873 0.3857 0.0000
vt 0.4967 0.3857 0.0000
vt 0.5116 0.3857 0.0000
vt 0.5266 0.3857 0.0000
vt 0.5416 0.3857 0.0000
vt 0.5566 0.3857 0.0000
vt 0.5716 0.3857 0.0000
vt 0.5865 0.3857 0.0000
vt 0.5970 0.3857 0.0000
vt 0.6076 0.3857 0.0000
vt 0.4780 0.0743 0.0000
vt 0.4873 0.0743 0.0000
vt 0.4967 0.0743 0.0000
vt 0.5116 0.0743 0.0000
vt 0.5266 0.0743 0.0000
vt 0.5416 0.0743 0.0000
vt 0.5566 0.0743 0.0000
vt 0.5716 0.0743 0.0000
vt 0.5865 0.0743 0.0000
vt 0.5970 0.0743 0.0000
vt 0.5970 0.1267 0.0000
vt 0.6076 0.1267 0.0000
vt 0.5970 0.1791 0.0000
vt 0.6076 0.1791 0.0000
vt 0.5865 0.1267 0.0000
vt 0.5865 0.1791 0.0000
vt 0.5716 0.1267 0.0000
vt 0.5716 0.1791 0.0000
vt 0.5566 0.1267 0.0000
vt 0.5566 0.1791 0.0000
vt 0.5416 0.1267 0.0000
vt 0.5416 0.1791 0.0000
vt 0.5266 0.1267 0.0000
vt 0.5266 0.1791 0.0000
vt 0.5116 0.1267 0.0000
vt 0.5116 0.1791 0.0000
vt 0.4967 0.1267 0.0000
vt 0.4967 0.1791 0.0000
vt 0.4873 0.1267 0.0000
vt 0.4873 0.1791 0.0000
vt 0.4780 0.1267 0.0000
vt 0.4560 0.1267 0.0000
vt 0.2437 0.4817 0.0000
# 1148 texture coords

o meshId2_name
g meshId2_name
usemtl 07___Default
s off
f 1277/1898/902 1278/1898/903 1279/1898/904 
f 1279/1898/904 1278/1898/903 1280/1898/905 
f 1281/1898/906 1282/1898/907 1283/1898/908 
f 1281/1898/906 1283/1898/908 1284/1898/909 
f 1285/1899/910 1286/1900/911 1287/1901/912 
f 1287/1901/912 1286/1900/911 1288/1902/911 
f 1289/1903/913 1290/1904/913 1291/1905/913 
f 1291/1905/913 1290/1904/913 1292/1906/913 
f 1293/1907/914 1294/1908/915 1295/1909/916 
f 1295/1909/916 1294/1908/915 1296/1910/917 
f 1297/1911/913 1298/1912/913 1299/1913/918 
f 1299/1913/918 1298/1912/913 1300/1914/918 
f 1301/1915/919 1302/1916/920 1303/1917/921 
f 1303/1917/921 1302/1916/920 1304/1918/922 
f 1305/1919/913 1306/1920/918 1307/1921/918 
f 1307/1921/918 1306/1920/918 1308/1922/918 
f 1309/1923/923 1310/1924/923 1311/1925/924 
f 1311/1925/924 1310/1924/923 1312/1926/924 
f 1313/1927/925 1314/1928/926 1315/1929/927 
f 1315/1929/927 1314/1928/926 1316/1930/928 
f 1317/1931/913 1318/1932/913 1319/1933/913 
f 1319/1933/913 1318/1932/913 1320/1934/913 
f 1321/1935/929 1322/1936/929 1323/1937/930 
f 1323/1937/930 1322/1936/929 1324/1938/931 
f 1325/1939/932 1326/1940/918 1327/1941/918 
f 1327/1941/918 1326/1940/918 1328/1942/932 
f 1329/1943/933 1330/1944/933 1331/1945/934 
f 1331/1945/934 1330/1944/933 1332/1946/935 
f 1333/1947/918 1334/1948/918 1335/1949/918 
f 1335/1949/918 1334/1948/918 1336/1950/918 
f 1337/1951/936 1338/1952/937 1339/1953/938 
f 1339/1953/938 1338/1952/937 1340/1954/937 
f 1341/1955/918 1342/1956/918 1343/1957/918 
f 1343/1957/918 1342/1956/918 1344/1958/918 
f 1345/1959/939 1346/1960/939 1347/1961/940 
f 1347/1961/940 1346/1960/939 1348/1962/940 
f 1349/1963/918 1350/1964/918 1351/1965/918 
f 1351/1965/918 1350/1964/918 1352/1966/918 
f 1353/1967/941 1354/1968/942 1355/1969/943 
f 1355/1969/943 1354/1968/942 1356/1970/943 
f 1357/1971/924 1358/1972/923 1359/1973/923 
f 1359/1973/923 1358/1972/923 1360/1974/924 
f 1348/1962/940 1361/1975/944 1347/1961/940 
f 1347/1961/940 1361/1975/944 1362/1976/945 
f 1350/1964/918 1363/1977/918 1352/1966/918 
f 1352/1966/918 1363/1977/918 1364/1978/918 
f 1365/1979/946 1366/1980/946 1367/1981/947 
f 1367/1981/947 1366/1980/946 1368/1982/948 
f 1369/1983/918 1370/1984/918 1371/1985/918 
f 1371/1985/918 1370/1984/918 1372/1986/918 
f 1373/1987/949 1374/1988/949 1375/1989/950 
f 1375/1989/950 1374/1988/949 1376/1990/951 
f 1377/1991/932 1378/1992/932 1379/1993/952 
f 1379/1993/952 1378/1992/932 1380/1994/918 
f 1381/1995/953 1382/1996/953 1383/1997/954 
f 1383/1997/954 1382/1996/953 1384/1998/955 
f 1385/1999/913 1386/2000/918 1387/2001/932 
f 1387/2001/932 1386/2000/918 1388/2002/932 
f 1389/2003/956 1301/1915/919 1390/2004/957 
f 1390/2004/957 1301/1915/919 1303/1917/921 
f 1307/1921/918 1308/1922/918 1391/2005/918 
f 1391/2005/918 1308/1922/918 1392/2006/918 
f 1393/2007/958 1293/1907/914 1394/2008/959 
f 1394/2008/959 1293/1907/914 1295/1909/916 
f 1299/1913/918 1300/1914/918 1395/2009/913 
f 1395/2009/913 1300/1914/918 1396/2010/918 
f 1294/1908/915 1288/1902/911 1296/1910/917 
f 1296/1910/917 1288/1902/911 1286/1900/911 
f 1290/1904/913 1289/1903/913 1297/1911/913 
f 1297/1911/913 1289/1903/913 1298/1912/913 
f 1397/2011/923 1398/2012/960 1399/2013/923 
f 1399/2013/923 1398/2012/960 1400/2014/923 
f 1401/2015/924 1402/2016/924 1360/1974/924 
f 1360/1974/924 1402/2016/924 1359/1973/923 
f 1361/1975/944 1337/1951/936 1362/1976/945 
f 1362/1976/945 1337/1951/936 1339/1953/938 
f 1363/1977/918 1341/1955/918 1364/1978/918 
f 1364/1978/918 1341/1955/918 1343/1957/918 
f 1403/2017/923 1404/2018/923 1397/2011/923 
f 1405/2019/961 1398/2012/960 1404/2018/923 
f 1404/2018/923 1398/2012/960 1397/2011/923 
f 1406/2020/923 1407/2021/923 1403/2017/923 
f 1403/2017/923 1407/2021/923 1404/2018/923 
f 1408/2022/923 1409/2023/923 1406/2020/923 
f 1406/2020/923 1409/2023/923 1407/2021/923 
f 1410/2024/923 1411/2025/923 1412/2026/923 
f 1412/2026/923 1411/2025/923 1413/2027/923 
f 1414/2028/924 1415/2029/923 1416/2030/923 
f 1416/2030/923 1415/2029/923 1417/2031/923 
f 1418/2032/924 1419/2033/924 1420/2034/924 
f 1420/2034/924 1419/2033/924 1421/2035/924 
f 1422/2036/924 1423/2037/924 1424/2038/924 
f 1424/2038/924 1423/2037/924 1425/2039/924 
f 1426/2040/924 1427/2041/924 1428/2042/924 
f 1428/2042/924 1427/2041/924 1429/2043/924 
f 1430/2044/924 1431/2045/924 1432/2046/924 
f 1432/2046/924 1431/2045/924 1433/2047/924 
f 1434/2048/924 1435/2049/924 1436/2050/924 
f 1436/2050/924 1435/2049/924 1437/2051/924 
f 1438/2052/924 1434/2048/924 1439/2053/924 
f 1439/2053/924 1434/2048/924 1436/2050/924 
f 1440/2054/924 1441/2055/924 1442/2056/924 
f 1442/2056/924 1441/2055/924 1443/2057/924 
f 1444/2058/924 1440/2054/924 1445/2059/924 
f 1445/2059/924 1440/2054/924 1442/2056/924 
f 1446/2060/923 1444/2058/924 1447/2061/924 
f 1447/2061/924 1444/2058/924 1445/2059/924 
f 1448/2062/923 1446/2060/923 1449/2063/923 
f 1449/2063/923 1446/2060/923 1447/2061/924 
f 1435/2049/924 1430/2044/924 1437/2051/924 
f 1437/2051/924 1430/2044/924 1432/2046/924 
f 1316/1930/928 1389/2003/956 1315/1929/927 
f 1315/1929/927 1389/2003/956 1390/2004/957 
f 1391/2005/918 1392/2006/918 1317/1931/913 
f 1317/1931/913 1392/2006/918 1318/1932/913 
f 1450/2064/962 1451/2065/962 1452/2066/962 
f 1452/2066/962 1451/2065/962 1453/2067/962 
f 1454/2068/963 1353/1967/941 1455/2069/943 
f 1455/2069/943 1353/1967/941 1355/1969/943 
f 1346/1960/939 1456/2070/964 1348/1962/940 
f 1348/1962/940 1456/2070/964 1457/2071/940 
f 1457/2071/940 1458/2072/944 1348/1962/940 
f 1348/1962/940 1458/2072/944 1361/1975/944 
f 1459/2073/938 1460/2074/965 1461/2075/966 
f 1461/2075/966 1460/2074/965 1462/2076/967 
f 1463/2077/936 1464/2078/937 1337/1951/936 
f 1337/1951/936 1464/2078/937 1338/1952/937 
f 1465/2079/946 1466/2080/947 1366/1980/946 
f 1366/1980/946 1466/2080/947 1368/1982/948 
f 1467/2081/933 1468/2082/934 1330/1944/933 
f 1330/1944/933 1468/2082/934 1332/1946/935 
f 1469/2083/949 1470/2084/950 1374/1988/949 
f 1374/1988/949 1470/2084/950 1376/1990/951 
f 1471/2085/929 1472/2086/931 1322/1936/929 
f 1322/1936/929 1472/2086/931 1324/1938/931 
f 1473/2087/953 1474/2088/968 1382/1996/953 
f 1382/1996/953 1474/2088/968 1384/1998/955 
f 1475/2089/969 1476/2090/970 1477/2091/971 
f 1477/2091/971 1476/2090/970 1478/2092/972 
f 1479/2093/973 1480/2094/974 1475/2089/969 
f 1475/2089/969 1480/2094/974 1476/2090/970 
f 1481/2095/975 1482/2096/976 1483/2097/977 
f 1484/2098/978 1482/2096/976 1481/2095/975 
f 1485/2099/979 1482/2096/976 1486/2100/980 
f 1487/2101/981 1488/2102/982 1485/2099/979 
f 1485/2099/979 1488/2102/982 1482/2096/976 
f 1489/2103/983 1488/2102/982 1490/2104/984 
f 1490/2104/984 1488/2102/982 1487/2101/981 
f 1491/2105/985 1489/2103/983 1492/2106/986 
f 1492/2106/986 1489/2103/983 1490/2104/984 
f 1493/2107/962 1494/2108/962 1495/2109/962 
f 1495/2109/962 1494/2108/962 1496/2110/962 
f 1356/1970/943 1354/1968/942 1497/2111/987 
f 1497/2111/987 1354/1968/942 1498/2112/988 
f 1499/2113/989 1500/2114/990 1501/2115/991 
f 1501/2115/991 1500/2114/990 1502/2116/992 
f 1503/2117/993 1345/1959/939 1504/2118/994 
f 1504/2118/994 1345/1959/939 1347/1961/940 
f 1505/2119/995 1506/2120/996 1499/2121/997 
f 1499/2121/997 1501/2122/995 1505/2119/995 
f 1347/1961/940 1362/1976/945 1504/2118/998 
f 1504/2118/998 1362/1976/945 1507/2123/999 
f 1362/1976/945 1339/1953/938 1507/2123/999 
f 1507/2123/999 1339/1953/938 1508/2124/938 
f 1339/1953/938 1340/1954/937 1508/2124/938 
f 1508/2124/938 1340/1954/937 1509/2125/937 
f 1510/2126/946 1365/1979/946 1511/2127/947 
f 1511/2127/947 1365/1979/946 1367/1981/947 
f 1512/2128/933 1329/1943/933 1513/2129/934 
f 1513/2129/934 1329/1943/933 1331/1945/934 
f 1514/2130/949 1373/1987/949 1515/2131/950 
f 1515/2131/950 1373/1987/949 1375/1989/950 
f 1516/2132/929 1321/1935/929 1517/2133/1000 
f 1517/2133/1000 1321/1935/929 1323/1937/930 
f 1518/2134/953 1381/1995/953 1519/2135/954 
f 1519/2135/954 1381/1995/953 1383/1997/954 
f 1520/2136/925 1313/1927/925 1521/2137/928 
f 1521/2137/928 1313/1927/925 1315/1929/927 
f 1390/2004/957 1303/1917/921 1522/2138/957 
f 1522/2138/957 1303/1917/921 1523/2139/1001 
f 1303/1917/921 1304/1918/922 1523/2139/1001 
f 1523/2139/1001 1304/1918/922 1524/2140/922 
f 1525/1898/1002 1526/1898/1003 1527/1898/1004 
f 1527/2141/1004 1526/2142/1003 1528/2143/1005 
f 1394/2008/959 1295/1909/916 1529/2144/959 
f 1529/2144/959 1295/1909/916 1530/2145/916 
f 1531/2146/1006 1527/2147/1004 1532/2148/1007 
f 1532/2148/1007 1527/2147/1004 1528/2149/1005 
f 1295/1909/916 1296/1910/917 1530/2145/916 
f 1530/2145/916 1296/1910/917 1533/2150/917 
f 1534/2151/1008 1531/2146/1006 1535/2152/1009 
f 1535/2152/1009 1531/2146/1006 1532/2148/1007 
f 1296/1910/917 1286/1900/911 1533/2150/917 
f 1533/2150/917 1286/1900/911 1536/2153/911 
f 1534/2151/1008 1535/2152/1009 1537/2154/1010 
f 1537/2154/1010 1535/2152/1009 1538/2155/1011 
f 1286/1900/911 1285/1899/910 1536/2153/911 
f 1536/2153/911 1285/1899/910 1539/2156/1012 
f 1452/2066/962 1453/2067/962 1449/2157/962 
f 1449/2157/962 1453/2067/962 1448/2158/962 
f 1315/1929/927 1390/2004/957 1521/2137/928 
f 1521/2137/928 1390/2004/957 1522/2138/957 
f 1497/2111/987 1498/2112/988 1540/2159/1013 
f 1540/2159/1013 1498/2112/988 1541/2160/1014 
f 1501/2115/991 1502/2116/992 1398/2161/1015 
f 1398/2161/1015 1502/2116/992 1400/2162/992 
f 1399/2163/964 1503/2117/993 1397/2164/994 
f 1397/2164/994 1503/2117/993 1504/2118/994 
f 1542/2165/1016 1543/2166/1017 1404/2167/1018 
f 1505/2168/1017 1405/2169/1017 1543/2166/1017 
f 1543/2166/1017 1405/2169/1017 1404/2167/1018 
f 1505/2119/995 1501/2122/995 1405/2170/1019 
f 1405/2170/1019 1501/2122/995 1398/2171/1020 
f 1504/2118/998 1507/2123/999 1397/2164/998 
f 1397/2164/998 1507/2123/999 1403/2172/999 
f 1544/2173/1021 1542/2165/1016 1407/2174/1022 
f 1407/2174/1022 1542/2165/1016 1404/2167/1018 
f 1507/2123/999 1508/2124/938 1403/2172/999 
f 1403/2172/999 1508/2124/938 1406/2175/938 
f 1545/2176/1023 1544/2173/1021 1409/2177/1024 
f 1409/2177/1024 1544/2173/1021 1407/2174/1022 
f 1508/2124/938 1509/2125/937 1406/2175/938 
f 1406/2175/938 1509/2125/937 1408/2178/1025 
f 1546/2179/1026 1547/2180/1027 1411/2181/1026 
f 1411/2181/1026 1547/2180/1027 1413/2182/1027 
f 1412/2183/946 1510/2126/946 1410/2184/947 
f 1410/2184/947 1510/2126/946 1511/2127/947 
f 1548/2185/1028 1549/2186/1029 1415/2187/1028 
f 1415/2187/1028 1549/2186/1029 1417/2188/1029 
f 1416/2189/933 1512/2128/933 1414/2190/934 
f 1414/2190/934 1512/2128/933 1513/2129/934 
f 1550/2191/1030 1551/2192/1031 1418/2193/1030 
f 1418/2193/1030 1551/2192/1031 1419/2194/1031 
f 1421/2195/949 1514/2130/949 1420/2196/950 
f 1420/2196/950 1514/2130/949 1515/2131/950 
f 1552/2197/1032 1553/2198/1033 1422/2199/1034 
f 1422/2199/1034 1553/2198/1033 1423/2200/1033 
f 1425/2201/929 1516/2132/929 1424/2202/1000 
f 1424/2202/1000 1516/2132/929 1517/2133/1000 
f 1554/2203/1035 1555/2204/1035 1426/2205/1035 
f 1426/2205/1035 1555/2204/1035 1427/2206/1035 
f 1429/2207/953 1518/2134/953 1428/2208/954 
f 1428/2208/954 1518/2134/953 1519/2135/954 
f 1556/2209/1036 1557/2210/1037 1430/2211/1038 
f 1430/2211/1038 1557/2210/1037 1431/2212/1039 
f 1433/2213/926 1520/2136/925 1432/2214/927 
f 1432/2214/927 1520/2136/925 1521/2137/928 
f 1558/2215/1040 1559/2216/1041 1434/2217/1042 
f 1434/2217/1042 1559/2216/1041 1435/2218/1043 
f 1522/2138/957 1523/2139/1001 1437/2219/1044 
f 1437/2219/1044 1523/2139/1001 1436/2220/1001 
f 1560/2221/1045 1558/2215/1040 1438/2222/1045 
f 1438/2222/1045 1558/2215/1040 1434/2217/1042 
f 1523/2139/1001 1524/2140/922 1436/2220/1001 
f 1436/2220/1001 1524/2140/922 1439/2223/922 
f 1528/2143/1005 1526/2142/1003 1440/2224/1005 
f 1440/2224/1005 1526/2142/1003 1441/2225/1046 
f 1529/2144/959 1530/2145/916 1443/2226/1047 
f 1443/2226/1047 1530/2145/916 1442/2227/1048 
f 1532/2148/1007 1528/2149/1005 1444/2228/1049 
f 1444/2228/1049 1528/2149/1005 1440/2229/1005 
f 1530/2145/916 1533/2150/917 1442/2227/1048 
f 1442/2227/1048 1533/2150/917 1445/2230/917 
f 1535/2152/1009 1532/2148/1007 1446/2231/1050 
f 1446/2231/1050 1532/2148/1007 1444/2228/1049 
f 1533/2150/917 1536/2153/911 1445/2230/917 
f 1445/2230/917 1536/2153/911 1447/2232/1051 
f 1535/2152/1009 1446/2231/1050 1538/2155/1011 
f 1538/2155/1011 1446/2231/1050 1448/2233/1052 
f 1536/2153/911 1539/2156/1012 1447/2232/1051 
f 1447/2232/1051 1539/2156/1012 1449/2157/1053 
f 1559/2216/1041 1556/2209/1036 1435/2218/1043 
f 1435/2218/1043 1556/2209/1036 1430/2211/1038 
f 1521/2137/928 1522/2138/957 1432/2214/927 
f 1432/2214/927 1522/2138/957 1437/2219/1044 
f 1561/2234/1054 1537/2154/1010 1451/2235/1054 
f 1451/2235/1054 1537/2154/1010 1453/2236/1055 
f 1285/1899/910 1287/1901/912 1452/2066/1056 
f 1452/2066/1056 1287/1901/912 1450/2064/1056 
f 1562/2237/1054 1494/2238/1054 1563/2239/1057 
f 1563/2239/1057 1494/2238/1054 1493/2240/1054 
f 1496/2110/1056 1491/2105/985 1495/2109/1058 
f 1495/2109/1058 1491/2105/985 1492/2106/986 
f 1292/1906/913 1564/2241/918 1291/1905/913 
f 1291/1905/913 1564/2241/918 1565/2242/918 
f 1537/2154/1010 1538/2155/1011 1453/2236/1055 
f 1453/2236/1055 1538/2155/1011 1448/2233/1052 
f 1285/1899/910 1452/2066/1056 1539/2156/1012 
f 1539/2156/1012 1452/2066/1056 1449/2157/1053 
f 1566/2243/924 1312/1926/924 1567/2244/924 
f 1567/2244/924 1312/1926/924 1310/1924/923 
f 1431/2212/1039 1557/2210/1037 1426/2205/1059 
f 1426/2205/1059 1557/2210/1037 1554/2203/1059 
f 1431/2045/924 1426/2040/924 1433/2047/924 
f 1433/2047/924 1426/2040/924 1428/2042/924 
f 1519/2135/954 1520/2136/925 1428/2208/954 
f 1428/2208/954 1520/2136/925 1433/2213/926 
f 1383/1997/954 1313/1927/925 1519/2135/954 
f 1519/2135/954 1313/1927/925 1520/2136/925 
f 1384/1998/955 1314/1928/926 1383/1997/954 
f 1383/1997/954 1314/1928/926 1313/1927/925 
f 1474/2088/968 1568/2245/1060 1384/1998/955 
f 1384/1998/955 1568/2245/1060 1314/1928/926 
f 1319/1933/913 1320/1934/913 1385/1999/913 
f 1385/1999/913 1320/1934/913 1386/2000/918 
f 1506/2120/996 1569/2246/1061 1499/2121/997 
f 1570/2247/1054 1571/2248/1054 1451/2235/1054 
f 1451/2235/1054 1571/2248/1054 1561/2234/1054 
f 1572/2249/962 1570/2250/962 1450/2064/962 
f 1450/2064/962 1570/2250/962 1451/2065/962 
f 1287/1901/912 1573/2251/912 1450/2064/1056 
f 1450/2064/1056 1573/2251/912 1572/2249/1056 
f 1287/1901/912 1288/1902/911 1573/2251/912 
f 1573/2251/912 1288/1902/911 1574/2252/911 
f 1575/2253/1062 1574/2252/911 1294/1908/915 
f 1294/1908/915 1574/2252/911 1288/1902/911 
f 1576/2254/1063 1575/2255/1063 1293/2256/1063 
f 1293/1907/914 1575/2253/1062 1294/1908/915 
f 1576/2254/1064 1293/2256/1064 1393/2257/1064 
f 1393/2257/1065 1577/2258/1065 1576/2254/1065 
f 1577/2259/1066 1302/1916/920 1301/1915/919 
f 1577/2259/1066 1301/1915/919 1578/2260/1067 
f 1578/2260/1067 1301/1915/919 1389/2003/956 
f 1578/2260/1067 1389/2003/956 1579/2261/1068 
f 1579/2261/1068 1389/2003/956 1316/1930/928 
f 1568/2245/1060 1579/2261/1068 1314/1928/926 
f 1314/1928/926 1579/2261/1068 1316/1930/928 
f 1580/2262/1054 1581/2263/1054 1570/2247/1054 
f 1570/2247/1054 1581/2263/1054 1571/2248/1054 
f 1582/2264/962 1580/2265/962 1572/2249/962 
f 1572/2249/962 1580/2265/962 1570/2250/962 
f 1572/2249/1056 1573/2251/912 1582/2264/1056 
f 1582/2264/1056 1573/2251/912 1583/2266/910 
f 1573/2251/912 1574/2252/911 1583/2266/910 
f 1583/2266/910 1574/2252/911 1584/2267/911 
f 1585/2268/1069 1584/2267/911 1575/2253/1062 
f 1575/2253/1062 1584/2267/911 1574/2252/911 
f 1586/2269/1070 1585/2268/1070 1576/2270/1070 
f 1576/2270/1070 1585/2268/1070 1575/2253/1070 
f 1587/2271/1071 1588/2272/1072 1579/2261/1068 
f 1579/2261/1068 1588/2272/1072 1578/2260/1067 
f 1589/2273/1060 1587/2271/1071 1568/2245/1060 
f 1568/2245/1060 1587/2271/1071 1579/2261/1068 
f 1590/2274/1054 1591/2275/1054 1580/2262/1054 
f 1580/2262/1054 1591/2275/1054 1581/2263/1054 
f 1592/2276/962 1590/2277/962 1582/2264/962 
f 1582/2264/962 1590/2277/962 1580/2265/962 
f 1582/2264/1056 1583/2266/910 1592/2276/1056 
f 1592/2276/1056 1583/2266/910 1593/2278/910 
f 1583/2266/910 1584/2267/911 1593/2278/910 
f 1593/2278/910 1584/2267/911 1594/2279/911 
f 1595/2280/1073 1594/2279/911 1585/2268/1069 
f 1585/2268/1069 1594/2279/911 1584/2267/911 
f 1596/2281/1074 1595/2280/1073 1586/2269/1075 
f 1586/2269/1075 1595/2280/1073 1585/2268/1069 
f 1597/2282/1076 1598/2283/1076 1599/2284/1076 
f 1599/2284/1076 1598/2283/1076 1600/2285/1076 
f 1601/2286/1077 1588/2272/1072 1602/2287/1078 
f 1602/2287/1078 1588/2272/1072 1587/2271/1071 
f 1603/2288/1079 1602/2287/1078 1589/2273/1060 
f 1589/2273/1060 1602/2287/1078 1587/2271/1071 
f 1604/2289/1054 1605/2290/1054 1590/2274/1054 
f 1590/2274/1054 1605/2290/1054 1591/2275/1054 
f 1606/2291/962 1604/2292/962 1592/2276/962 
f 1592/2276/962 1604/2292/962 1590/2277/962 
f 1592/2276/1056 1593/2278/910 1606/2291/1056 
f 1606/2291/1056 1593/2278/910 1607/2293/910 
f 1593/2278/910 1594/2279/911 1607/2293/910 
f 1607/2293/910 1594/2279/911 1608/2294/911 
f 1609/2295/1080 1608/2294/911 1595/2280/1073 
f 1595/2280/1073 1608/2294/911 1594/2279/911 
f 1610/2296/1081 1609/2295/1080 1596/2281/1074 
f 1596/2281/1074 1609/2295/1080 1595/2280/1073 
f 1611/2297/1076 1612/2298/1076 1597/2282/1076 
f 1597/2282/1076 1612/2298/1076 1598/2283/1076 
f 1613/2299/1082 1601/2286/1077 1614/2300/1083 
f 1614/2300/1083 1601/2286/1077 1602/2287/1078 
f 1615/2301/1084 1614/2300/1083 1603/2288/1079 
f 1603/2288/1079 1614/2300/1083 1602/2287/1078 
f 1616/2302/1054 1617/2303/1054 1604/2289/1054 
f 1604/2289/1054 1617/2303/1054 1605/2290/1054 
f 1618/2304/962 1616/2305/962 1606/2291/962 
f 1606/2291/962 1616/2305/962 1604/2292/962 
f 1606/2291/1056 1607/2293/910 1618/2304/1056 
f 1618/2304/1056 1607/2293/910 1619/2306/910 
f 1607/2293/910 1608/2294/911 1619/2306/910 
f 1619/2306/910 1608/2294/911 1620/2307/911 
f 1621/2308/1080 1620/2307/911 1609/2295/1080 
f 1609/2295/1080 1620/2307/911 1608/2294/911 
f 1622/2309/1085 1621/2308/1080 1610/2296/1081 
f 1610/2296/1081 1621/2308/1080 1609/2295/1080 
f 1623/2310/1076 1624/2311/1076 1611/2297/1076 
f 1611/2297/1076 1624/2311/1076 1612/2298/1076 
f 1625/2312/1086 1626/2313/1082 1614/2300/1083 
f 1614/2300/1083 1626/2313/1082 1613/2299/1082 
f 1627/2314/926 1625/2312/1086 1615/2301/1084 
f 1615/2301/1084 1625/2312/1086 1614/2300/1083 
f 1628/2315/1054 1629/2316/1054 1616/2302/1054 
f 1616/2302/1054 1629/2316/1054 1617/2303/1054 
f 1630/2317/962 1628/2318/962 1618/2304/962 
f 1618/2304/962 1628/2318/962 1616/2305/962 
f 1618/2304/1056 1619/2306/910 1630/2317/1056 
f 1630/2317/1056 1619/2306/910 1631/2319/910 
f 1619/2306/910 1620/2307/911 1631/2319/910 
f 1631/2319/910 1620/2307/911 1632/2320/911 
f 1633/2321/1080 1632/2320/911 1621/2308/1080 
f 1621/2308/1080 1632/2320/911 1620/2307/911 
f 1634/2322/1087 1633/2321/1080 1622/2309/1085 
f 1622/2309/1085 1633/2321/1080 1621/2308/1080 
f 1635/2323/1076 1636/2324/1076 1623/2310/1076 
f 1623/2310/1076 1636/2324/1076 1624/2311/1076 
f 1637/2325/1088 1638/2326/1082 1625/2312/1086 
f 1625/2312/1086 1638/2326/1082 1626/2313/1082 
f 1639/2327/926 1637/2325/1088 1627/2314/926 
f 1627/2314/926 1637/2325/1088 1625/2312/1086 
f 1640/2328/1054 1641/2329/1054 1628/2315/1054 
f 1628/2315/1054 1641/2329/1054 1629/2316/1054 
f 1642/2330/962 1640/2331/962 1630/2317/962 
f 1630/2317/962 1640/2331/962 1628/2318/962 
f 1630/2317/1056 1631/2319/910 1642/2330/1056 
f 1642/2330/1056 1631/2319/910 1643/2332/910 
f 1631/2319/910 1632/2320/911 1643/2332/910 
f 1643/2332/910 1632/2320/911 1644/2333/911 
f 1645/2334/1089 1644/2333/911 1633/2321/1080 
f 1633/2321/1080 1644/2333/911 1632/2320/911 
f 1646/2335/1090 1645/2334/1089 1634/2322/1087 
f 1634/2322/1087 1645/2334/1089 1633/2321/1080 
f 1647/2336/1076 1648/2337/1076 1635/2323/1076 
f 1635/2323/1076 1648/2337/1076 1636/2324/1076 
f 1649/2338/1091 1650/2339/1082 1637/2325/1088 
f 1637/2325/1088 1650/2339/1082 1638/2326/1082 
f 1651/2340/1060 1649/2338/1091 1639/2327/926 
f 1639/2327/926 1649/2338/1091 1637/2325/1088 
f 1494/2238/1054 1562/2237/1054 1640/2328/1054 
f 1640/2328/1054 1562/2237/1054 1641/2329/1054 
f 1496/2110/962 1494/2108/962 1642/2330/962 
f 1642/2330/962 1494/2108/962 1640/2331/962 
f 1642/2330/1056 1643/2332/910 1496/2110/1056 
f 1496/2110/1056 1643/2332/910 1491/2105/985 
f 1643/2332/910 1644/2333/911 1491/2105/985 
f 1491/2105/985 1644/2333/911 1489/2103/983 
f 1488/2102/982 1489/2103/983 1645/2334/1089 
f 1645/2334/1089 1489/2103/983 1644/2333/911 
f 1482/2096/976 1488/2102/982 1646/2335/1090 
f 1646/2335/1090 1488/2102/982 1645/2334/1089 
f 1652/2341/1076 1653/2342/1076 1647/2336/1076 
f 1647/2336/1076 1653/2342/1076 1648/2337/1076 
f 1476/2090/970 1480/2094/974 1649/2338/1091 
f 1649/2338/1091 1480/2094/974 1650/2339/1082 
f 1478/2092/972 1476/2090/970 1651/2340/1060 
f 1651/2340/1060 1476/2090/970 1649/2338/1091 
f 1654/2343/1092 1454/2068/963 1655/2344/943 
f 1655/2344/943 1454/2068/963 1455/2069/943 
f 1456/2070/964 1656/2345/964 1457/2071/940 
f 1457/2071/940 1656/2345/964 1657/2346/1093 
f 1657/2346/1093 1658/2347/1094 1457/2071/940 
f 1457/2071/940 1658/2347/1094 1458/2072/944 
f 1659/2348/1095 1654/2343/1092 1660/2349/943 
f 1660/2349/943 1654/2343/1092 1655/2344/943 
f 1656/2345/964 1661/2350/1096 1657/2346/1093 
f 1657/2346/1093 1661/2350/1096 1662/2351/1097 
f 1662/2351/1097 1663/2352/1098 1657/2346/1093 
f 1663/2352/1098 1658/2347/1094 1657/2346/1093 
f 1664/2353/1099 1659/2348/1095 1665/2354/943 
f 1665/2354/943 1659/2348/1095 1660/2349/943 
f 1661/2350/1096 1666/2355/1100 1662/2351/1097 
f 1662/2351/1097 1666/2355/1100 1667/2356/1101 
f 1668/2357/1102 1664/2353/1099 1669/2358/943 
f 1669/2358/943 1664/2353/1099 1665/2354/943 
f 1670/2359/1103 1671/2360/1104 1666/2355/1100 
f 1666/2355/1100 1671/2360/1104 1667/2356/1101 
f 1672/2361/1105 1673/2362/1106 1674/2363/1107 
f 1674/2363/1107 1673/2362/1106 1675/2364/1108 
f 1676/2365/1109 1668/2357/1102 1677/2366/943 
f 1677/2366/943 1668/2357/1102 1669/2358/943 
f 1678/2367/964 1679/2368/1110 1670/2359/1103 
f 1670/2359/1103 1679/2368/1110 1671/2360/1104 
f 1680/2369/1111 1681/2370/1112 1675/2364/1108 
f 1682/2371/1113 1676/2365/1109 1683/2372/943 
f 1683/2372/943 1676/2365/1109 1677/2366/943 
f 1678/2367/964 1684/2373/964 1679/2368/1110 
f 1679/2368/1110 1684/2373/964 1685/2374/940 
f 1685/2374/940 1686/2375/944 1679/2368/1110 
f 1679/2368/1110 1686/2375/944 1681/2370/1112 
f 1687/2376/1114 1682/2371/1113 1688/2377/943 
f 1688/2377/943 1682/2371/1113 1683/2372/943 
f 1684/2373/964 1689/2378/1115 1685/2374/940 
f 1685/2374/940 1689/2378/1115 1690/2379/940 
f 1690/2379/940 1462/2076/967 1685/2374/940 
f 1685/2374/940 1462/2076/967 1686/2375/944 
f 1691/2380/1116 1687/2376/1114 1692/2381/943 
f 1692/2381/943 1687/2376/1114 1688/2377/943 
f 1693/2382/1117 1690/2379/940 1694/2383/993 
f 1694/2383/993 1690/2379/940 1689/2378/1115 
f 1461/2075/966 1462/2076/967 1693/2382/1117 
f 1693/2382/1117 1462/2076/967 1690/2379/940 
f 1695/2384/1118 1696/2385/1119 1697/2386/1120 
f 1697/2386/1121 1696/2385/1121 1698/2387/1121 
f 1699/2388/1122 1700/2389/1123 1701/2390/1124 
f 1701/2390/1124 1700/2389/1123 1702/2391/1125 
f 1703/2392/1126 1704/2393/1127 1699/2388/1122 
f 1699/2388/1122 1704/2393/1127 1700/2389/1128 
f 1705/2394/1129 1706/2395/1130 1703/2392/1126 
f 1703/2392/1126 1706/2395/1130 1704/2393/1131 
f 1707/2396/1132 1708/2397/1133 1705/2394/1129 
f 1705/2394/1134 1708/2397/1134 1706/2395/1134 
f 1709/2398/1135 1710/2399/1135 1695/2400/1135 
f 1695/2400/1136 1710/2399/1136 1696/2401/1136 
f 1708/1898/1137 1698/1898/1137 1710/1898/1137 
f 1710/1898/1138 1698/1898/1138 1696/1898/1138 
f 1707/2396/1139 1697/2386/1139 1708/2397/1139 
f 1708/2397/1140 1697/2386/1140 1698/2387/1140 
f 1711/2402/1141 1712/2403/1141 1713/2404/1141 
f 1713/2404/1141 1712/2403/1141 1714/2405/1142 
f 1715/2406/1143 1716/2407/1144 1711/2402/1144 
f 1711/2402/1144 1716/2407/1144 1712/2403/1144 
f 1717/2408/923 1718/2409/923 1715/2406/1143 
f 1715/2406/1143 1718/2409/923 1716/2407/1144 
f 1719/2410/924 1720/2411/923 1717/2408/923 
f 1717/2408/923 1720/2411/923 1718/2409/923 
f 1721/2412/924 1722/2413/923 1719/2410/924 
f 1719/2410/924 1722/2413/923 1720/2411/923 
f 1695/2400/1145 1714/2414/1145 1709/2398/1145 
f 1709/2398/1146 1714/2414/1147 1712/2415/1148 
f 1695/2384/1118 1697/2386/1120 1714/2416/1149 
f 1714/2416/1149 1697/2386/1120 1713/2417/1149 
f 1697/2386/1150 1707/2396/1150 1713/2417/1150 
f 1713/2417/1151 1707/2396/1132 1711/2418/1152 
f 1705/2394/1129 1715/2419/1153 1707/2396/1132 
f 1707/2396/1132 1715/2419/1153 1711/2418/1152 
f 1723/2420/1154 1709/2398/1146 1716/2421/1155 
f 1716/2421/1155 1709/2398/1146 1712/2415/1148 
f 1705/2394/1129 1703/2392/1126 1715/2419/1153 
f 1715/2419/1153 1703/2392/1126 1717/2422/1156 
f 1724/2423/1157 1723/2420/1154 1718/2424/1157 
f 1718/2424/1157 1723/2420/1154 1716/2421/1155 
f 1703/2392/1126 1699/2388/1122 1717/2422/1156 
f 1717/2422/1156 1699/2388/1122 1719/2425/1158 
f 1725/2426/1159 1724/2423/1157 1720/2427/1160 
f 1720/2427/1160 1724/2423/1157 1718/2424/1157 
f 1699/2388/1122 1701/2390/1124 1719/2425/1158 
f 1719/2425/1158 1701/2390/1124 1721/2428/1161 
f 1726/2429/1162 1722/2430/1163 1701/2390/1164 
f 1701/2390/1164 1722/2430/1163 1721/2428/1165 
f 1725/2426/1159 1720/2427/1160 1726/2431/1166 
f 1726/2431/1166 1720/2427/1160 1722/2432/1167 
f 1419/2194/1031 1551/2192/1031 1415/2187/1028 
f 1415/2187/1028 1551/2192/1031 1548/2185/1028 
f 1419/2033/924 1415/2029/923 1421/2035/924 
f 1421/2035/924 1415/2029/923 1414/2028/924 
f 1513/2129/934 1514/2130/949 1414/2190/934 
f 1414/2190/934 1514/2130/949 1421/2195/949 
f 1331/1945/934 1373/1987/949 1513/2129/934 
f 1513/2129/934 1373/1987/949 1514/2130/949 
f 1332/1946/935 1374/1988/949 1331/1945/934 
f 1331/1945/934 1374/1988/949 1373/1987/949 
f 1468/2082/934 1469/2083/949 1332/1946/935 
f 1332/1946/935 1469/2083/949 1374/1988/949 
f 1379/1993/952 1380/1994/918 1334/1948/918 
f 1334/1948/918 1380/1994/918 1336/1950/918 
f 1417/2188/1029 1549/2186/1029 1411/2181/1026 
f 1411/2181/1026 1549/2186/1029 1546/2179/1026 
f 1416/2030/923 1417/2031/923 1410/2024/923 
f 1410/2024/923 1417/2031/923 1411/2025/923 
f 1511/2127/947 1512/2128/933 1410/2184/947 
f 1410/2184/947 1512/2128/933 1416/2189/933 
f 1367/1981/947 1329/1943/933 1511/2127/947 
f 1511/2127/947 1329/1943/933 1512/2128/933 
f 1368/1982/948 1330/1944/933 1367/1981/947 
f 1367/1981/947 1330/1944/933 1329/1943/933 
f 1466/2080/947 1467/2081/933 1368/1982/948 
f 1368/1982/948 1467/2081/933 1330/1944/933 
f 1370/1984/918 1333/1947/918 1372/1986/918 
f 1372/1986/918 1333/1947/918 1335/1949/918 
f 1413/2182/1027 1547/2180/1027 1409/2177/1024 
f 1409/2177/1024 1547/2180/1027 1545/2176/1023 
f 1412/2026/923 1413/2027/923 1408/2022/923 
f 1408/2022/923 1413/2027/923 1409/2023/923 
f 1509/2125/937 1510/2126/946 1408/2178/1025 
f 1408/2178/1025 1510/2126/946 1412/2183/946 
f 1340/1954/937 1365/1979/946 1509/2125/937 
f 1509/2125/937 1365/1979/946 1510/2126/946 
f 1338/1952/937 1366/1980/946 1340/1954/937 
f 1340/1954/937 1366/1980/946 1365/1979/946 
f 1464/2078/937 1465/2079/946 1338/1952/937 
f 1338/1952/937 1465/2079/946 1366/1980/946 
f 1342/1956/918 1369/1983/918 1344/1958/918 
f 1344/1958/918 1369/1983/918 1371/1985/918 
f 1423/2200/1033 1553/2198/1033 1418/2193/1030 
f 1418/2193/1030 1553/2198/1033 1550/2191/1030 
f 1423/2037/924 1418/2032/924 1425/2039/924 
f 1425/2039/924 1418/2032/924 1420/2034/924 
f 1515/2131/950 1516/2132/929 1420/2196/950 
f 1420/2196/950 1516/2132/929 1425/2201/929 
f 1375/1989/950 1321/1935/929 1515/2131/950 
f 1515/2131/950 1321/1935/929 1516/2132/929 
f 1376/1990/951 1322/1936/929 1375/1989/950 
f 1375/1989/950 1322/1936/929 1321/1935/929 
f 1470/2084/950 1471/2085/929 1376/1990/951 
f 1376/1990/951 1471/2085/929 1322/1936/929 
f 1327/1941/918 1328/1942/932 1377/1991/932 
f 1377/1991/932 1328/1942/932 1378/1992/932 
f 1427/2206/1035 1555/2204/1035 1422/2199/1034 
f 1422/2199/1034 1555/2204/1035 1552/2197/1032 
f 1427/2041/924 1422/2036/924 1429/2043/924 
f 1429/2043/924 1422/2036/924 1424/2038/924 
f 1517/2133/1000 1518/2134/953 1424/2202/1000 
f 1424/2202/1000 1518/2134/953 1429/2207/953 
f 1323/1937/930 1381/1995/953 1517/2133/1000 
f 1517/2133/1000 1381/1995/953 1518/2134/953 
f 1324/1938/931 1382/1996/953 1323/1937/930 
f 1323/1937/930 1382/1996/953 1381/1995/953 
f 1472/2086/931 1473/2087/953 1324/1938/931 
f 1324/1938/931 1473/2087/953 1382/1996/953 
f 1387/2001/932 1388/2002/932 1325/1939/932 
f 1325/1939/932 1388/2002/932 1326/1940/918 
f 1727/2433/924 1728/2434/924 1729/2435/923 
f 1729/2435/923 1728/2434/924 1730/2436/923 
f 1731/2437/923 1732/2438/923 1730/2436/923 
f 1730/2436/923 1732/2438/923 1729/2435/923 
f 1732/2438/923 1731/2437/923 1733/2439/924 
f 1733/2439/924 1731/2437/923 1734/2440/924 
f 1735/2441/924 1736/2442/924 1734/2440/924 
f 1734/2440/924 1736/2442/924 1733/2439/924 
f 1736/2442/924 1735/2441/924 1737/2443/924 
f 1737/2443/924 1735/2441/924 1738/2444/924 
f 1567/2244/924 1739/2445/924 1566/2243/924 
f 1566/2243/924 1739/2445/924 1740/2446/924 
f 1741/2447/924 1740/2446/924 1742/2448/924 
f 1742/2448/924 1740/2446/924 1739/2445/924 
f 1742/2448/924 1743/2449/924 1741/2447/924 
f 1741/2447/924 1743/2449/924 1744/2450/924 
f 1745/2451/924 1744/2450/924 1746/2452/924 
f 1746/2452/924 1744/2450/924 1743/2449/924 
f 1746/2452/924 1728/2434/924 1745/2451/924 
f 1745/2451/924 1728/2434/924 1727/2433/924 
f 1747/1898/924 1748/1898/1143 1749/1898/1143 
f 1402/2016/924 1401/2015/924 1738/2444/924 
f 1738/2444/924 1401/2015/924 1737/2443/924 
f 1750/2453/1168 1751/2454/1169 1309/2455/1170 
f 1309/2455/1170 1751/2454/1169 1310/2456/1171 
f 1752/2457/1172 1753/2458/1173 1312/2459/1174 
f 1312/2459/1174 1753/2458/1173 1311/2460/1175 
f 1753/2458/1176 1750/2461/1176 1311/2460/1176 
f 1311/2460/1176 1750/2461/1176 1309/2462/1176 
f 1754/2463/1177 1755/2464/1177 1357/2465/1177 
f 1357/2465/1177 1755/2464/1177 1358/2466/1177 
f 1755/2464/1178 1756/2467/1179 1358/2466/1178 
f 1358/2466/1178 1756/2467/1179 1360/2468/1180 
f 1757/2469/1181 1754/2463/1182 1359/2470/1183 
f 1359/2470/1183 1754/2463/1182 1357/2465/1182 
f 1756/2467/1179 1758/2471/1184 1360/2468/1180 
f 1360/2468/1180 1758/2471/1184 1401/2472/1184 
f 1759/2473/1185 1757/2469/1181 1402/2474/1186 
f 1402/2474/1186 1757/2469/1181 1359/2470/1183 
f 1760/2475/1187 1752/2457/1172 1566/2476/1187 
f 1566/2476/1187 1752/2457/1172 1312/2459/1174 
f 1751/2454/1169 1761/2477/1188 1310/2456/1171 
f 1310/2456/1171 1761/2477/1188 1567/2478/1188 
f 1762/2479/1189 1763/2480/1190 1729/2481/1191 
f 1729/2481/1191 1763/2480/1190 1727/2482/1192 
f 1764/2483/1193 1765/2484/1194 1728/2485/1195 
f 1728/2485/1195 1765/2484/1194 1730/2486/1196 
f 1765/2484/1194 1766/2487/1197 1730/2486/1196 
f 1730/2486/1196 1766/2487/1197 1731/2488/1198 
f 1767/2489/1199 1762/2479/1189 1732/2490/1200 
f 1732/2490/1200 1762/2479/1189 1729/2481/1191 
f 1768/2491/1201 1767/2489/1199 1733/2492/1202 
f 1733/2492/1202 1767/2489/1199 1732/2490/1200 
f 1766/2487/1197 1769/2493/1203 1731/2488/1198 
f 1731/2488/1198 1769/2493/1203 1734/2494/1203 
f 1769/2493/1203 1770/2495/1204 1734/2494/1203 
f 1734/2494/1203 1770/2495/1204 1735/2496/1204 
f 1771/2497/1205 1768/2491/1201 1736/2498/1205 
f 1736/2498/1205 1768/2491/1201 1733/2492/1202 
f 1772/2499/1206 1771/2497/1205 1737/2500/1207 
f 1737/2500/1207 1771/2497/1205 1736/2498/1205 
f 1770/2495/1204 1773/2501/1208 1735/2496/1204 
f 1735/2496/1204 1773/2501/1208 1738/2502/1209 
f 1761/2477/1188 1774/2503/1210 1567/2478/1188 
f 1567/2478/1188 1774/2503/1210 1739/2504/1211 
f 1775/2505/1212 1760/2475/1187 1740/2506/1212 
f 1740/2506/1212 1760/2475/1187 1566/2476/1187 
f 1776/2507/1213 1775/2505/1212 1741/2508/1213 
f 1741/2508/1213 1775/2505/1212 1740/2506/1212 
f 1777/2509/1214 1742/2510/1215 1774/2503/1210 
f 1774/2503/1210 1742/2510/1215 1739/2504/1211 
f 1778/2511/1216 1743/2512/1217 1777/2509/1214 
f 1777/2509/1214 1743/2512/1217 1742/2510/1215 
f 1779/2513/1218 1776/2507/1213 1744/2514/1218 
f 1744/2514/1218 1776/2507/1213 1741/2508/1213 
f 1780/2515/1219 1779/2513/1218 1745/2516/1220 
f 1745/2516/1220 1779/2513/1218 1744/2514/1218 
f 1781/2517/1221 1746/2518/1222 1778/2511/1216 
f 1778/2511/1216 1746/2518/1222 1743/2512/1217 
f 1781/2517/1221 1764/2483/1193 1746/2518/1222 
f 1746/2518/1222 1764/2483/1193 1728/2485/1195 
f 1763/2480/1190 1780/2515/1219 1727/2482/1192 
f 1727/2482/1192 1780/2515/1219 1745/2516/1220 
f 1773/2501/1208 1759/2473/1185 1738/2502/1209 
f 1738/2502/1209 1759/2473/1185 1402/2474/1186 
f 1758/2471/1184 1772/2499/1206 1401/2472/1184 
f 1401/2472/1184 1772/2499/1206 1737/2500/1207 
f 1500/2114/990 1499/2113/997 1782/2519/1223 
f 1782/2519/1223 1499/2113/997 1569/2520/1061 
f 1783/2521/1224 1784/2522/1225 1785/2523/1226 
f 1785/2523/1226 1784/2522/1225 1786/2524/1227 
f 1787/2525/1228 1788/2526/1229 1789/2527/1230 
f 1789/2527/1230 1788/2526/1229 1790/2528/1231 
f 1791/2529/1232 1792/2530/1233 1793/2531/1234 
f 1793/2531/1234 1792/2530/1233 1794/2532/1235 
f 1792/2530/1233 1795/2533/1236 1794/2532/1235 
f 1794/2532/1235 1795/2533/1236 1796/2534/1237 
f 1795/2533/1238 1797/2535/1239 1796/2534/1240 
f 1796/2534/1240 1797/2535/1239 1798/2536/1241 
f 1799/1898/1242 1798/1898/1242 1796/1898/1242 
f 1797/2535/1239 1800/2537/1243 1798/2536/1241 
f 1798/2536/1241 1800/2537/1243 1799/2538/1244 
f 1800/2537/1243 1801/2539/1245 1799/2538/1244 
f 1799/2538/1246 1801/2539/1247 1802/2540/1248 
f 1803/2541/1249 1804/2542/1250 1801/2539/1247 
f 1801/2539/1247 1804/2542/1250 1802/2540/1248 
f 1805/2543/995 1806/2544/995 1804/2542/995 
f 1807/2545/1251 1808/2546/1252 1803/2541/1249 
f 1803/2541/1249 1808/2546/1252 1804/2542/1250 
f 1808/2546/1252 1809/2547/1253 1804/2542/1250 
f 1809/2547/1254 1805/2543/1255 1804/2542/1256 
f 1353/1967/941 1346/1960/939 1354/1968/942 
f 1354/1968/942 1346/1960/939 1345/1959/939 
f 1454/2068/963 1456/2070/964 1353/1967/941 
f 1353/1967/941 1456/2070/964 1346/1960/939 
f 1654/2343/1092 1656/2345/964 1454/2068/963 
f 1454/2068/963 1656/2345/964 1456/2070/964 
f 1659/2348/1095 1661/2350/1096 1654/2343/1092 
f 1654/2343/1092 1661/2350/1096 1656/2345/964 
f 1664/2353/1099 1666/2355/1100 1659/2348/1095 
f 1659/2348/1095 1666/2355/1100 1661/2350/1096 
f 1668/2357/1102 1670/2359/1103 1664/2353/1099 
f 1664/2353/1099 1670/2359/1103 1666/2355/1100 
f 1676/2365/1109 1678/2367/964 1668/2357/1102 
f 1668/2357/1102 1678/2367/964 1670/2359/1103 
f 1682/2371/1113 1684/2373/964 1676/2365/1109 
f 1676/2365/1109 1684/2373/964 1678/2367/964 
f 1687/2376/1114 1689/2378/1115 1682/2371/1113 
f 1682/2371/1113 1689/2378/1115 1684/2373/964 
f 1694/2383/993 1689/2378/1115 1691/2380/1116 
f 1691/2380/1116 1689/2378/1115 1687/2376/1114 
f 1810/2548/918 1349/1963/918 1811/2549/918 
f 1811/2549/918 1349/1963/918 1351/1965/918 
f 1688/2377/1257 1784/2522/1225 1692/2381/1258 
f 1692/2381/1258 1784/2522/1225 1783/2521/1224 
f 1683/2372/1259 1791/2529/1260 1790/2528/1261 
f 1677/2366/1262 1792/2530/1233 1683/2372/1263 
f 1683/2372/1263 1792/2530/1233 1791/2529/1232 
f 1669/2358/1264 1795/2533/1236 1677/2366/1262 
f 1677/2366/1262 1795/2533/1236 1792/2530/1233 
f 1665/2354/1265 1797/2535/1266 1669/2358/1267 
f 1669/2358/1267 1797/2535/1266 1795/2533/1268 
f 1800/2537/1269 1797/2535/1266 1660/2349/1270 
f 1660/2349/1270 1797/2535/1266 1665/2354/1265 
f 1801/2539/1271 1800/2537/1269 1655/2344/1272 
f 1655/2344/1272 1800/2537/1269 1660/2349/1270 
f 1455/2069/1273 1803/2541/1249 1655/2344/1274 
f 1655/2344/1274 1803/2541/1249 1801/2539/1247 
f 1355/1969/1275 1782/2519/1276 1812/2550/1277 
f 1356/1970/1278 1500/2114/990 1355/1969/1279 
f 1355/1969/1279 1500/2114/990 1782/2519/1223 
f 1502/2116/992 1500/2114/990 1497/2111/987 
f 1497/2111/987 1500/2114/990 1356/1970/1278 
f 1400/2162/992 1502/2116/992 1540/2159/1013 
f 1540/2159/1013 1502/2116/992 1497/2111/987 
f 1399/2013/923 1400/2014/923 1541/2551/1014 
f 1541/2551/1014 1400/2014/923 1540/2552/1013 
f 1498/2112/1280 1503/2117/993 1541/2160/1280 
f 1541/2160/1280 1503/2117/993 1399/2163/964 
f 1354/1968/942 1345/1959/939 1498/2112/1280 
f 1498/2112/1280 1345/1959/939 1503/2117/993 
f 1537/1898/1281 1813/1898/1282 1814/1898/1283 
f 1814/1898/1283 1813/1898/1282 1815/1898/1283 
f 1534/1898/1008 1537/1898/1284 1816/1898/1008 
f 1816/1898/1008 1537/1898/1284 1814/1898/1284 
f 1527/1898/1285 1531/1898/1006 1817/1898/1286 
f 1817/1898/1286 1531/1898/1006 1818/1898/1006 
f 1819/1898/1287 1820/1898/1288 1821/1898/1287 
f 1821/1898/1287 1820/1898/1288 1822/1898/1289 
f 1820/1898/1290 1525/1898/1291 1822/1898/1292 
f 1525/1898/1046 1527/1898/1285 1817/1898/1286 
f 1531/1898/1006 1534/1898/1008 1818/1898/1006 
f 1818/1898/1006 1534/1898/1008 1816/1898/1008 
f 1813/1898/1282 1819/1898/1287 1815/1898/1283 
f 1815/1898/1283 1819/1898/1287 1821/1898/1287 
f 1823/1898/1293 1824/1898/1293 1825/1898/1293 
f 1825/1898/1293 1824/1898/1293 1826/1898/1293 
f 1827/1898/1294 1823/1898/1293 1828/1898/1294 
f 1828/1898/1294 1823/1898/1293 1825/1898/1293 
f 1441/2225/1046 1526/2142/1003 1438/2222/1045 
f 1438/2222/1045 1526/2142/1003 1560/2221/1045 
f 1441/2055/924 1438/2052/924 1443/2057/924 
f 1443/2057/924 1438/2052/924 1439/2053/924 
f 1524/2140/922 1529/2144/959 1439/2223/922 
f 1439/2223/922 1529/2144/959 1443/2226/1047 
f 1304/1918/922 1394/2008/959 1524/2140/922 
f 1524/2140/922 1394/2008/959 1529/2144/959 
f 1302/1916/920 1393/2007/958 1304/1918/922 
f 1304/1918/922 1393/2007/958 1394/2008/959 
f 1577/2259/1066 1393/2007/958 1302/1916/920 
f 1486/2100/980 1482/2096/976 1484/2098/978 
f 1395/2009/913 1396/2010/918 1305/1919/913 
f 1305/1919/913 1396/2010/918 1306/1920/918 
f 1804/2542/1295 1806/2544/1296 1829/2553/1297 
f 1829/2553/1297 1569/2520/1298 1830/2554/1299 
f 1802/2540/1300 1804/2542/1295 1831/2555/1301 
f 1831/2555/1301 1804/2542/1295 1829/2553/1297 
f 1799/2538/1302 1802/2540/1300 1832/2556/1303 
f 1832/2556/1303 1802/2540/1300 1831/2555/1301 
f 1798/2536/1304 1799/2538/1302 1833/2557/1305 
f 1833/2557/1305 1799/2538/1302 1832/2556/1303 
f 1796/2534/1306 1798/2536/1304 1834/2558/1307 
f 1834/2558/1307 1798/2536/1304 1833/2557/1305 
f 1794/2532/1308 1796/2534/1306 1835/2559/1309 
f 1835/2559/1309 1796/2534/1306 1834/2558/1307 
f 1793/2531/1310 1794/2532/1308 1836/2560/1311 
f 1836/2560/1311 1794/2532/1308 1835/2559/1309 
f 1786/2524/1312 1837/2561/1313 1838/2562/1314 
f 1838/2562/1314 1793/2531/1310 1836/2560/1311 
f 1839/2563/1315 1840/2564/1316 1841/2565/1317 
f 1841/2565/1317 1840/2564/1316 1842/2566/1316 
f 1840/2564/1318 1843/2567/1319 1842/2566/1320 
f 1842/2566/1320 1843/2567/1319 1844/2568/1321 
f 1843/2567/1319 1845/2569/1322 1844/2568/1321 
f 1844/2568/1321 1845/2569/1322 1846/2570/1321 
f 1845/2569/1322 1847/2571/1323 1846/2570/1321 
f 1846/2570/1321 1847/2571/1323 1848/2572/1321 
f 1847/2571/1323 1849/2573/1324 1848/2572/1321 
f 1848/2572/1321 1849/2573/1324 1850/2574/1321 
f 1849/2573/1324 1851/2575/1324 1850/2574/1321 
f 1850/2574/1321 1851/2575/1324 1852/2576/1321 
f 1481/2095/975 1483/2097/977 1479/2093/973 
f 1479/2093/973 1483/2097/977 1853/2577/1325 
f 1601/2578/1326 1840/2564/1318 1588/2579/1327 
f 1588/2579/1327 1840/2564/1318 1839/2563/1328 
f 1613/2580/1329 1843/2567/1319 1601/2578/1326 
f 1601/2578/1326 1843/2567/1319 1840/2564/1318 
f 1613/2580/1329 1626/2581/1329 1843/2567/1319 
f 1843/2567/1319 1626/2581/1329 1845/2569/1322 
f 1626/2581/1329 1638/2582/1329 1845/2569/1322 
f 1845/2569/1322 1638/2582/1329 1847/2571/1323 
f 1638/2582/1329 1650/2583/1330 1847/2571/1323 
f 1847/2571/1323 1650/2583/1330 1849/2573/1324 
f 1650/2583/1330 1480/2584/1329 1849/2573/1324 
f 1849/2573/1324 1480/2584/1329 1851/2575/1324 
f 1854/2585/1331 1855/2586/1331 1598/2587/1331 
f 1598/2587/1331 1855/2586/1331 1600/2588/1331 
f 1856/2589/924 1857/2590/924 1858/2591/924 
f 1858/2591/924 1857/2590/924 1859/2592/924 
f 1841/2565/1332 1842/2566/1332 1599/2593/1332 
f 1599/2593/1332 1842/2566/1320 1597/2594/1332 
f 1860/2595/1331 1854/2585/1331 1612/2596/1331 
f 1612/2596/1331 1854/2585/1331 1598/2587/1331 
f 1842/2566/1320 1844/2568/1321 1597/2594/1332 
f 1597/2594/1332 1844/2568/1321 1611/2597/1332 
f 1861/2598/1331 1860/2595/1331 1624/2599/1331 
f 1624/2599/1331 1860/2595/1331 1612/2596/1331 
f 1844/2568/1321 1846/2570/1321 1611/2597/1332 
f 1611/2597/1332 1846/2570/1321 1623/2600/1332 
f 1862/2601/1331 1861/2598/1331 1636/2602/1331 
f 1636/2602/1331 1861/2598/1331 1624/2599/1331 
f 1846/2570/1321 1848/2572/1321 1623/2600/1332 
f 1623/2600/1332 1848/2572/1321 1635/2603/1332 
f 1863/2604/1331 1864/2605/1333 1648/2606/1331 
f 1648/2606/1331 1864/2605/1333 1636/2602/1331 
f 1848/2572/1321 1850/2574/1321 1635/2603/1332 
f 1635/2603/1332 1850/2574/1321 1647/2607/1332 
f 1865/2608/918 1866/2609/918 1867/2610/918 
f 1867/2610/918 1866/2609/918 1868/2611/918 
f 1869/2612/1334 1863/2604/1331 1653/2613/1331 
f 1653/2613/1331 1863/2604/1331 1648/2606/1331 
f 1850/2574/1321 1852/2576/1321 1647/2607/1332 
f 1647/2607/1332 1852/2576/1321 1652/2614/1332 
f 1870/2615/1335 1871/2616/1336 1872/2617/1337 
f 1872/2617/1337 1871/2616/1336 1839/2618/1338 
f 1873/2619/1339 1874/2620/1340 1787/2621/1340 
f 1787/2622/1340 1874/2623/1340 1789/2624/1341 
f 1875/2625/1342 1876/2626/1343 1809/2627/1344 
f 1809/2628/1344 1876/2629/1343 1808/2630/1345 
f 1877/2631/1346 1875/2632/1347 1569/2520/1348 
f 1569/2520/1348 1875/2632/1347 1782/2519/1349 
f 1875/2632/1347 1876/2633/1350 1782/2519/1349 
f 1876/2633/1350 1812/2550/1351 1782/2519/1349 
f 1876/2633/1350 1808/2546/1252 1812/2550/1351 
f 1812/2550/1351 1808/2546/1252 1807/2545/1251 
f 1805/2543/1352 1809/2547/1353 1877/2631/1354 
f 1877/2631/1354 1809/2547/1353 1875/2632/1355 
f 1788/2526/1229 1787/2525/1228 1784/2522/1356 
f 1784/2522/1356 1787/2525/1228 1786/2524/1357 
f 1787/2525/1228 1873/2634/1358 1786/2524/1357 
f 1873/2634/1358 1837/2561/1359 1786/2524/1357 
f 1791/2529/1360 1793/2531/1361 1790/2528/1231 
f 1790/2528/1231 1793/2531/1361 1789/2527/1230 
f 1789/2527/1230 1793/2531/1361 1874/2635/1362 
f 1878/2636/1363 1874/2635/1362 1793/2531/1361 
f 1837/2561/1359 1873/2634/1358 1878/2636/1363 
f 1878/2636/1363 1873/2634/1358 1874/2635/1362 
f 1879/2637/1364 1395/2638/1365 1880/2639/1364 
f 1880/2639/1364 1395/2638/1365 1881/2640/1366 
f 1882/2641/1367 1879/2637/1364 1883/2642/1368 
f 1883/2642/1368 1879/2637/1364 1880/2639/1364 
f 1884/2643/1369 1882/2641/1367 1885/2644/1370 
f 1885/2644/1370 1882/2641/1367 1883/2642/1368 
f 1563/2239/1057 1884/2643/1369 1562/2237/1371 
f 1562/2237/1371 1884/2643/1369 1885/2644/1370 
f 1886/2645/932 1395/2646/913 1887/2647/918 
f 1887/2647/918 1395/2646/913 1305/2648/913 
f 1887/2647/918 1305/2648/913 1888/2649/913 
f 1888/2649/913 1305/2648/913 1889/2650/913 
f 1888/2649/913 1889/2650/913 1890/2651/918 
f 1890/2651/918 1889/2650/913 1891/2652/918 
f 1890/2651/918 1891/2652/918 1892/2653/918 
f 1892/2653/918 1891/2652/918 1893/2654/918 
f 1892/2653/918 1893/2654/918 1894/2655/918 
f 1894/2655/918 1893/2654/918 1895/2656/918 
f 1894/2655/918 1895/2656/918 1896/2657/918 
f 1896/2657/918 1895/2656/918 1897/2658/918 
f 1896/2657/918 1897/2658/918 1898/2659/918 
f 1898/2659/918 1897/2658/918 1899/2660/918 
f 1898/2659/918 1899/2660/918 1900/2661/918 
f 1900/2661/918 1899/2660/918 1901/2662/918 
f 1900/2661/918 1901/2662/918 1902/2663/918 
f 1902/2663/918 1901/2662/918 1903/2664/918 
f 1902/2663/918 1903/2664/918 1904/2665/918 
f 1904/2665/918 1903/2664/918 1905/2666/918 
f 1904/2665/918 1905/2666/918 1906/2667/918 
f 1906/2667/918 1905/2666/918 1907/2668/918 
f 1906/2667/918 1907/2668/918 1908/2669/913 
f 1908/2669/913 1907/2668/918 1909/2670/918 
f 1908/2669/913 1909/2670/918 1910/2671/918 
f 1910/2671/918 1909/2670/918 1911/2672/918 
f 1912/2673/918 1910/2671/918 1913/2674/918 
f 1913/2674/918 1910/2671/918 1911/2672/918 
f 1914/2675/918 1912/2673/918 1915/2676/918 
f 1915/2676/918 1912/2673/918 1913/2674/918 
f 1916/2677/918 1914/2675/918 1917/2678/913 
f 1917/2678/913 1914/2675/918 1915/2676/918 
f 1918/2679/918 1916/2677/918 1919/2680/918 
f 1919/2680/918 1916/2677/918 1917/2678/913 
f 1920/2681/918 1918/2679/918 1921/2682/918 
f 1921/2682/918 1918/2679/918 1919/2680/918 
f 1922/2683/918 1920/2681/918 1923/2684/918 
f 1923/2684/918 1920/2681/918 1921/2682/918 
f 1924/2685/1372 1925/2686/1372 1926/2687/1372 
f 1926/2687/1373 1925/2686/1373 1927/2688/1373 
f 1928/2689/1374 1395/2690/1375 1886/2691/1375 
f 1929/2692/1376 1928/2693/1377 1887/2694/1378 
f 1887/2694/1378 1928/2693/1377 1886/2695/1377 
f 1930/2696/1379 1929/2692/1376 1888/2697/1379 
f 1888/2697/1379 1929/2692/1376 1887/2694/1378 
f 1931/1898/1380 1932/1898/1381 1305/1898/1382 
f 1305/2698/1382 1932/2699/1381 1889/2700/1383 
f 1933/2701/1384 1930/2696/1379 1890/2702/1385 
f 1890/2702/1385 1930/2696/1379 1888/2697/1379 
f 1932/2699/1381 1934/2703/1386 1889/2700/1383 
f 1889/2700/1383 1934/2703/1386 1891/2704/1387 
f 1935/2705/1388 1933/2701/1384 1892/2706/1389 
f 1892/2706/1389 1933/2701/1384 1890/2702/1385 
f 1934/2703/1386 1936/2707/1390 1891/2704/1387 
f 1891/2704/1387 1936/2707/1390 1893/2708/1391 
f 1937/2709/1392 1935/2705/1388 1894/2710/1393 
f 1894/2710/1393 1935/2705/1388 1892/2706/1389 
f 1936/2707/1390 1938/2711/1394 1893/2708/1391 
f 1893/2708/1391 1938/2711/1394 1895/2712/1395 
f 1939/2713/1396 1937/2709/1392 1896/2714/1397 
f 1896/2714/1397 1937/2709/1392 1894/2710/1393 
f 1938/2711/1394 1940/2715/1398 1895/2712/1395 
f 1895/2712/1395 1940/2715/1398 1897/2716/1399 
f 1941/2717/1400 1939/2713/1396 1898/2718/1400 
f 1898/2718/1400 1939/2713/1396 1896/2714/1397 
f 1942/2719/1401 1899/2720/1402 1940/2715/1398 
f 1940/2715/1398 1899/2720/1402 1897/2716/1399 
f 1943/2721/1403 1941/2717/1400 1900/2722/1403 
f 1900/2722/1403 1941/2717/1400 1898/2718/1400 
f 1944/2723/1404 1901/2724/1405 1942/2719/1401 
f 1942/2719/1401 1901/2724/1405 1899/2720/1402 
f 1945/2725/1406 1943/2721/1403 1902/2726/1406 
f 1902/2726/1406 1943/2721/1403 1900/2722/1403 
f 1944/2723/1404 1946/2727/1407 1901/2724/1405 
f 1901/2724/1405 1946/2727/1407 1903/2728/1408 
f 1947/2729/1409 1945/2725/1406 1904/2730/1409 
f 1904/2730/1409 1945/2725/1406 1902/2726/1406 
f 1946/2727/1407 1948/2731/1410 1903/2728/1408 
f 1903/2728/1408 1948/2731/1410 1905/2732/1411 
f 1949/2733/1412 1947/2729/1409 1906/2734/1412 
f 1906/2734/1412 1947/2729/1409 1904/2730/1409 
f 1950/2735/1413 1907/2736/1414 1948/2731/1410 
f 1948/2731/1410 1907/2736/1414 1905/2732/1411 
f 1951/2737/1415 1949/2733/1412 1908/2738/1415 
f 1908/2738/1415 1949/2733/1412 1906/2734/1412 
f 1952/2739/1416 1909/2740/1417 1950/2735/1413 
f 1950/2735/1413 1909/2740/1417 1907/2736/1414 
f 1953/2741/1418 1951/2737/1415 1910/2742/1419 
f 1910/2742/1419 1951/2737/1415 1908/2738/1415 
f 1954/2743/1420 1911/2744/1421 1952/2739/1416 
f 1952/2739/1416 1911/2744/1421 1909/2740/1417 
f 1953/2741/1418 1910/2742/1419 1955/2745/1422 
f 1955/2745/1422 1910/2742/1419 1912/2746/1423 
f 1956/2747/1424 1913/2748/1425 1954/2743/1420 
f 1954/2743/1420 1913/2748/1425 1911/2744/1421 
f 1955/2745/1422 1912/2746/1423 1957/2749/1426 
f 1957/2749/1426 1912/2746/1423 1914/2750/1427 
f 1958/2751/1428 1915/2752/1429 1956/2747/1424 
f 1956/2747/1424 1915/2752/1429 1913/2748/1425 
f 1959/2753/1430 1957/2749/1426 1916/2754/1431 
f 1916/2754/1431 1957/2749/1426 1914/2750/1427 
f 1960/2755/1432 1917/2756/1433 1958/2751/1428 
f 1958/2751/1428 1917/2756/1433 1915/2752/1429 
f 1961/2757/1434 1959/2753/1430 1918/2758/1435 
f 1918/2758/1435 1959/2753/1430 1916/2754/1431 
f 1960/2755/1432 1962/2759/1436 1917/2756/1433 
f 1917/2756/1433 1962/2759/1436 1919/2760/1437 
f 1963/2761/1438 1961/2757/1434 1920/2762/1439 
f 1920/2762/1439 1961/2757/1434 1918/2758/1435 
f 1962/2759/1436 1964/2763/1440 1919/2760/1437 
f 1919/2760/1437 1964/2763/1440 1921/2764/1441 
f 1963/2761/1438 1920/2762/1439 1965/2765/1442 
f 1920/2762/1439 1922/2766/1443 1965/2765/1442 
f 1966/2767/1444 1965/2765/1442 1922/2766/1443 
f 1967/2768/1445 1923/2769/1445 1964/2763/1445 
f 1964/2763/1440 1923/2769/1446 1921/2764/1441 
f 1927/2688/1447 1925/2686/1448 1968/2770/1448 
f 1968/2770/1448 1925/2686/1448 1969/2771/1177 
f 1967/2768/1449 1970/2772/1450 1971/2773/1451 
f 1966/2767/1444 1922/2766/1443 1972/2774/1452 
f 1923/2684/918 1973/2775/918 1922/2683/918 
f 1922/2683/918 1973/2775/918 1972/2776/918 
f 1967/2768/1453 1971/2773/1453 1923/2769/1453 
f 1923/2769/1454 1971/2773/1454 1973/2777/1454 
f 1492/2106/986 1490/2104/984 1291/2778/1455 
f 1291/2778/1455 1490/2104/984 1289/2779/1456 
f 1884/2643/1369 1563/2239/1057 1290/2780/1370 
f 1290/2780/1370 1563/2239/1057 1292/2781/1457 
f 1879/2637/1364 1882/2641/1367 1299/2782/1364 
f 1299/2782/1364 1882/2641/1367 1297/2783/1368 
f 1487/2101/981 1485/2099/979 1298/2784/1458 
f 1298/2784/1458 1485/2099/979 1300/2785/1459 
f 1974/2786/1460 1931/2787/1461 1307/2788/1462 
f 1307/2788/1462 1931/2787/1461 1305/2789/1463 
f 1484/2098/978 1481/2095/975 1306/2790/1464 
f 1306/2790/1464 1481/2095/975 1308/2791/1465 
f 1975/2792/1466 1976/2793/1467 1319/2794/1466 
f 1319/2794/1466 1976/2793/1467 1317/2795/1467 
f 1475/2089/969 1477/2091/971 1318/2796/927 
f 1318/2796/927 1477/2091/971 1320/2797/925 
f 1977/2798/1468 1978/2799/1469 1327/2800/1470 
f 1327/2800/1470 1978/2799/1469 1325/2801/1471 
f 1979/2802/1472 1980/2803/929 1326/2804/1472 
f 1326/2804/1472 1980/2803/929 1328/2805/929 
f 1981/2806/1473 1982/2807/1474 1333/2808/1475 
f 1333/2808/1475 1982/2807/1474 1334/2809/1476 
f 1983/2810/935 1984/2811/933 1336/2812/934 
f 1336/2812/934 1984/2811/933 1335/2813/933 
f 1985/2814/1477 1986/2815/1478 1341/2816/1479 
f 1341/2816/1479 1986/2815/1478 1342/2817/1480 
f 1987/2818/937 1459/2073/938 1344/2819/1025 
f 1344/2819/1025 1459/2073/938 1343/2820/938 
f 1785/2523/1226 1350/2821/1481 1783/2521/1224 
f 1783/2521/1224 1350/2821/1481 1349/2822/1482 
f 1693/2382/1117 1694/2383/993 1352/2823/994 
f 1352/2823/994 1694/2383/993 1351/2824/993 
f 1785/2825/1483 1988/2826/1484 1350/2827/1485 
f 1350/2827/1485 1988/2826/1484 1363/2828/1486 
f 1461/2075/966 1693/2382/1117 1364/2829/999 
f 1364/2829/999 1693/2382/1117 1352/2823/998 
f 1989/2830/1487 1990/2831/1488 1369/2832/1489 
f 1369/2832/1489 1990/2831/1488 1370/2833/1490 
f 1991/2834/947 1992/2835/946 1372/2836/948 
f 1372/2836/948 1992/2835/946 1371/2837/946 
f 1993/2838/1491 1994/2839/1492 1379/2840/1493 
f 1379/2840/1493 1994/2839/1492 1377/2841/1494 
f 1995/2842/950 1996/2843/949 1378/2844/950 
f 1378/2844/950 1996/2843/949 1380/2845/949 
f 1997/2846/1495 1998/2847/1496 1387/2848/1497 
f 1387/2848/1497 1998/2847/1496 1385/2849/1498 
f 1999/2850/954 2000/2851/1499 1386/2852/1500 
f 1386/2852/1500 2000/2851/1499 1388/2853/1499 
f 2001/2854/1501 1974/2786/1460 1391/2855/1501 
f 1391/2855/1501 1974/2786/1460 1307/2788/1462 
f 1481/2095/975 1479/2093/973 1308/2791/1465 
f 1308/2791/1465 1479/2093/973 1392/2856/1502 
f 1395/2638/1503 1879/2637/1364 1299/2782/1364 
f 1485/2099/979 1486/2100/980 1300/2785/1459 
f 1300/2785/1459 1486/2100/980 1396/2857/959 
f 1882/2641/1367 1884/2643/1369 1297/2783/1368 
f 1297/2783/1368 1884/2643/1369 1290/2780/1370 
f 1490/2104/984 1487/2101/981 1289/2779/1456 
f 1289/2779/1456 1487/2101/981 1298/2784/1458 
f 1988/2826/1484 1985/2814/1477 1363/2828/1486 
f 1363/2828/1486 1985/2814/1477 1341/2816/1479 
f 1459/2073/938 1461/2075/966 1343/2820/938 
f 1343/2820/938 1461/2075/966 1364/2829/999 
f 1976/2793/1467 2001/2854/1501 1317/2795/1467 
f 1317/2795/1467 2001/2854/1501 1391/2855/1501 
f 1479/2093/973 1475/2089/969 1392/2856/1502 
f 1392/2856/1502 1475/2089/969 1318/2796/927 
f 1563/2239/1057 1493/2240/1054 1292/2781/1457 
f 1292/2781/1457 1493/2240/1054 1564/2858/1054 
f 1493/2107/962 1495/2109/962 1564/2859/962 
f 1564/2859/962 1495/2109/962 1565/2860/962 
f 1495/2109/1058 1492/2106/986 1565/2860/1504 
f 1565/2860/1504 1492/2106/986 1291/2778/1455 
f 1998/2847/1496 1975/2792/1466 1385/2849/1498 
f 1385/2849/1498 1975/2792/1466 1319/2794/1466 
f 1477/2091/971 1999/2850/954 1320/2797/925 
f 1320/2797/925 1999/2850/954 1386/2852/1500 
f 1982/2807/1474 1993/2838/1491 1334/2809/1476 
f 1334/2809/1476 1993/2838/1491 1379/2840/1493 
f 1996/2843/949 1983/2810/935 1380/2845/949 
f 1380/2845/949 1983/2810/935 1336/2812/934 
f 1990/2831/1488 1981/2806/1473 1370/2833/1490 
f 1370/2833/1490 1981/2806/1473 1333/2808/1475 
f 1984/2811/933 1991/2834/947 1335/2813/933 
f 1335/2813/933 1991/2834/947 1372/2836/948 
f 1986/2815/1478 1989/2861/1487 1342/2817/1480 
f 1342/2817/1480 1989/2861/1487 1369/2862/1489 
f 1992/2835/946 1987/2818/937 1371/2837/946 
f 1371/2837/946 1987/2818/937 1344/2819/1025 
f 1977/2798/1468 1327/2800/1470 1994/2839/1492 
f 1994/2839/1492 1327/2800/1470 1377/2841/1494 
f 1980/2803/929 1995/2842/950 1328/2805/929 
f 1328/2805/929 1995/2842/950 1378/2844/950 
f 1978/2863/1469 1997/2846/1495 1325/2864/1471 
f 1325/2864/1471 1997/2846/1495 1387/2848/1497 
f 2000/2851/1499 1979/2802/1472 1388/2853/1499 
f 1388/2853/1499 1979/2802/1472 1326/2804/1472 
f 1692/2381/1258 1783/2521/1224 1810/2865/1505 
f 1810/2865/1505 1783/2521/1224 1349/2822/1482 
f 1694/2383/993 1691/2380/1116 1351/2824/993 
f 1351/2824/993 1691/2380/1116 1811/2866/1506 
f 1691/2380/1116 1692/2381/943 1811/2866/943 
f 1811/2866/943 1692/2381/943 1810/2865/943 
f 1486/2100/980 1484/2098/978 1396/2857/959 
f 1396/2857/959 1484/2098/978 1306/2790/1464 
f 1966/2767/1507 1925/2867/1507 2002/2868/1507 
f 2002/2868/1508 1925/2867/1508 1924/2869/1508 
f 1970/2772/1450 1926/2870/1509 1971/2773/1451 
f 1971/2773/1510 1926/2870/1510 1927/2871/1510 
f 1972/2774/1452 1969/2872/1511 1966/2767/1444 
f 1966/2767/1512 1969/2872/1512 1925/2867/1512 
f 1973/2775/918 1968/2873/918 1972/2776/918 
f 1972/2776/918 1968/2873/918 1969/2874/918 
f 1971/2773/1513 1927/2871/1513 1973/2777/1513 
f 1973/2777/1513 1927/2871/1513 1968/2875/1513 
f 2003/1898/1514 2004/1898/924 2005/1898/1515 
f 2006/1898/1516 2004/1898/1517 2003/1898/1518 
f 2007/1898/1293 2008/1898/1293 2009/1898/1293 
f 2009/1898/1293 2008/1898/1293 2010/1898/1293 
f 2008/1898/1293 2011/1898/1293 2010/1898/1293 
f 2010/1898/1293 2011/1898/1293 2012/1898/1293 
f 1856/2589/1519 1870/2615/1519 1857/2590/1519 
f 1857/2590/1520 1870/2615/1520 1871/2616/1520 
f 1865/2608/918 2013/2876/918 1866/2609/918 
f 2014/2877/918 2013/2876/918 2015/2878/918 
f 2015/2878/918 2013/2876/918 1865/2608/918 
f 2016/2879/918 2017/2880/918 2015/2878/918 
f 2015/2878/918 2017/2880/918 2014/2877/918 
f 1479/2093/973 1853/2577/1325 1480/2094/974 
f 1841/2565/1332 1599/2593/1332 1857/2881/1332 
f 1857/2881/1332 1599/2593/1332 1859/2882/1332 
f 1599/2284/1076 1600/2285/1076 1859/2592/1076 
f 1859/2592/1076 1600/2285/1076 1858/2591/1076 
f 1600/2588/1331 1855/2586/1331 1858/2883/1331 
f 1858/2883/1331 1855/2586/1331 1856/2884/1331 
f 1855/2885/1521 1872/2886/1521 1856/2887/1521 
f 1856/2887/1522 1872/2886/1522 1870/2888/1522 
f 1839/2563/1315 1841/2565/1317 1871/2889/1523 
f 1871/2889/1523 1841/2565/1317 1857/2881/1524 
f 1869/2612/1334 1653/2613/1331 1866/2890/1525 
f 1866/2890/1525 1653/2613/1331 1868/2891/1331 
f 1653/2342/1076 1652/2341/1076 1868/2611/1076 
f 1868/2611/1076 1652/2341/1076 1867/2610/1076 
f 1652/2614/1332 1852/2576/1321 1867/2892/1332 
f 1867/2892/1332 1852/2576/1321 1865/2893/1526 
f 2018/2894/1527 1869/2612/1334 2013/2895/1527 
f 2013/2895/1527 1869/2612/1334 1866/2890/1525 
f 2019/2896/1528 2018/2894/1527 2014/2897/1528 
f 2014/2897/1528 2018/2894/1527 2013/2895/1527 
f 1852/2576/1321 1851/2575/1324 1865/2893/1526 
f 1865/2893/1526 1851/2575/1324 2015/2898/1529 
f 1480/2899/1530 1853/2900/1530 2016/2901/1530 
f 2016/2901/1530 1853/2900/1530 2017/2902/1530 
f 1853/2900/1531 2019/2903/1528 2017/2902/1531 
f 2017/2902/1531 2019/2903/1528 2014/2904/1528 
f 1851/2575/1324 1480/2584/1329 2015/2898/1529 
f 2015/2898/1529 1480/2584/1329 2016/2905/1329 
f 1636/2602/1331 1864/2605/1333 1862/2601/1331 
f 2020/2906/1532 2021/2907/1533 2022/2908/1534 
f 2022/2908/1534 2021/2907/1533 1672/2909/1105 
f 1671/2910/1104 1680/2911/1111 2023/2912/1535 
f 2023/2912/1535 1680/2911/1111 1673/2913/1106 
f 1663/2352/1098 2022/2914/1534 2024/2915/1536 
f 2024/2915/1536 2022/2914/1534 1674/2363/1107 
f 1674/2363/1107 2022/2914/1534 1672/2361/1105 
f 1675/2364/1108 1673/2362/1106 1680/2369/1111 
f 1662/2916/1097 2020/2906/1532 1663/2917/1098 
f 1663/2917/1098 2020/2906/1532 2022/2908/1534 
f 1673/2913/1106 1672/2909/1105 2023/2912/1535 
f 2023/2912/1535 1672/2909/1105 2021/2907/1533 
f 2020/2918/1537 2025/2919/1538 2021/2920/1539 
f 2021/2920/1539 2025/2919/1538 2026/2921/1539 
f 1671/2360/1540 2023/2922/1541 2027/2923/1540 
f 2027/2923/1540 2023/2922/1541 2028/2924/1542 
f 1671/2360/1543 2027/2923/1544 1667/2356/1545 
f 2023/2922/1546 2021/2920/1546 2028/2924/1546 
f 2028/2924/1546 2021/2920/1546 2026/2921/1546 
f 1662/2351/1547 2029/2925/1548 2020/2918/1549 
f 2020/2918/1549 2029/2925/1548 2025/2919/1550 
f 1662/2351/1551 1667/2356/1545 2029/2925/1552 
f 2025/2926/1553 2030/2927/1554 2026/2928/1555 
f 2026/2928/1555 2030/2927/1554 2031/2929/1556 
f 2027/2930/1557 2028/2931/1558 2032/2932/1559 
f 2032/2932/1559 2028/2931/1558 2033/2933/1560 
f 2027/2930/1544 2032/2932/1561 1667/2934/1545 
f 1667/2934/1545 2032/2932/1561 2034/2935/1562 
f 2028/2931/1563 2026/2928/1555 2033/2933/1564 
f 2033/2933/1564 2026/2928/1555 2031/2929/1556 
f 2029/2936/1565 2035/2937/1566 2025/2926/1553 
f 2025/2926/1553 2035/2937/1566 2030/2927/1554 
f 2029/2938/1552 1667/2934/1545 2035/2939/1567 
f 2035/2939/1567 1667/2934/1545 2034/2935/1562 
f 2036/2940/1568 2037/2941/1569 2038/2942/1570 
f 2039/2943/1571 2038/2942/1570 2040/2944/1572 
f 2040/2944/1572 2038/2942/1570 2037/2941/1569 
f 2041/2945/1573 2036/2940/1568 2038/2942/1570 
f 2038/2942/1570 2042/2946/1574 2041/2945/1573 
f 2042/2946/1574 2043/2947/946 2041/2945/1573 
f 2044/2948/946 2041/2945/1573 2043/2947/946 
f 2043/2947/946 2045/2949/946 2044/2948/946 
f 2045/2949/946 2046/2950/946 2044/2948/946 
f 2047/2951/1575 2044/2948/946 2046/2950/946 
f 2046/2950/946 2048/2952/948 2047/2951/1575 
f 2048/2952/948 2049/2953/933 2047/2951/1575 
f 2050/2954/933 2047/2951/1575 2049/2953/933 
f 2049/2953/933 2051/2955/933 2050/2954/933 
f 2051/2955/933 2052/2956/933 2050/2954/933 
f 2053/2957/934 2050/2954/933 2052/2956/933 
f 2052/2956/933 2054/2958/935 2053/2957/934 
f 2054/2958/935 2055/2959/949 2053/2957/934 
f 2056/2960/949 2053/2957/934 2055/2959/949 
f 2055/2959/949 2057/2961/949 2056/2960/949 
f 2057/2961/949 2058/2962/949 2056/2960/949 
f 2059/2963/950 2056/2960/949 2058/2962/949 
f 2058/2962/949 2060/2964/950 2059/2963/950 
f 2060/2964/950 2061/2965/929 2059/2963/950 
f 2062/2966/929 2059/2963/950 2061/2965/929 
f 2061/2965/929 2063/2967/929 2062/2966/929 
f 2063/2967/929 2064/2968/929 2062/2966/929 
f 2065/2969/1576 2062/2966/929 2064/2968/929 
f 2064/2968/929 2066/2970/931 2065/2969/1576 
f 2066/2970/931 2067/2971/953 2065/2969/1576 
f 2068/2972/953 2065/2969/1576 2067/2971/953 
f 2067/2971/953 2069/2973/953 2068/2972/953 
f 2069/2973/953 2070/2974/953 2068/2972/953 
f 2071/2975/1577 2068/2972/953 2070/2974/953 
f 2070/2974/953 2072/2976/1500 2071/2975/1577 
f 1478/2092/972 2073/2977/1578 1477/2091/971 
f 1477/2091/971 2073/2977/1578 1999/2850/954 
f 2024/2915/1536 2074/2978/1579 1658/2347/1094 
f 2075/2979/1580 2076/2980/1570 2074/2978/1579 
f 2077/2981/1581 2074/2978/1579 2076/2980/1570 
f 2076/2980/1570 2078/2982/1582 2077/2981/1581 
f 2078/2982/1582 2079/2983/946 2077/2981/1581 
f 2080/2984/946 2079/2983/946 2044/2948/946 
f 2080/2984/946 2044/2948/946 2047/2951/1575 
f 2047/2951/1575 2081/2985/946 2080/2984/946 
f 2082/2986/947 2081/2985/946 2047/2951/1575 
f 2082/2986/947 2047/2951/1575 2050/2954/933 
f 2050/2954/933 2083/2987/933 2082/2986/947 
f 2084/2988/933 2083/2987/933 2050/2954/933 
f 2084/2988/933 2050/2954/933 2053/2957/934 
f 2053/2957/934 2085/2989/933 2084/2988/933 
f 2086/2990/935 2085/2989/933 2053/2957/934 
f 2086/2990/935 2053/2957/934 2056/2960/949 
f 2056/2960/949 2087/2991/949 2086/2990/935 
f 2088/2992/949 2087/2991/949 2056/2960/949 
f 2088/2992/949 2056/2960/949 2059/2963/950 
f 2059/2963/950 2089/2993/949 2088/2992/949 
f 2090/2994/950 2089/2993/949 2059/2963/950 
f 2090/2994/950 2059/2963/950 2062/2966/929 
f 2062/2966/929 2091/2995/929 2090/2994/950 
f 2092/2996/929 2091/2995/929 2062/2966/929 
f 2092/2996/929 2062/2966/929 2065/2969/1576 
f 2065/2969/1576 2093/2997/929 2092/2996/929 
f 2094/2998/931 2093/2997/929 2065/2969/1576 
f 2094/2998/931 2065/2969/1576 2068/2972/953 
f 2068/2972/953 2095/2999/953 2094/2998/931 
f 2096/3000/953 2095/2999/953 2068/2972/953 
f 2096/3000/953 2068/2972/953 2071/2975/1577 
f 2071/2975/1577 2097/3001/953 2096/3000/953 
f 2098/3002/954 2097/3001/953 2071/2975/1577 
f 2071/2975/1577 1615/2301/1084 1603/2288/1079 
f 2074/2978/1579 1463/2077/936 1658/2347/1094 
f 1658/2347/1094 1463/2077/936 1458/2072/944 
f 2074/2978/1579 2077/2981/1581 1463/2077/936 
f 1463/2077/936 2077/2981/1581 1464/2078/937 
f 2077/2981/1581 2099/3003/946 1464/2078/937 
f 1464/2078/937 2099/3003/946 1465/2079/946 
f 2099/3003/946 2100/3004/1506 1465/2079/946 
f 1465/2079/946 2100/3004/1506 1466/2080/947 
f 2100/3004/1506 2101/3005/933 1466/2080/947 
f 1466/2080/947 2101/3005/933 1467/2081/933 
f 2101/3005/933 2102/3006/1583 1467/2081/933 
f 1467/2081/933 2102/3006/1583 1468/2082/934 
f 2102/3006/1583 2103/3007/949 1468/2082/934 
f 1468/2082/934 2103/3007/949 1469/2083/949 
f 2103/3007/949 2104/3008/1584 1469/2083/949 
f 1469/2083/949 2104/3008/1584 1470/2084/950 
f 2104/3008/1584 2105/3009/929 1470/2084/950 
f 1470/2084/950 2105/3009/929 1471/2085/929 
f 2105/3009/929 2106/3010/1585 1471/2085/929 
f 1471/2085/929 2106/3010/1585 1472/2086/931 
f 2106/3010/1585 2107/3011/953 1472/2086/931 
f 1472/2086/931 2107/3011/953 1473/2087/953 
f 2107/3011/953 2108/3012/1586 1473/2087/953 
f 1473/2087/953 2108/3012/1586 1474/2088/968 
f 2108/3012/1586 1589/2273/1060 1474/2088/968 
f 1474/2088/968 1589/2273/1060 1568/2245/1060 
f 1463/2077/936 1337/1951/936 1458/2072/944 
f 1458/2072/944 1337/1951/936 1361/1975/944 
f 1987/2818/937 2109/3013/1025 1459/2073/938 
f 1459/2073/938 2109/3013/1025 1460/2074/965 
f 1992/2835/946 2110/3014/946 1987/2818/937 
f 1987/2818/937 2110/3014/946 2109/3013/1025 
f 1991/2834/947 2111/3015/947 1992/2835/946 
f 1992/2835/946 2111/3015/947 2110/3014/946 
f 1984/2811/933 2112/3016/933 1991/2834/947 
f 1991/2834/947 2112/3016/933 2111/3015/947 
f 1983/2810/935 2113/3017/934 1984/2811/933 
f 1984/2811/933 2113/3017/934 2112/3016/933 
f 1996/2843/949 2114/3018/949 1983/2810/935 
f 1983/2810/935 2114/3018/949 2113/3017/934 
f 1995/2842/950 2115/3019/951 1996/2843/949 
f 1996/2843/949 2115/3019/951 2114/3018/949 
f 1980/2803/929 2116/3020/929 1995/2842/950 
f 1995/2842/950 2116/3020/929 2115/3019/951 
f 1979/2802/1472 2117/3021/931 1980/2803/929 
f 1980/2803/929 2117/3021/931 2116/3020/929 
f 2000/2851/1499 2118/3022/953 1979/2802/1472 
f 1979/2802/1472 2118/3022/953 2117/3021/931 
f 1999/2850/954 2073/2977/1578 2000/2851/1499 
f 2000/2851/1499 2073/2977/1578 2118/3022/953 
f 2040/2944/1572 2037/2941/1569 1675/2364/1108 
f 1675/2364/1108 2036/2940/1568 1674/2363/1107 
f 2072/2976/1500 1627/2314/926 2071/2975/1577 
f 2119/3023/953 2120/3024/1587 2121/3025/953 
f 2121/3025/953 2120/3024/1587 2122/3026/1588 
f 2123/3027/1472 2119/3023/953 2124/3028/1589 
f 2124/3028/1589 2119/3023/953 2121/3025/953 
f 2125/3029/929 2123/3027/1472 2126/3030/929 
f 2126/3030/929 2123/3027/1472 2124/3028/1589 
f 2127/3031/950 2125/3029/929 2128/3032/1590 
f 2128/3032/1590 2125/3029/929 2126/3030/929 
f 2129/3033/949 2127/3031/950 2130/3034/949 
f 2130/3034/949 2127/3031/950 2128/3032/1590 
f 2131/3035/1591 2129/3033/949 2132/3036/1592 
f 2132/3036/1592 2129/3033/949 2130/3034/949 
f 2133/3037/933 2131/3035/1591 2134/3038/933 
f 2134/3038/933 2131/3035/1591 2132/3036/1592 
f 2135/3039/948 2133/3037/933 2136/3040/1593 
f 2136/3040/1593 2133/3037/933 2134/3038/933 
f 2137/3041/946 2135/3039/948 2138/3042/946 
f 2138/3042/946 2135/3039/948 2136/3040/1593 
f 2139/3043/1594 2137/3041/946 2039/2943/1571 
f 2039/2943/1571 2137/3041/946 2138/3042/946 
f 2140/3044/936 2139/3043/1594 2040/2944/1572 
f 2040/2944/1572 2139/3043/1594 2039/2943/1571 
f 2073/2977/1578 1478/2092/972 2120/3024/1587 
f 2120/3024/1587 1478/2092/972 1651/2340/1060 
f 2140/3044/936 2040/2944/1572 1686/2375/944 
f 1686/2375/944 2040/2944/1572 1681/2370/1112 
f 1460/2074/965 2109/3013/1025 2140/3044/936 
f 2140/3044/936 2109/3013/1025 2139/3043/1594 
f 2109/3013/1025 2110/3014/946 2139/3043/1594 
f 2139/3043/1594 2110/3014/946 2137/3041/946 
f 2110/3014/946 2111/3015/947 2137/3041/946 
f 2137/3041/946 2111/3015/947 2135/3039/948 
f 2111/3015/947 2112/3016/933 2135/3039/948 
f 2135/3039/948 2112/3016/933 2133/3037/933 
f 2112/3016/933 2113/3017/934 2133/3037/933 
f 2133/3037/933 2113/3017/934 2131/3035/1591 
f 2113/3017/934 2114/3018/949 2131/3035/1591 
f 2131/3035/1591 2114/3018/949 2129/3033/949 
f 2114/3018/949 2115/3019/951 2129/3033/949 
f 2129/3033/949 2115/3019/951 2127/3031/950 
f 2115/3019/951 2116/3020/929 2127/3031/950 
f 2127/3031/950 2116/3020/929 2125/3029/929 
f 2116/3020/929 2117/3021/931 2125/3029/929 
f 2125/3029/929 2117/3021/931 2123/3027/1472 
f 2117/3021/931 2118/3022/953 2123/3027/1472 
f 2123/3027/1472 2118/3022/953 2119/3023/953 
f 2118/3022/953 2073/2977/1578 2119/3023/953 
f 2119/3023/953 2073/2977/1578 2120/3024/1587 
f 2120/3024/1587 1651/2340/1060 2122/3026/1588 
f 2122/3026/1588 1651/2340/1060 1639/2327/926 
f 1460/2074/965 2140/3044/936 1462/2076/967 
f 1462/2076/967 2140/3044/936 1686/2375/944 
f 1681/2370/1112 2040/2944/1572 1675/2364/1108 
f 1674/2363/1107 2036/2940/1568 2024/2915/1536 
f 2024/2915/1536 2036/2940/1568 2075/2979/1580 
f 2108/3012/1586 1603/2288/1079 1589/2273/1060 
f 2108/3012/1586 2107/3011/953 2097/3001/953 
f 2097/3001/953 2098/3002/954 2108/3012/1586 
f 2096/3000/953 2097/3001/953 2107/3011/953 
f 2107/3011/953 2106/3010/1585 2095/2999/953 
f 2095/2999/953 2096/3000/953 2107/3011/953 
f 2094/2998/931 2095/2999/953 2106/3010/1585 
f 2106/3010/1585 2105/3009/929 2093/2997/929 
f 2093/2997/929 2094/2998/931 2106/3010/1585 
f 2092/2996/929 2093/2997/929 2105/3009/929 
f 2105/3009/929 2104/3008/1584 2091/2995/929 
f 2091/2995/929 2092/2996/929 2105/3009/929 
f 2090/2994/950 2091/2995/929 2104/3008/1584 
f 2104/3008/1584 2103/3007/949 2089/2993/949 
f 2089/2993/949 2090/2994/950 2104/3008/1584 
f 2088/2992/949 2089/2993/949 2103/3007/949 
f 2103/3007/949 2102/3006/1583 2087/2991/949 
f 2087/2991/949 2088/2992/949 2103/3007/949 
f 2086/2990/935 2087/2991/949 2102/3006/1583 
f 2102/3006/1583 2101/3005/933 2085/2989/933 
f 2085/2989/933 2086/2990/935 2102/3006/1583 
f 2084/2988/933 2085/2989/933 2101/3005/933 
f 2101/3005/933 2100/3004/1506 2083/2987/933 
f 2083/2987/933 2084/2988/933 2101/3005/933 
f 2082/2986/947 2083/2987/933 2100/3004/1506 
f 2100/3004/1506 2099/3003/946 2081/2985/946 
f 2081/2985/946 2082/2986/947 2100/3004/1506 
f 2080/2984/946 2081/2985/946 2099/3003/946 
f 2099/3003/946 2077/2981/1581 2079/2983/946 
f 2079/2983/946 2080/2984/946 2099/3003/946 
f 2075/2979/1580 2036/2940/1568 2041/2945/1573 
f 2041/2945/1573 2076/2980/1570 2075/2979/1580 
f 2078/2982/1582 2076/2980/1570 2041/2945/1573 
f 2078/2982/1582 2041/2945/1573 2044/2948/946 
f 2044/2948/946 2079/2983/946 2078/2982/1582 
f 2024/2915/1536 2075/2979/1580 2074/2978/1579 
f 1675/2364/1108 2037/2941/1569 2036/2940/1568 
f 2042/2946/1574 2038/2942/1570 2039/2943/1571 
f 2042/2946/1574 2039/2943/1571 2138/3042/946 
f 2138/3042/946 2043/2947/946 2042/2946/1574 
f 2045/2949/946 2043/2947/946 2138/3042/946 
f 2045/2949/946 2138/3042/946 2136/3040/1593 
f 2136/3040/1593 2046/2950/946 2045/2949/946 
f 2048/2952/948 2046/2950/946 2136/3040/1593 
f 2048/2952/948 2136/3040/1593 2134/3038/933 
f 2134/3038/933 2049/2953/933 2048/2952/948 
f 2051/2955/933 2049/2953/933 2134/3038/933 
f 2051/2955/933 2134/3038/933 2132/3036/1592 
f 2132/3036/1592 2052/2956/933 2051/2955/933 
f 2054/2958/935 2052/2956/933 2132/3036/1592 
f 2054/2958/935 2132/3036/1592 2130/3034/949 
f 2130/3034/949 2055/2959/949 2054/2958/935 
f 2057/2961/949 2055/2959/949 2130/3034/949 
f 2057/2961/949 2130/3034/949 2128/3032/1590 
f 2128/3032/1590 2058/2962/949 2057/2961/949 
f 2060/2964/950 2058/2962/949 2128/3032/1590 
f 2060/2964/950 2128/3032/1590 2126/3030/929 
f 2126/3030/929 2061/2965/929 2060/2964/950 
f 2063/2967/929 2061/2965/929 2126/3030/929 
f 2063/2967/929 2126/3030/929 2124/3028/1589 
f 2124/3028/1589 2064/2968/929 2063/2967/929 
f 2066/2970/931 2064/2968/929 2124/3028/1589 
f 2066/2970/931 2124/3028/1589 2121/3025/953 
f 2121/3025/953 2067/2971/953 2066/2970/931 
f 2069/2973/953 2067/2971/953 2121/3025/953 
f 2069/2973/953 2121/3025/953 2122/3026/1588 
f 2122/3026/1588 2070/2974/953 2069/2973/953 
f 2072/2976/1500 2070/2974/953 2122/3026/1588 
f 2122/3026/1588 1639/2327/926 1627/2314/926 
f 2071/2975/1577 1627/2314/926 1615/2301/1084 
f 2098/3002/954 1603/2288/1079 2108/3012/1586 
f 2071/2975/1577 1603/2288/1079 2098/3002/954 
f 2122/3026/1588 1627/2314/926 2072/2976/1500 
f 1658/2347/1094 1663/2352/1098 2024/2915/1536 
f 1671/2360/1104 1679/2368/1110 1680/2369/1111 
f 1679/2368/1110 1681/2370/1112 1680/2369/1111 
f 2141/1898/1595 2142/1898/1596 2143/1898/1597 
f 2144/1898/1598 2143/1898/1597 2142/1898/1596 
f 2145/1898/1283 2146/1898/1283 2147/1898/1283 
f 2147/1898/1283 2148/1898/1283 2145/1898/1283 
f 2148/1898/1283 2147/1898/1283 2149/1898/1283 
f 2149/1898/1283 2150/1898/1283 2148/1898/1283 
f 2150/1898/1283 2149/1898/1283 2151/1898/1283 
f 2151/1898/1283 2152/1898/1283 2150/1898/1283 
f 2152/1898/1283 2151/1898/1283 2153/1898/1287 
f 2153/1898/1287 2154/1898/1287 2152/1898/1283 
f 2154/1898/1287 2153/1898/1287 2155/1898/1283 
f 2155/1898/1283 2156/1898/1283 2154/1898/1287 
f 2002/1898/1599 1926/1898/1600 1924/1898/1601 
f 1455/2069/1602 1355/1969/1275 1812/2550/1277 
f 1812/2550/1277 1807/2545/1603 1455/2069/1602 
f 1455/2069/1602 1807/2545/1603 1803/2541/1604 
f 1569/2520/1605 2157/3045/995 1877/2631/996 
f 1829/2553/1297 2157/3045/1296 1569/2520/1298 
f 1805/2543/995 1877/2631/996 2157/3045/995 
f 2157/3045/995 1806/2544/995 1805/2543/995 
f 1829/2553/1297 1806/2544/1296 2157/3045/1296 
f 1688/2377/1606 1788/2526/1607 1784/2522/1608 
f 1688/2377/1606 1683/2372/1259 1790/2528/1261 
f 1790/2528/1261 1788/2526/1607 1688/2377/1606 
f 1838/2562/1314 1878/2636/1609 1793/2531/1310 
f 1838/2562/1314 1837/2561/1313 1878/2636/1609 
# 1508 faces

#
# object meshId3_name
#

v  -2.0612 -0.4041 1.3076
v  -2.0510 0.4066 1.3076
v  -2.0510 0.4066 1.0315
v  -2.0612 -0.4041 1.0315
v  -1.4797 -0.1526 1.3076
v  -1.4866 -0.4041 1.3076
v  -1.4707 -0.1649 1.3076
v  -1.4749 -0.1649 1.5195
v  -1.4749 -0.4041 1.5195
v  0.5185 1.0680 0.9819
v  0.4412 1.0758 0.9819
v  0.5185 1.0583 1.0326
v  0.4270 1.0829 1.0315
v  0.7331 0.5686 1.0355
v  0.7415 -0.1012 1.0355
v  0.8303 0.4698 0.7135
v  0.7032 -0.4041 0.7135
v  -2.0510 0.4066 0.7135
v  -2.0612 -0.4041 0.7135
v  0.8482 0.5927 0.7135
v  0.9367 0.3036 0.5545
v  0.9091 1.0114 0.7135
v  1.1703 0.9825 0.3955
v  -2.0510 0.4066 0.3955
v  -2.0612 -0.4041 0.3955
v  -1.1150 2.7781 0.6997
v  -1.4997 2.7781 0.3477
v  -1.4997 2.7781 0.6997
v  -1.1150 2.7781 0.3477
v  1.0816 0.2479 0.3383
v  1.1553 0.2479 0.2573
v  1.3420 0.9825 0.0775
v  -2.0510 0.4066 0.0775
v  -2.0612 -0.4041 0.0775
v  1.1362 -0.4041 0.0775
v  1.1923 -0.4041 -0.2405
v  1.3981 0.9825 -0.2405
v  -2.0510 0.4066 -0.2405
v  -2.0612 -0.4041 -0.2405
v  1.3420 0.9825 -0.5585
v  1.1362 -0.4041 -0.5585
v  -2.0510 0.4066 -0.5585
v  -2.0612 -0.4041 -0.5585
v  1.1703 0.9825 -0.8765
v  0.9644 -0.4041 -0.8765
v  -2.0510 0.4066 -0.8765
v  -2.0612 -0.4041 -0.8765
v  0.9367 0.3036 -1.0355
v  0.8696 0.7401 -1.1945
v  0.7032 -0.4041 -1.1945
v  -2.0510 0.4066 -1.1945
v  -2.0612 -0.4041 -1.1945
v  0.7220 -0.1693 -1.5125
v  0.7294 -0.1735 -1.5102
v  0.7096 -0.4041 -1.5125
v  -2.0510 0.4066 -1.4160
v  -2.0612 -0.4041 -1.4160
v  -1.9345 -0.4041 1.3076
v  -1.9163 0.2445 1.3076
v  -1.4770 -0.1032 1.3076
v  -1.4653 0.7090 1.2975
v  -1.5668 0.2445 1.3076
v  -1.5668 0.4066 1.3076
v  -1.7507 0.4066 1.3076
v  -1.7507 0.2445 1.3076
v  -1.9260 0.4066 1.3076
v  -1.9163 0.2445 1.2692
v  -1.9345 -0.4041 1.2692
v  -1.5683 -0.4041 1.3076
v  -1.5668 -0.4041 1.2692
v  -1.5668 0.2445 1.2692
v  -1.1992 -0.1649 1.5195
v  -1.3830 -0.1649 1.5195
v  -1.1992 -0.4041 1.5195
v  -1.3830 -0.4041 1.5195
v  -1.1073 -0.4041 1.5195
v  -1.1073 -0.1649 1.5195
v  -1.0153 -0.1649 1.5195
v  -1.0153 -0.4041 1.5195
v  -0.9242 -0.4048 1.5202
v  -0.9234 -0.1649 1.5195
v  -0.8315 -0.1649 1.5195
v  -0.8315 -0.4041 1.5195
v  -0.7396 -0.4041 1.5195
v  -0.7396 -0.1649 1.5195
v  -0.6477 -0.1649 1.5195
v  -0.6477 -0.4041 1.5195
v  -0.5295 -0.4041 1.5195
v  -0.5295 -0.1649 1.5195
v  -0.0043 -0.4041 1.5195
v  -0.0043 -0.1649 1.5195
v  -0.1094 -0.4041 1.5195
v  -0.1094 -0.1649 1.5195
v  0.0877 -0.1649 1.5195
v  0.0877 -0.4041 1.5195
v  0.1987 -0.1649 1.5195
v  0.1980 -0.4041 1.5195
v  0.2715 -0.1649 1.5195
v  0.2715 -0.4041 1.5195
v  0.4714 -0.4041 1.5195
v  0.4683 -0.1649 1.5195
v  0.5360 -0.1649 1.5195
v  0.5391 -0.4025 1.5195
v  0.6199 -0.1649 1.5195
v  0.6230 -0.4009 1.5195
v  0.7039 -0.1649 1.5195
v  0.7068 -0.3993 1.5195
v  0.7877 -0.1649 1.5195
v  0.7906 -0.3977 1.5195
v  -0.4949 -0.4041 1.5195
v  -0.4949 -0.2952 1.5195
v  -0.4949 -0.4041 1.5388
v  -0.4696 -0.2952 1.5272
v  -0.4949 -0.2952 1.5272
v  -0.4696 -0.4041 1.5272
v  -0.4949 -0.4041 1.5272
v  -0.3719 -0.4041 1.5272
v  -0.3719 -0.2952 1.5272
v  -0.2800 -0.2952 1.5272
v  -0.2800 -0.4041 1.5272
v  -0.1881 -0.4041 1.5272
v  -0.1881 -0.2952 1.5272
v  -0.1487 -0.4041 1.5272
v  -0.1487 -0.2952 1.5272
v  -0.1487 -0.4041 1.5388
v  -0.1487 -0.2952 1.5195
v  -0.1487 -0.4041 1.5195
v  0.2344 1.0796 1.0315
v  0.2492 0.9227 0.3954
v  0.2812 0.9227 0.6183
v  0.4349 0.9238 0.6183
v  0.4348 0.9235 -0.2404
v  0.2490 0.9227 0.0775
v  0.2489 0.9227 -0.2405
v  0.2487 0.9226 -0.5584
v  0.4348 0.9224 -1.0991
v  0.2483 0.9223 -0.8762
v  0.2807 0.9221 -1.0991
v  0.4412 1.0797 -1.1945
v  0.4412 1.0773 -1.3263
v  0.2344 1.0796 -1.1945
v  -1.5233 0.7141 0.7135
v  -1.2008 0.6869 0.7135
v  -1.4616 1.5251 0.6808
v  -1.1304 1.5845 0.7135
v  -1.4283 1.5383 0.4438
v  -1.4603 2.5419 0.6603
v  -1.4215 1.5410 0.3955
v  -1.4603 2.5419 0.3871
v  -1.1544 2.5419 0.6603
v  -1.1304 1.7155 0.3955
v  -1.1544 2.5419 0.3871
v  -1.4997 2.5419 0.3477
v  -1.4997 2.5419 0.6997
v  -1.1150 2.5419 0.6997
v  -1.1150 2.5419 0.3477
v  0.7314 0.6961 1.0355
v  0.7237 0.9989 1.0355
v  0.6889 0.8471 1.0329
v  0.6081 0.9520 1.0304
v  0.5092 1.0195 1.0275
v  0.4100 1.0335 1.0249
v  0.5185 1.0681 0.7135
v  0.5185 1.0679 0.8911
v  1.0852 0.8360 0.3491
v  0.4975 0.9137 0.6168
v  0.8509 0.8629 0.6168
v  1.2500 0.8347 0.0486
v  0.5000 0.9161 -0.2405
v  1.3026 0.8342 -0.2405
v  1.2500 0.8348 -0.5296
v  0.4978 0.9138 -1.0977
v  1.0852 0.8360 -0.8301
v  0.8509 0.8629 -1.0977
v  0.5185 1.0640 -1.4618
v  0.5185 1.0645 -1.4163
v  0.9091 1.0114 -1.1945
v  0.4412 1.0766 0.8911
v  0.4412 1.0813 0.7135
v  0.4270 1.0300 -1.5125
v  0.4412 1.0754 -1.4163
v  0.5185 1.0661 -1.3263
v  0.5185 1.0681 -1.1945
v  0.2344 1.0796 0.7135
v  0.2812 1.0802 0.6183
v  0.4412 1.0814 0.6184
v  0.2807 1.0796 -1.0995
v  0.4412 1.0799 -1.0995
v  0.8727 1.0189 0.5824
v  0.5188 1.0698 0.6184
v  1.1053 0.9921 0.3514
v  1.2672 0.9913 0.0514
v  1.3186 0.9909 -0.2405
v  1.2672 0.9913 -0.5325
v  1.1053 0.9921 -0.8324
v  0.8727 1.0189 -1.0995
v  0.5187 1.0694 -1.0995
v  0.7452 -0.3984 1.0355
v  0.7423 -0.1655 1.0355
v  -1.4749 0.6865 -1.4160
v  -1.4501 -0.1051 -1.4160
v  -1.5668 0.6270 -1.4160
v  -1.4592 -0.1245 -1.4160
v  -1.4469 -0.1828 -1.4160
v  -1.4398 -0.4041 -1.4160
v  -1.4576 -0.1633 -1.4160
v  -1.4642 -0.1439 -1.4160
v  -1.7507 -0.4041 -1.4160
v  -1.7507 0.5163 -1.4160
v  -1.8774 -0.4041 -1.4160
v  -1.8722 0.4496 -1.4160
v  0.7196 -0.1691 -1.8305
v  0.7096 -0.4041 -1.8305
v  0.5893 -0.4041 -1.8305
v  0.5902 -0.1696 -1.8305
v  -0.1881 -0.4041 -1.8305
v  -0.1881 -0.1735 -1.8305
v  -0.1413 -0.4041 -1.8305
v  -0.1113 -0.1729 -1.8305
v  -0.1089 -0.4041 -1.8305
v  -0.2800 -0.4041 -1.8305
v  -0.2800 -0.2898 -1.8305
v  -0.2800 -0.1742 -1.8305
v  -1.3830 -0.4041 -1.8305
v  -1.3830 -0.1819 -1.8305
v  -1.1992 -0.4041 -1.8305
v  -1.1992 -0.2898 -1.8305
v  -1.1992 -0.1806 -1.8305
v  -1.4489 -0.1824 -1.8305
v  -1.4398 -0.4041 -1.8305
v  -0.3719 -0.4041 -1.8305
v  -0.3719 -0.2898 -1.8305
v  -0.4638 -0.4041 -1.8305
v  -0.4638 -0.2898 -1.8305
v  -0.5558 -0.4041 -1.8305
v  -0.5558 -0.2898 -1.8305
v  -0.6477 -0.4041 -1.8305
v  -0.6477 -0.2898 -1.8305
v  -0.7396 -0.4041 -1.8305
v  -0.7396 -0.2898 -1.8305
v  -0.8315 -0.4041 -1.8305
v  -0.8315 -0.2898 -1.8305
v  -0.9234 -0.4041 -1.8305
v  -0.9234 -0.2898 -1.8305
v  -1.0153 -0.4041 -1.8305
v  -1.0143 -0.2898 -1.8305
v  -1.1073 -0.4041 -1.8305
v  -1.1073 -0.2898 -1.8305
v  0.3160 -0.4041 -1.8305
v  0.3160 -0.1703 -1.8305
v  -1.5233 0.7141 0.3955
v  -1.4368 1.4321 0.3955
v  -1.4419 1.4262 0.4387
v  0.7489 -0.1346 1.0355
v  0.7461 -0.1532 1.0355
v  0.7457 -0.1192 1.0355
v  -1.4820 -0.1341 1.3076
v  -1.4797 -0.1186 1.3076
v  0.7294 -0.1086 -1.5121
v  0.7275 -0.1051 -1.5125
v  0.7414 0.7581 -1.5139
v  0.7294 -0.1250 -1.5116
v  0.7294 -0.1413 -1.5111
v  0.7294 -0.1574 -1.5106
v  1.0762 -0.0157 0.3174
v  1.1270 -0.0157 0.2715
v  1.0893 0.2058 0.3174
v  1.1310 0.2058 0.2715
v  1.1481 -0.0576 0.2573
v  0.9644 -0.4041 0.3955
v  1.0585 -0.0576 0.3383
v  1.1035 0.2351 0.3553
v  1.0822 -0.0469 0.3553
v  1.1649 -0.0469 0.2805
v  1.1715 0.2351 0.2805
v  1.0994 -0.0166 0.3408
v  1.1125 0.2049 0.3408
v  1.1502 -0.0166 0.2949
v  1.1543 0.2049 0.2949
v  0.8894 0.8762 -1.1946
v  0.2344 1.0796 -1.5125
# 281 vertices

vn -0.9999 0.0126 0.0000
vn 0.0000 -0.0000 1.0000
vn -0.9995 -0.0253 -0.0186
vn -0.9999 -0.0063 0.0132
vn -0.9991 0.0358 0.0206
vn -0.9963 0.0661 0.0549
vn 0.0984 0.9774 0.1872
vn 0.2604 0.9633 -0.0648
vn 0.9583 0.0120 0.2856
vn 0.9909 -0.1154 0.0687
vn 0.9789 -0.0393 0.2004
vn 0.9894 -0.1439 0.0178
vn 0.7679 -0.1117 0.6307
vn 0.7627 -0.1132 0.6367
vn 0.7980 -0.1202 0.5905
vn 0.8211 -0.1136 0.5593
vn -0.0000 1.0000 0.0000
vn -0.0000 1.0000 -0.0000
vn 0.7961 -0.1222 0.5926
vn 0.8916 -0.1313 0.4333
vn 0.9513 -0.1343 0.2776
vn 0.9577 -0.1636 0.2367
vn 0.9892 -0.1469 -0.0000
vn 0.9340 -0.1387 -0.3294
vn 0.9308 -0.1382 -0.3385
vn 0.8378 -0.1244 -0.5316
vn 0.8631 -0.1281 -0.4885
vn 0.7652 -0.1125 -0.6339
vn 0.7677 -0.1118 -0.6310
vn 0.7679 -0.1117 -0.6307
vn 0.2888 -0.0153 -0.9573
vn 0.9959 -0.0851 -0.0303
vn 0.9961 -0.0857 0.0194
vn 0.9961 -0.0856 0.0199
vn 0.9961 -0.0856 0.0196
vn 0.0000 0.0206 0.9998
vn -0.0000 -0.0000 1.0000
vn -0.0000 0.0625 0.9980
vn 0.9996 -0.0281 -0.0000
vn -0.9993 0.0022 -0.0370
vn -1.0000 0.0001 -0.0014
vn -0.9994 0.0021 -0.0356
vn -1.0000 0.0000 -0.0000
vn 0.0000 -0.0229 0.9997
vn -0.0029 0.0011 1.0000
vn -0.0076 0.0029 1.0000
vn 0.0000 -0.0222 0.9998
vn 0.0029 0.0011 1.0000
vn 0.0075 0.0029 1.0000
vn -0.0000 -0.0230 0.9997
vn 0.0000 -0.0231 0.9997
vn 0.0000 -0.0233 0.9997
vn -0.0000 -0.0279 0.9996
vn -0.0000 -0.0288 0.9996
vn 1.0000 0.0000 -0.0000
vn -0.0173 0.9889 -0.1477
vn 0.0117 0.9996 -0.0274
vn 0.0139 0.9999 -0.0038
vn -0.0066 1.0000 0.0008
vn -0.0068 1.0000 0.0009
vn -0.0053 1.0000 -0.0001
vn -0.0040 1.0000 -0.0004
vn -0.0051 1.0000 0.0002
vn -0.0041 1.0000 -0.0002
vn -0.0028 1.0000 -0.0000
vn -0.0023 1.0000 -0.0010
vn -0.0017 1.0000 -0.0009
vn -0.0009 0.9998 -0.0186
vn 0.0107 0.9999 -0.0064
vn 0.0087 1.0000 -0.0035
vn 0.0034 0.0399 0.9992
vn -0.1015 0.0201 0.9946
vn -0.0994 0.0078 0.9950
vn -0.0994 0.0080 0.9950
vn -0.9903 -0.0016 -0.1391
vn -0.9992 -0.0388 0.0000
vn -0.1016 0.0202 0.9946
vn -0.0000 0.0554 0.9985
vn 0.9996 0.0256 0.0106
vn 0.9996 0.0261 0.0092
vn 0.9996 0.0281 0.0027
vn 0.9996 0.0290 -0.0000
vn 0.0049 -0.0082 -1.0000
vn 0.0011 -0.0097 -1.0000
vn 0.0044 -0.0084 -1.0000
vn -0.0000 -0.0101 -0.9999
vn 0.0000 -1.0000 -0.0000
vn -0.0000 -1.0000 0.0000
vn 0.0000 -1.0000 0.0000
vn -1.0000 0.0000 0.0000
vn -1.0000 -0.0000 0.0000
vn -0.0000 0.0000 1.0000
vn -0.0000 0.0000 -1.0000
vn 0.0000 -0.0000 -1.0000
vn -0.0676 -0.0017 0.9977
vn -0.0435 -0.0153 0.9989
vn -0.0591 -0.0037 0.9982
vn -0.0393 -0.0104 0.9992
vn -0.0466 -0.1201 0.9917
vn -0.0445 -0.0940 0.9946
vn -0.0435 -0.1174 0.9921
vn -0.0439 -0.1157 0.9923
vn 0.2130 0.9715 0.1044
vn 0.1437 0.9896 0.0010
vn 0.1432 0.9897 -0.0002
vn 0.1182 0.9928 0.0189
vn 0.1271 0.9843 -0.1222
vn 0.1315 0.9147 -0.3822
vn 0.0954 0.9949 0.0326
vn 0.1191 0.9929 0.0000
vn 0.1015 0.9948 0.0000
vn 0.0954 0.9949 -0.0326
vn 0.1326 0.9839 0.1201
vn 0.1183 0.9928 -0.0188
vn 0.1318 0.9268 0.3516
vn 0.1406 0.9900 -0.0127
vn 0.1427 0.9897 -0.0155
vn 0.1435 0.9895 -0.0167
vn 0.1116 0.9937 0.0010
vn 0.1680 0.9854 0.0260
vn 0.1138 0.9935 -0.0000
vn 0.1583 0.9874 -0.0004
vn 0.1362 0.9907 -0.0012
vn -0.1079 0.9052 -0.4111
vn 0.1393 0.9902 -0.0127
vn 0.1438 0.9895 -0.0155
vn 0.1481 0.9888 -0.0179
vn 0.1440 0.9894 -0.0198
vn 0.1489 0.9888 -0.0140
vn -0.0097 1.0000 0.0021
vn -0.0079 1.0000 0.0022
vn 0.5760 0.8115 -0.0989
vn -0.0077 1.0000 0.0018
vn -0.0011 1.0000 -0.0002
vn -0.0013 1.0000 -0.0009
vn -0.0010 1.0000 -0.0005
vn -0.0015 1.0000 -0.0013
vn 0.1343 0.9907 0.0197
vn 0.1435 0.9895 0.0191
vn 0.1465 0.9891 0.0156
vn 0.1464 0.9891 0.0179
vn 0.1210 0.9920 0.0367
vn 0.1216 0.9919 0.0372
vn 0.1029 0.9940 0.0370
vn 0.1040 0.9939 0.0373
vn 0.1049 0.9945 0.0000
vn 0.1056 0.9944 0.0000
vn 0.1029 0.9940 -0.0371
vn 0.1040 0.9939 -0.0373
vn 0.1220 0.9918 -0.0366
vn 0.1221 0.9918 -0.0365
vn 0.1402 0.9900 -0.0181
vn 0.1476 0.9889 -0.0134
vn 0.1681 0.9858 0.0019
vn 0.1489 0.9887 0.0179
vn 0.1343 0.9909 -0.0013
vn 0.0003 0.0010 -1.0000
vn 0.0001 0.0006 -1.0000
vn 0.0000 0.0005 -1.0000
vn -0.0005 0.0000 -1.0000
vn -0.0000 0.0021 1.0000
vn 0.0000 0.0021 1.0000
vn 0.0001 0.0021 1.0000
vn -0.0978 0.0238 -0.9949
vn -0.0483 -0.1504 -0.9875
vn -0.7951 0.1090 -0.5966
vn -0.7998 0.0890 -0.5936
vn -0.7417 -0.0059 -0.6707
vn -0.7540 -0.0393 -0.6557
vn -0.9351 0.1070 -0.3379
vn -0.9328 0.1108 -0.3429
vn -0.9948 0.1015 0.0000
vn -0.9945 0.1049 0.0000
vn -0.9351 0.1072 0.3379
vn -0.9328 0.1107 0.3430
vn -0.8128 0.1112 0.5719
vn -0.8100 0.1137 0.5753
vn 0.0015 0.0109 0.9999
vn 0.0016 0.0108 0.9999
vn -0.7429 0.1097 0.6604
vn -0.7423 0.1111 0.6608
vn 0.0001 0.0010 -1.0000
vn -0.0216 0.0135 -0.9997
vn 0.0003 0.0021 1.0000
vn -0.0202 0.0138 0.9997
vn 0.9956 0.0124 -0.0934
vn 0.9956 -0.0034 -0.0934
vn 0.9955 0.0123 -0.0935
vn 0.9956 -0.0046 -0.0934
vn 0.0000 0.0000 -1.0000
vn 0.9966 -0.0821 -0.0076
vn 0.9967 -0.0811 -0.0048
vn 0.9989 -0.0467 -0.0045
vn 0.9989 -0.0468 -0.0045
vn 0.9986 -0.0528 -0.0000
vn 0.0001 -0.0282 -0.9996
vn 0.0001 -0.0385 -0.9993
vn 0.0002 -0.0347 -0.9994
vn 0.0002 -0.0283 -0.9996
vn 0.0013 -0.0522 -0.9986
vn 0.0003 -0.0359 -0.9994
vn 0.0002 -0.0550 -0.9985
vn 0.0002 -0.0426 -0.9991
vn -0.9973 -0.0736 0.0040
vn -0.9961 -0.0887 0.0018
vn -0.9994 -0.0349 0.0032
vn -0.9992 -0.0409 -0.0000
vn 0.0004 -0.0279 -0.9996
vn -0.9928 0.1196 0.0000
vn -0.9915 0.0710 -0.1093
vn 0.9915 0.0124 -0.1294
vn 0.9887 -0.1488 -0.0156
vn 0.9508 -0.2927 0.1016
vn 0.9353 0.1946 -0.2954
vn 0.9254 0.2149 -0.3121
vn 0.9882 -0.1437 -0.0524
vn 0.9882 -0.1429 -0.0545
vn 0.9549 -0.0497 -0.2927
vn 0.9170 -0.0042 -0.3988
vn 0.9276 -0.0155 -0.3733
vn 0.9549 -0.0498 -0.2927
vn 0.9964 0.0028 0.0846
vn 0.9964 0.0025 0.0843
vn 0.9964 0.0026 0.0844
vn 0.9965 0.0023 0.0841
vn 0.9965 0.0022 0.0841
vn 0.6700 -0.0396 0.7413
vn 0.6816 -0.0355 0.7309
vn 0.7260 -0.0189 0.6874
vn 0.7396 -0.0136 0.6729
vn 0.9497 -0.1309 0.2845
vn 0.8321 -0.2021 0.5165
vn 0.6565 -0.0541 0.7524
vn -0.5958 0.0451 0.8018
vn 0.2375 -0.9352 0.2628
vn 0.8149 -0.0192 -0.5793
vn 0.3102 0.9078 0.2822
vn 0.6933 -0.0524 0.7188
vn 0.6955 -0.0523 0.7166
vn 0.7797 -0.0484 0.6243
vn 0.7997 -0.0473 0.5985
vn 0.6702 -0.0284 0.7416
vn 0.6704 -0.0157 0.7418
vn 0.6702 -0.0278 0.7416
vn 0.6704 -0.0142 0.7418
vn 0.7359 -0.1002 0.6696
vn 0.7086 -0.0419 -0.7044
vn 0.0183 0.9996 0.0203
vn -0.7097 0.0130 0.7044
vn -0.0202 -0.9996 -0.0184
vn 0.5557 -0.0800 -0.8275
vn 0.5542 -0.0839 -0.8282
vn 0.5289 -0.1451 -0.8362
vn 0.5230 -0.1587 -0.8374
vn 0.8660 0.0220 0.4995
vn 0.9013 -0.0719 0.4271
vn 0.9016 -0.0727 0.4264
vn 0.9171 -0.1334 0.3756
vn -0.9834 0.1258 -0.1310
vn 0.0443 0.9967 -0.0678
vn 0.1055 0.9771 -0.1849
vn 0.2232 0.8686 -0.4424
vn 0.2502 0.9547 0.1612
vn 0.2683 0.9445 0.1896
vn 0.0099 0.9999 0.0073
vn 0.0072 0.9999 0.0083
vn -0.0083 0.9996 0.0263
vn 0.7692 -0.1113 -0.6293
vn 0.7679 -0.1117 -0.6308
# 269 vertex normals

vt 4.3457 0.0020 0.0000
vt 4.5242 0.0020 0.0000
vt 4.5242 0.0628 0.0000
vt 4.3457 0.0628 0.0000
vt 4.2312 0.7987 0.0000
vt 4.2297 0.7434 0.0000
vt 4.2332 0.7960 0.0000
vt 4.2631 0.9980 0.0000
vt 4.2165 0.9980 0.0000
vt 4.2631 0.9454 0.0000
vt 4.2165 0.9454 0.0000
vt 4.5937 0.0138 0.0000
vt 4.5767 0.0138 0.0000
vt 4.5937 0.0026 0.0000
vt 4.5736 0.0029 0.0000
vt 4.2300 0.6335 0.0000
vt 4.0825 0.6335 0.0000
vt 4.2082 0.5626 0.0000
vt 4.0158 0.5626 0.0000
vt 4.5242 0.1328 0.0000
vt 4.3457 0.1328 0.0000
vt 4.2353 0.5626 0.0000
vt 4.1716 0.5276 0.0000
vt 4.3275 0.5626 0.0000
vt 4.3211 0.4926 0.0000
vt 4.5242 0.2028 0.0000
vt 4.3457 0.2028 0.0000
vt 4.6494 0.2240 0.0000
vt 4.7169 0.2977 0.0000
vt 4.6494 0.2977 0.0000
vt 4.7169 0.2240 0.0000
vt 4.1594 0.4800 0.0000
vt 4.1594 0.4621 0.0000
vt 4.3211 0.4225 0.0000
vt 4.5242 0.2728 0.0000
vt 4.3457 0.2728 0.0000
vt 4.0158 0.4225 0.0000
vt 4.0158 0.3525 0.0000
vt 4.3211 0.3525 0.0000
vt 4.5242 0.3428 0.0000
vt 4.3457 0.3428 0.0000
vt 4.3211 0.2825 0.0000
vt 4.0158 0.2825 0.0000
vt 4.5242 0.4128 0.0000
vt 4.3457 0.4128 0.0000
vt 4.3211 0.2125 0.0000
vt 4.0158 0.2125 0.0000
vt 4.5242 0.4828 0.0000
vt 4.3457 0.4828 0.0000
vt 4.1716 0.1775 0.0000
vt 4.2677 0.1425 0.0000
vt 4.0158 0.1425 0.0000
vt 4.5242 0.5529 0.0000
vt 4.3457 0.5529 0.0000
vt 4.0675 0.0725 0.0000
vt 4.0666 0.0730 0.0000
vt 4.0158 0.0725 0.0000
vt 4.5242 0.6016 0.0000
vt 4.3457 0.6016 0.0000
vt 4.5269 0.6055 0.0000
vt 4.5309 0.7482 0.0000
vt 4.4990 0.6055 0.0000
vt 4.5013 0.7839 0.0000
vt 4.6277 0.6717 0.0000
vt 4.6302 0.8505 0.0000
vt 4.6079 0.7482 0.0000
vt 4.6079 0.7839 0.0000
vt 4.5674 0.7839 0.0000
vt 4.5674 0.7482 0.0000
vt 4.5288 0.7839 0.0000
vt 4.1973 0.8862 0.0000
vt 4.1973 0.7434 0.0000
vt 4.2058 0.8862 0.0000
vt 4.2058 0.7434 0.0000
vt 4.1914 0.7434 0.0000
vt 4.1914 0.8862 0.0000
vt 4.1830 0.7434 0.0000
vt 4.1830 0.8862 0.0000
vt 4.3504 0.8908 0.0000
vt 4.3504 0.9313 0.0000
vt 4.2978 0.8908 0.0000
vt 4.2978 0.9313 0.0000
vt 4.2978 0.8706 0.0000
vt 4.3504 0.8706 0.0000
vt 4.3504 0.8503 0.0000
vt 4.2978 0.8503 0.0000
vt 4.2976 0.8303 0.0000
vt 4.3504 0.8301 0.0000
vt 4.3504 0.8099 0.0000
vt 4.2978 0.8099 0.0000
vt 4.2978 0.7896 0.0000
vt 4.3504 0.7896 0.0000
vt 4.3504 0.7694 0.0000
vt 4.2978 0.7694 0.0000
vt 4.2978 0.7434 0.0000
vt 4.3504 0.7434 0.0000
vt 4.2391 0.9184 0.0000
vt 4.2917 0.9184 0.0000
vt 4.2391 0.9415 0.0000
vt 4.2917 0.9415 0.0000
vt 4.2917 0.8981 0.0000
vt 4.2391 0.8981 0.0000
vt 4.2917 0.8737 0.0000
vt 4.2391 0.8738 0.0000
vt 4.2917 0.8577 0.0000
vt 4.2391 0.8577 0.0000
vt 4.2391 0.8136 0.0000
vt 4.2917 0.8143 0.0000
vt 4.2917 0.7994 0.0000
vt 4.2394 0.7987 0.0000
vt 4.2917 0.7809 0.0000
vt 4.2398 0.7803 0.0000
vt 4.2917 0.7625 0.0000
vt 4.2401 0.7618 0.0000
vt 4.2917 0.7440 0.0000
vt 4.2405 0.7434 0.0000
vt 4.3504 0.9515 0.0000
vt 4.2978 0.9515 0.0000
vt 4.2863 0.9454 0.0000
vt 4.2863 0.9693 0.0000
vt 4.2820 0.9454 0.0000
vt 4.1749 0.9482 0.0000
vt 4.1749 0.9538 0.0000
vt 4.1509 0.9482 0.0000
vt 4.1509 0.9538 0.0000
vt 4.1509 0.9267 0.0000
vt 4.1749 0.9267 0.0000
vt 4.1749 0.9065 0.0000
vt 4.1509 0.9065 0.0000
vt 4.1509 0.8862 0.0000
vt 4.1749 0.8862 0.0000
vt 4.1509 0.8776 0.0000
vt 4.1749 0.8776 0.0000
vt 4.2975 0.9553 0.0000
vt 4.2933 0.9793 0.0000
vt 4.2933 0.9553 0.0000
vt 4.5312 0.0029 0.0000
vt 4.7412 0.6159 0.0000
vt 4.7483 0.5668 0.0000
vt 4.7821 0.5668 0.0000
vt 4.7821 0.7559 0.0000
vt 4.7412 0.6859 0.0000
vt 4.7411 0.7559 0.0000
vt 4.7411 0.8259 0.0000
vt 4.7821 0.9449 0.0000
vt 4.7410 0.8959 0.0000
vt 4.7481 0.9449 0.0000
vt 4.5767 0.4929 0.0000
vt 4.5767 0.5220 0.0000
vt 4.5312 0.4929 0.0000
vt 4.8696 0.2136 0.0000
vt 4.9291 0.2120 0.0000
vt 4.8677 0.3684 0.0000
vt 4.9320 0.3836 0.0000
vt 4.8204 0.3708 0.0000
vt 4.8599 0.5621 0.0000
vt 4.8112 0.3713 0.0000
vt 4.8096 0.5622 0.0000
vt 4.9164 0.5656 0.0000
vt 4.9886 0.4168 0.0000
vt 4.9679 0.5730 0.0000
vt 4.7542 0.4019 0.0000
vt 4.7513 0.5595 0.0000
vt 4.5442 0.2902 0.0000
vt 4.5966 0.2902 0.0000
vt 4.5367 0.2977 0.0000
vt 4.6042 0.2977 0.0000
vt 4.5966 0.2315 0.0000
vt 4.6042 0.2240 0.0000
vt 4.5442 0.2315 0.0000
vt 4.5367 0.2240 0.0000
vt 4.6042 0.3652 0.0000
vt 4.6494 0.3652 0.0000
vt 4.6042 0.1565 0.0000
vt 4.6494 0.1565 0.0000
vt 4.6042 0.4390 0.0000
vt 4.6494 0.4390 0.0000
vt 4.1448 0.8776 0.0000
vt 4.1432 0.9442 0.0000
vt 4.1355 0.9108 0.0000
vt 4.1177 0.9339 0.0000
vt 4.0980 0.9573 0.0000
vt 4.0959 0.9488 0.0000
vt 4.0741 0.9518 0.0000
vt 4.0778 0.9627 0.0000
vt 4.6797 0.0729 0.0000
vt 4.5937 0.0729 0.0000
vt 4.5937 0.0338 0.0000
vt 4.9253 0.6261 0.0000
vt 4.7959 0.5672 0.0000
vt 4.8737 0.5671 0.0000
vt 4.9616 0.6922 0.0000
vt 4.7964 0.7559 0.0000
vt 4.9731 0.7559 0.0000
vt 4.9616 0.8196 0.0000
vt 4.7959 0.9446 0.0000
vt 4.9253 0.8857 0.0000
vt 4.8737 0.9446 0.0000
vt 4.5937 0.5518 0.0000
vt 4.5937 0.5418 0.0000
vt 4.6797 0.4929 0.0000
vt 4.5767 0.0338 0.0000
vt 4.5767 0.0729 0.0000
vt 4.5736 0.5630 0.0000
vt 4.5767 0.5418 0.0000
vt 4.5937 0.5220 0.0000
vt 4.5937 0.4929 0.0000
vt 4.5312 0.0729 0.0000
vt 4.5415 0.0938 0.0000
vt 4.5767 0.0938 0.0000
vt 4.5413 0.4720 0.0000
vt 4.5767 0.4720 0.0000
vt 4.6717 0.1017 0.0000
vt 4.5938 0.0938 0.0000
vt 4.7372 0.1429 0.0000
vt 4.7229 0.1526 0.0000
vt 4.7750 0.2129 0.0000
vt 4.7585 0.2186 0.0000
vt 4.7874 0.2829 0.0000
vt 4.7699 0.2829 0.0000
vt 4.7750 0.3529 0.0000
vt 4.7585 0.3472 0.0000
vt 4.7372 0.4229 0.0000
vt 4.7229 0.4132 0.0000
vt 4.6717 0.4720 0.0000
vt 4.5938 0.4720 0.0000
vt 4.0753 0.8384 0.0000
vt 4.1101 0.8398 0.0000
vt 4.0756 0.8736 0.0000
vt 4.1103 0.8736 0.0000
vt 4.1771 0.8737 0.0000
vt 4.1424 0.8737 0.0000
vt 4.1771 0.8384 0.0000
vt 4.1424 0.8398 0.0000
vt 4.0779 0.8213 0.0000
vt 4.0891 0.7434 0.0000
vt 4.1123 0.8260 0.0000
vt 4.1235 0.7482 0.0000
vt 4.7292 0.6252 0.0000
vt 4.6949 0.6258 0.0000
vt 4.7351 0.5744 0.0000
vt 4.7008 0.5668 0.0000
vt 4.7291 0.6913 0.0000
vt 4.6946 0.6919 0.0000
vt 4.7290 0.7556 0.0000
vt 4.6945 0.7556 0.0000
vt 4.7291 0.8198 0.0000
vt 4.6946 0.8192 0.0000
vt 4.7292 0.8859 0.0000
vt 4.6949 0.8854 0.0000
vt 4.1748 0.8213 0.0000
vt 4.1405 0.8259 0.0000
vt 4.1637 0.7434 0.0000
vt 4.1294 0.7482 0.0000
vt 4.7351 0.9447 0.0000
vt 4.7008 0.9443 0.0000
vt 4.0171 0.6330 0.0000
vt 4.0684 0.6330 0.0000
vt 4.0172 0.7395 0.0000
vt 4.0685 0.7395 0.0000
vt 4.4854 0.6055 0.0000
vt 4.4909 0.7797 0.0000
vt 4.4652 0.6186 0.0000
vt 4.4889 0.7840 0.0000
vt 4.4916 0.7968 0.0000
vt 4.4931 0.8456 0.0000
vt 4.4892 0.7926 0.0000
vt 4.4878 0.7883 0.0000
vt 4.4247 0.8456 0.0000
vt 4.4247 0.6429 0.0000
vt 4.3968 0.8456 0.0000
vt 4.3979 0.6576 0.0000
vt 4.3586 0.6671 0.0000
vt 4.3563 0.8456 0.0000
vt 4.0676 0.0025 0.0000
vt 4.0158 0.0025 0.0000
vt 4.0676 0.8672 0.0000
vt 4.0160 0.8670 0.0000
vt 4.0676 0.8407 0.0000
vt 4.0158 0.8385 0.0000
vt 4.6886 0.5842 0.0000
vt 4.6378 0.5842 0.0000
vt 4.6886 0.5739 0.0000
vt 4.6377 0.5673 0.0000
vt 4.6886 0.5668 0.0000
vt 4.6886 0.6045 0.0000
vt 4.6634 0.6045 0.0000
vt 4.6380 0.6045 0.0000
vt 4.6886 0.8473 0.0000
vt 4.6397 0.8473 0.0000
vt 4.6886 0.8068 0.0000
vt 4.6634 0.8068 0.0000
vt 4.6394 0.8068 0.0000
vt 4.6398 0.8618 0.0000
vt 4.6886 0.8598 0.0000
vt 4.0694 0.7434 0.0000
vt 4.0694 0.8346 0.0000
vt 4.0206 0.7434 0.0000
vt 4.0206 0.8346 0.0000
vt 4.6886 0.6247 0.0000
vt 4.6634 0.6247 0.0000
vt 4.6886 0.6450 0.0000
vt 4.6634 0.6450 0.0000
vt 4.6886 0.6652 0.0000
vt 4.6634 0.6652 0.0000
vt 4.6886 0.6854 0.0000
vt 4.6634 0.6854 0.0000
vt 4.6886 0.7057 0.0000
vt 4.6634 0.7057 0.0000
vt 4.6886 0.7259 0.0000
vt 4.6634 0.7259 0.0000
vt 4.6886 0.7461 0.0000
vt 4.6634 0.7461 0.0000
vt 4.6886 0.7664 0.0000
vt 4.6634 0.7661 0.0000
vt 4.6886 0.7866 0.0000
vt 4.6634 0.7866 0.0000
vt 4.0676 0.9273 0.0000
vt 4.0161 0.9273 0.0000
vt 4.8112 0.2137 0.0000
vt 4.8112 0.3506 0.0000
vt 4.8195 0.3495 0.0000
vt 4.0684 0.6335 0.0000
vt 4.0171 0.6335 0.0000
vt 4.0752 0.6335 0.0000
vt 4.0711 0.6335 0.0000
vt 4.0786 0.6335 0.0000
vt 4.2110 0.8907 0.0000
vt 4.2117 0.7434 0.0000
vt 4.2317 0.7983 0.0000
vt 4.2341 0.8020 0.0000
vt 4.2333 0.7978 0.0000
vt 4.0809 0.0726 0.0000
vt 4.0817 0.0725 0.0000
vt 4.2717 0.0722 0.0000
vt 4.0773 0.0727 0.0000
vt 4.0737 0.0728 0.0000
vt 4.0701 0.0729 0.0000
vt 4.2004 0.8969 0.0000
vt 4.2105 0.8969 0.0000
vt 4.2004 0.9456 0.0000
vt 4.2105 0.9456 0.0000
vt 4.0921 0.4621 0.0000
vt 4.0158 0.4926 0.0000
vt 4.0921 0.4800 0.0000
vt 4.1846 0.9545 0.0000
vt 4.1809 0.9573 0.0000
vt 4.1809 0.8900 0.0000
vt 4.1846 0.8924 0.0000
vt 4.3261 0.9736 0.0000
vt 4.3223 0.9788 0.0000
vt 4.3045 0.9590 0.0000
vt 4.3096 0.9553 0.0000
vt 4.0945 0.4672 0.0000
vt 4.1566 0.4672 0.0000
vt 4.3524 0.9718 0.0000
vt 4.3488 0.9769 0.0000
vt 4.3326 0.9591 0.0000
vt 4.3374 0.9553 0.0000
vt 4.1921 0.8900 0.0000
vt 4.1953 0.8967 0.0000
vt 4.1921 0.9521 0.0000
vt 4.1953 0.9454 0.0000
vt 4.2086 0.8900 0.0000
vt 4.2054 0.8967 0.0000
vt 4.1011 0.4704 0.0000
vt 4.1499 0.4704 0.0000
vt 4.3588 0.8526 0.0000
vt 4.3655 0.8494 0.0000
vt 4.3655 0.8658 0.0000
vt 4.3588 0.8627 0.0000
vt 4.3771 0.8657 0.0000
vt 4.3719 0.8606 0.0000
vt 4.3820 0.8494 0.0000
vt 4.3872 0.8545 0.0000
vt 4.2708 0.9456 0.0000
vt 4.2759 0.9454 0.0000
vt 4.2759 0.9941 0.0000
vt 4.2708 0.9943 0.0000
vt 4.4036 0.8494 0.0000
vt 4.4087 0.8545 0.0000
vt 4.3995 0.8646 0.0000
vt 4.3944 0.8595 0.0000
vt 4.3275 0.1425 0.0000
vt 4.2977 0.1425 0.0000
vt 4.3390 0.0836 0.0000
vt 4.3316 0.0725 0.0000
vt 4.3247 0.6335 0.0000
vt 4.2580 0.6335 0.0000
vt 4.5312 0.5630 0.0000
vt 4.6389 0.0020 0.0000
# 391 texture coords

o meshId3_name
g meshId3_name
usemtl 02___Default
s off
f 2158/3046/1610 2159/3047/1610 2160/3048/1610 
f 2160/3048/1610 2161/3049/1610 2158/3046/1610 
f 2162/3050/1611 2163/3051/1611 2164/3052/1611 
f 2165/3053/1612 2164/3054/1613 2166/3055/1614 
f 2166/3055/1614 2164/3054/1613 2163/3056/1615 
f 2167/3057/1616 2168/3058/1616 2169/3059/1616 
f 2169/3059/1617 2168/3058/1617 2170/3060/1617 
f 2171/3061/1618 2172/3062/1619 2173/3063/1620 
f 2173/3063/1620 2172/3062/1619 2174/3064/1621 
f 2160/3048/1610 2175/3065/1610 2161/3049/1610 
f 2161/3049/1610 2175/3065/1610 2176/3066/1610 
f 2177/3067/1622 2173/3063/1622 2178/3068/1622 
f 2178/3068/1622 2179/3069/1622 2177/3067/1622 
f 2179/3069/1623 2178/3068/1624 2180/3070/1625 
f 2175/3065/1610 2181/3071/1610 2176/3066/1610 
f 2176/3066/1610 2181/3071/1610 2182/3072/1610 
f 2183/3073/1626 2184/3074/1626 2185/3075/1627 
f 2183/3073/1626 2186/3076/1626 2184/3074/1626 
f 2187/3077/1628 2188/3078/1629 2180/3070/1625 
f 2180/3070/1625 2188/3078/1629 2189/3079/1630 
f 2181/3071/1610 2190/3080/1610 2182/3072/1610 
f 2182/3072/1610 2190/3080/1610 2191/3081/1610 
f 2192/3082/1631 2193/3083/1632 2189/3079/1630 
f 2189/3079/1630 2193/3083/1632 2194/3084/1632 
f 2190/3080/1610 2195/3085/1610 2191/3081/1610 
f 2191/3081/1610 2195/3085/1610 2196/3086/1610 
f 2194/3084/1632 2193/3083/1632 2197/3087/1633 
f 2197/3087/1633 2193/3083/1632 2198/3088/1634 
f 2195/3085/1610 2199/3089/1610 2196/3086/1610 
f 2196/3086/1610 2199/3089/1610 2200/3090/1610 
f 2197/3087/1633 2198/3088/1634 2201/3091/1635 
f 2201/3091/1635 2198/3088/1634 2202/3092/1636 
f 2199/3089/1610 2203/3093/1610 2200/3090/1610 
f 2200/3090/1610 2203/3093/1610 2204/3094/1610 
f 2201/3091/1635 2202/3092/1636 2205/3095/1637 
f 2206/3096/1638 2202/3092/1639 2207/3097/1639 
f 2203/3093/1610 2208/3098/1610 2204/3094/1610 
f 2204/3094/1610 2208/3098/1610 2209/3099/1610 
f 2210/3100/1640 2211/3101/1641 2212/3102/1642 
f 2211/3101/1641 2207/3097/1643 2212/3102/1644 
f 2208/3098/1610 2213/3103/1610 2209/3099/1610 
f 2209/3099/1610 2213/3103/1610 2214/3104/1610 
f 2215/3105/1611 2216/3106/1611 2158/3107/1611 
f 2158/3107/1611 2216/3106/1611 2159/3108/1645 
f 2217/3109/1646 2218/3110/1611 2219/3111/1646 
f 2219/3111/1646 2218/3110/1611 2220/3112/1611 
f 2220/3112/1611 2221/3113/1611 2219/3111/1646 
f 2219/3111/1646 2221/3113/1611 2222/3114/1646 
f 2223/3115/1647 2216/3106/1611 2221/3113/1611 
f 2221/3113/1611 2216/3106/1611 2222/3114/1646 
f 2159/3108/1645 2216/3106/1611 2223/3115/1647 
f 2216/3116/1648 2215/3117/1648 2224/3118/1648 
f 2224/3118/1648 2215/3117/1648 2225/3119/1648 
f 2226/3120/1649 2219/3121/1650 2227/3122/1651 
f 2227/3122/1651 2219/3121/1650 2228/3123/1652 
f 2229/3124/1653 2230/3125/1653 2231/3126/1611 
f 2231/3126/1611 2230/3125/1653 2232/3127/1611 
f 2233/3128/1611 2234/3129/1653 2231/3126/1611 
f 2231/3126/1611 2234/3129/1653 2229/3124/1653 
f 2235/3130/1653 2234/3129/1653 2236/3131/1654 
f 2236/3131/1654 2234/3129/1653 2233/3128/1611 
f 2237/3132/1655 2238/3133/1656 2236/3131/1654 
f 2236/3131/1654 2238/3133/1656 2235/3130/1653 
f 2239/3134/1653 2238/3133/1656 2240/3135/1657 
f 2240/3135/1657 2238/3133/1656 2237/3132/1658 
f 2241/3136/1611 2242/3137/1653 2240/3135/1657 
f 2240/3135/1657 2242/3137/1653 2239/3134/1653 
f 2243/3138/1653 2242/3137/1653 2244/3139/1611 
f 2244/3139/1611 2242/3137/1653 2241/3136/1611 
f 2245/3140/1611 2246/3141/1653 2244/3139/1611 
f 2244/3139/1611 2246/3141/1653 2243/3138/1653 
f 2247/3142/1611 2248/3143/1653 2249/3144/1611 
f 2249/3144/1611 2248/3143/1653 2250/3145/1653 
f 2251/3146/1653 2248/3143/1653 2252/3147/1611 
f 2252/3147/1611 2248/3143/1653 2247/3142/1611 
f 2253/3148/1653 2251/3146/1653 2254/3149/1611 
f 2254/3149/1611 2251/3146/1653 2252/3147/1611 
f 2255/3150/1653 2253/3148/1653 2256/3151/1611 
f 2256/3151/1611 2253/3148/1653 2254/3149/1611 
f 2257/3152/1646 2258/3153/1659 2256/3151/1611 
f 2256/3151/1611 2258/3153/1659 2255/3150/1653 
f 2258/3153/1659 2257/3152/1646 2259/3154/1653 
f 2259/3154/1653 2257/3152/1646 2260/3155/1646 
f 2259/3154/1653 2260/3155/1646 2261/3156/1660 
f 2261/3156/1660 2260/3155/1646 2262/3157/1611 
f 2261/3156/1660 2262/3157/1611 2263/3158/1661 
f 2263/3158/1661 2262/3157/1611 2264/3159/1611 
f 2263/3158/1661 2264/3159/1611 2265/3160/1662 
f 2265/3160/1662 2264/3159/1611 2266/3161/1646 
f 2230/3125/1653 2165/3162/1663 2232/3127/1611 
f 2232/3127/1611 2165/3162/1663 2166/3163/1611 
f 2267/3164/1664 2268/3165/1664 2269/3166/1664 
f 2270/3167/1611 2271/3168/1611 2272/3169/1611 
f 2272/3169/1611 2271/3168/1611 2273/3170/1611 
f 2274/3171/1611 2275/3172/1611 2272/3169/1611 
f 2272/3169/1611 2275/3172/1611 2270/3167/1611 
f 2276/3173/1611 2275/3172/1611 2277/3174/1611 
f 2277/3174/1611 2275/3172/1611 2274/3171/1611 
f 2278/3175/1611 2279/3176/1611 2277/3174/1611 
f 2277/3174/1611 2279/3176/1611 2276/3173/1611 
f 2280/3177/1611 2281/3178/1611 2278/3175/1611 
f 2278/3175/1611 2281/3178/1611 2279/3176/1611 
f 2282/3179/1652 2283/3180/1652 2284/3181/1652 
f 2170/3060/1665 2168/3058/1666 2285/3182/1667 
f 2286/3183/1668 2287/3184/1669 2288/3185/1670 
f 2289/3186/1671 2290/3187/1672 2288/3185/1670 
f 2288/3185/1670 2290/3187/1672 2286/3183/1668 
f 2289/3186/1671 2291/3188/1673 2290/3187/1672 
f 2289/3186/1671 2292/3189/1674 2291/3188/1673 
f 2289/3186/1671 2293/3190/1675 2292/3189/1674 
f 2292/3189/1674 2293/3190/1675 2294/3191/1676 
f 2294/3191/1676 2293/3190/1675 2295/3192/1676 
f 2296/3193/1677 2297/3194/1678 2298/3195/1679 
f 2299/3196/1680 2300/3197/1680 2301/3198/1680 
f 2301/3198/1681 2300/3197/1682 2302/3199/1683 
f 2303/3200/1684 2304/3201/1684 2305/3202/1684 
f 2305/3202/1685 2304/3201/1685 2306/3203/1685 
f 2301/3198/1681 2302/3199/1683 2304/3201/1686 
f 2304/3201/1687 2302/3199/1687 2307/3204/1687 
f 2302/3199/1688 2308/3205/1689 2307/3204/1690 
f 2307/3204/1690 2308/3205/1689 2309/3206/1691 
f 2305/3202/1692 2306/3203/1693 2308/3207/1694 
f 2308/3207/1694 2306/3203/1693 2309/3208/1695 
f 2306/3209/1696 2304/3210/1697 2310/3211/1696 
f 2310/3211/1696 2304/3210/1697 2311/3212/1697 
f 2304/3210/1697 2307/3213/1698 2311/3212/1697 
f 2311/3212/1697 2307/3213/1698 2312/3214/1698 
f 2307/3213/1698 2309/3215/1696 2312/3214/1698 
f 2312/3214/1698 2309/3215/1696 2313/3216/1696 
f 2309/3215/1696 2306/3209/1696 2313/3216/1696 
f 2313/3216/1696 2306/3209/1696 2310/3211/1696 
f 2310/3217/1699 2311/3212/1700 2184/3218/1700 
f 2184/3218/1700 2311/3212/1700 2185/3075/1700 
f 2311/3212/1701 2312/3214/1701 2185/3075/1701 
f 2185/3075/1701 2312/3214/1701 2183/3073/1646 
f 2312/3214/1664 2313/3219/1664 2183/3073/1664 
f 2183/3073/1664 2313/3219/1664 2186/3220/1664 
f 2313/3221/1702 2310/3217/1703 2186/3222/1703 
f 2186/3222/1703 2310/3217/1703 2184/3218/1703 
f 2314/3223/1704 2315/3224/1705 2316/3225/1706 
f 2316/3225/1706 2315/3224/1705 2317/3226/1707 
f 2169/3227/1708 2318/3228/1709 2315/3224/1705 
f 2315/3224/1705 2318/3228/1709 2317/3226/1707 
f 2318/3228/1709 2169/3227/1708 2319/3229/1710 
f 2319/3229/1710 2169/3227/1708 2170/3230/1711 
f 2179/3231/1712 2320/3232/1713 2321/3233/1714 
f 2322/3234/1715 2323/3235/1716 2324/3236/1717 
f 2325/3237/1718 2326/3238/1719 2322/3234/1715 
f 2322/3234/1715 2326/3238/1719 2323/3235/1716 
f 2327/3239/1720 2326/3238/1719 2325/3237/1718 
f 2328/3240/1721 2326/3238/1719 2327/3239/1720 
f 2329/3241/1722 2326/3238/1719 2330/3242/1723 
f 2330/3242/1723 2326/3238/1719 2328/3240/1721 
f 2330/3242/1723 2331/3243/1724 2329/3241/1722 
f 2332/3244/1725 2333/3245/1726 2334/3246/1727 
f 2321/3233/1728 2320/3232/1728 2335/3247/1728 
f 2335/3247/1729 2320/3232/1729 2336/3248/1729 
f 2326/3238/1719 2289/3186/1730 2323/3235/1716 
f 2323/3235/1716 2289/3186/1730 2288/3185/1731 
f 2326/3238/1719 2329/3241/1722 2289/3186/1730 
f 2289/3186/1730 2329/3241/1722 2293/3190/1732 
f 2337/3249/1733 2338/3250/1733 2332/3244/1733 
f 2332/3244/1725 2338/3250/1734 2333/3245/1726 
f 2339/3251/1735 2297/3194/1736 2340/3252/1737 
f 2340/3252/1737 2297/3194/1736 2296/3193/1738 
f 2341/3253/1739 2336/3248/1740 2342/3254/1741 
f 2342/3254/1741 2336/3248/1740 2343/3255/1742 
f 2298/3195/1743 2344/3256/1744 2296/3193/1745 
f 2296/3193/1745 2344/3256/1744 2345/3257/1746 
f 2179/3231/1747 2346/3258/1748 2320/3232/1749 
f 2320/3232/1749 2346/3258/1748 2347/3259/1750 
f 2179/3231/1747 2180/3260/1751 2346/3258/1748 
f 2346/3258/1748 2180/3260/1751 2348/3261/1752 
f 2189/3262/1753 2349/3263/1754 2180/3260/1751 
f 2180/3260/1751 2349/3263/1754 2348/3261/1752 
f 2194/3264/1755 2350/3265/1756 2189/3262/1753 
f 2189/3262/1753 2350/3265/1756 2349/3263/1754 
f 2194/3264/1755 2197/3266/1757 2350/3265/1756 
f 2350/3265/1756 2197/3266/1757 2351/3267/1758 
f 2197/3266/1757 2201/3268/1759 2351/3267/1758 
f 2351/3267/1758 2201/3268/1759 2352/3269/1760 
f 2334/3246/1727 2340/3252/1737 2353/3270/1761 
f 2353/3270/1761 2340/3252/1737 2354/3271/1762 
f 2334/3246/1727 2353/3270/1761 2201/3268/1759 
f 2201/3268/1759 2353/3270/1761 2352/3269/1760 
f 2336/3248/1763 2320/3232/1763 2343/3255/1763 
f 2343/3255/1764 2320/3232/1749 2347/3259/1750 
f 2340/3252/1737 2296/3193/1738 2354/3271/1762 
f 2354/3271/1765 2296/3193/1765 2345/3257/1765 
f 2343/3272/1766 2288/3273/1767 2342/3274/1768 
f 2342/3274/1768 2288/3273/1767 2287/3275/1769 
f 2344/3276/1770 2295/3277/1771 2345/3278/1772 
f 2345/3278/1772 2295/3277/1771 2293/3279/1772 
f 2347/3280/1773 2346/3281/1774 2323/3282/1716 
f 2323/3282/1716 2346/3281/1774 2324/3283/1717 
f 2348/3284/1775 2322/3285/1776 2346/3286/1777 
f 2346/3286/1777 2322/3285/1776 2324/3287/1778 
f 2349/3288/1779 2325/3289/1780 2348/3284/1775 
f 2348/3284/1775 2325/3289/1780 2322/3285/1776 
f 2350/3290/1781 2327/3291/1782 2349/3288/1779 
f 2349/3288/1779 2327/3291/1782 2325/3289/1780 
f 2350/3290/1781 2351/3292/1783 2327/3291/1782 
f 2327/3291/1782 2351/3292/1783 2328/3293/1784 
f 2351/3292/1783 2352/3294/1785 2328/3293/1784 
f 2328/3293/1784 2352/3294/1785 2330/3295/1786 
f 2354/3296/1787 2329/3297/1722 2353/3298/1788 
f 2353/3298/1788 2329/3297/1722 2331/3299/1724 
f 2352/3294/1785 2353/3300/1789 2330/3295/1786 
f 2330/3295/1786 2353/3300/1789 2331/3301/1790 
f 2343/3272/1766 2347/3280/1791 2288/3273/1767 
f 2288/3273/1792 2347/3280/1792 2323/3282/1792 
f 2345/3278/1772 2293/3279/1772 2354/3296/1793 
f 2354/3296/1794 2293/3279/1794 2329/3297/1794 
f 2355/3302/1795 2356/3303/1796 2266/3304/1797 
f 2266/3304/1797 2356/3303/1796 2265/3305/1798 
f 2357/3306/1702 2358/3307/1799 2359/3308/1799 
f 2358/3307/1799 2360/3309/1799 2359/3308/1799 
f 2361/3310/1799 2362/3311/1799 2363/3312/1799 
f 2360/3309/1799 2364/3313/1799 2359/3308/1799 
f 2363/3312/1799 2362/3311/1799 2364/3313/1799 
f 2362/3311/1799 2359/3308/1799 2364/3313/1799 
f 2365/3314/1799 2366/3315/1799 2362/3311/1799 
f 2362/3311/1799 2366/3315/1799 2359/3308/1799 
f 2367/3316/1799 2368/3317/1702 2365/3314/1799 
f 2365/3314/1799 2368/3317/1702 2366/3315/1799 
f 2368/3317/1702 2367/3316/1799 2213/3318/1702 
f 2213/3318/1702 2367/3316/1799 2214/3319/1799 
f 2369/3320/1800 2210/3100/1801 2370/3321/1802 
f 2370/3321/1803 2210/3100/1801 2212/3102/1804 
f 2371/3322/1799 2372/3323/1805 2370/3324/1799 
f 2370/3324/1799 2372/3323/1805 2369/3325/1806 
f 2373/3326/1799 2374/3327/1807 2375/3328/1799 
f 2376/3329/1808 2377/3330/1799 2374/3327/1807 
f 2374/3327/1807 2377/3330/1799 2375/3328/1799 
f 2378/3331/1799 2379/3332/1799 2373/3326/1799 
f 2373/3326/1799 2379/3332/1799 2374/3327/1807 
f 2379/3332/1799 2380/3333/1809 2374/3327/1807 
f 2381/3334/1799 2382/3335/1810 2383/3336/1799 
f 2383/3336/1799 2382/3335/1810 2384/3337/1799 
f 2382/3335/1810 2385/3338/1811 2384/3337/1799 
f 2386/3339/1812 2382/3335/1810 2387/3340/1703 
f 2387/3340/1703 2382/3335/1810 2381/3334/1799 
f 2361/3341/1813 2386/3342/1814 2362/3343/1815 
f 2362/3343/1815 2386/3342/1814 2387/3344/1816 
f 2388/3345/1799 2389/3346/1799 2378/3331/1799 
f 2378/3331/1799 2389/3346/1799 2379/3332/1799 
f 2390/3347/1799 2391/3348/1799 2388/3345/1799 
f 2388/3345/1799 2391/3348/1799 2389/3346/1799 
f 2392/3349/1799 2393/3350/1799 2390/3347/1799 
f 2390/3347/1799 2393/3350/1799 2391/3348/1799 
f 2394/3351/1799 2395/3352/1799 2392/3349/1799 
f 2392/3349/1799 2395/3352/1799 2393/3350/1799 
f 2396/3353/1799 2397/3354/1799 2394/3351/1799 
f 2394/3351/1799 2397/3354/1799 2395/3352/1799 
f 2398/3355/1799 2399/3356/1799 2396/3353/1799 
f 2396/3353/1799 2399/3356/1799 2397/3354/1799 
f 2400/3357/1799 2401/3358/1799 2398/3355/1799 
f 2398/3355/1799 2401/3358/1799 2399/3356/1799 
f 2402/3359/1799 2403/3360/1799 2400/3357/1799 
f 2400/3357/1799 2403/3360/1799 2401/3358/1799 
f 2404/3361/1799 2405/3362/1799 2402/3359/1799 
f 2402/3359/1799 2405/3362/1799 2403/3360/1799 
f 2383/3336/1799 2384/3337/1799 2404/3361/1799 
f 2404/3361/1799 2384/3337/1799 2405/3362/1799 
f 2406/3363/1799 2407/3364/1817 2371/3322/1799 
f 2371/3322/1799 2407/3364/1817 2372/3323/1805 
f 2408/3365/1818 2299/3196/1818 2409/3366/1818 
f 2410/3367/1819 2299/3196/1819 2301/3198/1819 
f 2174/3064/1820 2356/3368/1820 2355/3369/1820 
f 2411/3370/1821 2412/3371/1821 2174/3064/1821 
f 2174/3064/1822 2412/3371/1822 2356/3368/1822 
f 2174/3064/1823 2413/3372/1823 2411/3370/1823 
f 2174/3064/1824 2172/3062/1824 2413/3372/1824 
f 2219/3373/1646 2226/3374/1646 2414/3375/1646 
f 2414/3375/1646 2226/3374/1646 2162/3050/1611 
f 2226/3374/1646 2163/3051/1611 2162/3050/1611 
f 2217/3376/1646 2219/3373/1646 2415/3377/1611 
f 2415/3377/1611 2219/3373/1646 2414/3375/1646 
f 2207/3097/1825 2416/3378/1826 2206/3096/1827 
f 2416/3378/1826 2417/3379/1828 2206/3096/1827 
f 2418/3380/1829 2206/3096/1830 2417/3379/1828 
f 2419/3381/1831 2416/3378/1831 2207/3097/1832 
f 2420/3382/1833 2419/3381/1831 2207/3097/1832 
f 2421/3383/1834 2420/3382/1833 2207/3097/1832 
f 2211/3101/1835 2421/3383/1834 2207/3097/1832 
f 2422/3384/1836 2423/3385/1837 2424/3386/1838 
f 2424/3386/1838 2423/3385/1837 2425/3387/1839 
f 2192/3082/1631 2426/3388/1840 2427/3389/1841 
f 2427/3389/1841 2426/3388/1840 2428/3390/1842 
f 2427/3389/1841 2428/3390/1842 2187/3077/1628 
f 2189/3079/1630 2188/3078/1629 2192/3082/1631 
f 2192/3082/1631 2188/3078/1629 2426/3388/1840 
f 2429/3391/1843 2187/3392/1843 2428/3393/1843 
f 2428/3393/1843 2430/3394/1843 2429/3391/1843 
f 2430/3395/1844 2428/3396/1844 2426/3397/1844 
f 2426/3397/1844 2431/3398/1844 2430/3395/1844 
f 2431/3399/1845 2426/3388/1845 2188/3078/1845 
f 2188/3078/1845 2432/3400/1845 2431/3399/1845 
f 2432/3401/1846 2188/3402/1846 2187/3403/1846 
f 2187/3403/1846 2429/3404/1846 2432/3401/1846 
f 2430/3405/1847 2433/3406/1848 2429/3407/1849 
f 2429/3407/1849 2433/3406/1848 2434/3408/1850 
f 2433/3406/1851 2430/3405/1851 2431/3409/1852 
f 2431/3409/1852 2435/3410/1853 2433/3406/1851 
f 2435/3411/1853 2431/3399/1852 2432/3400/1854 
f 2432/3400/1854 2436/3412/1854 2435/3411/1853 
f 2436/3413/1855 2432/3414/1855 2429/3415/1855 
f 2429/3415/1855 2434/3416/1855 2436/3413/1855 
f 2424/3386/1856 2434/3408/1856 2433/3406/1856 
f 2433/3406/1856 2422/3384/1856 2424/3386/1856 
f 2422/3417/1857 2433/3418/1857 2435/3419/1857 
f 2435/3419/1857 2423/3420/1857 2422/3417/1857 
f 2423/3421/1858 2435/3422/1858 2436/3423/1858 
f 2436/3423/1858 2425/3424/1858 2423/3421/1858 
f 2425/3425/1859 2436/3426/1859 2434/3427/1859 
f 2434/3427/1859 2424/3428/1859 2425/3425/1859 
f 2334/3429/1860 2437/3430/1861 2332/3431/1862 
f 2332/3431/1862 2437/3430/1861 2337/3432/1863 
f 2315/3433/1864 2314/3434/1865 2179/3069/1866 
f 2179/3069/1866 2314/3434/1865 2177/3067/1867 
f 2303/3200/1868 2410/3367/1868 2301/3198/1868 
f 2409/3366/1819 2299/3196/1819 2410/3367/1819 
f 2301/3198/1684 2304/3201/1684 2303/3200/1684 
f 2438/3435/1869 2338/3250/1870 2337/3249/1871 
f 2298/3195/1679 2297/3194/1678 2438/3435/1869 
f 2438/3435/1869 2297/3194/1678 2338/3250/1870 
f 2334/3246/1727 2339/3251/1735 2340/3252/1737 
f 2334/3246/1727 2333/3245/1726 2339/3251/1735 
f 2179/3231/1712 2321/3233/1714 2167/3057/1872 
f 2315/3436/1873 2179/3231/1712 2167/3057/1872 
f 2167/3057/1872 2169/3059/1873 2315/3436/1873 
f 2168/3058/1666 2335/3247/1874 2285/3182/1667 
f 2285/3182/1667 2335/3247/1874 2341/3253/1875 
f 2341/3253/1875 2335/3247/1874 2336/3248/1876 
f 2206/3096/1638 2437/3430/1877 2205/3095/1637 
f 2205/3095/1637 2202/3092/1639 2206/3096/1638 
f 2334/3429/1878 2205/3095/1637 2437/3430/1877 
f 2201/3091/1635 2205/3095/1637 2334/3429/1878 
f 2174/3064/1622 2427/3389/1622 2173/3063/1622 
f 2173/3063/1622 2427/3389/1622 2178/3068/1622 
f 2180/3070/1625 2178/3068/1624 2187/3077/1628 
f 2187/3077/1628 2178/3068/1624 2427/3389/1841 
# 342 faces

#
# object meshId4_name
#

v  0.0877 2.4162 1.5195
v  0.0877 2.1562 1.5195
v  0.2086 2.1812 1.5195
v  0.1416 2.0218 1.5195
v  0.4176 1.6237 1.0303
v  0.4176 1.6204 1.3572
v  0.4270 1.0829 1.0315
v  0.4270 1.0829 1.5195
v  0.7414 0.7682 -1.8312
v  0.7414 0.7581 -1.5139
v  0.7240 -0.1051 -1.8305
v  0.7275 -0.1051 -1.5125
v  0.4175 1.6251 -1.5880
v  0.4176 1.6250 -1.5125
v  0.4270 1.0300 -1.5880
v  0.4270 1.0300 -1.5125
v  0.4176 1.6204 1.5195
v  0.2249 1.6184 0.7135
v  0.2249 1.6180 1.0315
v  0.2344 1.0796 0.7135
v  0.2344 1.0796 1.0315
v  0.2249 1.6188 0.3955
v  0.2344 1.0796 0.3955
v  0.2249 1.6192 0.0775
v  0.2344 1.0796 0.0775
v  0.2249 1.6196 -0.2405
v  0.2344 1.0796 -0.2405
v  0.2249 1.6201 -0.5585
v  0.2344 1.0796 -0.5585
v  0.2249 1.6205 -0.8765
v  0.2344 1.0796 -0.8765
v  0.2249 1.6209 -1.1945
v  0.2344 1.0796 -1.1945
v  0.2249 1.6213 -1.5125
v  0.2344 1.0796 -1.5125
v  0.4290 1.0335 1.5195
v  0.4100 1.0335 1.0249
v  0.7860 -0.1032 1.5195
v  0.7854 -0.1006 1.5156
v  0.7743 0.5686 1.5195
v  0.7415 -0.1012 1.0355
v  0.7331 0.5686 1.0355
v  -0.0043 2.4822 1.5195
v  -0.0043 2.2832 1.5195
v  -0.0962 2.3560 1.5195
v  -0.0962 2.5481 1.5195
v  -0.1881 2.5725 1.5195
v  -0.1881 2.4008 1.5195
v  -0.2800 2.4195 1.5195
v  -0.2800 2.5969 1.5195
v  -0.3719 2.5954 1.5195
v  -0.3719 2.4307 1.5195
v  -0.4638 2.4195 1.5195
v  -0.4638 2.5940 1.5195
v  -0.5558 2.5653 1.5195
v  -0.5558 2.3915 1.5195
v  -0.6477 2.3411 1.5195
v  -0.6477 2.5367 1.5195
v  -0.7396 2.4636 1.5195
v  -0.7396 2.2645 1.5195
v  -0.8315 2.1226 1.5195
v  -0.8315 2.3904 1.5195
v  0.1510 1.8575 1.5195
v  0.1463 1.9396 1.5195
v  -0.9234 2.1969 1.5195
v  -0.8685 1.9714 1.5195
v  -0.8741 1.8369 1.5195
v  -0.8713 1.9042 1.5195
v  0.3721 0.5091 1.5195
v  0.3721 1.7155 1.5195
v  0.2715 1.2982 1.5195
v  0.2715 1.4395 1.5195
v  0.2715 1.9260 1.5195
v  0.2179 1.4639 1.5195
v  0.2055 1.4395 1.5195
v  0.2050 1.2982 1.5195
v  0.1264 1.7520 1.5195
v  0.2020 0.5763 1.5195
v  0.0877 0.8737 1.5195
v  0.0738 1.2134 1.5195
v  0.0877 1.6465 1.5195
v  -0.0962 0.8754 1.5195
v  -0.1881 0.7865 1.5195
v  -0.0962 0.7592 1.5195
v  -0.2800 0.7978 1.5195
v  -0.2800 1.3888 1.5195
v  -0.1881 1.4094 1.5195
v  -0.3719 1.3832 1.5195
v  -0.3719 0.7978 1.5195
v  -0.4638 0.7844 1.5195
v  -0.4638 1.3890 1.5195
v  -0.5558 1.4206 1.5195
v  -0.5558 0.7576 1.5195
v  -0.6477 0.7051 1.5195
v  -0.6477 1.4691 1.5195
v  -0.7396 1.5531 1.5195
v  -0.7396 0.6270 1.5195
v  -0.8315 1.2886 1.5195
v  -0.8315 1.6969 1.5195
v  -0.8315 1.1260 1.5195
v  -0.9234 1.1260 1.5195
v  -0.8315 0.5796 1.5195
v  -0.9234 0.5427 1.5195
v  -1.0153 0.5259 1.5195
v  -1.0153 1.7712 1.5195
v  -1.1073 1.3065 1.5195
v  0.6886 0.6948 1.5195
v  0.7022 -0.1032 1.5195
v  0.6017 0.8112 1.5195
v  0.6107 0.3099 1.5195
v  0.5160 0.8873 1.5195
v  0.5336 0.3850 1.5200
v  0.5803 0.3583 1.5204
v  0.4902 0.3639 1.5204
v  0.4523 0.9213 1.5195
v  0.4632 0.3210 1.5195
v  0.3721 0.4260 1.5195
v  0.4689 -0.1032 1.5195
v  0.2715 -0.1032 1.5195
v  0.2715 0.4420 1.5195
v  0.2015 0.4603 1.5195
v  0.1991 -0.1032 1.5195
v  0.0877 -0.1032 1.5195
v  0.0877 0.5310 1.5195
v  -0.0043 0.6011 1.5195
v  -0.0043 -0.1032 1.5195
v  -0.0679 0.3656 1.5195
v  -0.0962 0.3808 1.5195
v  -0.0962 0.6535 1.5195
v  -0.1881 0.3372 1.5195
v  -0.1881 0.6871 1.5195
v  -0.2800 0.3766 1.5195
v  -0.2800 0.7005 1.5195
v  -0.3719 0.7038 1.5195
v  -0.3719 0.3755 1.5195
v  -0.4704 0.3383 1.5195
v  -0.4704 0.6871 1.5195
v  -0.5295 0.6434 1.5195
v  -0.4895 0.3820 1.5195
v  -0.5295 0.3897 1.5195
v  -0.6031 0.2036 1.5241
v  -0.5899 0.2411 1.5195
v  -0.6366 0.2332 1.5195
v  -0.6063 0.2772 1.5195
v  -0.6755 0.0593 1.5195
v  -0.7396 -0.1032 1.5195
v  -0.6366 -0.1032 1.5195
v  -0.8315 -0.1032 1.5195
v  -0.8315 0.4655 1.5195
v  -0.7396 0.5125 1.5195
v  -0.9234 0.4449 1.5195
v  -0.9234 -0.1032 1.5195
v  -1.0153 -0.1032 1.5195
v  -1.0153 0.4286 1.5195
v  -1.1073 -0.1032 1.5195
v  -1.1992 0.1453 1.5195
v  -1.1992 0.4926 1.5195
v  -1.1992 1.0659 1.5195
v  -1.3830 0.7993 1.5195
v  -1.3830 -0.1032 1.5195
v  -1.3240 0.4926 1.5195
v  -1.3191 0.1453 1.5195
v  -1.4749 0.7090 1.5195
v  -1.4749 -0.1032 1.5195
v  -0.0962 0.2302 1.5195
v  -0.1203 0.2215 1.5195
v  -0.1094 -0.1032 1.5195
v  -0.1487 0.3875 1.5195
v  -1.3600 1.4321 -1.5125
v  -1.1360 1.5988 -1.5125
v  -1.2244 1.2404 -1.5125
v  -1.6085 1.3814 -1.5125
v  -1.5483 0.7568 -1.5125
v  -1.4948 1.3953 -1.5125
v  -1.5784 0.8691 -1.1945
v  -1.5483 0.7568 -1.1945
v  -1.6085 1.3814 -0.8765
v  -1.6085 1.3814 -1.0355
v  -1.5976 1.2230 -0.9337
v  -1.6018 1.2675 -1.0355
v  -1.6085 1.3814 -0.5585
v  -1.5935 1.1253 -0.8765
v  -1.6085 1.3814 -0.2405
v  -1.5483 0.7568 -0.2405
v  -1.5483 0.7568 -0.5585
v  -1.6085 1.3814 0.0775
v  -1.5483 0.7568 0.0775
v  -1.6085 1.3814 0.3955
v  -1.5233 0.7141 0.3955
v  0.2812 1.0802 0.6183
v  0.2807 1.0796 -1.0995
v  0.2492 0.9227 0.3954
v  0.2812 0.9227 0.6183
v  0.2490 0.9227 0.0775
v  0.2489 0.9227 -0.2405
v  0.2487 0.9226 -0.5584
v  0.2483 0.9223 -0.8762
v  0.2807 0.9221 -1.0991
v  -1.4653 0.7090 1.2975
v  -1.4770 -0.1032 1.3076
v  0.5904 -0.1051 -1.8305
v  0.6825 -0.0316 -1.8306
v  0.5911 -0.0349 -1.8305
v  0.3160 0.1919 -1.8305
v  0.2743 0.2808 -1.8250
v  0.3160 0.9764 -1.8305
v  0.2037 1.0026 -1.8305
v  0.0877 1.0277 -1.8305
v  0.1601 0.3458 -1.8250
v  0.0877 0.3556 -1.8305
v  -0.0043 1.0434 -1.8305
v  0.0241 0.3440 -1.8369
v  -0.0395 0.3206 -1.8433
v  -0.0750 0.2857 -1.8369
v  -0.0810 0.3982 -1.8359
v  -0.0907 0.6248 -1.8340
v  -0.1881 1.0609 -1.8305
v  -0.1902 0.8707 -1.8305
v  -0.2317 0.8719 -1.8305
v  -0.2800 1.0570 -1.8305
v  -0.2554 0.8721 -1.8305
v  -0.3719 1.0517 -1.8305
v  -0.3719 0.8732 -1.8305
v  -0.3898 0.8734 -1.8305
v  -0.4638 1.0418 -1.8305
v  -0.4638 0.8745 -1.8305
v  -0.4818 0.8747 -1.8305
v  -0.5558 1.0287 -1.8305
v  -0.5558 0.8758 -1.8305
v  -0.5820 0.8760 -1.8305
v  -0.6477 1.0150 -1.8305
v  -0.6447 0.8770 -1.8305
v  -0.7034 0.7247 -1.8305
v  -0.6641 0.6036 -1.8305
v  -0.7090 0.6036 -1.8305
v  -0.7396 0.7252 -1.8305
v  -0.7276 0.8781 -1.8305
v  -0.7396 0.9951 -1.8305
v  -0.8315 0.4100 -1.8305
v  -0.8315 0.9752 -1.8305
v  -0.7395 0.4162 -1.8305
v  -0.7396 0.6033 -1.8305
v  -0.7396 0.8781 -1.8305
v  -0.9234 0.3831 -1.8305
v  -0.9234 0.9450 -1.8305
v  -1.0085 0.3357 -1.8305
v  -1.0035 0.9076 -1.8305
v  -1.1073 0.2378 -1.8305
v  -1.1073 0.8493 -1.8305
v  -1.1992 0.0726 -1.8305
v  -1.1992 0.7883 -1.8305
v  -1.3830 0.5652 -1.8305
v  -1.3830 0.4206 -1.8305
v  -1.4749 0.4530 -1.8305
v  -1.4535 -0.1051 -1.8305
v  -1.3830 -0.1051 -1.8305
v  -1.3830 0.1939 -1.8305
v  -1.4749 0.6865 -1.9260
v  -1.4749 0.6865 -1.4160
v  -1.4501 -0.1051 -1.4160
v  -1.1992 0.9276 -1.5880
v  -1.3830 0.7830 -1.5880
v  -1.1992 1.0254 -1.5880
v  -1.1073 0.9799 -1.5880
v  -1.1073 1.2179 -1.5880
v  -1.0022 1.0331 -1.5880
v  -0.9946 1.8619 -1.5880
v  -0.9234 1.0621 -1.5880
v  -0.9234 2.2030 -1.5880
v  -0.8315 1.0942 -1.5880
v  -0.8315 2.3782 -1.5880
v  -0.7258 1.1221 -1.5880
v  -0.5025 2.5789 -1.5880
v  -0.5025 2.2907 -1.5880
v  -0.5558 2.5600 -1.5880
v  -0.5558 1.7677 -1.5880
v  -0.5025 2.0294 -1.5880
v  -0.5025 1.1751 -1.5880
v  -0.5558 1.5781 -1.5880
v  -0.5558 1.1627 -1.5880
v  -0.3305 2.2913 -1.5880
v  -0.3646 2.3639 -1.5846
v  -0.3305 2.5916 -1.5880
v  -0.3305 1.1852 -1.5880
v  -0.3305 2.0298 -1.5880
v  -0.2800 1.1936 -1.5880
v  -0.2800 2.5916 -1.5880
v  -0.1577 2.5693 -1.5880
v  -0.1560 1.6380 -1.5866
v  -0.1577 1.3716 -1.5880
v  -0.1577 1.1929 -1.5880
v  0.0096 2.4929 -1.5880
v  0.0877 2.3941 -1.5880
v  0.0096 1.6438 -1.5880
v  0.0877 1.1484 -1.5880
v  0.0096 1.3716 -1.5880
v  0.0096 1.1695 -1.5880
v  0.2042 1.1221 -1.5880
v  0.2086 2.1995 -1.5880
v  0.2715 1.0975 -1.5880
v  0.2715 2.0323 -1.5880
v  0.2326 0.3173 -1.8196
v  0.5926 0.3289 -1.8307
v  0.5456 0.2987 -1.8307
v  0.5941 0.8723 -1.8308
v  0.5082 0.2335 -1.8306
v  0.5094 -0.0362 -1.8305
v  0.3160 -0.1051 -1.8305
v  0.6762 0.2404 -1.8306
v  0.6448 0.2998 -1.8306
v  -0.1106 0.2317 -1.8305
v  -0.1973 0.3982 -1.8305
v  -0.1881 -0.1051 -1.8305
v  -0.1113 -0.1051 -1.8305
v  -0.1092 0.6789 -1.8310
v  -0.1089 1.0547 -1.8305
v  -0.1741 0.6755 -1.8294
v  -0.1493 0.6969 -1.8291
v  -0.1399 0.7050 -1.8289
v  -0.1923 0.7175 -1.8305
v  -0.1944 0.6062 -1.8305
v  -1.2444 0.1939 -1.8302
v  -1.3176 0.4854 -1.8305
v  -1.3574 0.4610 -1.8303
v  -1.2734 0.4644 -1.8325
v  -1.2458 0.4206 -1.8305
v  -0.0962 1.1854 -1.5880
v  -0.0962 1.3716 -1.5880
v  -0.1245 1.6990 -1.5873
v  -0.0216 1.7010 -1.5902
v  -0.0781 1.7348 -1.5874
v  -0.0962 2.5407 -1.5880
v  -0.4661 2.3652 -1.5855
v  -0.4190 2.3985 -1.5880
v  -0.6477 1.1439 -1.5880
v  -0.6477 1.5781 -1.5880
v  -0.7258 1.5781 -1.5880
v  -0.6972 1.8279 -1.5890
v  -0.7258 2.4580 -1.5880
v  -0.6477 1.8484 -1.5880
v  -0.6477 2.5311 -1.5880
v  -0.5875 1.8261 -1.5900
v  -0.7258 1.7734 -1.5880
v  -0.1951 0.5601 -1.8305
v  -0.1965 0.6062 -1.8029
v  -0.1976 0.3980 -1.8028
v  -0.1754 0.6755 -1.8018
v  -0.1052 0.6786 -1.8035
v  -0.0844 0.6247 -1.8069
v  -0.0770 0.3979 -1.8084
v  -0.1487 0.6966 -1.8014
v  -0.1381 0.7045 -1.8013
v  -1.3832 0.4206 -1.8029
v  -1.3574 0.4609 -1.8027
v  -1.3829 0.1939 -1.8029
v  -1.2487 0.4207 -1.8030
v  -1.2746 0.4645 -1.8049
v  -1.2456 0.1940 -1.8026
v  -1.3174 0.4855 -1.8029
v  -0.7252 1.5782 -1.5604
v  -0.7243 1.7734 -1.5604
v  -0.6966 1.8280 -1.5614
v  -0.5567 1.5782 -1.5603
v  -0.6476 1.5783 -1.5604
v  -0.5884 1.8262 -1.5624
v  -0.6476 1.8486 -1.5604
v  -0.5582 1.7677 -1.5604
v  -0.1570 1.3715 -1.5604
v  -0.1546 1.6378 -1.5590
v  -0.1238 1.6989 -1.5597
v  0.0085 1.3717 -1.5603
v  -0.0958 1.3716 -1.5604
v  -0.0227 1.7011 -1.5626
v  -0.0777 1.7349 -1.5597
v  0.0068 1.6438 -1.5605
v  0.5926 0.3290 -1.8031
v  0.6449 0.2998 -1.8029
v  0.6826 -0.0316 -1.8029
v  0.5911 -0.0349 -1.8029
v  0.5094 -0.0362 -1.8029
v  0.5082 0.2335 -1.8030
v  0.5457 0.2987 -1.8030
v  0.6762 0.2404 -1.8030
v  -0.5051 2.2907 -1.5604
v  -0.5028 2.0292 -1.5603
v  -0.4662 2.3650 -1.5578
v  -0.3630 2.3638 -1.5570
v  -0.3266 2.2913 -1.5605
v  -0.3289 2.0297 -1.5603
v  -0.4181 2.3982 -1.5603
v  -1.1992 -0.1032 1.5195
v  -1.2618 0.5593 1.5203
v  -1.2250 0.5393 1.5205
v  -1.2941 0.5394 1.5212
v  -0.6366 0.0593 1.5195
v  -0.5846 0.0593 1.5195
v  -0.5294 -0.0986 1.5195
v  -0.5208 0.2247 1.5195
v  -0.5891 0.1597 1.5228
v  -0.6627 0.2036 1.5195
v  -0.6744 0.1597 1.5204
v  -0.6366 0.5696 1.5195
v  -0.0043 0.7160 1.5195
v  -0.0043 0.8746 1.5195
v  0.0877 0.6468 1.5195
v  -0.0823 1.2134 1.5195
v  -0.0545 1.2710 1.5195
v  -0.0962 1.4504 1.5195
v  -0.0043 1.5139 1.5195
v  0.0538 1.2710 1.5195
v  -0.0043 1.3123 1.5195
v  -0.9234 1.2869 1.5195
v  -0.9102 1.3262 1.5195
v  -0.8807 1.3512 1.5195
v  -0.8479 1.3270 1.5195
v  0.2715 0.5427 1.5195
v  0.2384 1.4713 1.5195
v  0.2590 1.4639 1.5195
v  0.6181 -0.1032 1.5195
v  0.0738 1.2134 1.4796
v  0.0538 1.2710 1.4796
v  -0.0043 0.8746 1.4796
v  0.0877 0.8737 1.4796
v  -0.0043 1.3123 1.4796
v  -0.0545 1.2710 1.4796
v  -0.0962 0.8754 1.4796
v  -0.0823 1.2134 1.4796
v  -1.2257 0.5393 1.4807
v  -1.2008 0.4926 1.4796
v  -1.2001 0.1454 1.4796
v  -1.2932 0.5394 1.4813
v  -1.3219 0.4926 1.4797
v  -1.3181 0.1454 1.4796
v  -1.2617 0.5594 1.4804
v  -0.6631 0.2036 1.4796
v  -0.6338 0.2332 1.4798
v  -0.5845 0.0606 1.4796
v  -0.6370 0.0599 1.4796
v  -0.5891 0.1610 1.4829
v  -0.6004 0.2042 1.4844
v  -0.6752 0.1598 1.4805
v  -0.6763 0.0593 1.4796
v  0.4902 0.3639 1.4806
v  0.5336 0.3851 1.4801
v  0.5804 0.3584 1.4806
v  0.6104 0.3100 1.4796
v  0.6178 -0.1031 1.4796
v  0.5342 -0.1032 1.5195
v  0.5342 -0.1031 1.4796
v  0.4635 0.3211 1.4796
v  0.4712 -0.1031 1.4796
v  -0.8315 1.2886 1.4796
v  -0.8479 1.3270 1.4796
v  -0.8315 1.1260 1.4796
v  -0.8807 1.3512 1.4796
v  -0.9102 1.3262 1.4796
v  -0.9234 1.2869 1.4796
v  -0.9234 1.1260 1.4796
v  0.2715 1.4395 1.4796
v  0.2590 1.4639 1.4796
v  0.2715 1.2982 1.4796
v  0.2384 1.4713 1.4796
v  0.2179 1.4639 1.4796
v  0.2050 1.2982 1.4796
v  0.2055 1.4395 1.4796
v  -0.0558 0.2379 1.5195
v  -0.0416 0.2783 1.5195
v  -0.0373 0.3285 1.5195
v  -0.6031 0.3383 1.5195
v  -0.5641 0.3758 1.5195
v  -0.1170 0.3919 1.5195
v  -1.4368 1.4321 0.3955
v  -1.5784 0.8691 -0.8765
v  -1.5784 0.8691 -1.0355
v  -1.5483 0.7568 -0.8765
v  -1.5935 1.1253 -1.1945
v  -1.5976 1.2230 -1.1373
v  -1.6085 1.3814 -1.1945
v  -1.5502 1.2706 -1.0355
v  -1.5460 1.2259 -1.1371
v  -1.5418 1.1281 -0.8762
v  -1.5460 1.2259 -0.9339
v  -1.5268 0.8720 -1.0355
v  -1.5268 0.8720 -0.8762
v  -1.5418 1.1281 -1.1948
v  -1.5268 0.8720 -1.1948
v  -0.2317 0.7188 -1.8305
v  -0.3719 0.7200 -1.8305
v  -0.2731 0.7192 -1.8305
v  -0.2976 0.6064 -1.8305
v  -0.3719 0.2638 -1.8305
v  -0.4638 0.3464 -1.8305
v  -0.4098 0.7206 -1.8305
v  -0.4638 0.7213 -1.8305
v  -0.5558 0.3953 -1.8305
v  -0.5035 0.7219 -1.8305
v  -0.5558 0.7226 -1.8305
v  -0.6477 0.4121 -1.8305
v  -0.6010 0.7231 -1.8305
v  -0.6521 0.5570 -1.8305
v  -0.6572 0.7239 -1.8305
v  -0.6534 0.5986 -1.8305
v  -0.6641 0.5572 -1.8305
v  -0.7396 0.5540 -1.8305
v  -0.7090 0.5572 -1.8305
v  -0.2359 0.5572 -1.8305
v  -0.2359 0.6036 -1.8305
v  -0.2800 0.1231 -1.8305
v  -0.2800 -0.1051 -1.8305
v  -0.2757 0.5572 -1.8305
v  -0.3081 0.5578 -1.8305
v  -0.2757 0.6036 -1.8305
v  -1.1992 -0.1051 -1.8305
# 513 vertices

vn 0.0000 -0.0000 1.0000
vn 0.0000 0.0000 1.0000
vn 0.9439 -0.3303 0.0017
vn 0.9998 0.0175 -0.0000
vn 0.9998 0.0175 0.0000
vn 0.9998 -0.0199 -0.0006
vn 0.9999 -0.0036 -0.0109
vn 0.9998 -0.0161 -0.0109
vn 0.9999 -0.0087 -0.0109
vn 0.9999 0.0160 0.0000
vn 0.9992 0.0404 0.0000
vn 0.9462 -0.3214 -0.0365
vn 0.9751 0.2002 -0.0950
vn 0.9959 0.0149 -0.0892
vn 0.9962 0.0170 -0.0851
vn 0.9957 0.0181 -0.0912
vn 0.9961 0.0152 -0.0874
vn -0.0000 -0.0000 1.0000
vn -0.0000 0.0000 1.0000
vn -0.0000 0.0115 0.9999
vn 0.0000 0.0120 0.9999
vn 0.0011 0.0009 1.0000
vn 0.0012 0.0000 1.0000
vn 0.0012 0.0016 1.0000
vn 0.0008 0.0019 1.0000
vn 0.0167 0.0013 0.9999
vn -0.0175 0.0002 0.9998
vn 0.0001 0.0007 1.0000
vn -0.0027 -0.0000 1.0000
vn -0.0000 0.0134 0.9999
vn 0.0000 0.0129 0.9999
vn 0.0000 0.0118 0.9999
vn 0.0000 0.0110 0.9999
vn 0.0000 0.0139 0.9999
vn 0.1230 0.0784 0.9893
vn 0.0101 0.0459 0.9989
vn -0.0013 0.0046 1.0000
vn 0.0111 -0.0044 0.9999
vn -0.0010 0.0166 0.9999
vn -0.0000 0.0453 0.9990
vn -0.0004 0.0001 1.0000
vn 0.0000 0.0122 0.9999
vn 0.0000 0.0124 0.9999
vn 0.0027 -0.0000 1.0000
vn -0.0003 0.0004 1.0000
vn -0.0024 0.0014 1.0000
vn 0.0000 0.0151 0.9999
vn -0.0024 -0.0005 1.0000
vn 0.0000 0.0100 0.9999
vn -0.0004 0.0202 0.9998
vn -0.0058 -0.0022 -1.0000
vn -0.0046 -0.0017 -1.0000
vn -0.0012 -0.0005 -1.0000
vn 0.0000 0.0000 -1.0000
vn 0.0002 -0.0001 1.0000
vn 0.0001 -0.0000 1.0000
vn 0.0002 -0.0000 1.0000
vn 0.0001 0.0000 1.0000
vn -0.0000 0.0000 -1.0000
vn -0.0000 -0.0000 -1.0000
vn -0.9911 -0.1235 -0.0502
vn -0.8714 0.4849 -0.0747
vn -0.8200 0.5723 0.0001
vn -0.9982 -0.0605 -0.0008
vn -0.9978 -0.0664 -0.0000
vn -0.9980 -0.0622 -0.0127
vn -0.9983 -0.0587 -0.0000
vn -0.9957 -0.0921 0.0098
vn -0.9960 -0.0843 0.0299
vn -0.9954 -0.0959 -0.0000
vn -0.9839 0.1788 0.0000
vn -0.9746 0.2238 0.0096
vn -0.9873 0.1532 0.0428
vn -0.9942 -0.1055 0.0191
vn -0.9801 0.1849 0.0722
vn 0.9680 0.1465 -0.2038
vn -0.0097 1.0000 0.0021
vn 0.5760 0.8115 -0.0989
vn -0.0011 1.0000 -0.0002
vn -0.0016 1.0000 -0.0000
vn -0.0013 1.0000 -0.0009
vn 0.9818 0.0570 -0.1812
vn 0.9898 -0.0000 -0.1421
vn 0.9957 0.0921 -0.0001
vn 0.9957 0.0930 -0.0001
vn 0.9956 0.0936 -0.0004
vn 0.9956 0.0940 -0.0006
vn 0.9958 0.0912 -0.0002
vn 0.9957 0.0927 -0.0002
vn 0.9960 0.0892 -0.0003
vn 0.9958 0.0917 -0.0005
vn 0.9961 0.0885 0.0000
vn 0.9959 0.0904 -0.0010
vn 0.9754 0.0870 0.2025
vn 0.9897 0.0003 0.1435
vn -0.9967 0.0230 -0.0784
vn -1.0000 0.0070 -0.0045
vn -0.9978 0.0192 -0.0642
vn -0.9999 0.0073 0.0094
vn -0.0006 0.0707 -0.9975
vn -0.0002 0.1086 -0.9941
vn 0.0011 -0.0005 -1.0000
vn -0.0005 -0.0009 -1.0000
vn -0.0066 -0.0001 -1.0000
vn -0.1197 -0.0046 -0.9928
vn -0.0022 -0.0031 -1.0000
vn -0.0013 -0.0082 -1.0000
vn 0.0037 0.0009 -1.0000
vn 0.0662 -0.0076 -0.9978
vn 0.0870 0.0000 -0.9962
vn 0.0015 0.0092 -1.0000
vn 0.0920 0.0079 -0.9957
vn 0.0168 0.0142 -0.9998
vn -0.1760 -0.0009 -0.9844
vn -0.1087 0.0117 -0.9940
vn -0.0031 0.0081 -1.0000
vn 0.0003 -0.0022 -1.0000
vn 0.0123 -0.0001 -0.9999
vn -0.0004 0.0006 -1.0000
vn 0.0001 0.0005 -1.0000
vn 0.0001 -0.0003 -1.0000
vn 0.0002 0.0000 -1.0000
vn -0.0000 0.0162 -0.9999
vn -0.0001 0.0181 -0.9998
vn 0.0009 0.0000 -1.0000
vn -1.0000 -0.0000 -0.0000
vn -0.9996 -0.0268 0.0125
vn -0.9995 -0.0274 0.0154
vn -0.9997 -0.0204 0.0127
vn -0.9998 -0.0186 0.0081
vn 0.0001 -0.0009 -1.0000
vn 0.0025 0.0000 -1.0000
vn 0.0000 0.0018 -1.0000
vn 0.0053 0.0000 -1.0000
vn -0.0096 0.0000 -1.0000
vn -0.0434 -0.0082 -0.9990
vn 0.0005 -0.0013 -1.0000
vn 0.0019 0.0002 -1.0000
vn 0.0001 -0.0004 -1.0000
vn 0.0144 -0.0013 -0.9999
vn -0.0056 0.0038 -1.0000
vn -0.0005 -0.0004 -1.0000
vn 0.0031 0.0000 -1.0000
vn -0.0469 -0.0178 -0.9987
vn -0.0001 -0.0008 -1.0000
vn -0.0009 -0.0000 -1.0000
vn -0.0017 -0.0002 -1.0000
vn -0.0004 -0.0009 -1.0000
vn -0.0002 -0.0002 -1.0000
vn 0.0000 0.0359 -0.9994
vn -0.0024 -0.0004 -1.0000
vn -0.0027 -0.0007 -1.0000
vn -0.0012 -0.0011 -1.0000
vn -0.0074 -0.0025 -1.0000
vn -0.0084 -0.0044 -1.0000
vn -0.0000 0.0205 -0.9998
vn -0.0003 0.0198 -0.9998
vn -0.1270 0.0015 -0.9919
vn -0.0007 0.0031 -1.0000
vn 0.0324 -0.0016 -0.9995
vn 0.0168 -0.0021 -0.9999
vn -0.0386 -0.0002 -0.9993
vn 0.0305 -0.0004 -0.9995
vn 0.0021 -0.0000 -1.0000
vn -0.0015 0.0000 -1.0000
vn -0.0160 0.0059 -0.9999
vn 0.0022 -0.0008 -1.0000
vn 0.0184 0.0020 -0.9998
vn 0.0048 -0.0006 -1.0000
vn -0.0138 -0.0013 -0.9999
vn 0.0219 0.0019 -0.9998
vn -0.0222 0.0018 -0.9998
vn -0.0004 -0.0008 -1.0000
vn 0.0326 -0.0059 -0.9995
vn 0.0047 -0.0122 -0.9999
vn -0.0123 0.0011 -0.9999
vn -0.0000 0.0001 -1.0000
vn -0.0101 0.0011 -0.9999
vn -0.0016 0.0018 -1.0000
vn 0.0215 0.0002 -0.9998
vn -0.0043 0.0000 -1.0000
vn 0.9970 -0.0139 0.0758
vn 0.9881 -0.1380 0.0680
vn 0.9999 -0.0057 0.0142
vn 0.9999 -0.0052 0.0098
vn 0.9586 -0.2813 0.0447
vn 0.9575 -0.2837 0.0513
vn 0.9804 -0.1841 0.0706
vn -0.9350 -0.3287 0.1329
vn -0.9702 -0.1079 0.2169
vn -0.9280 -0.3391 0.1546
vn -0.9705 -0.1077 0.2159
vn -0.9881 -0.0341 0.1499
vn -0.9890 -0.0333 0.1438
vn 0.6528 -0.7572 -0.0235
vn 0.6310 -0.7757 -0.0131
vn 0.6337 -0.7735 0.0062
vn 0.6190 -0.7849 0.0281
vn 0.0003 1.0000 0.0070
vn 0.0005 1.0000 0.0075
vn 0.0011 1.0000 0.0097
vn 0.0012 0.9999 0.0101
vn 0.6375 -0.7698 -0.0323
vn 0.5994 -0.7986 -0.0534
vn -0.6479 -0.7612 0.0279
vn -0.6266 -0.7769 0.0622
vn -0.6349 -0.7710 0.0490
vn -0.6141 -0.7851 0.0814
vn 0.8443 -0.5358 0.0063
vn 0.7031 -0.7111 0.0012
vn 0.8437 -0.5368 0.0044
vn 0.7025 -0.7117 -0.0004
vn 1.0000 0.0000 -0.0042
vn 1.0000 0.0013 0.0066
vn 1.0000 0.0001 -0.0033
vn 1.0000 0.0014 0.0075
vn -0.8416 -0.5331 -0.0867
vn -0.8475 -0.5260 -0.0712
vn -0.8542 -0.5172 -0.0526
vn -0.8597 -0.5095 -0.0367
vn -0.9947 -0.0064 -0.1030
vn -0.9987 -0.0130 -0.0489
vn -0.9951 -0.0070 -0.0985
vn -0.9989 -0.0135 -0.0443
vn 0.5227 -0.8525 -0.0025
vn 0.5221 -0.8529 -0.0037
vn -0.4296 -0.9029 -0.0165
vn -0.4330 -0.9013 -0.0096
vn -0.4367 -0.8996 -0.0019
vn -0.4405 -0.8977 0.0060
vn 0.0000 1.0000 -0.0028
vn -0.0003 1.0000 -0.0014
vn -0.0000 1.0000 -0.0026
vn -0.0003 1.0000 -0.0012
vn 0.9998 0.0000 -0.0203
vn 0.9919 -0.1165 -0.0503
vn 0.9997 -0.0004 -0.0232
vn 0.9919 -0.1167 -0.0507
vn 0.8900 -0.4553 -0.0253
vn 0.8918 -0.4520 -0.0173
vn -0.0000 1.0000 -0.0034
vn -0.0003 1.0000 -0.0046
vn 0.0001 1.0000 -0.0037
vn -0.0003 1.0000 -0.0052
vn -0.3478 -0.9375 -0.0091
vn -0.3492 -0.9370 -0.0052
vn -0.3521 -0.9360 0.0022
vn -0.3536 -0.9354 0.0061
vn -0.9880 -0.1263 -0.0895
vn -0.9885 -0.1269 -0.0823
vn -0.8848 -0.4640 -0.0423
vn -0.8878 -0.4592 -0.0298
vn -0.9992 -0.0073 -0.0403
vn -0.9993 -0.0080 -0.0352
vn 0.0000 1.0000 -0.0018
vn -0.0003 1.0000 -0.0025
vn 0.3829 -0.9238 -0.0061
vn 0.3859 -0.9225 0.0005
vn 0.3842 -0.9233 -0.0033
vn 0.3872 -0.9220 0.0033
vn 0.9997 -0.0063 -0.0251
vn 0.9936 -0.1025 -0.0479
vn 0.9996 -0.0065 -0.0266
vn 0.9936 -0.1023 -0.0482
vn 0.7813 -0.6236 -0.0258
vn 0.7815 -0.6235 -0.0213
vn 0.0000 1.0000 -0.0019
vn -0.0011 1.0000 0.0001
vn -0.0001 1.0000 -0.0017
vn -0.0015 1.0000 -0.0006
vn -0.5146 -0.8573 -0.0178
vn -0.5167 -0.8561 -0.0115
vn -0.5208 -0.8537 0.0011
vn -0.5229 -0.8523 0.0075
vn -0.8770 -0.4794 -0.0323
vn -0.9911 -0.0899 -0.0978
vn -0.8792 -0.4742 -0.0466
vn -0.9912 -0.0902 -0.0966
vn -0.9991 -0.0060 -0.0419
vn -0.9993 -0.0064 -0.0378
vn 0.0000 1.0000 0.0052
vn -0.0007 1.0000 0.0037
vn 0.6138 -0.7894 -0.0111
vn 0.6150 -0.7885 -0.0079
vn -0.4868 -0.8735 0.0004
vn -0.4868 -0.8735 0.0005
vn -0.0361 0.9993 -0.0002
vn -0.0270 0.9996 -0.0004
vn -0.0360 0.9993 -0.0003
vn -0.0270 0.9996 -0.0005
vn 1.0000 0.0045 -0.0015
vn 1.0000 0.0044 -0.0022
vn 1.0000 0.0045 -0.0016
vn 1.0000 0.0044 -0.0023
vn 0.8671 -0.4981 -0.0017
vn 0.7491 -0.6625 -0.0008
vn 0.8672 -0.4980 -0.0015
vn 0.7490 -0.6626 -0.0007
vn -0.8846 -0.4664 0.0005
vn -0.9936 -0.1131 0.0018
vn -0.8845 -0.4665 0.0008
vn -0.9997 -0.0233 0.0006
vn -0.9997 -0.0233 0.0005
vn -0.0167 0.9999 -0.0006
vn -0.0166 0.9999 -0.0006
vn 0.5413 -0.8409 0.0002
vn 0.5413 -0.8408 0.0004
vn 0.9897 -0.1088 0.0929
vn 0.9904 -0.1086 0.0857
vn 0.9998 0.0084 0.0155
vn 0.9999 0.0090 0.0098
vn 0.7784 -0.6278 0.0043
vn 0.7787 -0.6274 -0.0034
vn -0.9027 -0.4272 0.0518
vn -0.9850 -0.1083 0.1340
vn -0.8993 -0.4322 0.0671
vn -0.9853 -0.1072 0.1327
vn -0.9979 0.0079 0.0640
vn -0.9982 0.0085 0.0586
vn 0.5762 -0.8168 -0.0293
vn 0.5740 -0.8186 -0.0227
vn -0.0023 1.0000 0.0084
vn -0.0024 1.0000 0.0078
vn -0.0031 1.0000 0.0034
vn -0.0032 1.0000 0.0028
vn -0.5371 -0.8435 0.0071
vn -0.5317 -0.8466 0.0234
vn -0.5353 -0.8446 0.0126
vn -0.5299 -0.8476 0.0289
vn 0.0000 0.0274 0.9996
vn -0.0001 0.0039 1.0000
vn 0.0238 0.0008 0.9997
vn -0.0222 -0.0012 0.9998
vn 0.0032 -0.0012 1.0000
vn 0.0194 0.0087 0.9998
vn 0.0643 -0.0131 0.9978
vn 0.0263 0.0064 0.9996
vn -0.0117 0.0002 0.9999
vn 0.0000 0.0154 0.9999
vn -0.0001 -0.0000 1.0000
vn -0.9964 -0.0848 -0.0000
vn -0.9448 -0.3276 0.0000
vn 0.0092 1.0000 0.0000
vn -0.9992 -0.0407 -0.0000
vn 0.6343 -0.7731 -0.0000
vn 0.7849 -0.6196 -0.0000
vn 0.7849 -0.6196 0.0000
vn 0.9945 -0.1047 -0.0000
vn 0.9945 -0.1046 -0.0000
vn 0.9992 -0.0409 -0.0000
vn -0.5790 -0.8153 0.0000
vn -0.5790 -0.8153 -0.0000
vn -0.8747 -0.4844 0.0136
vn -0.8777 -0.4786 0.0226
vn -0.9971 -0.0657 0.0380
vn -0.9971 -0.0649 0.0403
vn -0.9997 -0.0000 0.0231
vn -0.9997 -0.0001 0.0244
vn 0.7322 -0.6808 0.0165
vn 0.8477 -0.5293 0.0353
vn 0.7347 -0.6781 0.0199
vn 0.8511 -0.5230 0.0458
vn 0.9984 0.0142 0.0543
vn 0.9996 0.0110 0.0264
vn 0.9985 0.0140 0.0521
vn 0.9996 0.0108 0.0242
vn -0.4784 -0.8781 0.0065
vn -0.4825 -0.8759 0.0016
vn -0.4823 -0.8760 0.0019
vn -0.4864 -0.8737 -0.0030
vn 0.5299 -0.8481 0.0049
vn 0.5360 -0.8442 -0.0020
vn -0.0000 1.0000 0.0018
vn 0.0001 1.0000 0.0015
vn 0.0000 1.0000 0.0017
vn 0.0001 1.0000 0.0014
vn 0.8882 -0.4593 -0.0110
vn 0.8788 -0.4772 0.0057
vn 0.7301 -0.6830 0.0224
vn 0.7106 -0.7018 0.0492
vn 0.0000 0.9995 0.0322
vn -0.0049 0.9997 0.0258
vn -0.0034 0.9998 0.0201
vn -0.0100 0.9999 0.0135
vn -0.9930 -0.1174 -0.0141
vn -0.9940 -0.1094 -0.0051
vn -0.9990 -0.0454 -0.0031
vn -0.9510 -0.3008 -0.0709
vn -0.9592 -0.2793 -0.0436
vn 0.9959 -0.0880 -0.0196
vn 0.9958 -0.0899 -0.0181
vn 0.9998 -0.0102 -0.0196
vn -0.0077 0.9999 0.0094
vn -0.0156 0.9999 0.0018
vn -0.6570 -0.7517 -0.0578
vn -0.6534 -0.7553 -0.0509
vn -0.6539 -0.7548 -0.0519
vn -0.6502 -0.7585 -0.0451
vn 0.4380 -0.8990 -0.0013
vn 0.4380 -0.8990 -0.0012
vn 0.4379 -0.8990 -0.0012
vn 0.4379 -0.8990 -0.0011
vn -0.6972 -0.7168 -0.0016
vn -0.6987 -0.7154 0.0001
vn -0.8488 -0.5288 0.0030
vn -0.8498 -0.5271 0.0058
vn 0.0000 1.0000 0.0014
vn 0.0000 1.0000 0.0015
vn -0.9998 -0.0180 0.0077
vn 0.8460 -0.5332 -0.0009
vn 0.8479 -0.5301 0.0039
vn 0.8474 -0.5309 0.0026
vn 0.8493 -0.5278 0.0074
vn 0.9999 0.0135 0.0098
vn 0.9983 0.0178 0.0560
vn 0.9998 0.0138 0.0127
vn 0.9981 0.0181 0.0589
vn -0.0000 1.0000 0.0016
vn 0.0000 1.0000 0.0016
vn -0.4957 -0.8685 -0.0011
vn -0.4955 -0.8686 -0.0008
vn -0.9967 -0.0815 0.0000
vn -0.9196 -0.3929 0.0000
vn -1.0000 -0.0000 0.0000
vn 0.6468 -0.7627 -0.0000
vn 0.6468 -0.7627 0.0000
vn 0.9481 -0.3180 0.0000
vn 0.9978 -0.0657 0.0000
vn 1.0000 -0.0000 0.0000
vn -0.5939 -0.8045 0.0000
vn -0.5939 -0.8045 -0.0000
vn 0.0000 1.0000 0.0000
vn 0.0000 1.0000 -0.0000
vn -0.9972 -0.0753 -0.0000
vn -0.8902 -0.4556 -0.0000
vn -1.0000 0.0000 -0.0000
vn 0.3399 -0.9405 -0.0000
vn 0.3399 -0.9405 0.0000
vn 0.3399 -0.9404 0.0000
vn -0.3382 -0.9411 -0.0000
vn -0.3382 -0.9411 0.0000
vn 0.8919 -0.4522 0.0000
vn 0.9970 -0.0780 -0.0001
vn 0.9970 -0.0780 -0.0000
vn 1.0000 -0.0040 0.0000
vn -0.9911 -0.1235 0.0502
vn -0.9659 -0.2589 -0.0000
vn -0.8200 0.5723 -0.0000
vn -0.9960 -0.0843 -0.0299
vn -0.9980 -0.0622 0.0127
vn -0.9982 -0.0605 0.0008
vn -0.9959 -0.0871 -0.0230
vn 0.0537 -0.9140 0.4021
vn 0.0511 -0.9137 0.4032
vn 0.0527 -0.9139 0.4025
vn 0.0501 -0.9136 0.4036
vn 0.0327 -0.5036 -0.8633
vn 0.0269 -0.5062 -0.8620
vn 0.0305 -0.5046 -0.8628
vn 0.0247 -0.5072 -0.8615
vn -0.0552 0.9985 0.0000
vn 0.0056 0.0003 -1.0000
vn 0.0327 -0.5036 0.8633
vn 0.0305 -0.5046 0.8628
vn 0.0269 -0.5062 0.8620
vn 0.0247 -0.5072 0.8615
vn 0.0056 0.0003 1.0000
vn 0.0537 -0.9140 -0.4021
vn 0.0527 -0.9139 -0.4025
vn 0.0511 -0.9137 -0.4032
vn 0.0501 -0.9136 -0.4036
vn 0.0000 0.0285 -0.9996
vn -0.0006 0.0200 -0.9998
# 473 vertex normals

vt 1.3797 0.6099 0.0000
vt 1.3797 0.5473 0.0000
vt 1.4088 0.5533 0.0000
vt 1.3927 0.5149 0.0000
vt 1.2365 0.7994 0.0000
vt 1.1577 0.7986 0.0000
vt 1.2363 0.6690 0.0000
vt 1.1186 0.6690 0.0000
vt 1.0837 0.7836 0.0000
vt 1.0073 0.7811 0.0000
vt 1.0835 0.5733 0.0000
vt 1.0069 0.5733 0.0000
vt 1.7374 0.1047 0.0000
vt 1.7372 0.0865 0.0000
vt 1.8807 0.1024 0.0000
vt 1.8804 0.0842 0.0000
vt 1.1186 0.7986 0.0000
vt 1.9119 0.9398 0.0000
vt 1.9119 0.9945 0.0000
vt 1.8193 0.9398 0.0000
vt 1.8193 0.9945 0.0000
vt 1.9120 0.8852 0.0000
vt 1.8193 0.8852 0.0000
vt 1.9121 0.8305 0.0000
vt 1.8193 0.8305 0.0000
vt 1.9121 0.7758 0.0000
vt 1.8193 0.7758 0.0000
vt 1.9122 0.7211 0.0000
vt 1.8193 0.7211 0.0000
vt 1.9123 0.6665 0.0000
vt 1.8193 0.6666 0.0000
vt 1.9123 0.6118 0.0000
vt 1.8250 0.6125 0.0000
vt 1.9124 0.5572 0.0000
vt 1.8193 0.5572 0.0000
vt 1.1186 0.6571 0.0000
vt 1.2378 0.6571 0.0000
vt 1.8644 0.2345 0.0000
vt 1.8653 0.2352 0.0000
vt 1.8644 0.3966 0.0000
vt 1.9811 0.2350 0.0000
vt 1.9811 0.3966 0.0000
vt 1.3576 0.6258 0.0000
vt 1.3576 0.5779 0.0000
vt 1.3354 0.5954 0.0000
vt 1.3354 0.6417 0.0000
vt 1.3133 0.6475 0.0000
vt 1.3133 0.6062 0.0000
vt 1.2912 0.6107 0.0000
vt 1.2912 0.6534 0.0000
vt 1.2690 0.6531 0.0000
vt 1.2690 0.6134 0.0000
vt 1.2469 0.6107 0.0000
vt 1.2469 0.6527 0.0000
vt 1.2248 0.6458 0.0000
vt 1.2248 0.6040 0.0000
vt 1.2026 0.5918 0.0000
vt 1.2026 0.6389 0.0000
vt 1.1805 0.6213 0.0000
vt 1.1805 0.5734 0.0000
vt 1.1584 0.5392 0.0000
vt 1.1584 0.6037 0.0000
vt 1.3949 0.4754 0.0000
vt 1.3938 0.4952 0.0000
vt 1.1362 0.5571 0.0000
vt 1.1495 0.5028 0.0000
vt 1.1481 0.4704 0.0000
vt 1.1488 0.4866 0.0000
vt 1.4482 0.1507 0.0000
vt 1.4482 0.4412 0.0000
vt 1.4240 0.3407 0.0000
vt 1.4240 0.3747 0.0000
vt 1.4240 0.4919 0.0000
vt 1.4111 0.3806 0.0000
vt 1.4081 0.3747 0.0000
vt 1.4079 0.3407 0.0000
vt 1.3890 0.4500 0.0000
vt 1.4072 0.1669 0.0000
vt 1.3797 0.2385 0.0000
vt 1.3764 0.3203 0.0000
vt 1.3797 0.4246 0.0000
vt 1.3354 0.2389 0.0000
vt 1.3133 0.2175 0.0000
vt 1.3354 0.2109 0.0000
vt 1.2912 0.2202 0.0000
vt 1.2912 0.3625 0.0000
vt 1.3133 0.3675 0.0000
vt 1.2690 0.3612 0.0000
vt 1.2690 0.2202 0.0000
vt 1.2469 0.2170 0.0000
vt 1.2469 0.3626 0.0000
vt 1.2248 0.3702 0.0000
vt 1.2248 0.2105 0.0000
vt 1.2026 0.1979 0.0000
vt 1.2026 0.3819 0.0000
vt 1.1805 0.4021 0.0000
vt 1.1805 0.1791 0.0000
vt 1.1584 0.3384 0.0000
vt 1.1584 0.4367 0.0000
vt 1.1584 0.2993 0.0000
vt 1.1362 0.2993 0.0000
vt 1.1584 0.1677 0.0000
vt 1.1362 0.1588 0.0000
vt 1.1141 0.1548 0.0000
vt 1.1141 0.4546 0.0000
vt 1.0920 0.3427 0.0000
vt 1.5244 0.1954 0.0000
vt 1.5277 0.0033 0.0000
vt 1.5450 0.1650 0.0000
vt 1.5478 0.0033 0.0000
vt 1.5035 0.2235 0.0000
vt 1.5056 0.1028 0.0000
vt 1.4828 0.2418 0.0000
vt 1.4871 0.1208 0.0000
vt 1.4983 0.1144 0.0000
vt 1.4766 0.1158 0.0000
vt 1.4675 0.2500 0.0000
vt 1.4701 0.1054 0.0000
vt 1.4482 0.1307 0.0000
vt 1.4715 0.0033 0.0000
vt 1.4240 0.0033 0.0000
vt 1.4240 0.1346 0.0000
vt 1.4071 0.1390 0.0000
vt 1.4065 0.0033 0.0000
vt 1.3797 0.0033 0.0000
vt 1.3797 0.1560 0.0000
vt 1.3570 0.1685 0.0000
vt 1.3576 0.0033 0.0000
vt 1.3423 0.1162 0.0000
vt 1.3354 0.1198 0.0000
vt 1.3354 0.1855 0.0000
vt 1.3133 0.1093 0.0000
vt 1.3133 0.1936 0.0000
vt 1.2912 0.1188 0.0000
vt 1.2912 0.1968 0.0000
vt 1.2690 0.1976 0.0000
vt 1.2690 0.1185 0.0000
vt 1.2453 0.1096 0.0000
vt 1.2453 0.1936 0.0000
vt 1.2311 0.1831 0.0000
vt 1.2407 0.1201 0.0000
vt 1.2311 0.1220 0.0000
vt 1.2134 0.0772 0.0000
vt 1.2165 0.0862 0.0000
vt 1.2053 0.0843 0.0000
vt 1.2126 0.0949 0.0000
vt 1.1959 0.0424 0.0000
vt 1.1805 0.0033 0.0000
vt 1.2053 0.0033 0.0000
vt 1.1584 0.0033 0.0000
vt 1.1584 0.1402 0.0000
vt 1.1805 0.1515 0.0000
vt 1.1362 0.1353 0.0000
vt 1.1362 0.0033 0.0000
vt 1.1141 0.0033 0.0000
vt 1.1141 0.1313 0.0000
vt 1.0920 0.0033 0.0000
vt 1.0699 0.0631 0.0000
vt 1.0699 0.1467 0.0000
vt 1.0699 0.2848 0.0000
vt 1.0256 0.2206 0.0000
vt 1.0256 0.0033 0.0000
vt 1.0398 0.1467 0.0000
vt 1.0410 0.0631 0.0000
vt 1.0035 0.1989 0.0000
vt 1.0035 0.0033 0.0000
vt 1.3354 0.0836 0.0000
vt 1.3296 0.0815 0.0000
vt 1.3322 0.0033 0.0000
vt 1.3228 0.1214 0.0000
vt 1.0550 0.4285 0.0000
vt 1.0572 0.5587 0.0000
vt 1.0086 0.4298 0.0000
vt 1.0108 0.5595 0.0000
vt 1.8102 0.5242 0.0000
vt 1.9125 0.5241 0.0000
vt 1.9564 0.0646 0.0000
vt 1.9945 0.1157 0.0000
vt 1.9127 0.0956 0.0000
vt 1.9449 0.0079 0.0000
vt 1.8024 0.0217 0.0000
vt 1.9480 0.0339 0.0000
vt 1.0982 0.8690 0.0000
vt 1.0214 0.8418 0.0000
vt 1.0982 0.8418 0.0000
vt 1.1750 0.9927 0.0000
vt 1.1366 0.9927 0.0000
vt 1.1612 0.9544 0.0000
vt 1.1366 0.9652 0.0000
vt 1.2518 0.9927 0.0000
vt 1.1750 0.9308 0.0000
vt 1.3287 0.9927 0.0000
vt 1.3287 0.8418 0.0000
vt 1.2518 0.8418 0.0000
vt 1.4055 0.9927 0.0000
vt 1.4055 0.8418 0.0000
vt 1.4823 0.9927 0.0000
vt 1.4823 0.8315 0.0000
vt 1.8113 0.9233 0.0000
vt 1.8195 0.6277 0.0000
vt 1.7925 0.8824 0.0000
vt 1.7846 0.9175 0.0000
vt 1.7923 0.8305 0.0000
vt 1.7923 0.7758 0.0000
vt 1.7923 0.7211 0.0000
vt 1.7922 0.6665 0.0000
vt 1.7922 0.6278 0.0000
vt 1.9289 0.7459 0.0000
vt 1.9309 0.5695 0.0000
vt 1.9769 0.7460 0.0000
vt 1.9769 0.5695 0.0000
vt 1.7770 0.4673 0.0000
vt 1.7770 0.4995 0.0000
vt 1.7593 0.4773 0.0000
vt 1.7601 0.4993 0.0000
vt 1.7054 0.5656 0.0000
vt 1.6840 0.5756 0.0000
vt 1.5165 0.5656 0.0000
vt 1.5101 0.5926 0.0000
vt 1.5041 0.6206 0.0000
vt 1.6684 0.6031 0.0000
vt 1.6660 0.6206 0.0000
vt 1.5003 0.6427 0.0000
vt 1.6688 0.6359 0.0000
vt 1.6744 0.6512 0.0000
vt 1.6828 0.6598 0.0000
vt 1.6557 0.6612 0.0000
vt 1.6012 0.6636 0.0000
vt 1.4961 0.6870 0.0000
vt 1.5419 0.6875 0.0000
vt 1.5416 0.6975 0.0000
vt 1.4970 0.7092 0.0000
vt 1.5416 0.7032 0.0000
vt 1.4983 0.7313 0.0000
vt 1.5413 0.7313 0.0000
vt 1.5413 0.7356 0.0000
vt 1.5007 0.7535 0.0000
vt 1.5410 0.7535 0.0000
vt 1.5409 0.7578 0.0000
vt 1.5039 0.7756 0.0000
vt 1.5407 0.7756 0.0000
vt 1.5406 0.7819 0.0000
vt 1.5071 0.7977 0.0000
vt 1.5404 0.7970 0.0000
vt 1.5771 0.8111 0.0000
vt 1.6063 0.8017 0.0000
vt 1.6063 0.8125 0.0000
vt 1.5770 0.8199 0.0000
vt 1.5401 0.8170 0.0000
vt 1.5119 0.8199 0.0000
vt 1.6529 0.8420 0.0000
vt 1.5167 0.8420 0.0000
vt 1.6514 0.8198 0.0000
vt 1.6063 0.8199 0.0000
vt 1.5401 0.8199 0.0000
vt 1.6594 0.8641 0.0000
vt 1.5240 0.8642 0.0000
vt 1.6708 0.8846 0.0000
vt 1.5331 0.8834 0.0000
vt 1.6943 0.9084 0.0000
vt 1.5471 0.9084 0.0000
vt 1.7341 0.9305 0.0000
vt 1.5618 0.9305 0.0000
vt 1.6155 0.9748 0.0000
vt 1.6503 0.9748 0.0000
vt 1.6425 0.9969 0.0000
vt 1.7769 0.9917 0.0000
vt 1.7769 0.9748 0.0000
vt 1.7049 0.9748 0.0000
vt 1.1982 0.5721 0.0000
vt 1.2212 0.5159 0.0000
vt 1.3210 0.5721 0.0000
vt 1.3210 0.3815 0.0000
vt 1.2212 0.3815 0.0000
vt 1.9054 0.4940 0.0000
vt 1.9402 0.5382 0.0000
vt 1.8819 0.4940 0.0000
vt 1.8928 0.4718 0.0000
vt 1.8355 0.4718 0.0000
vt 1.8800 0.4465 0.0000
vt 1.6804 0.4447 0.0000
vt 1.8730 0.4276 0.0000
vt 1.5983 0.4276 0.0000
vt 1.8653 0.4054 0.0000
vt 1.5561 0.4054 0.0000
vt 1.8586 0.3800 0.0000
vt 1.5078 0.3262 0.0000
vt 1.5772 0.3262 0.0000
vt 1.5123 0.3390 0.0000
vt 1.7031 0.3390 0.0000
vt 1.6401 0.3262 0.0000
vt 1.8458 0.3262 0.0000
vt 1.7488 0.3390 0.0000
vt 1.8488 0.3390 0.0000
vt 1.5770 0.2848 0.0000
vt 1.5596 0.2930 0.0000
vt 1.5047 0.2848 0.0000
vt 1.8434 0.2848 0.0000
vt 1.6400 0.2848 0.0000
vt 1.8414 0.2726 0.0000
vt 1.5047 0.2726 0.0000
vt 1.5101 0.2432 0.0000
vt 1.7343 0.2428 0.0000
vt 1.7985 0.2432 0.0000
vt 1.8415 0.2432 0.0000
vt 1.5285 0.2029 0.0000
vt 1.5523 0.1841 0.0000
vt 1.7329 0.2029 0.0000
vt 1.8522 0.1841 0.0000
vt 1.7985 0.2029 0.0000
vt 1.8472 0.2029 0.0000
vt 1.8586 0.1560 0.0000
vt 1.5991 0.1550 0.0000
vt 1.8645 0.1398 0.0000
vt 1.6394 0.1398 0.0000
vt 1.6752 0.5857 0.0000
vt 1.6724 0.4990 0.0000
vt 1.6797 0.5103 0.0000
vt 1.5415 0.4986 0.0000
vt 1.6954 0.5193 0.0000
vt 1.7604 0.5190 0.0000
vt 1.7770 0.5656 0.0000
vt 1.5666 0.4631 0.0000
vt 1.6937 0.4788 0.0000
vt 1.6794 0.4864 0.0000
vt 1.6959 0.6684 0.0000
vt 1.6557 0.6893 0.0000
vt 1.7770 0.6870 0.0000
vt 1.7770 0.6685 0.0000
vt 1.5881 0.6680 0.0000
vt 1.4976 0.6680 0.0000
vt 1.5889 0.6837 0.0000
vt 1.5838 0.6777 0.0000
vt 1.5818 0.6754 0.0000
vt 1.5788 0.6880 0.0000
vt 1.6056 0.6886 0.0000
vt 1.7049 0.9414 0.0000
vt 1.6347 0.9591 0.0000
vt 1.6406 0.9686 0.0000
vt 1.6398 0.9484 0.0000
vt 1.6503 0.9418 0.0000
vt 1.8433 0.2284 0.0000
vt 1.7985 0.2284 0.0000
vt 1.7196 0.2352 0.0000
vt 1.7192 0.2104 0.0000
vt 1.7110 0.2240 0.0000
vt 1.5170 0.2284 0.0000
vt 1.5592 0.3174 0.0000
vt 1.5512 0.3061 0.0000
vt 1.8533 0.3612 0.0000
vt 1.7488 0.3612 0.0000
vt 1.7488 0.3800 0.0000
vt 1.6886 0.3731 0.0000
vt 1.5369 0.3800 0.0000
vt 1.6837 0.3612 0.0000
vt 1.5193 0.3612 0.0000
vt 1.6890 0.3467 0.0000
vt 1.7018 0.3800 0.0000
vt 1.6024 0.0261 0.0000
vt 1.5904 0.0203 0.0000
vt 1.6425 0.0225 0.0000
vt 1.6420 0.0157 0.0000
vt 1.5738 0.0284 0.0000
vt 1.5732 0.0216 0.0000
vt 1.5910 0.0271 0.0000
vt 1.2480 0.0786 0.0000
vt 1.2473 0.0651 0.0000
vt 1.2549 0.0785 0.0000
vt 1.2541 0.0651 0.0000
vt 1.2468 0.0084 0.0000
vt 1.2537 0.0083 0.0000
vt 1.5685 0.0288 0.0000
vt 1.5680 0.0219 0.0000
vt 1.1519 0.3361 0.0000
vt 1.1452 0.3361 0.0000
vt 1.1532 0.3081 0.0000
vt 1.1466 0.3071 0.0000
vt 1.5665 0.0289 0.0000
vt 1.5660 0.0221 0.0000
vt 1.2486 0.0851 0.0000
vt 1.2555 0.0850 0.0000
vt 1.3344 0.5656 0.0000
vt 1.3344 0.5758 0.0000
vt 1.3274 0.5656 0.0000
vt 1.3274 0.5758 0.0000
vt 1.3344 0.5083 0.0000
vt 1.3274 0.5083 0.0000
vt 1.5896 0.0525 0.0000
vt 1.5902 0.0592 0.0000
vt 1.5789 0.0529 0.0000
vt 1.5795 0.0597 0.0000
vt 1.6448 0.0476 0.0000
vt 1.6454 0.0543 0.0000
vt 1.3344 0.5820 0.0000
vt 1.3274 0.5820 0.0000
vt 1.3119 0.0780 0.0000
vt 1.3189 0.0783 0.0000
vt 1.3124 0.0893 0.0000
vt 1.3194 0.0892 0.0000
vt 1.5935 0.2897 0.0000
vt 1.5936 0.3231 0.0000
vt 1.5869 0.2900 0.0000
vt 1.5869 0.3231 0.0000
vt 1.6468 0.0696 0.0000
vt 1.5993 0.0739 0.0000
vt 1.6462 0.0629 0.0000
vt 1.5987 0.0672 0.0000
vt 1.5861 0.0753 0.0000
vt 1.5854 0.0686 0.0000
vt 1.5974 0.3142 0.0000
vt 1.6195 0.3142 0.0000
vt 1.5976 0.3209 0.0000
vt 1.6195 0.3209 0.0000
vt 1.5746 0.2922 0.0000
vt 1.5815 0.2924 0.0000
vt 1.5751 0.3072 0.0000
vt 1.5820 0.3072 0.0000
vt 1.1845 0.5479 0.0000
vt 1.1913 0.5479 0.0000
vt 1.1840 0.5622 0.0000
vt 1.1908 0.5623 0.0000
vt 1.1845 0.5015 0.0000
vt 1.1913 0.5016 0.0000
vt 1.6383 0.3142 0.0000
vt 1.6382 0.3209 0.0000
vt 1.5749 0.3196 0.0000
vt 1.5818 0.3194 0.0000
vt 1.1018 0.4379 0.0000
vt 1.1015 0.5047 0.0000
vt 1.0949 0.4379 0.0000
vt 1.0946 0.5047 0.0000
vt 1.1017 0.5200 0.0000
vt 1.0948 0.5200 0.0000
vt 1.2884 0.5882 0.0000
vt 1.2629 0.5882 0.0000
vt 1.2881 0.5815 0.0000
vt 1.2630 0.5815 0.0000
vt 1.4384 0.6971 0.0000
vt 1.4454 0.6971 0.0000
vt 1.4391 0.7057 0.0000
vt 1.4461 0.7057 0.0000
vt 1.4389 0.6826 0.0000
vt 1.4459 0.6826 0.0000
vt 1.4389 0.6135 0.0000
vt 1.4460 0.6136 0.0000
vt 1.2481 0.5882 0.0000
vt 1.2483 0.5815 0.0000
vt 1.1017 0.5290 0.0000
vt 1.0948 0.5290 0.0000
vt 1.2257 0.1071 0.0000
vt 1.2258 0.0936 0.0000
vt 1.2328 0.1071 0.0000
vt 1.2329 0.0936 0.0000
vt 1.6388 0.3083 0.0000
vt 1.6168 0.3083 0.0000
vt 1.6388 0.3017 0.0000
vt 1.6168 0.3016 0.0000
vt 1.0182 0.2575 0.0000
vt 1.0182 0.3255 0.0000
vt 1.0112 0.2575 0.0000
vt 1.0112 0.3255 0.0000
vt 1.0182 0.3420 0.0000
vt 1.0112 0.3420 0.0000
vt 1.5629 0.0384 0.0000
vt 1.5773 0.0371 0.0000
vt 1.5635 0.0451 0.0000
vt 1.5779 0.0438 0.0000
vt 1.6433 0.0312 0.0000
vt 1.6439 0.0379 0.0000
vt 1.5971 0.3083 0.0000
vt 1.5971 0.3016 0.0000
vt 1.0182 0.3496 0.0000
vt 1.0112 0.3496 0.0000
vt 1.0858 0.4364 0.0000
vt 1.0789 0.4364 0.0000
vt 1.0858 0.3706 0.0000
vt 1.0788 0.3706 0.0000
vt 1.0852 0.4552 0.0000
vt 1.0782 0.4552 0.0000
vt 1.4552 0.6081 0.0000
vt 1.4543 0.5897 0.0000
vt 1.4622 0.6081 0.0000
vt 1.4613 0.5897 0.0000
vt 1.4543 0.5233 0.0000
vt 1.4613 0.5233 0.0000
vt 1.0858 0.4636 0.0000
vt 1.0788 0.4635 0.0000
vt 1.2479 0.6040 0.0000
vt 1.2478 0.5973 0.0000
vt 1.2893 0.6040 0.0000
vt 1.2897 0.5973 0.0000
vt 1.4543 0.6168 0.0000
vt 1.4613 0.6168 0.0000
vt 1.0699 0.0033 0.0000
vt 1.0548 0.1628 0.0000
vt 1.0636 0.1580 0.0000
vt 1.0470 0.1580 0.0000
vt 1.2053 0.0424 0.0000
vt 1.2178 0.0424 0.0000
vt 1.2311 0.0044 0.0000
vt 1.2332 0.0822 0.0000
vt 1.2167 0.0666 0.0000
vt 1.1990 0.0772 0.0000
vt 1.1962 0.0666 0.0000
vt 1.2053 0.1653 0.0000
vt 1.3576 0.2005 0.0000
vt 1.3576 0.2387 0.0000
vt 1.3797 0.1839 0.0000
vt 1.3388 0.3203 0.0000
vt 1.3455 0.3342 0.0000
vt 1.3354 0.3774 0.0000
vt 1.3576 0.3927 0.0000
vt 1.3715 0.3342 0.0000
vt 1.3576 0.3441 0.0000
vt 1.1362 0.3380 0.0000
vt 1.1394 0.3475 0.0000
vt 1.1465 0.3535 0.0000
vt 1.1544 0.3477 0.0000
vt 1.4240 0.1588 0.0000
vt 1.4160 0.3824 0.0000
vt 1.4209 0.3806 0.0000
vt 1.5074 0.0033 0.0000
vt 1.4591 0.4183 0.0000
vt 1.4614 0.2889 0.0000
vt 1.4619 0.2770 0.0000
vt 1.3533 0.4867 0.0000
vt 1.3533 0.5011 0.0000
vt 1.3433 0.4867 0.0000
vt 1.3433 0.5011 0.0000
vt 1.3064 0.0174 0.0000
vt 1.2842 0.0174 0.0000
vt 1.3064 0.0078 0.0000
vt 1.2842 0.0078 0.0000
vt 1.3533 0.4018 0.0000
vt 1.3433 0.4018 0.0000
vt 1.3593 0.5336 0.0000
vt 1.3593 0.5233 0.0000
vt 1.3692 0.5336 0.0000
vt 1.3692 0.5233 0.0000
vt 1.3285 0.0174 0.0000
vt 1.3285 0.0078 0.0000
vt 1.3593 0.5090 0.0000
vt 1.3692 0.5090 0.0000
vt 1.3593 0.4248 0.0000
vt 1.3692 0.4248 0.0000
vt 1.3533 0.5114 0.0000
vt 1.3433 0.5114 0.0000
vt 1.4483 0.6069 0.0000
vt 1.4386 0.6069 0.0000
vt 1.4481 0.5956 0.0000
vt 1.4384 0.5956 0.0000
vt 1.4481 0.5112 0.0000
vt 1.4384 0.5113 0.0000
vt 1.4814 0.1012 0.0000
vt 1.4818 0.0895 0.0000
vt 1.4913 0.1012 0.0000
vt 1.4917 0.0895 0.0000
vt 1.4818 0.0033 0.0000
vt 1.4917 0.0033 0.0000
vt 1.0607 0.1433 0.0000
vt 1.0513 0.1432 0.0000
vt 1.0605 0.1330 0.0000
vt 1.0513 0.1330 0.0000
vt 1.4816 0.1061 0.0000
vt 1.4915 0.1061 0.0000
vt 1.2872 0.0593 0.0000
vt 1.2872 0.0305 0.0000
vt 1.2968 0.0591 0.0000
vt 1.2968 0.0307 0.0000
vt 1.2649 0.0560 0.0000
vt 1.2749 0.0560 0.0000
vt 1.2649 0.0634 0.0000
vt 1.2748 0.0634 0.0000
vt 1.4110 0.3500 0.0000
vt 1.4205 0.3500 0.0000
vt 1.4110 0.3625 0.0000
vt 1.4206 0.3626 0.0000
vt 1.2088 0.4205 0.0000
vt 1.1987 0.4208 0.0000
vt 1.2079 0.3951 0.0000
vt 1.1979 0.3954 0.0000
vt 1.2091 0.4316 0.0000
vt 1.1991 0.4317 0.0000
vt 1.2647 0.0451 0.0000
vt 1.2746 0.0451 0.0000
vt 1.2649 0.0201 0.0000
vt 1.2749 0.0201 0.0000
vt 1.4110 0.3719 0.0000
vt 1.4206 0.3721 0.0000
vt 1.2079 0.4390 0.0000
vt 1.1979 0.4390 0.0000
vt 1.2842 0.0952 0.0000
vt 1.2740 0.0952 0.0000
vt 1.2841 0.0841 0.0000
vt 1.2739 0.0841 0.0000
vt 1.3373 0.5017 0.0000
vt 1.3276 0.5017 0.0000
vt 1.3371 0.4899 0.0000
vt 1.3274 0.4899 0.0000
vt 1.3433 0.5180 0.0000
vt 1.3529 0.5181 0.0000
vt 1.3433 0.5382 0.0000
vt 1.3529 0.5382 0.0000
vt 1.3371 0.3895 0.0000
vt 1.3274 0.3895 0.0000
vt 1.0566 0.4119 0.0000
vt 1.0568 0.4015 0.0000
vt 1.0662 0.4119 0.0000
vt 1.0665 0.4015 0.0000
vt 1.0568 0.2984 0.0000
vt 1.0665 0.2985 0.0000
vt 1.3433 0.5540 0.0000
vt 1.3529 0.5534 0.0000
vt 1.2842 0.0721 0.0000
vt 1.2740 0.0721 0.0000
vt 1.0613 0.1106 0.0000
vt 1.0613 0.1203 0.0000
vt 1.0513 0.1106 0.0000
vt 1.0513 0.1203 0.0000
vt 1.0613 0.0698 0.0000
vt 1.0513 0.0698 0.0000
vt 1.2030 0.5131 0.0000
vt 1.2030 0.5068 0.0000
vt 1.2129 0.5131 0.0000
vt 1.2129 0.5068 0.0000
vt 1.2030 0.4971 0.0000
vt 1.2129 0.4971 0.0000
vt 1.2030 0.4570 0.0000
vt 1.2129 0.4570 0.0000
vt 1.0613 0.1263 0.0000
vt 1.0513 0.1263 0.0000
vt 1.3091 0.0628 0.0000
vt 1.3091 0.0407 0.0000
vt 1.3187 0.0628 0.0000
vt 1.3187 0.0407 0.0000
vt 1.7860 0.2096 0.0000
vt 1.7919 0.2096 0.0000
vt 1.7860 0.2193 0.0000
vt 1.7919 0.2193 0.0000
vt 1.7516 0.2096 0.0000
vt 1.7516 0.2193 0.0000
vt 1.2993 0.0695 0.0000
vt 1.2993 0.0746 0.0000
vt 1.2894 0.0695 0.0000
vt 1.2894 0.0746 0.0000
vt 1.2898 0.1012 0.0000
vt 1.2898 0.0852 0.0000
vt 1.2994 0.1012 0.0000
vt 1.2994 0.0852 0.0000
vt 1.2993 0.0644 0.0000
vt 1.2894 0.0644 0.0000
vt 1.3752 0.5061 0.0000
vt 1.3752 0.5001 0.0000
vt 1.3849 0.5061 0.0000
vt 1.3849 0.5001 0.0000
vt 1.3752 0.4658 0.0000
vt 1.3849 0.4658 0.0000
vt 1.3451 0.0854 0.0000
vt 1.3494 0.1028 0.0000
vt 1.3503 0.1127 0.0000
vt 1.2134 0.1096 0.0000
vt 1.2228 0.1186 0.0000
vt 1.3304 0.1225 0.0000
vt 1.7292 0.0822 0.0000
vt 1.5676 0.1471 0.0000
vt 1.5687 0.1040 0.0000
vt 1.1750 0.8690 0.0000
vt 1.1366 0.8690 0.0000
vt 1.1750 0.8418 0.0000
vt 1.0982 0.9308 0.0000
vt 1.1120 0.9544 0.0000
vt 1.0982 0.9927 0.0000
vt 1.0214 0.9927 0.0000
vt 1.0300 0.3178 0.0000
vt 1.0312 0.2887 0.0000
vt 1.0448 0.3178 0.0000
vt 1.0460 0.2887 0.0000
vt 1.0324 0.3633 0.0000
vt 1.0312 0.3470 0.0000
vt 1.0472 0.3634 0.0000
vt 1.0460 0.3469 0.0000
vt 1.1628 0.4846 0.0000
vt 1.1628 0.4463 0.0000
vt 1.1752 0.4846 0.0000
vt 1.1752 0.4462 0.0000
vt 1.3486 0.2461 0.0000
vt 1.3611 0.2454 0.0000
vt 1.3523 0.3077 0.0000
vt 1.3647 0.3071 0.0000
vt 1.0324 0.2723 0.0000
vt 1.0472 0.2722 0.0000
vt 1.1993 0.5814 0.0000
vt 1.2029 0.5197 0.0000
vt 1.2117 0.5820 0.0000
vt 1.2153 0.5204 0.0000
vt 1.1628 0.5229 0.0000
vt 1.1752 0.5229 0.0000
vt 1.5785 0.6975 0.0000
vt 1.5783 0.7313 0.0000
vt 1.5784 0.7075 0.0000
vt 1.6056 0.7134 0.0000
vt 1.6881 0.7313 0.0000
vt 1.6682 0.7534 0.0000
vt 1.5781 0.7404 0.0000
vt 1.5779 0.7534 0.0000
vt 1.6564 0.7756 0.0000
vt 1.5778 0.7630 0.0000
vt 1.5776 0.7756 0.0000
vt 1.6524 0.7977 0.0000
vt 1.5775 0.7865 0.0000
vt 1.6175 0.7988 0.0000
vt 1.5773 0.8000 0.0000
vt 1.6075 0.7991 0.0000
vt 1.6175 0.8017 0.0000
vt 1.6182 0.8199 0.0000
vt 1.6174 0.8125 0.0000
vt 1.6167 0.6887 0.0000
vt 1.6174 0.6986 0.0000
vt 1.6063 0.6986 0.0000
vt 1.7220 0.7092 0.0000
vt 1.7770 0.7092 0.0000
vt 1.6175 0.7081 0.0000
vt 1.6173 0.7159 0.0000
vt 1.6063 0.7081 0.0000
vt 1.7769 0.9305 0.0000
# 725 texture coords

o meshId4_name
g meshId4_name
usemtl 01___Default
s off
f 2439/3437/1879 2440/3438/1880 2441/3439/1880 
f 2441/3439/1880 2440/3438/1880 2442/3440/1880 
f 2443/3441/1881 2444/3442/1882 2445/3443/1883 
f 2445/3443/1883 2444/3442/1882 2446/3444/1883 
f 2447/3445/1884 2448/3446/1884 2449/3447/1884 
f 2449/3447/1885 2448/3446/1886 2450/3448/1887 
f 2451/3449/1888 2452/3450/1888 2453/3451/1888 
f 2453/3451/1888 2452/3450/1888 2454/3452/1888 
f 2446/3444/1883 2444/3442/1882 2455/3453/1883 
f 2456/3454/1883 2457/3455/1883 2458/3456/1883 
f 2458/3456/1883 2457/3455/1883 2459/3457/1883 
f 2460/3458/1883 2456/3454/1883 2461/3459/1883 
f 2461/3459/1883 2456/3454/1883 2458/3456/1883 
f 2462/3460/1883 2460/3458/1883 2463/3461/1883 
f 2463/3461/1883 2460/3458/1883 2461/3459/1883 
f 2464/3462/1883 2462/3460/1883 2465/3463/1883 
f 2465/3463/1883 2462/3460/1883 2463/3461/1883 
f 2466/3464/1883 2464/3462/1883 2467/3465/1883 
f 2467/3465/1883 2464/3462/1883 2465/3463/1883 
f 2468/3466/1883 2466/3464/1883 2469/3467/1883 
f 2469/3467/1883 2466/3464/1883 2467/3465/1883 
f 2470/3468/1883 2468/3466/1883 2471/3469/1883 
f 2471/3469/1883 2468/3466/1883 2469/3467/1883 
f 2472/3470/1883 2470/3468/1883 2473/3471/1883 
f 2473/3471/1883 2470/3468/1883 2471/3469/1883 
f 2446/3444/1889 2474/3472/1889 2445/3443/1889 
f 2445/3443/1890 2474/3472/1890 2475/3473/1890 
f 2476/3474/1891 2477/3475/1892 2478/3476/1893 
f 2479/3477/1894 2480/3478/1895 2477/3475/1892 
f 2477/3475/1892 2480/3478/1895 2478/3476/1893 
f 2481/3479/1879 2482/3480/1896 2439/3437/1879 
f 2439/3437/1879 2482/3480/1896 2440/3438/1880 
f 2482/3480/1896 2481/3479/1879 2483/3481/1879 
f 2483/3481/1879 2481/3479/1879 2484/3482/1879 
f 2485/3483/1879 2486/3484/1879 2484/3482/1879 
f 2484/3482/1879 2486/3484/1879 2483/3481/1879 
f 2486/3484/1879 2485/3483/1879 2487/3485/1879 
f 2487/3485/1879 2485/3483/1879 2488/3486/1879 
f 2489/3487/1896 2490/3488/1879 2488/3486/1879 
f 2488/3486/1879 2490/3488/1879 2487/3485/1879 
f 2491/3489/1879 2490/3488/1879 2492/3490/1896 
f 2492/3490/1896 2490/3488/1879 2489/3487/1896 
f 2492/3490/1896 2493/3491/1896 2491/3489/1879 
f 2491/3489/1879 2493/3491/1896 2494/3492/1879 
f 2495/3493/1896 2494/3492/1879 2496/3494/1879 
f 2496/3494/1879 2494/3492/1879 2493/3491/1896 
f 2496/3494/1879 2497/3495/1879 2495/3493/1896 
f 2495/3493/1896 2497/3495/1879 2498/3496/1897 
f 2499/3497/1880 2498/3496/1897 2500/3498/1880 
f 2500/3498/1880 2498/3496/1897 2497/3495/1879 
f 2501/3499/1879 2441/3439/1880 2502/3500/1879 
f 2441/3439/1880 2442/3440/1880 2502/3500/1879 
f 2500/3498/1880 2503/3501/1897 2499/3497/1880 
f 2499/3497/1880 2503/3501/1897 2504/3502/1879 
f 2505/3503/1896 2506/3504/1879 2503/3501/1897 
f 2504/3502/1879 2503/3501/1897 2506/3504/1879 
f 2507/3505/1896 2508/3506/1897 2509/3507/1896 
f 2509/3507/1896 2508/3506/1897 2510/3508/1879 
f 2508/3506/1897 2511/3509/1896 2510/3508/1879 
f 2512/3510/1897 2441/3439/1880 2513/3511/1879 
f 2514/3512/1897 2515/3513/1879 2516/3514/1879 
f 2516/3514/1879 2515/3513/1879 2517/3515/1879 
f 2517/3515/1879 2515/3513/1879 2518/3516/1896 
f 2515/3513/1879 2519/3517/1879 2518/3516/1896 
f 2520/3518/1896 2521/3519/1879 2522/3520/1896 
f 2523/3521/1879 2521/3519/1879 2524/3522/1879 
f 2524/3522/1879 2521/3519/1879 2525/3523/1879 
f 2524/3522/1879 2526/3524/1879 2523/3521/1879 
f 2523/3521/1879 2526/3524/1879 2527/3525/1879 
f 2528/3526/1896 2527/3525/1879 2529/3527/1879 
f 2529/3527/1879 2527/3525/1879 2526/3524/1879 
f 2530/3528/1879 2531/3529/1896 2529/3527/1879 
f 2529/3527/1879 2531/3529/1896 2528/3526/1896 
f 2532/3530/1896 2531/3529/1896 2533/3531/1879 
f 2533/3531/1879 2531/3529/1896 2530/3528/1879 
f 2534/3532/1896 2535/3533/1879 2533/3531/1879 
f 2533/3531/1879 2535/3533/1879 2532/3530/1896 
f 2536/3534/1897 2534/3532/1896 2537/3535/1879 
f 2538/3536/1896 2539/3537/1879 2540/3538/1879 
f 2540/3538/1879 2539/3537/1879 2541/3539/1879 
f 2542/3540/1896 2541/3539/1879 2539/3537/1879 
f 2543/3541/1897 2544/3542/1896 2542/3540/1896 
f 2545/3543/1879 2546/3544/1898 2478/3545/1879 
f 2478/3545/1879 2546/3544/1898 2476/3546/1899 
f 2545/3543/1879 2547/3547/1900 2548/3548/1901 
f 2549/3549/1902 2550/3550/1903 2547/3547/1900 
f 2547/3547/1900 2550/3550/1903 2551/3551/1904 
f 2552/3552/1905 2553/3553/1906 2554/3554/1907 
f 2554/3554/1907 2555/3555/1879 2556/3556/1908 
f 2556/3556/1908 2555/3555/1879 2557/3557/1909 
f 2557/3557/1909 2555/3555/1879 2558/3558/1879 
f 2559/3559/1879 2560/3560/1910 2558/3558/1879 
f 2558/3558/1879 2560/3560/1910 2557/3557/1909 
f 2560/3560/1910 2559/3559/1879 2561/3561/1911 
f 2561/3561/1911 2559/3559/1879 2562/3562/1896 
f 2563/3563/1896 2564/3564/1912 2562/3562/1896 
f 2562/3562/1896 2564/3564/1912 2561/3561/1911 
f 2565/3565/1879 2563/3563/1896 2566/3566/1896 
f 2566/3566/1896 2563/3563/1896 2567/3567/1879 
f 2568/3568/1879 2569/3569/1879 2570/3570/1896 
f 2570/3570/1896 2569/3569/1879 2571/3571/1879 
f 2572/3572/1879 2573/3573/1896 2571/3571/1879 
f 2571/3571/1879 2573/3573/1896 2570/3570/1896 
f 2574/3574/1896 2573/3573/1896 2575/3575/1879 
f 2575/3575/1879 2573/3573/1896 2572/3572/1879 
f 2575/3575/1879 2576/3576/1879 2577/3577/1896 
f 2577/3577/1896 2576/3576/1879 2578/3578/1879 
f 2579/3579/1913 2580/3580/1914 2581/3581/1915 
f 2581/3581/1915 2580/3580/1914 2582/3582/1879 
f 2583/3583/1916 2584/3584/1917 2585/3585/1918 
f 2586/3586/1910 2584/3584/1917 2587/3587/1879 
f 2587/3587/1879 2584/3584/1917 2588/3588/1919 
f 2587/3587/1879 2589/3589/1879 2586/3586/1910 
f 2586/3586/1910 2589/3589/1879 2590/3590/1920 
f 2591/3591/1921 2590/3590/1920 2592/3592/1879 
f 2592/3592/1879 2590/3590/1920 2589/3589/1879 
f 2592/3592/1879 2593/3593/1910 2591/3591/1921 
f 2544/3542/1896 2593/3593/1910 2542/3540/1896 
f 2542/3540/1896 2593/3593/1910 2592/3592/1879 
f 2593/3593/1910 2544/3542/1896 2594/3594/1879 
f 2594/3594/1879 2544/3542/1896 2595/3595/1922 
f 2544/3542/1896 2596/3596/1923 2595/3595/1922 
f 2597/3597/1924 2598/3598/1925 2599/3599/1926 
f 2599/3599/1926 2598/3598/1925 2600/3600/1879 
f 2597/3597/1924 2601/3601/1880 2598/3598/1925 
f 2598/3598/1925 2601/3601/1880 2602/3602/1927 
f 2603/3603/1896 2604/3604/1879 2605/3605/1928 
f 2606/3606/1879 2569/3569/1879 2568/3568/1879 
f 2443/3607/1929 2445/3608/1930 2457/3609/1931 
f 2457/3609/1931 2445/3608/1930 2459/3610/1932 
f 2454/3611/1933 2452/3612/1934 2473/3471/1935 
f 2473/3471/1935 2452/3612/1934 2472/3470/1936 
f 2607/3613/1932 2608/3614/1937 2609/3615/1937 
f 2610/3616/1938 2609/3615/1937 2611/3617/1937 
f 2612/3618/1938 2607/3613/1932 2609/3615/1937 
f 2613/3619/1939 2611/3620/1940 2614/3621/1941 
f 2615/3622/1942 2616/3623/1943 2617/3624/1944 
f 2617/3624/1944 2616/3623/1943 2618/3625/1945 
f 2619/3626/1946 2615/3622/1942 2620/3627/1947 
f 2621/3628/1948 2619/3626/1946 2622/3629/1949 
f 2622/3629/1949 2619/3626/1946 2623/3630/1950 
f 2624/3631/1948 2621/3628/1948 2625/3632/1951 
f 2625/3632/1951 2621/3628/1948 2622/3629/1949 
f 2624/3631/1948 2625/3632/1951 2626/3633/1952 
f 2626/3633/1952 2625/3632/1951 2627/3634/1953 
f 2610/3616/1938 2612/3618/1938 2609/3615/1937 
f 2461/3459/1954 2458/3456/1955 2628/3635/1956 
f 2471/3469/1957 2469/3467/1958 2629/3636/1959 
f 2461/3459/1954 2628/3635/1956 2630/3637/1960 
f 2630/3637/1960 2628/3635/1956 2631/3638/1961 
f 2463/3461/1962 2461/3459/1963 2632/3639/1964 
f 2632/3639/1964 2461/3459/1963 2630/3637/1965 
f 2465/3463/1966 2463/3461/1962 2633/3640/1967 
f 2633/3640/1967 2463/3461/1962 2632/3639/1964 
f 2467/3465/1968 2465/3463/1966 2634/3641/1969 
f 2634/3641/1969 2465/3463/1966 2633/3640/1967 
f 2469/3467/1970 2467/3465/1968 2635/3642/1971 
f 2635/3642/1971 2467/3465/1968 2634/3641/1969 
f 2469/3467/1972 2635/3642/1972 2629/3636/1972 
f 2629/3636/1973 2635/3642/1973 2636/3643/1973 
f 2637/3644/1974 2638/3645/1975 2601/3646/1976 
f 2601/3646/1976 2638/3645/1975 2602/3647/1977 
f 2449/3648/1978 2639/3649/1979 2640/3650/1980 
f 2640/3650/1980 2639/3649/1979 2641/3651/1981 
f 2642/3652/1982 2643/3653/1983 2644/3654/1984 
f 2644/3654/1984 2643/3653/1983 2645/3655/1985 
f 2646/3656/1986 2647/3657/1987 2648/3658/1988 
f 2649/3659/1989 2650/3660/1990 2651/3661/1991 
f 2652/3662/1992 2653/3663/1993 2651/3661/1991 
f 2651/3661/1991 2653/3663/1993 2649/3659/1989 
f 2653/3663/1993 2654/3664/1994 2649/3659/1989 
f 2655/3665/1995 2656/3666/1996 2657/3667/1932 
f 2657/3667/1932 2658/3668/1932 2655/3665/1995 
f 2657/3667/1932 2659/3669/1932 2658/3668/1932 
f 2660/3670/1932 2658/3668/1932 2659/3669/1932 
f 2659/3669/1932 2661/3671/1932 2660/3670/1932 
f 2661/3671/1932 2662/3672/1932 2660/3670/1932 
f 2663/3673/1932 2660/3670/1932 2662/3672/1932 
f 2662/3672/1932 2664/3674/1932 2663/3673/1932 
f 2664/3674/1932 2665/3675/1932 2663/3673/1932 
f 2666/3676/1932 2663/3673/1932 2665/3675/1932 
f 2665/3675/1932 2667/3677/1937 2666/3676/1932 
f 2667/3677/1937 2668/3678/1937 2666/3676/1932 
f 2669/3679/1932 2666/3676/1932 2668/3678/1937 
f 2668/3678/1937 2670/3680/1932 2669/3679/1932 
f 2671/3681/1932 2672/3682/1932 2673/3683/1932 
f 2673/3683/1932 2674/3684/1932 2671/3681/1932 
f 2669/3679/1932 2670/3680/1932 2675/3685/1932 
f 2675/3685/1932 2676/3686/1932 2669/3679/1932 
f 2677/3687/1937 2678/3688/1932 2679/3689/1937 
f 2680/3690/1937 2678/3688/1932 2674/3684/1932 
f 2674/3684/1932 2678/3688/1932 2681/3691/1932 
f 2678/3688/1932 2676/3686/1932 2681/3691/1932 
f 2682/3692/1932 2683/3693/1932 2677/3687/1937 
f 2677/3687/1937 2683/3693/1932 2678/3688/1932 
f 2684/3694/1932 2685/3695/1932 2682/3692/1932 
f 2682/3692/1932 2685/3695/1932 2683/3693/1932 
f 2686/3696/1937 2687/3697/1932 2684/3694/1932 
f 2684/3694/1932 2687/3697/1932 2685/3695/1932 
f 2688/3698/1997 2689/3699/1998 2686/3696/1937 
f 2686/3696/1937 2689/3699/1998 2687/3697/1932 
f 2690/3700/1999 2691/3701/2000 2692/3702/1932 
f 2693/3703/2001 2692/3702/1932 2694/3704/2002 
f 2694/3704/2002 2692/3702/1932 2695/3705/2003 
f 2692/3702/1932 2691/3701/2000 2695/3705/2003 
f 2696/3706/2004 2692/3707/2005 2697/3708/2006 
f 2697/3708/2006 2692/3707/2005 2698/3709/2007 
f 2692/3707/2005 2693/3710/2008 2698/3709/2007 
f 2699/3711/1937 2700/3712/1937 2701/3713/1932 
f 2699/3711/1937 2701/3713/1932 2702/3714/1932 
f 2702/3714/1932 2701/3713/1932 2703/3715/1932 
f 2702/3714/1932 2703/3715/1932 2704/3716/1932 
f 2704/3716/1932 2703/3715/1932 2705/3717/1932 
f 2704/3716/1932 2705/3717/1932 2706/3718/1932 
f 2706/3718/1932 2705/3717/1932 2707/3719/1932 
f 2706/3718/1932 2707/3719/1932 2708/3720/1932 
f 2708/3720/1932 2707/3719/1932 2709/3721/1932 
f 2710/3722/1932 2708/3720/1932 2709/3721/1932 
f 2711/3723/2009 2712/3724/2010 2713/3725/2011 
f 2713/3725/2011 2712/3724/2010 2714/3726/2012 
f 2712/3724/2010 2715/3727/1932 2714/3726/2012 
f 2715/3727/1932 2716/3728/1932 2714/3726/2012 
f 2714/3726/2012 2716/3728/1932 2717/3729/1932 
f 2716/3728/1932 2718/3730/1932 2717/3729/1932 
f 2719/3731/2013 2720/3732/2014 2721/3733/2015 
f 2722/3734/1932 2723/3735/1932 2724/3736/2016 
f 2724/3736/2016 2723/3735/1932 2725/3737/1932 
f 2723/3735/1932 2719/3731/2013 2725/3737/1932 
f 2719/3731/2013 2721/3733/2015 2725/3737/1932 
f 2726/3738/2017 2727/3739/2018 2724/3736/2016 
f 2727/3739/2018 2728/3740/2019 2724/3736/2016 
f 2729/3741/1932 2724/3736/2016 2728/3740/2019 
f 2730/3742/2020 2731/3743/1932 2732/3744/2021 
f 2731/3743/1932 2733/3745/1932 2732/3744/2021 
f 2732/3744/2021 2733/3745/1932 2734/3746/1932 
f 2733/3745/1932 2735/3747/1932 2734/3746/1932 
f 2736/3748/1932 2733/3745/1932 2737/3749/1932 
f 2737/3749/1932 2733/3745/1932 2731/3743/1932 
f 2738/3750/1932 2736/3748/1932 2739/3751/1932 
f 2739/3751/1932 2736/3748/1932 2737/3749/1932 
f 2453/3451/1932 2738/3750/1932 2451/3449/1932 
f 2451/3449/1932 2738/3750/1932 2739/3751/1932 
f 2648/3658/1988 2650/3660/1990 2646/3656/1986 
f 2646/3656/1986 2650/3660/1990 2649/3659/1989 
f 2740/3752/2022 2647/3657/1987 2645/3655/1985 
f 2645/3655/1985 2647/3657/1987 2646/3656/1986 
f 2645/3655/1985 2643/3653/1983 2740/3752/2022 
f 2741/3753/2023 2742/3754/2024 2743/3755/2025 
f 2743/3755/2025 2742/3754/2024 2644/3654/1984 
f 2744/3756/2026 2745/3757/2027 2642/3652/1982 
f 2642/3652/1982 2745/3757/2027 2746/3758/2028 
f 2447/3759/2029 2747/3760/2030 2748/3761/2031 
f 2653/3663/1993 2652/3662/1992 2749/3762/2032 
f 2653/3663/1993 2749/3762/2032 2750/3763/2033 
f 2750/3763/2033 2749/3762/2032 2751/3764/2034 
f 2752/3765/2035 2751/3764/2034 2749/3762/2032 
f 2654/3664/1994 2753/3766/2036 2754/3767/2037 
f 2644/3654/1984 2742/3754/2024 2642/3652/1982 
f 2742/3754/2024 2744/3756/2026 2642/3652/1982 
f 2748/3761/2031 2741/3753/2023 2447/3759/2029 
f 2447/3759/2029 2741/3753/2023 2743/3755/2025 
f 2755/3768/2038 2655/3665/1995 2756/3769/2039 
f 2655/3665/1995 2757/3770/2040 2756/3769/2039 
f 2655/3665/1995 2755/3768/2038 2656/3666/1996 
f 2656/3666/1996 2755/3768/2038 2758/3771/2041 
f 2755/3768/2038 2759/3772/2042 2758/3771/2041 
f 2753/3766/2036 2757/3770/2040 2754/3767/2037 
f 2754/3767/2037 2757/3770/2040 2655/3665/1995 
f 2760/3773/2043 2694/3704/2002 2695/3705/2003 
f 2690/3700/1999 2761/3774/2044 2762/3775/2045 
f 2763/3776/2046 2761/3774/2044 2689/3699/1998 
f 2689/3699/1998 2761/3774/2044 2690/3700/1999 
f 2690/3700/1999 2762/3775/2045 2691/3701/2000 
f 2760/3773/2043 2764/3777/2047 2688/3698/1997 
f 2688/3698/1997 2764/3777/2047 2689/3699/1998 
f 2689/3699/1998 2764/3777/2047 2763/3776/2046 
f 2735/3747/1932 2765/3778/1932 2734/3746/1932 
f 2734/3746/1932 2765/3778/1932 2766/3779/1932 
f 2765/3778/1932 2729/3741/1932 2766/3779/1932 
f 2766/3779/1932 2729/3741/1932 2728/3740/2019 
f 2726/3738/2017 2767/3780/2048 2727/3739/2018 
f 2768/3781/2049 2769/3782/2050 2730/3742/2020 
f 2730/3742/2020 2769/3782/2050 2770/3783/2051 
f 2767/3780/2048 2726/3738/2017 2769/3782/2050 
f 2769/3782/2050 2726/3738/2017 2770/3783/2051 
f 2732/3744/2021 2768/3781/2049 2730/3742/2020 
f 2716/3728/1932 2715/3727/1932 2722/3734/1932 
f 2722/3734/1932 2715/3727/1932 2723/3735/1932 
f 2711/3723/2009 2771/3784/2052 2712/3724/2010 
f 2720/3732/2014 2772/3785/2053 2721/3733/2015 
f 2721/3733/2015 2772/3785/2053 2711/3723/2009 
f 2711/3723/2009 2772/3785/2053 2771/3784/2052 
f 2773/3786/1932 2774/3787/1932 2718/3730/1932 
f 2718/3730/1932 2774/3787/1932 2717/3729/1932 
f 2710/3722/1932 2775/3788/1937 2773/3786/1932 
f 2773/3786/1932 2775/3788/1937 2774/3787/1932 
f 2776/3789/2054 2777/3790/2055 2778/3791/2056 
f 2778/3791/2056 2777/3790/2055 2779/3792/2057 
f 2714/3726/2012 2780/3793/2058 2713/3725/2011 
f 2777/3790/2055 2776/3789/2054 2781/3794/2059 
f 2713/3725/2011 2780/3793/2058 2779/3792/2057 
f 2779/3792/2057 2780/3793/2058 2778/3791/2056 
f 2746/3758/2028 2745/3757/2027 2639/3649/1979 
f 2639/3649/1979 2745/3757/2027 2641/3651/1981 
f 2640/3650/1980 2747/3760/2030 2449/3648/1978 
f 2449/3648/1978 2747/3760/2030 2447/3759/2029 
f 2782/3795/2060 2783/3796/2061 2750/3797/2062 
f 2750/3797/2062 2783/3796/2061 2784/3798/2063 
f 2755/3799/2064 2785/3800/2065 2759/3801/2066 
f 2759/3801/2066 2785/3800/2065 2783/3796/2061 
f 2753/3802/2067 2654/3803/2068 2786/3804/2069 
f 2786/3804/2069 2654/3803/2068 2787/3805/2070 
f 2654/3803/2068 2653/3806/2071 2787/3805/2070 
f 2787/3805/2070 2653/3806/2071 2788/3807/2072 
f 2756/3808/2073 2789/3809/2074 2755/3799/2075 
f 2755/3799/2075 2789/3809/2074 2785/3800/2076 
f 2750/3810/2077 2784/3811/2078 2653/3812/2079 
f 2653/3812/2079 2784/3811/2078 2788/3813/2080 
f 2756/3808/2073 2757/3814/2081 2789/3809/2074 
f 2789/3809/2074 2757/3814/2081 2790/3815/2082 
f 2757/3816/2083 2753/3802/2084 2790/3817/2085 
f 2790/3817/2085 2753/3802/2084 2786/3804/2086 
f 2691/3818/2087 2762/3819/2088 2791/3820/2089 
f 2791/3820/2089 2762/3819/2088 2792/3821/2090 
f 2695/3822/2091 2691/3818/2092 2793/3823/2093 
f 2793/3823/2093 2691/3818/2092 2791/3820/2094 
f 2764/3824/2095 2794/3825/2096 2763/3826/2097 
f 2763/3826/2097 2794/3825/2096 2795/3827/2098 
f 2764/3824/2099 2760/3828/2100 2794/3825/2101 
f 2794/3825/2101 2760/3828/2100 2796/3829/2102 
f 2762/3819/2088 2761/3830/2103 2792/3821/2090 
f 2792/3821/2090 2761/3830/2103 2797/3831/2104 
f 2763/3832/2105 2795/3833/2106 2761/3834/2107 
f 2761/3834/2107 2795/3833/2106 2797/3835/2108 
f 2760/3836/2109 2695/3837/2110 2796/3838/2111 
f 2796/3838/2111 2695/3837/2110 2793/3839/2112 
f 2775/3840/2113 2781/3841/2114 2798/3842/2115 
f 2798/3842/2115 2781/3841/2114 2799/3843/2116 
f 2781/3841/2114 2776/3844/2117 2799/3843/2116 
f 2799/3843/2116 2776/3844/2117 2800/3845/2118 
f 2717/3846/2119 2774/3847/2120 2801/3848/2121 
f 2801/3848/2121 2774/3847/2120 2802/3849/2122 
f 2780/3850/2123 2803/3851/2124 2778/3852/2125 
f 2778/3852/2125 2803/3851/2124 2804/3853/2126 
f 2714/3854/2127 2805/3855/2128 2780/3856/2129 
f 2780/3856/2129 2805/3855/2128 2803/3857/2130 
f 2714/3854/2127 2717/3858/2131 2805/3855/2128 
f 2805/3855/2128 2717/3858/2131 2801/3859/2132 
f 2775/3860/2133 2798/3861/2134 2774/3847/2120 
f 2774/3847/2120 2798/3861/2134 2802/3849/2122 
f 2776/3862/2135 2778/3852/2136 2800/3863/2137 
f 2800/3863/2137 2778/3852/2136 2804/3853/2138 
f 2728/3864/2139 2727/3865/2140 2806/3866/2141 
f 2806/3866/2141 2727/3865/2140 2807/3867/2142 
f 2727/3865/2140 2767/3868/2143 2807/3867/2142 
f 2807/3867/2142 2767/3868/2143 2808/3869/2144 
f 2734/3870/2145 2766/3871/2146 2809/3872/2147 
f 2809/3872/2147 2766/3871/2146 2810/3873/2148 
f 2768/3874/2149 2811/3875/2150 2769/3876/2151 
f 2769/3876/2151 2811/3875/2150 2812/3877/2152 
f 2768/3874/2153 2732/3878/2154 2811/3875/2155 
f 2811/3875/2155 2732/3878/2154 2813/3879/2156 
f 2732/3878/2154 2734/3880/2157 2813/3879/2156 
f 2813/3879/2156 2734/3880/2157 2809/3881/2158 
f 2728/3882/2159 2806/3883/2160 2766/3871/2146 
f 2766/3871/2146 2806/3883/2160 2810/3873/2148 
f 2767/3868/2143 2769/3884/2161 2808/3869/2144 
f 2808/3869/2144 2769/3884/2161 2812/3885/2162 
f 2741/3886/2163 2748/3887/2163 2814/3888/2163 
f 2814/3888/2163 2748/3887/2163 2815/3889/2164 
f 2640/3890/2165 2641/3891/2166 2816/3892/2167 
f 2816/3892/2167 2641/3891/2166 2817/3893/2168 
f 2745/3894/2169 2744/3895/2170 2818/3896/2171 
f 2818/3896/2171 2744/3895/2170 2819/3897/2172 
f 2744/3895/2173 2742/3898/2174 2819/3897/2175 
f 2819/3897/2175 2742/3898/2174 2820/3899/2176 
f 2748/3900/2177 2747/3901/2178 2815/3902/2179 
f 2815/3902/2179 2747/3901/2178 2821/3903/2178 
f 2747/3901/2178 2640/3904/2180 2821/3903/2178 
f 2821/3903/2178 2640/3904/2180 2816/3905/2181 
f 2641/3891/2166 2745/3906/2182 2817/3893/2168 
f 2817/3893/2168 2745/3906/2182 2818/3907/2183 
f 2742/3898/2174 2741/3908/2184 2820/3899/2176 
f 2820/3899/2176 2741/3908/2184 2814/3909/2185 
f 2712/3910/2186 2822/3911/2187 2715/3912/2188 
f 2715/3912/2188 2822/3911/2187 2823/3913/2189 
f 2712/3910/2186 2771/3914/2190 2822/3911/2187 
f 2822/3911/2187 2771/3914/2190 2824/3915/2191 
f 2720/3916/2192 2719/3917/2193 2825/3918/2194 
f 2825/3918/2194 2719/3917/2193 2826/3919/2195 
f 2719/3917/2193 2723/3920/2196 2826/3919/2195 
f 2826/3919/2195 2723/3920/2196 2827/3921/2197 
f 2772/3922/2198 2828/3923/2199 2771/3914/2190 
f 2771/3914/2190 2828/3923/2199 2824/3915/2191 
f 2715/3924/2200 2823/3925/2201 2723/3926/2202 
f 2723/3926/2202 2823/3925/2201 2827/3927/2203 
f 2772/3928/2204 2720/3916/2205 2828/3929/2206 
f 2828/3929/2206 2720/3916/2205 2825/3918/2207 
f 2594/3594/1879 2600/3600/1879 2829/3930/2208 
f 2829/3930/2208 2600/3600/1879 2598/3598/1925 
f 2596/3596/1923 2830/3931/2209 2831/3932/2210 
f 2832/3933/2211 2597/3597/1924 2599/3599/1926 
f 2832/3933/2211 2830/3931/2209 2597/3597/1924 
f 2596/3596/1923 2597/3597/1924 2830/3931/2209 
f 2596/3596/1923 2831/3932/2210 2595/3595/1922 
f 2833/3934/1896 2583/3583/1916 2585/3585/1918 
f 2585/3585/1918 2834/3935/2212 2833/3934/1896 
f 2835/3936/1879 2836/3937/2213 2834/3935/2212 
f 2834/3935/2212 2836/3937/2213 2837/3938/2214 
f 2838/3939/2215 2588/3588/1919 2839/3940/2216 
f 2836/3937/2213 2580/3580/1914 2837/3938/2214 
f 2837/3938/2214 2580/3580/1914 2579/3579/1913 
f 2840/3941/1879 2588/3588/1919 2581/3581/1915 
f 2581/3581/1915 2588/3588/1919 2838/3939/2215 
f 2585/3585/1918 2835/3936/1879 2834/3935/2212 
f 2588/3588/1919 2584/3584/1917 2839/3940/2216 
f 2839/3940/2216 2584/3584/1917 2583/3583/1916 
f 2547/3547/1900 2551/3551/1904 2548/3548/1901 
f 2553/3553/1906 2552/3552/1905 2549/3549/1902 
f 2549/3549/1902 2552/3552/1905 2550/3550/1903 
f 2841/3942/1879 2842/3943/1896 2522/3520/1896 
f 2522/3520/1896 2842/3943/1896 2520/3518/1896 
f 2842/3943/1896 2841/3942/1879 2517/3515/1879 
f 2517/3515/1879 2841/3942/1879 2843/3944/1879 
f 2844/3945/1896 2845/3946/1896 2846/3947/1896 
f 2519/3517/1879 2847/3948/1879 2848/3949/1879 
f 2848/3949/1879 2847/3948/1879 2849/3950/1896 
f 2519/3517/1879 2848/3949/1879 2518/3516/1896 
f 2845/3946/1896 2849/3950/1896 2846/3947/1896 
f 2846/3947/1896 2849/3950/1896 2847/3948/1879 
f 2850/3951/1879 2851/3952/1897 2503/3501/1897 
f 2505/3503/1896 2503/3501/1897 2851/3952/1897 
f 2537/3535/1879 2852/3953/1880 2853/3954/1896 
f 2505/3503/1896 2851/3952/1897 2537/3535/1879 
f 2537/3535/1879 2851/3952/1897 2852/3953/1880 
f 2537/3535/1879 2853/3954/1896 2536/3534/1897 
f 2514/3512/1897 2516/3514/1879 2509/3507/1896 
f 2509/3507/1896 2516/3514/1879 2854/3955/1879 
f 2511/3509/1896 2855/3956/1880 2856/3957/1880 
f 2511/3509/1896 2856/3957/1880 2510/3508/1879 
f 2441/3439/1880 2512/3510/1897 2511/3509/1896 
f 2511/3509/1896 2512/3510/1897 2855/3956/1880 
f 2535/3533/1879 2534/3532/1896 2538/3536/1896 
f 2538/3536/1896 2534/3532/1896 2536/3534/1897 
f 2543/3541/1897 2850/3951/1879 2503/3501/1897 
f 2542/3540/1896 2539/3537/1879 2543/3541/1897 
f 2539/3537/1879 2850/3951/1879 2543/3541/1897 
f 2540/3538/1879 2535/3533/1879 2538/3536/1896 
f 2843/3944/1879 2516/3514/1879 2517/3515/1879 
f 2521/3519/1879 2520/3518/1896 2525/3523/1879 
f 2520/3518/1896 2844/3945/1896 2525/3523/1879 
f 2846/3947/1896 2525/3523/1879 2844/3945/1896 
f 2854/3955/1879 2507/3505/1896 2509/3507/1896 
f 2441/3439/1880 2501/3499/1879 2513/3511/1879 
f 2514/3512/1897 2513/3511/1879 2515/3513/1879 
f 2501/3499/1879 2515/3513/1879 2513/3511/1879 
f 2545/3543/1879 2548/3548/1901 2546/3544/1898 
f 2546/3544/1898 2548/3548/1901 2857/3958/2217 
f 2508/3506/1897 2507/3505/1896 2455/3959/1879 
f 2455/3959/1879 2507/3505/1896 2446/3960/1896 
f 2446/3960/1896 2507/3505/1896 2474/3961/2218 
f 2507/3505/1896 2553/3553/1906 2474/3961/2218 
f 2553/3553/1906 2507/3505/1896 2554/3554/1907 
f 2554/3554/1907 2507/3505/1896 2555/3555/1879 
f 2829/3930/2208 2593/3593/1910 2594/3594/1879 
f 2518/3962/2219 2848/3963/2220 2858/3964/2219 
f 2858/3964/2219 2848/3963/2220 2859/3965/2220 
f 2842/3966/2221 2517/3967/2221 2860/3968/2221 
f 2860/3968/2221 2517/3967/2221 2861/3969/2221 
f 2517/3970/2222 2518/3962/2219 2861/3971/2222 
f 2861/3971/2222 2518/3962/2219 2858/3964/2219 
f 2849/3972/2223 2845/3973/2224 2862/3974/2223 
f 2862/3974/2223 2845/3973/2224 2863/3975/2225 
f 2520/3976/2221 2842/3966/2221 2864/3977/2221 
f 2864/3977/2221 2842/3966/2221 2860/3968/2221 
f 2845/3973/2224 2844/3978/2226 2863/3975/2225 
f 2863/3975/2225 2844/3978/2226 2865/3979/2227 
f 2844/3978/2226 2520/3980/2228 2865/3979/2227 
f 2865/3979/2227 2520/3980/2228 2864/3981/2228 
f 2848/3963/2229 2849/3982/2229 2859/3965/2229 
f 2859/3965/2229 2849/3982/2229 2862/3983/2230 
f 2831/3984/2231 2866/3985/2232 2595/3986/2233 
f 2595/3986/2233 2866/3985/2232 2867/3987/2234 
f 2594/3988/2235 2595/3986/2233 2868/3989/2236 
f 2868/3989/2236 2595/3986/2233 2867/3987/2234 
f 2832/3990/2237 2599/3991/2238 2869/3992/2239 
f 2869/3992/2239 2599/3991/2238 2870/3993/2240 
f 2599/3991/2241 2600/3994/2242 2870/3993/2243 
f 2870/3993/2243 2600/3994/2242 2871/3995/2244 
f 2831/3996/2245 2830/3997/2246 2866/3998/2247 
f 2866/3998/2247 2830/3997/2246 2872/3999/2248 
f 2832/3990/2237 2869/3992/2239 2830/4000/2249 
f 2830/4000/2249 2869/3992/2239 2872/4001/2250 
f 2600/4002/2251 2594/4003/2252 2871/4004/2253 
f 2871/4004/2253 2594/4003/2252 2868/4005/2254 
f 2838/4006/2255 2873/4007/2256 2581/4008/2257 
f 2581/4008/2257 2873/4007/2256 2874/4009/2258 
f 2834/4010/2259 2875/4011/2260 2833/4012/2261 
f 2833/4012/2261 2875/4011/2260 2876/4013/2262 
f 2837/4014/2263 2877/4015/2264 2834/4016/2265 
f 2834/4016/2265 2877/4015/2264 2875/4017/2265 
f 2579/4018/2266 2878/4019/2267 2837/4014/2263 
f 2837/4014/2263 2878/4019/2267 2877/4015/2264 
f 2839/4020/2268 2879/4021/2269 2838/4006/2255 
f 2838/4006/2255 2879/4021/2269 2873/4007/2256 
f 2839/4020/2268 2583/4022/2270 2879/4021/2269 
f 2879/4021/2269 2583/4022/2270 2880/4023/2270 
f 2833/4012/2261 2876/4013/2262 2583/4024/2271 
f 2583/4024/2271 2876/4013/2262 2880/4025/2272 
f 2579/4018/2273 2581/4026/2274 2878/4019/2275 
f 2878/4019/2275 2581/4026/2274 2874/4027/2276 
f 2552/4028/2277 2881/4029/2278 2550/4030/2279 
f 2550/4030/2279 2881/4029/2278 2882/4031/2280 
f 2551/4032/2281 2883/4033/2282 2548/4034/2283 
f 2548/4034/2283 2883/4033/2282 2884/4035/2284 
f 2857/4036/2285 2885/4037/2286 2886/4038/2286 
f 2886/4038/2286 2885/4037/2286 2887/4039/2252 
f 2857/4040/2287 2548/4034/2287 2885/4041/2287 
f 2885/4041/2287 2548/4034/2287 2884/4035/2287 
f 2552/4042/2288 2554/4043/2289 2881/4044/2290 
f 2881/4044/2290 2554/4043/2289 2888/4045/2291 
f 2554/4043/2292 2556/4046/2293 2888/4045/2294 
f 2888/4045/2294 2556/4046/2293 2889/4047/2295 
f 2556/4048/2296 2886/4038/2286 2889/4049/2297 
f 2889/4049/2297 2886/4038/2286 2887/4039/2252 
f 2551/4050/2281 2550/4030/2298 2883/4051/2282 
f 2883/4051/2282 2550/4030/2298 2882/4031/2299 
f 2536/4052/2300 2853/4053/2301 2890/4054/2300 
f 2890/4054/2300 2853/4053/2301 2891/4055/2301 
f 2538/4056/2302 2536/4052/2300 2892/4057/2302 
f 2892/4057/2302 2536/4052/2300 2890/4054/2300 
f 2852/4058/2303 2851/4059/2304 2893/4060/2304 
f 2893/4060/2304 2851/4059/2304 2894/4061/2304 
f 2851/4059/2305 2850/4062/2306 2894/4061/2305 
f 2894/4061/2305 2850/4062/2306 2895/4063/2306 
f 2850/4062/2306 2539/4064/2307 2895/4063/2306 
f 2895/4063/2306 2539/4064/2307 2896/4065/2307 
f 2853/4053/2308 2852/4066/2308 2891/4055/2308 
f 2891/4055/2308 2852/4066/2308 2893/4067/2309 
f 2539/4068/2310 2538/4069/2311 2896/4070/2310 
f 2896/4070/2310 2538/4069/2311 2892/4071/2311 
f 2510/4072/2312 2856/4073/2313 2897/4074/2312 
f 2897/4074/2312 2856/4073/2313 2898/4075/2313 
f 2509/4076/2314 2510/4072/2312 2899/4077/2314 
f 2899/4077/2314 2510/4072/2312 2897/4074/2312 
f 2855/4078/2315 2512/4079/2316 2900/4080/2316 
f 2900/4080/2316 2512/4079/2316 2901/4081/2317 
f 2514/4082/2310 2509/4083/2311 2902/4084/2310 
f 2902/4084/2310 2509/4083/2311 2899/4085/2311 
f 2856/4086/2318 2855/4078/2319 2898/4087/2319 
f 2898/4087/2319 2855/4078/2319 2900/4080/2319 
f 2512/4088/2320 2513/4089/2321 2901/4090/2320 
f 2901/4090/2320 2513/4089/2321 2903/4091/2322 
f 2513/4089/2321 2514/4092/2323 2903/4091/2322 
f 2903/4091/2322 2514/4092/2323 2902/4093/2323 
f 2564/3564/1912 2904/4094/1879 2605/3605/1928 
f 2605/3605/1928 2904/4094/1879 2603/3603/1896 
f 2904/4094/1879 2564/3564/1912 2905/4095/1879 
f 2564/3564/1912 2563/3563/1896 2905/4095/1879 
f 2905/4095/1879 2563/3563/1896 2906/4096/1879 
f 2906/4096/1879 2563/3563/1896 2565/3565/1879 
f 2840/3941/1879 2907/4097/1879 2908/4098/1879 
f 2582/3582/1879 2907/4097/1879 2581/3581/1915 
f 2581/3581/1915 2907/4097/1879 2840/3941/1879 
f 2908/4098/1879 2578/3578/1879 2840/3941/1879 
f 2840/3941/1879 2578/3578/1879 2576/3576/1879 
f 2575/3575/1879 2577/3577/1896 2574/3574/1896 
f 2909/4099/1896 2569/3569/1879 2606/3606/1879 
f 2569/3569/1879 2909/4099/1896 2567/3567/1879 
f 2567/3567/1879 2909/4099/1896 2566/3566/1896 
f 2627/4100/1896 2910/4101/1896 2626/4102/1896 
f 2911/4103/2324 2912/4104/2325 2913/4105/2326 
f 2913/4105/2326 2912/4104/2325 2614/3621/1941 
f 2614/3621/1941 2912/4104/2325 2613/3619/1939 
f 2914/4106/2327 2915/4107/2328 2916/4108/2329 
f 2916/4108/2329 2915/4107/2328 2616/3623/1943 
f 2616/3623/1943 2915/4107/2328 2618/3625/1945 
f 2615/3622/1942 2617/3624/1944 2620/3627/1947 
f 2916/4108/2329 2610/4109/2330 2914/4106/2327 
f 2610/4109/2330 2611/3620/1940 2914/4106/2327 
f 2914/4106/2327 2611/3620/1940 2613/3619/1939 
f 2619/3626/1946 2620/3627/1947 2623/3630/1950 
f 2623/3630/1950 2620/3627/1947 2911/4103/2324 
f 2623/3630/1950 2911/4103/2324 2913/4105/2326 
f 2618/4110/2331 2915/4111/2332 2917/4112/2333 
f 2917/4112/2333 2915/4111/2332 2918/4113/2334 
f 2620/4114/2335 2617/4115/2336 2919/4116/2337 
f 2919/4116/2337 2617/4115/2336 2920/4117/2338 
f 2912/4118/2339 2911/4119/2339 2921/4120/2339 
f 2921/4120/2339 2911/4119/2339 2922/4121/2339 
f 2620/4122/2340 2919/4123/2340 2911/4124/2340 
f 2911/4124/2340 2919/4123/2340 2922/4125/2340 
f 2914/4126/2341 2923/4127/2342 2915/4111/2343 
f 2915/4111/2343 2923/4127/2342 2918/4113/2344 
f 2914/4128/2345 2613/4129/2345 2923/4130/2345 
f 2923/4130/2345 2613/4129/2345 2924/4131/2345 
f 2912/4118/2339 2921/4120/2339 2613/4132/2339 
f 2613/4132/2339 2921/4120/2339 2924/4133/2339 
f 2618/4110/2346 2917/4112/2347 2617/4115/2348 
f 2617/4115/2348 2917/4112/2347 2920/4117/2349 
f 2759/3772/2042 2925/4134/1932 2758/3771/2041 
f 2926/4135/1932 2927/4136/1932 2928/4137/1932 
f 2926/4135/1932 2929/4138/1932 2930/4139/1932 
f 2930/4139/1932 2931/4140/1932 2926/4135/1932 
f 2932/4141/1932 2931/4140/1932 2930/4139/1932 
f 2932/4141/1932 2930/4139/1932 2933/4142/1932 
f 2933/4142/1932 2934/4143/1932 2932/4141/1932 
f 2935/4144/1932 2934/4143/1932 2933/4142/1932 
f 2935/4144/1932 2933/4142/1932 2936/4145/1932 
f 2936/4145/1932 2937/4146/1932 2935/4144/1932 
f 2938/4147/1937 2937/4146/1932 2936/4145/1932 
f 2939/4148/1932 2940/4149/1932 2672/3682/1932 
f 2672/3682/1932 2671/3681/1932 2939/4148/1932 
f 2675/3685/1932 2681/3691/1932 2676/3686/1932 
f 2936/4145/1932 2941/4150/1932 2938/4147/1937 
f 2679/3689/1937 2942/4151/1932 2943/4152/1937 
f 2940/4149/1932 2938/4147/1937 2941/4150/1932 
f 2941/4150/1932 2672/3682/1932 2940/4149/1932 
f 2680/3690/1937 2673/3683/1932 2943/4152/1937 
f 2943/4152/1937 2942/4151/1932 2680/3690/1937 
f 2936/4145/1932 2679/3689/1937 2943/4152/1937 
f 2943/4152/1937 2941/4150/1932 2936/4145/1932 
f 2674/3684/1932 2673/3683/1932 2680/3690/1937 
f 2759/3772/2042 2782/4153/1932 2944/4154/1932 
f 2944/4154/1932 2945/4155/1932 2759/3772/2042 
f 2649/3659/1989 2654/3664/1994 2754/3767/2037 
f 2782/4153/1932 2750/3763/2033 2944/4154/1932 
f 2944/4154/1932 2750/3763/2033 2946/4156/1932 
f 2750/3763/2033 2751/3764/2034 2946/4156/1932 
f 2751/3764/2034 2947/4157/2350 2946/4156/1932 
f 2948/4158/1932 2929/4138/1932 2949/4159/1932 
f 2925/4134/1932 2945/4155/1932 2950/4160/1932 
f 2950/4160/1932 2927/4136/1932 2925/4134/1932 
f 2759/3772/2042 2945/4155/1932 2925/4134/1932 
f 2928/4137/1932 2950/4160/1932 2948/4158/1932 
f 2948/4158/1932 2949/4159/1932 2928/4137/1932 
f 2944/4154/1932 2946/4156/1932 2929/4138/1932 
f 2929/4138/1932 2948/4158/1932 2944/4154/1932 
f 2927/4136/1932 2950/4160/1932 2928/4137/1932 
f 2726/3738/2017 2724/3736/2016 2725/3737/1932 
f 2710/3722/1932 2709/3721/1932 2775/3788/1937 
f 2775/3788/1937 2709/3721/1932 2781/3794/2059 
f 2709/3721/1932 2777/3790/2055 2781/3794/2059 
f 2926/4135/1932 2928/4137/1932 2949/4159/1932 
f 2926/4135/1932 2949/4159/1932 2929/4138/1932 
f 2939/4148/1932 2937/4146/1932 2940/4149/1932 
f 2940/4149/1932 2937/4146/1932 2938/4147/1937 
f 2942/4151/1932 2678/3688/1932 2680/3690/1937 
f 2679/3689/1937 2678/3688/1932 2942/4151/1932 
f 2759/3801/2066 2783/3796/2061 2782/3795/2060 
f 2688/3698/1997 2951/4161/2351 2694/3704/2002 
f 2694/3704/2002 2760/3773/2043 2688/3698/1997 
# 652 faces

