# 3ds Max Wavefront OBJ Exporter v0.99 - (c)2007 guruware
# File Created: 25.10.2024 10:42:03

mtllib red_cat.mtl

#
# object meilin_lee_redpanda_lod0
#

v  0.5957 3.4008 0.8359
v  0.5889 3.5495 0.7966
v  0.5157 3.5296 0.8093
v  0.4621 3.4752 0.8185
v  0.4424 3.4008 0.8219
v  0.4621 3.3265 0.8185
v  0.5157 3.2721 0.8093
v  0.5889 3.2522 0.7957
v  0.6622 3.2721 0.7838
v  0.7158 3.3265 0.7747
v  0.7354 3.4008 0.7713
v  0.7158 3.4752 0.7747
v  0.6622 3.5296 0.7840
v  0.4435 3.6238 0.7113
v  0.5704 3.6583 0.6894
v  0.3507 3.5296 0.7273
v  0.3167 3.4008 0.7332
v  0.3507 3.2721 0.7274
v  0.4435 3.1778 0.7113
v  0.5704 3.1433 0.6885
v  0.6973 3.1778 0.6675
v  0.7902 3.2721 0.6514
v  0.8242 3.4008 0.6456
v  0.7902 3.5296 0.6514
v  0.6973 3.6238 0.6675
v  0.3986 3.6583 0.5682
v  0.5451 3.6982 0.5429
v  0.2914 3.5495 0.5867
v  0.2114 3.4008 0.5935
v  0.2914 3.2522 0.5867
v  0.3986 3.1433 0.5682
v  0.5451 3.1035 0.5429
v  0.6916 3.1433 0.5176
v  0.7989 3.2522 0.4991
v  0.8381 3.4008 0.4923
v  0.7989 3.5495 0.4991
v  0.6916 3.6583 0.5176
v  0.5281 3.6982 0.4444
v  0.3816 3.6583 0.4697
v  0.2744 3.5495 0.4883
v  0.2114 3.4008 0.4950
v  0.2744 3.2522 0.4883
v  0.3816 3.1433 0.4697
v  0.5281 3.1035 0.4444
v  0.6746 3.1433 0.4191
v  0.7819 3.2522 0.4006
v  0.8211 3.4008 0.3938
v  0.7819 3.5495 0.4006
v  0.6746 3.6583 0.4191
v  2.0770 4.1872 -1.3133
v  2.0009 4.2328 -1.1308
v  1.9162 4.1529 -1.1602
v  2.0244 4.1267 -1.3456
v  2.0464 4.2678 -1.3312
v  1.9739 4.3383 -1.1820
v  1.9747 4.2572 -1.3745
v  1.8723 4.3235 -1.2429
v  1.9611 4.1700 -1.3833
v  1.8506 4.2091 -1.2295
v  2.1467 4.2018 -1.4773
v  2.1136 4.1613 -1.5063
v  2.1185 4.2560 -1.4785
v  2.0681 4.2490 -1.5083
v  2.0651 4.1904 -1.5255
v  2.1910 4.2801 -1.6043
v  2.1732 4.2582 -1.6297
v  2.1674 4.3083 -1.5943
v  2.1350 4.3038 -1.6134
v  2.1385 4.2728 -1.6353
v  2.1963 4.3854 -1.6987
v  1.9772 3.6406 -1.3634
v  1.8819 3.6625 -1.2483
v  1.8554 3.5907 -1.2831
v  1.9533 3.5880 -1.3949
v  1.9467 3.6957 -1.3862
v  1.8706 3.7367 -1.2958
v  1.9046 3.6770 -1.4318
v  1.8182 3.7104 -1.3599
v  1.9090 3.6104 -1.4371
v  1.8158 3.6202 -1.3521
v  2.0538 3.6616 -1.4724
v  2.0430 3.6298 -1.4958
v  2.0289 3.6941 -1.4804
v  2.0026 3.6825 -1.5087
v  2.0114 3.6428 -1.5183
v  2.0824 3.7188 -1.5587
v  2.0783 3.7015 -1.5779
v  2.0615 3.7347 -1.5574
v  2.0445 3.7272 -1.5757
v  2.0549 3.7066 -1.5884
v  2.0880 3.8000 -1.6299
v  2.0725 4.0334 -1.4606
v  1.9933 4.0798 -1.2781
v  1.9090 3.9997 -1.3074
v  2.0200 3.9730 -1.4928
v  2.0414 4.1141 -1.4785
v  1.9653 4.1855 -1.3293
v  1.9701 4.1035 -1.5217
v  1.8655 4.1703 -1.3902
v  1.9567 4.0163 -1.5306
v  1.8485 4.0556 -1.3767
v  2.1422 4.0480 -1.6246
v  2.1092 4.0075 -1.6536
v  2.1141 4.1023 -1.6258
v  2.0636 4.0952 -1.6555
v  2.0606 4.0367 -1.6727
v  2.1866 4.1264 -1.7516
v  2.1687 4.1044 -1.7769
v  2.1630 4.1545 -1.7415
v  2.1306 4.1500 -1.7607
v  2.1341 4.1191 -1.7826
v  2.1919 4.2316 -1.8460
v  2.0365 3.5243 -1.3946
v  1.8835 3.5891 -1.1834
v  1.8492 3.4871 -1.2358
v  2.0070 3.4479 -1.4403
v  1.9832 3.6013 -1.4184
v  1.8315 3.7021 -1.2471
v  1.9214 3.5736 -1.4788
v  1.7582 3.6646 -1.3375
v  1.9364 3.4788 -1.4935
v  1.7622 3.5307 -1.3304
v  2.1555 3.6067 -1.5838
v  2.1400 3.5596 -1.6182
v  2.1150 3.6518 -1.5912
v  2.0756 3.6344 -1.6284
v  2.0895 3.5776 -1.6461
v  2.1937 3.7470 -1.7306
v  2.1876 3.7235 -1.7568
v  2.1649 3.7663 -1.7269
v  2.1415 3.7561 -1.7489
v  2.1542 3.7296 -1.7679
v  2.2007 3.9152 -1.8366
v  2.1152 3.0640 -1.5439
v  2.0864 3.0202 -1.3482
v  2.0504 2.9138 -1.3880
v  2.0949 2.9917 -1.5850
v  2.0417 3.1130 -1.5288
v  1.9925 3.0969 -1.3560
v  1.9772 3.0707 -1.5605
v  1.9011 3.0373 -1.4006
v  2.0097 2.9958 -1.5952
v  1.9362 2.9243 -1.4204
v  2.1103 3.1458 -1.7006
v  2.0973 3.1001 -1.7355
v  2.0588 3.1728 -1.6794
v  2.0145 3.1436 -1.7012
v  2.0381 3.0987 -1.7359
v  2.0648 3.2562 -1.7983
v  2.0552 3.2332 -1.8261
v  2.0342 3.2632 -1.7762
v  2.0058 3.2444 -1.7902
v  2.0187 3.2259 -1.8210
v  1.9858 3.3592 -1.8512
v  2.1607 2.9909 -1.2595
v  2.0251 2.9265 -0.9999
v  1.9924 2.7695 -1.0733
v  2.1494 2.8845 -1.3277
v  2.0517 3.0631 -1.2723
v  1.9003 3.0392 -1.0544
v  1.9755 3.0007 -1.3483
v  1.8313 2.9517 -1.1615
v  2.0352 2.8905 -1.3825
v  1.8478 2.7850 -1.1732
v  2.2267 3.1124 -1.4808
v  2.2248 3.0449 -1.5367
v  2.1446 3.1522 -1.4749
v  2.0924 3.1092 -1.5273
v  2.1421 3.0428 -1.5654
v  2.2049 3.2779 -1.6389
v  2.2058 3.2424 -1.6830
v  2.1491 3.2931 -1.6219
v  2.1182 3.2621 -1.6556
v  2.1526 3.2315 -1.6933
v  2.1155 3.4360 -1.7503
v  2.0268 3.1355 -1.6984
v  1.9864 3.1487 -1.4516
v  1.9464 3.0081 -1.4643
v  2.0023 3.0360 -1.7238
v  1.9370 3.1985 -1.6962
v  1.8681 3.2431 -1.4857
v  1.8586 3.1376 -1.7202
v  1.7907 3.1509 -1.5195
v  1.8978 3.0374 -1.7372
v  1.8349 3.0099 -1.5063
v  2.0117 3.1762 -1.9129
v  1.9980 3.1259 -1.9334
v  1.9640 3.2059 -1.9002
v  1.9213 3.1739 -1.9129
v  1.9421 3.1245 -1.9334
v  1.9598 3.2750 -2.0636
v  1.9503 3.2497 -2.0815
v  1.9342 3.2857 -2.0466
v  1.9089 3.2670 -2.0541
v  1.9188 3.2447 -2.0756
v  1.8740 3.3845 -2.1596
v  2.1655 3.1832 -0.6336
v  2.0862 3.2612 -0.4261
v  2.0589 3.1136 -0.4060
v  2.1578 3.0746 -0.6319
v  2.0786 3.2260 -0.6883
v  1.9905 3.3126 -0.5317
v  2.0172 3.1438 -0.7203
v  1.9039 3.1967 -0.5767
v  2.0661 3.0502 -0.6854
v  1.9462 3.0737 -0.4991
v  2.2343 3.1624 -0.8383
v  2.2467 3.1029 -0.8419
v  2.1830 3.1757 -0.8721
v  2.1644 3.1242 -0.8966
v  2.2038 3.0792 -0.8779
v  2.2892 3.1880 -1.0232
v  2.2989 3.1586 -1.0315
v  2.2577 3.1917 -1.0308
v  2.2481 3.1645 -1.0437
v  2.2735 3.1440 -1.0441
v  2.3224 3.2580 -1.1802
v  2.2052 3.0339 -1.0209
v  2.1539 2.9762 -0.7985
v  2.1259 2.8420 -0.8630
v  2.1954 2.9432 -1.0804
v  2.1116 3.0960 -1.0311
v  2.0471 3.0734 -0.8443
v  2.0455 3.0433 -1.0970
v  1.9531 2.9993 -0.9371
v  2.0974 2.9488 -1.1274
v  2.0017 2.8563 -0.9487
v  2.2451 3.1371 -1.2072
v  2.2570 3.0905 -1.2454
v  2.1892 3.1649 -1.2215
v  2.1671 3.1353 -1.2686
v  2.2090 3.0894 -1.2833
v  2.2750 3.2666 -1.3500
v  2.2827 3.2476 -1.3744
v  2.2426 3.2730 -1.3507
v  2.2304 3.2576 -1.3755
v  2.2553 3.2416 -1.3901
v  2.2835 3.4228 -1.4425
v  2.1746 2.9618 -0.7967
v  1.9685 2.9884 -0.5803
v  1.9403 2.8163 -0.6068
v  2.1706 2.8390 -0.8283
v  2.0829 3.0264 -0.8615
v  1.8756 3.0780 -0.7007
v  2.0222 2.9435 -0.9330
v  1.8302 2.9612 -0.8016
v  2.0764 2.8277 -0.9126
v  1.8301 2.7995 -0.7436
v  2.3125 3.0017 -1.0151
v  2.3165 2.9200 -1.0458
v  2.2383 3.0416 -1.0451
v  2.1967 2.9845 -1.0944
v  2.2450 2.9094 -1.0948
v  2.3562 3.1035 -1.2138
v  2.3629 3.0570 -1.2438
v  2.3018 3.1192 -1.2165
v  2.2755 3.0825 -1.2482
v  2.3132 3.0440 -1.2651
v  2.3160 3.2122 -1.3868
v  2.1880 2.8071 -0.5999
v  1.9824 2.8070 -0.2403
v  1.9750 2.6290 -0.2622
v  2.1968 2.6824 -0.6306
v  2.0892 2.8540 -0.6782
v  1.8747 2.8769 -0.3835
v  2.0364 2.7586 -0.7561
v  1.8427 2.7422 -0.4940
v  2.1028 2.6526 -0.7262
v  1.8626 2.5889 -0.4188
v  2.3055 2.8372 -0.9164
v  2.3135 2.7681 -0.9335
v  2.2429 2.8688 -0.9608
v  2.2119 2.8201 -1.0063
v  2.2561 2.7585 -0.9924
v  2.3367 2.8922 -1.1792
v  2.3430 2.8630 -1.2050
v  2.3001 2.8994 -1.1787
v  2.2841 2.8745 -1.2053
v  2.3107 2.8522 -1.2220
v  2.3151 2.9630 -1.4114
v  2.0621 2.6249 -1.3300
v  1.9563 2.6477 -1.0502
v  1.8788 2.4927 -1.0829
v  2.0170 2.5137 -1.3711
v  1.9729 2.7172 -1.3476
v  1.8533 2.7751 -1.1156
v  1.8728 2.6630 -1.3996
v  1.7467 2.6987 -1.1889
v  1.9000 2.5372 -1.4141
v  1.7279 2.5242 -1.1686
v  2.1091 2.6895 -1.5814
v  2.0869 2.6322 -1.6125
v  2.0544 2.7397 -1.5769
v  1.9984 2.7143 -1.6053
v  2.0185 2.6478 -1.6273
v  2.0992 2.8043 -1.7692
v  2.0884 2.7808 -1.7921
v  2.0690 2.8214 -1.7563
v  2.0395 2.8085 -1.7712
v  2.0515 2.7835 -1.7933
v  2.0545 2.8809 -1.8846
v  2.1900 2.8356 -1.1826
v  2.0842 2.8268 -0.7822
v  2.0067 2.6699 -0.8219
v  2.1449 2.7244 -1.2290
v  2.1008 2.9277 -1.2237
v  1.9812 2.9566 -0.8798
v  2.0007 2.8734 -1.2943
v  1.8400 2.8799 -0.9800
v  2.0279 2.7477 -1.2970
v  1.8558 2.7026 -0.9440
v  2.2370 2.8917 -1.5136
v  2.2148 2.8291 -1.5402
v  2.1823 2.9507 -1.5344
v  2.1263 2.9256 -1.5747
v  2.1464 2.8515 -1.5812
v  2.2271 2.9877 -1.7661
v  2.2163 2.9642 -1.7958
v  2.1969 3.0062 -1.7544
v  2.1674 2.9941 -1.7781
v  2.1794 2.9684 -1.8042
v  2.1824 3.1090 -1.9727
v  0.2883 2.6073 0.7956
v  0.2114 2.9379 0.9036
v  0.2114 2.6582 0.8237
v  1.1031 2.7872 0.4811
v  1.2434 2.8440 0.3703
v  1.2235 3.0927 0.4409
v  1.0299 2.7804 0.5432
v  0.9562 2.7279 0.5819
v  0.9364 3.0153 0.6876
v  0.8966 2.7128 0.6113
v  0.6800 2.6516 0.7132
v  0.7092 2.5771 0.6865
v  0.7794 2.5588 0.6550
v  0.8488 2.6007 0.6283
v  0.6288 2.9586 0.8576
v  0.6355 2.6260 0.7354
v  0.5501 2.6225 0.7534
v  0.4770 2.6558 0.7759
v  0.4262 2.6144 0.7731
v  0.2881 2.4563 0.7451
v  0.2114 2.3975 0.7510
v  0.2114 2.1307 0.6618
v  1.0780 2.5214 0.3726
v  1.2143 2.3010 0.1736
v  1.2143 2.5399 0.2539
v  1.0069 2.4899 0.4270
v  0.9360 2.5023 0.4961
v  0.9164 2.2159 0.4177
v  0.8787 2.4916 0.5358
v  0.6691 2.4684 0.6609
v  0.7631 2.5946 0.6283
v  0.6958 2.5507 0.6535
v  0.8312 2.5806 0.5956
v  0.6185 2.1535 0.5964
v  0.6255 2.4759 0.6869
v  0.5426 2.4684 0.7041
v  0.4720 2.4289 0.7119
v  0.4222 2.4635 0.7233
v  3.3069 2.9388 -0.5891
v  3.3073 2.9219 -0.5991
v  3.5502 3.0229 -0.5926
v  3.5471 3.0391 -0.5794
v  3.2992 2.9388 -0.6049
v  3.5378 3.0391 -0.5984
v  3.1957 2.9265 -0.4097
v  3.1915 2.9101 -0.4177
v  3.1878 2.9265 -0.4260
v  3.0435 2.9424 -0.3351
v  3.0390 2.9266 -0.3433
v  3.0352 2.9424 -0.3519
v  2.8150 2.9340 -0.3483
v  2.8135 2.9185 -0.3583
v  2.8066 2.9340 -0.3655
v  2.7119 2.8660 -0.1732
v  2.7139 2.8519 -0.1848
v  2.7035 2.8660 -0.1903
v  2.6656 2.8079 -0.0325
v  2.6664 2.7901 -0.0425
v  2.6580 2.8079 -0.0481
v  2.5115 2.8085 -0.0761
v  2.5058 2.7921 -0.0833
v  2.5037 2.8085 -0.0922
v  2.2362 2.8602 -0.0660
v  2.2310 2.8445 -0.0742
v  2.2278 2.8602 -0.0832
v  2.1404 2.8442 0.1051
v  2.1367 2.8278 0.0967
v  2.1324 2.8442 0.0888
v  1.9869 2.8523 0.1816
v  1.9815 2.8340 0.1724
v  1.9776 2.8523 0.1626
v  3.1432 3.8495 -0.3843
v  3.1504 3.8375 -0.3977
v  3.2141 3.9413 -0.4287
v  3.2050 3.9514 -0.4125
v  3.1354 3.8495 -0.4002
v  3.1958 3.9514 -0.4315
v  3.0492 3.7763 -0.3389
v  3.0493 3.7564 -0.3483
v  3.0418 3.7763 -0.3541
v  2.8631 3.8006 -0.3700
v  2.8744 3.7773 -0.3879
v  2.8533 3.8006 -0.3900
v  2.9211 3.6124 -0.2762
v  2.9328 3.6067 -0.2915
v  2.9135 3.6124 -0.2918
v  2.8714 3.4907 -0.1453
v  2.8793 3.4819 -0.1594
v  2.8633 3.4907 -0.1619
v  2.7944 3.4015 -0.2145
v  2.8011 3.3867 -0.2273
v  2.7869 3.4015 -0.2299
v  2.6945 3.3584 -0.1636
v  2.7036 3.3463 -0.1797
v  2.6853 3.3584 -0.1825
v  2.6811 3.2761 -0.1597
v  2.6948 3.2567 -0.1754
v  2.6740 3.2761 -0.1744
v  2.5243 3.2624 -0.2053
v  2.5326 3.2466 -0.2212
v  2.5150 3.2624 -0.2245
v  2.5067 3.1928 -0.1996
v  2.5189 3.1647 -0.2145
v  2.4996 3.1928 -0.2141
v  2.4268 3.2322 -0.0334
v  2.4245 3.2152 -0.0436
v  2.4179 3.2322 -0.0517
v  2.1946 3.1256 -0.0464
v  2.1969 3.1104 -0.0575
v  2.1867 3.1256 -0.0625
v  2.0941 3.0626 0.1289
v  2.1002 3.0497 0.1146
v  2.0852 3.0626 0.1105
v  2.0482 2.9487 0.1517
v  2.0587 2.9414 0.1348
v  2.0389 2.9487 0.1327
v  2.9924 2.3915 -0.4341
v  2.9904 2.3739 -0.4445
v  3.3074 2.2908 -0.4742
v  3.3167 2.3083 -0.4670
v  2.9834 2.3915 -0.4525
v  3.3075 2.3083 -0.4860
v  2.9147 2.2641 -0.1671
v  2.9156 2.2458 -0.1771
v  2.9072 2.2641 -0.1825
v  2.7773 2.2721 -0.2065
v  2.7603 2.2524 -0.2074
v  2.7701 2.2721 -0.2213
v  2.7267 2.4277 -0.1795
v  2.7108 2.4151 -0.1832
v  2.7177 2.4277 -0.1980
v  2.5127 2.4827 -0.2006
v  2.5076 2.4665 -0.2091
v  2.5041 2.4827 -0.2183
v  2.3848 2.4367 -0.0151
v  2.3739 2.4141 -0.0189
v  2.3776 2.4367 -0.0299
v  2.1638 2.6502 -0.0302
v  2.1513 2.6363 -0.0353
v  2.1550 2.6502 -0.0482
v  1.9955 2.7150 0.1774
v  1.9870 2.6972 0.1698
v  1.9862 2.7150 0.1584
v  -0.1729 3.4008 0.8359
v  -0.0929 3.5296 0.8093
v  -0.1661 3.5495 0.7966
v  -0.0392 3.4752 0.8185
v  -0.0196 3.4008 0.8219
v  -0.0392 3.3265 0.8185
v  -0.0929 3.2721 0.8093
v  -0.1661 3.2522 0.7957
v  -0.2394 3.2721 0.7838
v  -0.2930 3.3265 0.7747
v  -0.3126 3.4008 0.7713
v  -0.2930 3.4752 0.7747
v  -0.2394 3.5296 0.7840
v  -0.0207 3.6238 0.7113
v  -0.1476 3.6583 0.6894
v  0.0722 3.5296 0.7273
v  0.1062 3.4008 0.7332
v  0.0722 3.2721 0.7274
v  -0.0207 3.1778 0.7113
v  -0.1476 3.1433 0.6885
v  -0.2745 3.1778 0.6675
v  -0.3674 3.2721 0.6514
v  -0.4014 3.4008 0.6456
v  -0.3674 3.5296 0.6514
v  -0.2745 3.6238 0.6675
v  0.0242 3.6583 0.5682
v  -0.1223 3.6982 0.5429
v  0.1315 3.5495 0.5867
v  0.1315 3.2522 0.5867
v  0.0242 3.1433 0.5682
v  -0.1223 3.1035 0.5429
v  -0.2688 3.1433 0.5176
v  -0.3761 3.2522 0.4991
v  -0.4153 3.4008 0.4923
v  -0.3761 3.5495 0.4991
v  -0.2688 3.6583 0.5176
v  0.0412 3.6583 0.4697
v  -0.1053 3.6982 0.4444
v  0.1485 3.5495 0.4883
v  0.1485 3.2522 0.4883
v  0.0412 3.1433 0.4697
v  -0.1053 3.1035 0.4444
v  -0.2518 3.1433 0.4191
v  -0.3591 3.2522 0.4006
v  -0.3983 3.4008 0.3938
v  -0.3591 3.5495 0.4006
v  -0.2518 3.6583 0.4191
v  -1.6541 4.1872 -1.3133
v  -1.6016 4.1267 -1.3456
v  -1.4933 4.1529 -1.1602
v  -1.5781 4.2328 -1.1308
v  -1.6236 4.2678 -1.3312
v  -1.5511 4.3383 -1.1820
v  -1.5519 4.2572 -1.3745
v  -1.4495 4.3235 -1.2430
v  -1.5383 4.1701 -1.3833
v  -1.4278 4.2091 -1.2295
v  -1.7239 4.2018 -1.4773
v  -1.6908 4.1613 -1.5063
v  -1.6957 4.2560 -1.4785
v  -1.6452 4.2490 -1.5083
v  -1.6422 4.1904 -1.5255
v  -1.7682 4.2801 -1.6043
v  -1.7503 4.2582 -1.6297
v  -1.7446 4.3083 -1.5943
v  -1.7122 4.3038 -1.6134
v  -1.7157 4.2728 -1.6353
v  -1.7735 4.3854 -1.6987
v  -1.5544 3.6406 -1.3634
v  -1.5304 3.5880 -1.3949
v  -1.4326 3.5907 -1.2831
v  -1.4591 3.6625 -1.2483
v  -1.5239 3.6957 -1.3862
v  -1.4477 3.7367 -1.2958
v  -1.4818 3.6770 -1.4318
v  -1.3954 3.7104 -1.3599
v  -1.4862 3.6104 -1.4371
v  -1.3929 3.6202 -1.3521
v  -1.6310 3.6616 -1.4724
v  -1.6202 3.6298 -1.4958
v  -1.6060 3.6941 -1.4804
v  -1.5798 3.6825 -1.5087
v  -1.5885 3.6428 -1.5183
v  -1.6596 3.7188 -1.5587
v  -1.6555 3.7015 -1.5779
v  -1.6387 3.7347 -1.5574
v  -1.6217 3.7272 -1.5757
v  -1.6321 3.7066 -1.5884
v  -1.6652 3.8000 -1.6299
v  -1.6497 4.0334 -1.4606
v  -1.5971 3.9730 -1.4928
v  -1.4862 3.9997 -1.3074
v  -1.5705 4.0798 -1.2781
v  -1.6186 4.1141 -1.4785
v  -1.5425 4.1855 -1.3293
v  -1.5473 4.1035 -1.5217
v  -1.4427 4.1703 -1.3902
v  -1.5338 4.0163 -1.5306
v  -1.4257 4.0556 -1.3767
v  -1.7194 4.0480 -1.6246
v  -1.6864 4.0075 -1.6536
v  -1.6913 4.1023 -1.6258
v  -1.6408 4.0952 -1.6555
v  -1.6378 4.0367 -1.6727
v  -1.7638 4.1264 -1.7516
v  -1.7459 4.1044 -1.7769
v  -1.7402 4.1545 -1.7415
v  -1.7078 4.1500 -1.7607
v  -1.7113 4.1191 -1.7826
v  -1.7691 4.2316 -1.8460
v  -1.6137 3.5243 -1.3946
v  -1.5842 3.4479 -1.4403
v  -1.4264 3.4871 -1.2358
v  -1.4607 3.5891 -1.1834
v  -1.5604 3.6013 -1.4184
v  -1.4087 3.7021 -1.2471
v  -1.4986 3.5736 -1.4788
v  -1.3354 3.6646 -1.3375
v  -1.5136 3.4788 -1.4935
v  -1.3394 3.5307 -1.3304
v  -1.7327 3.6067 -1.5838
v  -1.7172 3.5596 -1.6182
v  -1.6922 3.6518 -1.5912
v  -1.6528 3.6344 -1.6284
v  -1.6667 3.5776 -1.6461
v  -1.7709 3.7470 -1.7306
v  -1.7648 3.7235 -1.7568
v  -1.7420 3.7664 -1.7269
v  -1.7187 3.7561 -1.7489
v  -1.7314 3.7296 -1.7679
v  -1.7779 3.9152 -1.8366
v  -1.6924 3.0640 -1.5440
v  -1.6721 2.9917 -1.5850
v  -1.6276 2.9138 -1.3880
v  -1.6636 3.0202 -1.3482
v  -1.6188 3.1130 -1.5288
v  -1.5697 3.0969 -1.3560
v  -1.5544 3.0707 -1.5605
v  -1.4782 3.0373 -1.4006
v  -1.5869 2.9958 -1.5952
v  -1.5134 2.9243 -1.4205
v  -1.6875 3.1458 -1.7006
v  -1.6745 3.1001 -1.7355
v  -1.6359 3.1728 -1.6794
v  -1.5917 3.1436 -1.7012
v  -1.6153 3.0987 -1.7359
v  -1.6420 3.2562 -1.7984
v  -1.6324 3.2332 -1.8261
v  -1.6114 3.2632 -1.7762
v  -1.5830 3.2444 -1.7902
v  -1.5959 3.2259 -1.8210
v  -1.5630 3.3592 -1.8512
v  -1.7379 2.9909 -1.2595
v  -1.7266 2.8845 -1.3277
v  -1.5696 2.7695 -1.0733
v  -1.6022 2.9265 -0.9999
v  -1.6289 3.0631 -1.2723
v  -1.4774 3.0392 -1.0544
v  -1.5527 3.0007 -1.3483
v  -1.4085 2.9517 -1.1615
v  -1.6124 2.8905 -1.3825
v  -1.4250 2.7850 -1.1732
v  -1.8039 3.1124 -1.4808
v  -1.8020 3.0449 -1.5367
v  -1.7218 3.1522 -1.4750
v  -1.6696 3.1092 -1.5273
v  -1.7192 3.0428 -1.5654
v  -1.7821 3.2779 -1.6389
v  -1.7829 3.2424 -1.6830
v  -1.7263 3.2931 -1.6219
v  -1.6954 3.2621 -1.6556
v  -1.7298 3.2315 -1.6933
v  -1.6927 3.4360 -1.7503
v  -1.6040 3.1355 -1.6984
v  -1.5795 3.0360 -1.7238
v  -1.5235 3.0081 -1.4643
v  -1.5636 3.1487 -1.4516
v  -1.5142 3.1985 -1.6962
v  -1.4453 3.2431 -1.4857
v  -1.4358 3.1376 -1.7202
v  -1.3679 3.1509 -1.5195
v  -1.4750 3.0374 -1.7372
v  -1.4120 3.0099 -1.5063
v  -1.5889 3.1762 -1.9129
v  -1.5752 3.1259 -1.9334
v  -1.5411 3.2059 -1.9002
v  -1.4985 3.1739 -1.9129
v  -1.5192 3.1245 -1.9334
v  -1.5370 3.2750 -2.0636
v  -1.5275 3.2497 -2.0815
v  -1.5114 3.2857 -2.0466
v  -1.4861 3.2670 -2.0541
v  -1.4960 3.2447 -2.0756
v  -1.4511 3.3845 -2.1596
v  -1.7427 3.1832 -0.6337
v  -1.7350 3.0746 -0.6319
v  -1.6360 3.1136 -0.4060
v  -1.6634 3.2612 -0.4261
v  -1.6558 3.2260 -0.6883
v  -1.5677 3.3126 -0.5317
v  -1.5944 3.1438 -0.7203
v  -1.4811 3.1967 -0.5767
v  -1.6433 3.0502 -0.6854
v  -1.5234 3.0737 -0.4991
v  -1.8115 3.1625 -0.8383
v  -1.8239 3.1029 -0.8419
v  -1.7602 3.1757 -0.8721
v  -1.7416 3.1242 -0.8966
v  -1.7809 3.0792 -0.8779
v  -1.8664 3.1880 -1.0232
v  -1.8760 3.1586 -1.0315
v  -1.8349 3.1917 -1.0308
v  -1.8253 3.1645 -1.0437
v  -1.8507 3.1440 -1.0441
v  -1.8996 3.2580 -1.1802
v  -1.7824 3.0339 -1.0209
v  -1.7726 2.9432 -1.0804
v  -1.7030 2.8420 -0.8630
v  -1.7311 2.9762 -0.7985
v  -1.6887 3.0960 -1.0312
v  -1.6243 3.0734 -0.8443
v  -1.6226 3.0433 -1.0970
v  -1.5303 2.9993 -0.9371
v  -1.6745 2.9488 -1.1274
v  -1.5789 2.8563 -0.9487
v  -1.8223 3.1371 -1.2072
v  -1.8342 3.0905 -1.2454
v  -1.7664 3.1649 -1.2215
v  -1.7443 3.1353 -1.2686
v  -1.7862 3.0894 -1.2833
v  -1.8522 3.2666 -1.3500
v  -1.8599 3.2476 -1.3744
v  -1.8198 3.2730 -1.3507
v  -1.8076 3.2576 -1.3755
v  -1.8325 3.2416 -1.3901
v  -1.8607 3.4228 -1.4425
v  -1.7518 2.9618 -0.7967
v  -1.7478 2.8390 -0.8283
v  -1.5175 2.8163 -0.6068
v  -1.5456 2.9884 -0.5804
v  -1.6601 3.0264 -0.8615
v  -1.4528 3.0780 -0.7007
v  -1.5994 2.9435 -0.9330
v  -1.4074 2.9612 -0.8016
v  -1.6536 2.8277 -0.9126
v  -1.4073 2.7995 -0.7436
v  -1.8897 3.0017 -1.0151
v  -1.8937 2.9200 -1.0459
v  -1.8155 3.0416 -1.0451
v  -1.7739 2.9845 -1.0944
v  -1.8221 2.9094 -1.0948
v  -1.9334 3.1035 -1.2138
v  -1.9401 3.0570 -1.2438
v  -1.8790 3.1193 -1.2166
v  -1.8527 3.0825 -1.2482
v  -1.8904 3.0440 -1.2651
v  -1.8932 3.2122 -1.3868
v  -1.7652 2.8071 -0.5999
v  -1.7740 2.6824 -0.6306
v  -1.5521 2.6291 -0.2622
v  -1.5596 2.8070 -0.2403
v  -1.6664 2.8540 -0.6782
v  -1.4518 2.8769 -0.3835
v  -1.6136 2.7586 -0.7561
v  -1.4199 2.7422 -0.4940
v  -1.6800 2.6526 -0.7262
v  -1.4398 2.5889 -0.4188
v  -1.8827 2.8372 -0.9164
v  -1.8907 2.7681 -0.9335
v  -1.8200 2.8688 -0.9608
v  -1.7891 2.8201 -1.0063
v  -1.8333 2.7585 -0.9924
v  -1.9138 2.8922 -1.1792
v  -1.9201 2.8630 -1.2050
v  -1.8773 2.8994 -1.1787
v  -1.8613 2.8745 -1.2053
v  -1.8879 2.8522 -1.2220
v  -1.8923 2.9630 -1.4114
v  -1.6393 2.6249 -1.3300
v  -1.5942 2.5137 -1.3711
v  -1.4560 2.4927 -1.0829
v  -1.5335 2.6477 -1.0502
v  -1.5501 2.7172 -1.3476
v  -1.4305 2.7751 -1.1156
v  -1.4499 2.6630 -1.3996
v  -1.3239 2.6987 -1.1889
v  -1.4772 2.5372 -1.4141
v  -1.3051 2.5242 -1.1686
v  -1.6862 2.6895 -1.5814
v  -1.6641 2.6322 -1.6125
v  -1.6316 2.7397 -1.5769
v  -1.5756 2.7143 -1.6053
v  -1.5957 2.6478 -1.6273
v  -1.6764 2.8043 -1.7692
v  -1.6656 2.7808 -1.7921
v  -1.6462 2.8214 -1.7563
v  -1.6167 2.8085 -1.7712
v  -1.6287 2.7835 -1.7933
v  -1.6317 2.8809 -1.8846
v  -1.7672 2.8356 -1.1826
v  -1.7221 2.7244 -1.2290
v  -1.5839 2.6699 -0.8219
v  -1.6614 2.8268 -0.7822
v  -1.6780 2.9277 -1.2237
v  -1.5584 2.9566 -0.8798
v  -1.5778 2.8734 -1.2943
v  -1.4172 2.8799 -0.9800
v  -1.6051 2.7477 -1.2970
v  -1.4330 2.7026 -0.9440
v  -1.8141 2.8917 -1.5136
v  -1.7920 2.8291 -1.5403
v  -1.7594 2.9507 -1.5344
v  -1.7035 2.9256 -1.5747
v  -1.7236 2.8515 -1.5812
v  -1.8043 2.9877 -1.7661
v  -1.7935 2.9642 -1.7958
v  -1.7741 3.0062 -1.7544
v  -1.7446 2.9941 -1.7782
v  -1.7566 2.9684 -1.8042
v  -1.7596 3.1090 -1.9727
v  0.1346 2.6073 0.7956
v  -0.6803 2.7872 0.4811
v  -0.8007 3.0927 0.4409
v  -0.8206 2.8440 0.3703
v  -0.6071 2.7804 0.5432
v  -0.5334 2.7279 0.5819
v  -0.5136 3.0153 0.6876
v  -0.4738 2.7128 0.6113
v  -0.2572 2.6516 0.7132
v  -0.3566 2.5588 0.6550
v  -0.2864 2.5771 0.6865
v  -0.4260 2.6007 0.6283
v  -0.2060 2.9586 0.8576
v  -0.2127 2.6260 0.7354
v  -0.1273 2.6225 0.7534
v  -0.0542 2.6558 0.7759
v  -0.0034 2.6144 0.7731
v  0.1347 2.4563 0.7451
v  -0.6552 2.5214 0.3726
v  -0.7915 2.5399 0.2539
v  -0.7915 2.3010 0.1736
v  -0.5841 2.4899 0.4270
v  -0.5132 2.5023 0.4961
v  -0.4936 2.2159 0.4177
v  -0.4559 2.4916 0.5358
v  -0.2463 2.4684 0.6609
v  -0.2730 2.5507 0.6535
v  -0.3403 2.5946 0.6283
v  -0.4084 2.5806 0.5956
v  -0.1956 2.1535 0.5964
v  -0.2027 2.4759 0.6869
v  -0.1197 2.4684 0.7041
v  -0.0492 2.4289 0.7119
v  0.0007 2.4635 0.7233
v  -2.8841 2.9388 -0.5891
v  -3.1243 3.0391 -0.5794
v  -3.1274 3.0229 -0.5926
v  -2.8845 2.9219 -0.5991
v  -2.8764 2.9388 -0.6049
v  -3.1150 3.0391 -0.5984
v  -2.7729 2.9265 -0.4097
v  -2.7686 2.9101 -0.4177
v  -2.7650 2.9265 -0.4260
v  -2.6206 2.9424 -0.3351
v  -2.6162 2.9267 -0.3433
v  -2.6124 2.9424 -0.3519
v  -2.3922 2.9340 -0.3484
v  -2.3907 2.9185 -0.3583
v  -2.3838 2.9340 -0.3655
v  -2.2890 2.8660 -0.1732
v  -2.2911 2.8519 -0.1848
v  -2.2807 2.8660 -0.1903
v  -2.2428 2.8079 -0.0326
v  -2.2436 2.7901 -0.0425
v  -2.2352 2.8079 -0.0481
v  -2.0887 2.8085 -0.0761
v  -2.0830 2.7921 -0.0833
v  -2.0808 2.8085 -0.0922
v  -1.8134 2.8602 -0.0660
v  -1.8082 2.8445 -0.0742
v  -1.8050 2.8602 -0.0833
v  -1.7175 2.8442 0.1051
v  -1.7139 2.8279 0.0967
v  -1.7096 2.8442 0.0888
v  -1.5641 2.8523 0.1816
v  -1.5587 2.8340 0.1724
v  -1.5548 2.8523 0.1626
v  -2.7204 3.8495 -0.3843
v  -2.7822 3.9514 -0.4125
v  -2.7913 3.9413 -0.4287
v  -2.7276 3.8375 -0.3977
v  -2.7126 3.8495 -0.4002
v  -2.7730 3.9514 -0.4316
v  -2.6264 3.7763 -0.3389
v  -2.6265 3.7564 -0.3484
v  -2.6189 3.7763 -0.3541
v  -2.4402 3.8006 -0.3700
v  -2.4516 3.7773 -0.3879
v  -2.4305 3.8006 -0.3900
v  -2.4983 3.6124 -0.2762
v  -2.5100 3.6067 -0.2915
v  -2.4907 3.6124 -0.2918
v  -2.4486 3.4907 -0.1453
v  -2.4565 3.4819 -0.1594
v  -2.4405 3.4907 -0.1619
v  -2.3716 3.4015 -0.2145
v  -2.3783 3.3867 -0.2273
v  -2.3641 3.4015 -0.2299
v  -2.2717 3.3584 -0.1636
v  -2.2808 3.3463 -0.1798
v  -2.2625 3.3584 -0.1825
v  -2.2583 3.2761 -0.1597
v  -2.2720 3.2567 -0.1754
v  -2.2512 3.2761 -0.1744
v  -2.1015 3.2624 -0.2053
v  -2.1097 3.2466 -0.2212
v  -2.0922 3.2624 -0.2245
v  -2.0838 3.1928 -0.1996
v  -2.0960 3.1647 -0.2145
v  -2.0768 3.1928 -0.2141
v  -2.0040 3.2322 -0.0334
v  -2.0017 3.2152 -0.0436
v  -1.9951 3.2322 -0.0517
v  -1.7718 3.1256 -0.0464
v  -1.7740 3.1104 -0.0575
v  -1.7639 3.1256 -0.0625
v  -1.6713 3.0626 0.1289
v  -1.6774 3.0497 0.1146
v  -1.6624 3.0626 0.1105
v  -1.6254 2.9487 0.1517
v  -1.6358 2.9414 0.1348
v  -1.6161 2.9487 0.1327
v  -2.5696 2.3915 -0.4341
v  -2.8939 2.3083 -0.4670
v  -2.8846 2.2908 -0.4742
v  -2.5676 2.3739 -0.4445
v  -2.5606 2.3915 -0.4525
v  -2.8846 2.3083 -0.4860
v  -2.4919 2.2641 -0.1671
v  -2.4928 2.2458 -0.1771
v  -2.4844 2.2641 -0.1825
v  -2.3545 2.2721 -0.2065
v  -2.3375 2.2524 -0.2074
v  -2.3472 2.2721 -0.2213
v  -2.3038 2.4277 -0.1795
v  -2.2880 2.4151 -0.1832
v  -2.2948 2.4277 -0.1980
v  -2.0899 2.4827 -0.2006
v  -2.0848 2.4665 -0.2091
v  -2.0813 2.4827 -0.2183
v  -1.9620 2.4367 -0.0151
v  -1.9511 2.4141 -0.0189
v  -1.9547 2.4367 -0.0299
v  -1.7410 2.6502 -0.0302
v  -1.7285 2.6363 -0.0353
v  -1.7322 2.6502 -0.0482
v  -1.5727 2.7150 0.1774
v  -1.5642 2.6972 0.1698
v  -1.5634 2.7150 0.1584
v  0.2860 3.5243 0.8097
v  0.3374 3.6700 0.8460
v  0.2114 3.6680 0.8728
v  0.2114 3.5307 0.8434
v  1.0835 4.3944 0.1936
v  1.1746 4.5614 -0.1212
v  0.8779 4.7256 0.0748
v  0.7512 4.5284 0.4836
v  0.4637 3.6298 0.7761
v  0.3552 3.5132 0.7825
v  0.3782 3.5068 0.7549
v  0.4659 3.5958 0.7532
v  0.3346 3.3743 0.7917
v  0.3556 3.3777 0.7629
v  0.7481 4.1332 0.7621
v  0.7104 3.8714 0.8087
v  0.8336 3.8686 0.7798
v  0.8656 4.0804 0.7439
v  0.8716 4.3111 0.5771
v  0.4652 4.3781 0.7355
v  0.5089 4.5550 0.5425
v  0.2114 4.5649 0.5663
v  0.2114 4.3754 0.7615
v  1.2015 4.1982 0.3074
v  1.0487 4.2333 0.4705
v  0.9738 3.9723 0.6918
v  1.1639 3.9942 0.4724
v  1.1380 3.3995 0.5999
v  1.1377 3.5727 0.6164
v  1.0268 3.5288 0.6267
v  1.0371 3.3912 0.6170
v  1.4715 3.7477 0.2298
v  1.4723 3.4649 0.2249
v  1.7184 3.4938 0.0345
v  1.5367 3.8184 0.0690
v  1.4945 3.2275 0.4366
v  1.2485 3.4224 0.4542
v  1.2872 3.2667 0.5229
v  1.8023 3.3406 0.1065
v  1.6497 2.9300 0.5100
v  1.4788 3.0535 0.5672
v  1.2822 2.8493 0.6203
v  1.4466 2.7270 0.5231
v  1.4455 2.9223 0.5789
v  1.2354 3.0200 0.6634
v  0.7249 2.8635 0.8351
v  0.6589 2.7629 0.8715
v  0.9095 2.8634 0.7875
v  0.8588 3.0218 0.7992
v  0.7023 2.9512 0.8437
v  1.5775 3.8910 -0.1108
v  1.6164 3.9927 -0.2997
v  1.3977 4.3339 -0.1634
v  1.3390 4.1890 0.0281
v  1.7558 3.5682 -0.1709
v  2.0110 3.3554 -0.1388
v  2.0842 3.3765 -0.4346
v  1.8213 3.6507 -0.3880
v  2.1316 2.6339 -0.1259
v  2.1265 3.1199 -0.0974
v  2.1010 2.9214 0.1117
v  1.9183 2.7282 0.4349
v  1.5945 2.7116 0.5623
v  1.6836 2.4615 0.4605
v  1.9358 2.4681 0.3389
v  1.1871 4.6337 -0.4451
v  0.9063 4.7799 -0.4681
v  0.6284 4.8351 -0.4596
v  0.5895 4.7645 0.0858
v  1.4326 4.4082 -0.4508
v  2.2161 2.7239 -0.4172
v  2.0702 2.3245 -0.2879
v  2.1318 2.3865 -0.6012
v  0.6002 1.8292 0.4929
v  0.7288 1.9673 0.6121
v  0.4901 1.9552 0.6758
v  1.1792 1.8707 0.3516
v  1.3196 2.0292 0.3937
v  0.9971 1.9916 0.5080
v  1.4533 1.9208 0.0229
v  1.5688 2.1579 0.3563
v  1.8295 2.1989 0.1684
v  1.6725 1.9723 -0.1619
v  1.8133 2.0695 -0.3832
v  2.1309 2.4464 -0.9033
v  1.8701 2.2126 -0.7167
v  1.8176 2.3018 -1.0185
v  2.0853 2.5339 -1.0669
v  2.2081 2.7892 -0.6286
v  2.1887 2.8675 -1.0137
v  2.0708 3.4325 -0.9196
v  1.9148 3.6323 -0.8683
v  1.8063 3.7799 -0.8578
v  1.6507 4.0755 -0.6121
v  1.9969 3.5979 -1.1566
v  2.0984 3.4140 -1.1220
v  2.0068 3.3588 -1.4248
v  1.9717 3.5778 -1.4689
v  1.9444 5.3342 -1.5859
v  1.9334 5.3344 -1.4672
v  2.0868 5.1353 -1.5253
v  2.0726 5.1342 -1.6326
v  2.1258 2.9293 -1.3761
v  1.9894 2.6061 -1.3560
v  1.7111 2.3258 -1.3218
v  1.7698 5.3507 -1.5691
v  1.7461 5.3548 -1.4660
v  0.8956 4.8111 -0.9151
v  0.6258 4.8524 -0.9276
v  1.6209 2.3647 -1.5741
v  1.7628 2.6754 -1.6933
v  1.8825 2.8850 -1.7731
v  1.9676 2.9755 -1.8392
v  2.0508 3.0271 -1.6614
v  1.4857 2.6792 -1.7144
v  1.4305 2.4020 -1.6497
v  0.8240 2.4223 -1.7568
v  0.8619 2.6726 -1.8161
v  1.3208 3.7524 -1.7002
v  1.4250 3.9293 -1.6796
v  1.8501 3.5979 -1.6808
v  1.8205 3.4188 -1.6750
v  2.0210 5.1270 -1.7354
v  1.9668 5.2704 -1.7210
v  0.2114 2.4303 -1.8202
v  0.2114 2.6649 -1.8540
v  0.8644 3.0947 -1.9023
v  1.5051 2.9997 -1.8226
v  0.9556 4.6613 -1.2484
v  0.6288 4.4113 -1.6122
v  0.6288 4.6890 -1.2994
v  0.6544 3.9793 -1.8468
v  0.9387 4.1755 -1.5968
v  0.8165 3.5401 -1.9121
v  0.2114 3.5470 -1.9403
v  0.2114 3.9815 -1.8760
v  0.6722 4.3567 0.6685
v  1.3116 4.0641 0.2024
v  1.8622 3.1360 0.3323
v  0.6622 2.7365 0.8544
v  0.9220 2.7414 0.7583
v  0.9157 2.8024 0.7729
v  0.6605 2.7497 0.8630
v  0.4820 3.0978 1.0110
v  0.4124 3.0636 1.1287
v  0.5031 2.9285 1.1242
v  0.5831 2.9967 0.9839
v  0.3415 2.9651 1.1871
v  0.3578 2.8629 1.1732
v  0.2114 2.9419 1.2220
v  0.2114 2.8238 1.2095
v  0.2974 3.1632 1.1969
v  0.3376 3.1049 1.2373
v  0.3815 3.1365 1.1262
v  0.3214 3.1898 1.1182
v  0.4242 3.1994 0.8998
v  0.4117 3.1582 1.0384
v  0.5357 3.1189 0.8773
v  0.3123 3.2740 0.9241
v  0.2114 3.3081 0.9401
v  0.2114 3.2297 1.0728
v  0.3304 3.2026 1.0638
v  0.2114 3.2148 1.1239
v  0.3130 3.0356 1.2499
v  0.2114 3.0212 1.2650
v  0.2114 3.1833 1.2136
v  0.2114 3.1241 1.2623
v  0.5442 2.8118 1.0681
v  0.6322 2.8935 0.9598
v  0.6367 3.0537 0.8614
v  1.1304 4.3269 -1.4849
v  1.7748 5.3391 -1.6505
v  0.3322 3.5090 0.8101
v  0.2693 3.3660 0.8501
v  0.3136 3.3710 0.8204
v  0.2114 3.3736 0.8778
v  0.3760 3.2649 0.8055
v  1.1529 3.7492 0.5995
v  0.9885 3.6584 0.6768
v  1.0462 3.2592 0.6392
v  1.1652 3.2677 0.6189
v  1.0577 3.1723 0.7081
v  1.1997 3.1644 0.6707
v  1.1061 2.8870 0.6905
v  1.0717 3.0473 0.7234
v  0.2114 4.1051 0.8686
v  0.4154 4.1027 0.8502
v  0.4629 3.6520 0.8230
v  0.6003 3.6314 0.7399
v  0.6192 3.6673 0.7840
v  0.7449 3.5739 0.7013
v  0.7883 3.5974 0.6943
v  0.8316 3.6209 0.6873
v  0.8099 3.6091 0.6908
v  0.8814 3.4867 0.6365
v  0.9025 3.4919 0.6281
v  0.8947 3.3776 0.6327
v  0.9143 3.3799 0.6256
v  0.8658 3.2602 0.6584
v  0.8927 3.2591 0.6542
v  0.7392 3.1641 0.7477
v  0.7524 3.1507 0.7628
v  0.6998 3.2043 0.7009
v  0.5846 3.1855 0.7344
v  0.5855 3.1676 0.7627
v  0.7261 3.1775 0.7327
v  0.5863 3.1498 0.7903
v  0.5859 3.1587 0.7765
v  0.4643 3.2081 0.7921
v  0.4613 3.2052 0.8052
v  0.3788 3.2671 0.7933
v  0.3241 3.3727 0.8060
v  0.2114 2.7478 1.1663
v  0.3801 2.7491 1.1241
v  0.6603 2.7896 0.8918
v  0.5734 2.7217 0.9751
v  0.3871 3.2740 0.7566
v  0.3815 3.2694 0.7811
v  0.4672 3.2111 0.7790
v  0.4732 3.2169 0.7527
v  0.3991 2.6823 1.0207
v  0.5818 4.1396 0.8154
v  0.4252 3.8757 0.8615
v  0.5602 3.8742 0.8399
v  0.6311 3.7766 0.7914
v  0.8237 3.7646 0.7550
v  0.5465 2.7149 0.9137
v  0.4699 3.7519 0.8270
v  0.6367 3.7033 0.8041
v  0.4946 2.1809 0.8001
v  0.7246 2.1872 0.7444
v  0.6989 2.3025 0.7628
v  0.4764 2.2982 0.8227
v  0.9270 2.3114 0.6671
v  0.9084 2.4224 0.6767
v  0.6732 2.4178 0.7812
v  0.9456 2.2003 0.6575
v  1.2550 2.2162 0.4877
v  1.2062 2.3216 0.5161
v  1.3521 2.7006 0.5254
v  1.4168 2.5381 0.4785
v  1.5212 2.4935 0.4818
v  1.2809 2.4870 0.4756
v  1.1573 2.4269 0.5444
v  1.3688 2.3930 0.4480
v  0.4130 2.6958 0.9344
v  0.2114 2.6935 0.9400
v  0.2114 2.7029 0.9198
v  0.4161 2.7065 0.9109
v  0.5505 2.7211 0.8939
v  1.1202 2.8116 0.6665
v  1.2577 2.6742 0.5277
v  1.2699 2.7618 0.5740
v  1.0102 3.7771 0.6944
v  1.3124 2.5827 0.4751
v  0.4582 2.4156 0.8454
v  0.2114 2.4130 0.8600
v  0.2114 2.2932 0.8397
v  0.2114 1.9494 0.6896
v  0.2114 1.8203 0.5470
v  1.3291 3.1390 0.5906
v  1.2436 3.6300 0.4045
v  1.2578 3.9177 0.3479
v  1.4567 2.2991 0.4204
v  0.2114 2.1734 0.8194
v  2.1025 2.5915 -0.0070
v  1.9903 2.2727 -0.0998
v  1.6934 1.9868 -0.1948
v  2.1406 3.0625 -0.1897
v  2.1340 3.1162 -0.1554
v  2.1770 3.0946 -0.4881
v  2.1640 3.1608 -0.9784
v  2.1395 3.1799 -1.3886
v  2.0296 3.1649 -1.6201
v  1.5044 3.3436 -1.8223
v  0.2114 3.0976 -1.9051
v  1.7031 3.0450 -1.9020
v  1.7711 3.2674 -1.8665
v  1.9328 3.2743 -2.0033
v  1.9416 3.2199 -2.0453
v  1.8813 3.3104 -1.7428
v  2.1126 3.1587 -0.1542
v  1.3845 4.9507 -0.7161
v  1.1542 5.0266 -0.8474
v  1.6746 4.8273 -0.7207
v  1.8002 4.5345 -0.8298
v  1.9907 4.2242 -0.9711
v  2.0436 3.9059 -1.4494
v  2.1147 3.9452 -1.2140
v  1.9318 3.8835 -1.7271
v  1.5461 4.1758 -1.8020
v  1.2968 4.5126 -1.6527
v  1.1125 4.8558 -1.3789
v  1.1206 5.0273 -1.1262
v  1.5237 5.1124 -0.9505
v  1.6236 5.1986 -1.1886
v  1.4604 5.2467 -1.2456
v  1.3255 5.1682 -1.0550
v  1.7908 4.9834 -0.9858
v  1.8496 5.0873 -1.2288
v  2.0769 4.8201 -1.2991
v  1.8828 4.7467 -1.0665
v  2.0344 4.5398 -1.1631
v  2.1625 4.2613 -1.5253
v  2.1057 4.6286 -1.6053
v  2.1560 4.6273 -1.4381
v  2.1588 4.2921 -1.3040
v  1.9819 4.2564 -1.7795
v  2.0137 4.5865 -1.7657
v  1.7158 4.5170 -1.8231
v  1.8500 4.8373 -1.8151
v  1.5040 4.7726 -1.7506
v  1.6978 5.0008 -1.8031
v  1.4990 5.1712 -1.6212
v  1.3290 5.0448 -1.5246
v  1.4802 5.2311 -1.4639
v  1.2961 5.1524 -1.2900
v  0.9346 -1.2787 -4.7395
v  1.0232 -0.8690 -3.8296
v  1.2921 -1.6116 -4.1646
v  0.2114 -0.6744 -4.4676
v  0.2114 -0.6744 -4.4677
v  0.8980 -2.2673 -4.4623
v  0.2114 -1.8979 -4.9763
v  0.2114 -1.8978 -4.9763
v  1.2098 1.7180 0.4429
v  1.5187 1.7703 0.0883
v  1.9407 1.3639 0.0266
v  1.7288 1.8265 -0.1294
v  1.7398 1.3320 0.2943
v  0.6589 1.6700 0.6662
v  0.8103 1.2173 0.9825
v  1.3047 1.2718 0.6859
v  0.2114 1.6572 0.7276
v  0.2114 1.2006 1.0266
v  1.8380 1.9262 -0.2647
v  1.9371 2.2196 -0.7249
v  1.8542 2.3192 -1.0359
v  1.7460 2.1989 -1.3453
v  1.5813 2.1717 -1.5294
v  1.3883 2.1500 -1.6176
v  0.7915 2.1750 -1.7475
v  0.7636 1.8331 -1.8019
v  0.2114 1.8623 -1.8634
v  0.2114 2.1936 -1.8103
v  0.9849 0.2314 1.2748
v  0.8963 0.7515 1.1699
v  0.2114 0.7000 1.2469
v  0.2114 0.1450 1.3763
v  1.4581 0.8230 0.8459
v  1.8914 0.9098 0.4029
v  1.6014 0.3200 1.0006
v  2.0719 0.4390 0.5101
v  2.0838 0.9436 0.0702
v  0.2114 -0.6823 1.4633
v  1.1038 -0.5716 1.3612
v  1.7317 -0.3347 1.0462
v  2.2272 -0.0761 0.5499
v  2.3648 0.0780 0.1147
v  2.2544 0.4727 0.1155
v  2.4542 0.1504 -0.3410
v  2.3373 0.4948 -0.3196
v  2.4031 0.1173 -0.9297
v  2.2702 0.4649 -0.8847
v  2.1812 0.9171 -0.2699
v  2.1749 0.6374 -0.8506
v  2.1405 0.8288 -0.6386
v  2.1981 0.9772 -0.3113
v  2.0468 0.6494 -1.4863
v  2.1239 0.7852 -1.4309
v  2.1382 0.7386 -1.0140
v  2.0640 0.4184 -1.4767
v  2.1618 -0.0547 -1.4725
v  1.5536 0.1383 -2.0223
v  1.5815 -0.4800 -2.1462
v  1.8656 1.2472 -1.6736
v  1.5057 0.7472 -1.8842
v  1.4536 1.3046 -1.7709
v  1.9966 1.2195 -1.6531
v  0.7897 1.3096 -1.9366
v  0.8120 0.7546 -2.1004
v  0.8138 -0.0207 -2.2688
v  0.2114 -0.0272 -2.3397
v  0.2114 0.7477 -2.1638
v  0.7975 -0.7915 -2.3922
v  0.2114 -0.6619 -2.4547
v  1.4194 1.8035 -1.6612
v  1.7747 1.8450 -1.6250
v  1.9248 1.8492 -1.6050
v  0.2114 -1.4218 1.3297
v  1.1172 -1.3636 1.2633
v  1.7054 -1.0559 1.0674
v  2.2709 -0.6609 0.5330
v  2.5155 -0.3820 0.0361
v  2.5327 -0.2242 -0.4131
v  2.4378 -0.2872 -0.9927
v  2.2004 -0.5090 -1.5454
v  1.5965 -1.1598 -2.1094
v  1.0453 -1.5432 -2.1477
v  0.8616 -0.9354 -2.7656
v  0.2114 -0.7744 -2.7804
v  1.1261 -1.6808 -2.6247
v  0.2114 -2.0814 0.8791
v  1.0820 -1.9595 0.8605
v  1.6045 -1.6446 0.7690
v  2.2318 -1.1069 0.4867
v  2.5586 -0.8183 0.0653
v  2.5450 -0.6418 -0.4419
v  2.4302 -0.6514 -1.0104
v  2.1828 -0.9326 -1.5209
v  1.5760 -1.5984 -1.9159
v  0.7631 -2.0532 -1.9568
v  1.2492 -1.7414 -3.7051
v  0.9160 -2.4864 -3.8742
v  0.2114 -2.6340 -3.9452
v  0.2114 -2.4065 -4.5942
v  0.8906 -2.2404 -1.8170
v  0.2114 -2.2827 -1.6695
v  0.2114 -2.2108 -1.8466
v  1.5213 -1.8420 -1.7389
v  2.1200 -1.2411 -1.4570
v  2.3970 -1.0234 -1.0288
v  2.5347 -1.0182 -0.4667
v  2.5408 -1.1370 0.0962
v  2.1273 -1.4566 0.3931
v  1.5696 -1.9396 0.5308
v  1.0750 -2.2479 0.4835
v  0.2114 -2.4259 0.4121
v  0.2114 -2.4918 0.2204
v  0.2114 1.3023 -2.0040
v  0.7940 -2.4025 -1.4964
v  0.5442 -2.5123 -1.0713
v  0.2114 -2.4612 -1.2056
v  1.8345 -3.4726 0.1464
v  1.8562 -3.3685 0.2262
v  1.5605 -3.3694 0.3216
v  1.5620 -3.4736 0.2420
v  1.1068 -3.4762 0.0241
v  1.2826 -3.4743 0.1980
v  1.2554 -3.3699 0.2748
v  1.0571 -3.3727 0.0821
v  1.0165 -3.4774 -0.5173
v  1.0075 -3.2266 0.0347
v  0.9081 -3.1190 -0.1775
v  0.8329 -3.1277 -0.4964
v  1.1443 -3.4757 -0.9417
v  1.0408 -3.4759 -0.7876
v  0.8615 -3.1153 -0.8632
v  1.0198 -3.1127 -1.0928
v  2.1214 -3.1127 -0.9712
v  2.1703 -3.1127 -0.6167
v  1.9886 -3.4743 -0.6631
v  1.9248 -3.4747 -0.8570
v  1.9651 -3.4734 -0.0785
v  2.0078 -3.3691 -0.0082
v  1.1170 -2.2755 -1.6913
v  1.5310 -1.9681 -1.7115
v  2.1066 -1.4330 -1.4280
v  0.6225 -2.5637 0.1291
v  0.2114 -2.5948 -0.3164
v  0.5462 -2.6187 -0.4064
v  1.5655 -2.0992 0.5222
v  1.0901 -2.3824 0.4580
v  2.0750 -1.6525 0.3812
v  2.5163 -1.3345 0.0702
v  2.5204 -1.2133 -0.4593
v  0.5553 -2.6332 -0.4092
v  0.6536 -2.6246 0.0956
v  1.1054 -2.5694 0.3765
v  1.5636 -2.4834 0.4248
v  0.6032 -2.6400 -1.0326
v  0.8399 -2.5711 -1.4129
v  1.1402 -2.4621 -1.6042
v  1.5349 -2.3801 -1.5896
v  2.0274 -2.2839 -1.3538
v  2.3569 -1.2096 -1.0377
v  2.2552 -2.2345 -1.0180
v  2.3830 -2.2344 -0.5049
v  2.3404 -2.2706 -0.0075
v  2.0309 -2.3705 0.2878
v  2.0255 -2.4412 0.2762
v  2.3275 -2.3414 -0.0152
v  2.2395 -2.3760 -1.0145
v  2.3611 -2.3759 -0.5131
v  2.2474 -2.3052 -1.0163
v  2.0199 -2.3546 -1.3465
v  1.5357 -2.4508 -1.5674
v  1.1492 -2.5328 -1.5706
v  0.6362 -2.7108 -1.0109
v  0.5994 -2.7040 -0.4231
v  0.6901 -2.6953 0.0565
v  1.1115 -2.6402 0.3447
v  1.5561 -3.1133 0.1267
v  1.5619 -2.6249 0.3831
v  1.1178 -2.7109 0.3127
v  1.1739 -3.1134 0.0718
v  1.5628 -2.5542 0.4043
v  2.3722 -2.3051 -0.5089
v  1.8803 -3.1127 -1.2011
v  1.5202 -3.1127 -1.2959
v  1.5365 -2.5216 -1.5448
v  2.0121 -2.4253 -1.3390
v  1.2423 -3.1127 -1.2412
v  0.8792 -2.7126 -1.3416
v  1.1583 -2.6036 -1.5367
v  0.6695 -2.7815 -0.9891
v  2.1358 -3.1127 -0.2309
v  2.0505 -3.2221 -0.0433
v  1.2282 -3.2229 0.2463
v  1.5591 -3.2225 0.2958
v  1.8009 -3.4752 -0.9814
v  1.5369 -3.4760 -1.0714
v  1.3258 -3.4758 -1.0453
v  1.5034 -3.4903 -0.5854
v  0.9257 -1.0411 -3.1202
v  0.9898 -0.9978 -3.5287
v  0.2114 -0.7738 -3.4857
v  0.2114 -0.8486 -3.1062
v  1.1985 -1.7856 -3.1380
v  0.7887 -2.4768 -2.4453
v  0.8802 -2.6201 -3.1784
v  0.2114 -2.6062 -2.4379
v  0.2114 -2.7760 -3.1884
v  0.2114 -0.6133 -3.7576
v  1.9211 -3.1127 0.0318
v  1.8778 -3.2217 0.2005
v  4.9163 1.7634 -0.2761
v  4.6106 1.7466 -0.2448
v  4.8068 1.4649 -0.3071
v  4.9199 1.4428 -0.3026
v  4.0031 1.1225 -0.4186
v  4.0025 1.0045 -0.6854
v  4.5239 1.1096 -0.6615
v  5.2470 1.9289 -1.2528
v  5.4865 1.7141 -1.6275
v  5.0729 1.7027 -1.6561
v  5.3781 1.6125 -1.7518
v  5.3116 1.9288 -0.8169
v  5.5654 1.7282 -1.0162
v  5.6487 1.7315 -1.1717
v  5.6358 1.7271 -1.3671
v  5.1360 1.8931 -0.3631
v  5.2863 1.8552 -0.2762
v  5.3532 1.7977 -0.4950
v  5.2238 1.8279 -0.5506
v  5.6437 1.7322 -0.7268
v  5.6327 1.7302 -0.8926
v  5.4589 1.4395 -0.6624
v  5.2228 1.3547 -0.6833
v  5.5787 1.4269 -0.7194
v  5.1384 1.3337 -1.3933
v  5.4424 1.4354 -1.4330
v  5.2151 1.3343 -1.0106
v  5.5897 1.4372 -1.1634
v  5.5044 1.4312 -1.0314
v  5.5769 1.4290 -0.8962
v  5.4090 1.4260 -1.6917
v  5.4769 1.4336 -1.5985
v  5.2281 1.4687 -0.1427
v  5.3371 1.3831 -0.2542
v  5.4617 1.6137 -0.1666
v  5.2813 1.5718 -0.0737
v  5.4376 1.4528 -0.4206
v  5.5268 1.6021 -0.4346
v  5.3609 1.5016 -1.7248
v  5.5439 1.5738 -1.5847
v  5.6865 1.5843 -1.1681
v  5.6775 1.5817 -1.3527
v  5.6001 1.5797 -1.0181
v  5.6656 1.5796 -0.8770
v  5.6749 1.5796 -0.6937
v  5.5156 1.5887 -0.5897
v  4.6061 1.2438 0.1448
v  4.6633 1.1281 0.0963
v  4.7300 1.3269 0.0989
v  4.6519 1.3255 0.1344
v  4.7643 1.1299 0.0470
v  4.7964 1.2379 0.0454
v  4.0577 2.0237 -1.2316
v  3.8373 2.0418 -1.2461
v  3.8677 2.1506 -0.8864
v  4.0930 2.1355 -0.8791
v  4.0167 1.6834 -1.5845
v  3.7918 1.6815 -1.5839
v  4.4993 2.0859 -0.8705
v  4.4701 2.0013 -1.2315
v  4.4157 1.6698 -1.6063
v  4.1131 2.0909 -0.5848
v  4.5227 2.0471 -0.5554
v  5.0710 2.0125 -0.8299
v  5.0081 1.9630 -1.2087
v  4.8892 1.6901 -1.6350
v  4.1249 1.7909 -0.2917
v  4.5783 1.8365 -0.3085
v  5.0110 1.9393 -0.4540
v  4.0584 1.4357 -0.2490
v  3.8726 1.7720 -0.3029
v  3.8500 1.3987 -0.2594
v  4.3424 1.6417 -0.1410
v  4.2459 1.3930 -0.1335
v  3.7937 1.0868 -0.4162
v  4.2432 1.1540 -0.2207
v  4.5532 1.4293 0.0622
v  4.4940 1.4937 -0.0159
v  4.4024 1.3338 0.0021
v  4.4626 1.2929 0.0647
v  4.4208 1.1435 -0.0423
v  4.4746 1.1349 0.0226
v  4.4329 1.5591 -0.0919
v  4.6666 1.5644 -0.1138
v  4.7993 1.3755 -0.1659
v  3.9896 1.2526 -1.6079
v  3.7606 1.2486 -1.6051
v  4.3892 1.2740 -1.6143
v  4.8853 1.3253 -1.6689
v  3.9783 1.0029 -1.3787
v  3.7265 0.9685 -1.3815
v  4.4865 1.1209 -1.4093
v  3.9894 0.9550 -0.9846
v  3.7247 0.9041 -1.0022
v  4.4961 1.0756 -0.9975
v  4.5418 1.0956 -0.3572
v  4.5627 1.0575 -0.1822
v  4.6255 1.0405 -0.0669
v  5.0998 1.2701 -0.6705
v  4.6944 1.2007 -0.3591
v  4.7414 1.1354 -0.2120
v  4.7598 1.1147 -0.0989
v  4.9317 1.2158 -1.4316
v  5.0486 1.2188 -1.0084
v  4.7184 1.4619 0.0076
v  4.8281 1.3098 -0.0684
v  5.0350 1.2747 -1.4125
v  5.1318 1.2765 -1.0095
v  5.0085 1.7244 -0.2348
v  4.9967 1.4619 -0.2781
v  5.0964 1.4507 -0.1938
v  5.1168 1.7211 -0.1554
v  5.0534 1.4432 -1.6966
v  5.2528 1.6907 -0.1171
v  5.4290 1.8012 -0.2053
v  3.8700 2.1033 -0.5885
v  3.7451 0.9378 -0.6951
v  5.4844 1.7379 -0.6249
v  5.3005 1.8905 -0.6803
v  5.1168 1.9599 -0.6656
v  5.2072 1.3592 -0.3371
v  5.3133 1.3923 -0.5111
v  5.2087 1.9252 -0.6729
v  5.1913 1.9706 -0.8234
v  5.1275 1.9459 -1.2308
v  4.9811 1.6964 -1.6455
v  5.1378 1.3216 -0.6196
v  4.9583 1.4524 -0.2903
v  4.9624 1.7439 -0.2555
v  5.0735 1.9162 -0.4085
v  5.1703 1.8939 -0.6081
v  4.3406 1.3756 -0.0588
v  4.3649 1.1531 -0.1053
v  5.4196 1.6308 -0.5246
v  5.3201 1.6349 -0.6460
v  5.1613 1.3124 -0.6769
v  4.9693 1.3843 -1.6827
v  5.1086 1.6278 -0.6680
v  5.1929 1.6395 -0.6234
v  5.2144 1.6313 -0.6570
v  1.9853 2.1988 -0.7256
v  1.9283 1.9133 -0.3144
v  2.9494 1.8255 -0.2797
v  2.9555 2.1585 -0.5781
v  3.2742 2.2200 -0.8914
v  3.1071 2.2256 -0.8942
v  3.1226 2.1561 -0.5770
v  3.2896 2.1537 -0.5760
v  3.2835 1.8137 -0.2791
v  3.1164 1.8196 -0.2794
v  3.1225 1.3739 -0.2450
v  3.2895 1.3737 -0.2430
v  3.2461 2.1082 -1.2468
v  3.0790 2.1138 -1.2471
v  3.1808 1.7461 -1.5646
v  3.0137 1.7562 -1.5597
v  3.1380 1.0103 -0.3817
v  3.3051 1.0189 -0.3840
v  2.9553 0.8529 -0.6909
v  2.9709 1.0017 -0.3794
v  2.9366 0.7888 -1.0052
v  2.9193 0.8530 -1.3712
v  3.0864 0.8684 -1.3732
v  3.0207 1.1952 -1.5913
v  3.1878 1.2030 -1.5949
v  3.2535 0.8838 -1.3751
v  3.2707 0.8196 -1.0022
v  3.2894 0.8748 -0.6876
v  2.0695 1.3657 -0.2124
v  2.0168 1.3596 -0.1566
v  1.9277 2.3040 -1.0403
v  1.8623 2.2032 -1.3900
v  2.9401 2.2311 -0.8970
v  2.9554 1.3741 -0.2469
v  2.9120 2.1193 -1.2473
v  2.8466 1.7663 -1.5548
v  3.1223 0.8638 -0.6892
v  3.1036 0.8042 -1.0037
v  2.8536 1.1874 -1.5878
v  0.2114 2.6793 1.0458
v  0.2114 4.4442 -1.6375
v  0.2114 3.8877 0.8830
v  0.2114 -1.1457 -4.9387
v  5.4611 1.7513 -0.4099
v  5.5722 1.4363 -1.3330
v  5.2772 1.6512 -0.5789
v  5.1758 1.3731 -0.5688
v  5.4830 1.7228 -1.4539
v  5.5317 1.5791 -1.4371
v  1.1344 2.7361 0.6425
v  0.9220 2.7260 0.7144
v  1.1050 2.7213 0.6090
v  0.6730 2.4349 0.7421
v  0.4579 2.4329 0.8067
v  0.9084 2.4391 0.6353
v  1.1279 2.4431 0.5099
v  1.2514 2.4971 0.4411
v  1.2283 2.6656 0.4931
v  1.2852 2.5832 0.4406
v  0.5545 2.7273 0.8740
v  0.4192 2.7172 0.8873
v  0.4193 2.7043 0.8560
v  0.5545 2.7133 0.8398
v  0.6622 2.7217 0.8201
v  0.2114 2.4305 0.8221
v  0.2114 2.7122 0.8995
v  0.2114 2.6998 0.8675
v  0.3782 3.5175 0.7270
v  0.4659 3.6076 0.7253
v  0.3556 3.3777 0.7351
v  0.6003 3.6314 0.7121
v  0.3871 3.2740 0.7288
v  0.7449 3.5739 0.6734
v  0.8183 3.4710 0.6619
v  0.8183 3.4710 0.6340
v  0.8357 3.3705 0.6539
v  0.8357 3.3705 0.6261
v  0.7850 3.2632 0.6712
v  0.7850 3.2632 0.6434
v  0.6998 3.2043 0.6732
v  0.5846 3.1855 0.7080
v  0.4732 3.2169 0.7249
v  0.5941 3.3911 0.5458
v  0.7520 3.1046 0.4317
v  1.1061 3.1681 0.3823
v  0.5457 2.3356 0.2886
v  1.0012 2.4320 0.1985
v  1.2565 2.6839 0.2041
v  0.2114 2.2757 0.3159
v  0.2114 2.9561 0.4592
v  0.2114 2.6511 -0.1677
v  0.4633 3.6409 0.7995
v  0.3437 3.5111 0.7963
v  0.6280 3.6853 0.7941
v  0.8604 3.4814 0.6450
v  0.8750 3.3752 0.6398
v  0.8388 3.2612 0.6627
v  0.2114 4.7163 -1.3504
v  0.2114 4.8502 -0.9486
v  0.2114 4.8583 -0.4458
v  0.2114 4.7676 0.1012
v  2.3145 -2.4121 -0.0234
v  2.0200 -2.5120 0.2639
v  0.6435 -2.7747 -0.4369
v  0.7267 -2.7661 0.0172
v  0.8595 -2.6419 -1.3773
v  0.1368 3.5243 0.8097
v  0.0854 3.6700 0.8460
v  -0.6607 4.3944 0.1936
v  -0.3283 4.5284 0.4836
v  -0.4551 4.7256 0.0748
v  -0.7518 4.5614 -0.1212
v  -0.0409 3.6298 0.7761
v  -0.0431 3.5958 0.7532
v  0.0446 3.5068 0.7549
v  0.0676 3.5132 0.7825
v  0.0673 3.3777 0.7629
v  0.0882 3.3743 0.7917
v  -0.3253 4.1332 0.7621
v  -0.4428 4.0804 0.7439
v  -0.4108 3.8686 0.7798
v  -0.2876 3.8714 0.8087
v  -0.4488 4.3111 0.5771
v  -0.0424 4.3781 0.7355
v  -0.0861 4.5550 0.5425
v  -0.7787 4.1982 0.3074
v  -0.7411 3.9942 0.4724
v  -0.5510 3.9723 0.6918
v  -0.6259 4.2333 0.4705
v  -0.7152 3.3995 0.5999
v  -0.6143 3.3912 0.6170
v  -0.6040 3.5288 0.6267
v  -0.7149 3.5727 0.6164
v  -1.0487 3.7477 0.2298
v  -1.1139 3.8184 0.0690
v  -1.2956 3.4938 0.0345
v  -1.0495 3.4649 0.2249
v  -1.0717 3.2275 0.4366
v  -0.8644 3.2667 0.5229
v  -0.8257 3.4224 0.4542
v  -1.3795 3.3406 0.1065
v  -1.2269 2.9300 0.5100
v  -1.0560 3.0535 0.5672
v  -0.8594 2.8493 0.6203
v  -0.8126 3.0200 0.6634
v  -1.0227 2.9223 0.5789
v  -1.0238 2.7270 0.5231
v  -0.3021 2.8635 0.8351
v  -0.4867 2.8634 0.7875
v  -0.2361 2.7629 0.8715
v  -0.4360 3.0218 0.7992
v  -0.2795 2.9512 0.8437
v  -1.1547 3.8910 -0.1108
v  -0.9162 4.1890 0.0281
v  -0.9749 4.3339 -0.1634
v  -1.1936 3.9927 -0.2997
v  -1.3330 3.5682 -0.1709
v  -1.3985 3.6507 -0.3880
v  -1.6614 3.3765 -0.4346
v  -1.5882 3.3554 -0.1388
v  -1.7088 2.6339 -0.1259
v  -1.6782 2.9214 0.1117
v  -1.7036 3.1199 -0.0974
v  -1.4955 2.7282 0.4349
v  -1.5130 2.4681 0.3389
v  -1.2607 2.4615 0.4605
v  -1.1717 2.7116 0.5623
v  -0.4835 4.7799 -0.4681
v  -0.7643 4.6337 -0.4451
v  -0.1666 4.7645 0.0858
v  -0.2055 4.8351 -0.4596
v  -1.0098 4.4082 -0.4508
v  -1.7933 2.7239 -0.4172
v  -1.7090 2.3865 -0.6012
v  -1.6474 2.3245 -0.2879
v  -0.1774 1.8292 0.4929
v  -0.0673 1.9552 0.6758
v  -0.3060 1.9673 0.6121
v  -0.7564 1.8707 0.3516
v  -0.5743 1.9916 0.5080
v  -0.8968 2.0292 0.3937
v  -1.1460 2.1579 0.3563
v  -1.0305 1.9208 0.0229
v  -1.4066 2.1989 0.1684
v  -1.2496 1.9723 -0.1619
v  -1.3905 2.0695 -0.3833
v  -1.7081 2.4464 -0.9033
v  -1.6625 2.5339 -1.0669
v  -1.3948 2.3018 -1.0185
v  -1.4473 2.2126 -0.7167
v  -1.7852 2.7892 -0.6286
v  -1.7659 2.8675 -1.0137
v  -1.4919 3.6323 -0.8683
v  -1.6480 3.4325 -0.9196
v  -1.2279 4.0755 -0.6121
v  -1.3835 3.7799 -0.8578
v  -1.5740 3.5979 -1.1566
v  -1.5489 3.5778 -1.4689
v  -1.5840 3.3588 -1.4248
v  -1.6756 3.4141 -1.1220
v  -1.5216 5.3342 -1.5860
v  -1.6498 5.1342 -1.6326
v  -1.6639 5.1353 -1.5253
v  -1.5106 5.3344 -1.4672
v  -1.7030 2.9293 -1.3761
v  -1.5666 2.6061 -1.3560
v  -1.2883 2.3258 -1.3218
v  -1.3470 5.3507 -1.5691
v  -1.3233 5.3548 -1.4660
v  -0.2030 4.8524 -0.9276
v  -0.4727 4.8111 -0.9151
v  -1.3400 2.6754 -1.6933
v  -1.1981 2.3647 -1.5741
v  -1.4597 2.8850 -1.7731
v  -1.6280 3.0271 -1.6614
v  -1.5448 2.9755 -1.8392
v  -1.0629 2.6792 -1.7144
v  -0.4390 2.6726 -1.8161
v  -0.4012 2.4223 -1.7568
v  -1.0077 2.4020 -1.6497
v  -0.8980 3.7524 -1.7002
v  -1.3977 3.4188 -1.6750
v  -1.4273 3.5979 -1.6808
v  -1.0022 3.9293 -1.6796
v  -1.5982 5.1270 -1.7354
v  -1.5440 5.2704 -1.7210
v  -0.4416 3.0947 -1.9023
v  -1.0822 2.9997 -1.8226
v  -0.5328 4.6613 -1.2484
v  -0.2060 4.6890 -1.2994
v  -0.2060 4.4113 -1.6122
v  -0.5158 4.1755 -1.5968
v  -0.2316 3.9793 -1.8468
v  -0.3936 3.5401 -1.9121
v  -0.2494 4.3567 0.6685
v  -0.8888 4.0641 0.2024
v  -1.4394 3.1360 0.3323
v  -0.2394 2.7365 0.8544
v  -0.2377 2.7497 0.8630
v  -0.4929 2.8024 0.7729
v  -0.4991 2.7414 0.7583
v  -0.0592 3.0978 1.0110
v  -0.1603 2.9967 0.9839
v  -0.0802 2.9285 1.1242
v  0.0104 3.0636 1.1287
v  0.0650 2.8629 1.1732
v  0.0813 2.9651 1.1871
v  0.1254 3.1632 1.1969
v  0.1014 3.1898 1.1182
v  0.0413 3.1365 1.1262
v  0.0852 3.1049 1.2373
v  -0.0014 3.1994 0.8998
v  -0.1129 3.1189 0.8773
v  0.0111 3.1582 1.0384
v  0.1105 3.2740 0.9241
v  0.0924 3.2026 1.0638
v  0.1098 3.0356 1.2499
v  -0.2094 2.8935 0.9598
v  -0.1214 2.8118 1.0681
v  -0.2139 3.0537 0.8614
v  -0.7076 4.3269 -1.4849
v  -1.3520 5.3391 -1.6505
v  0.0906 3.5090 0.8101
v  0.1092 3.3710 0.8204
v  0.1535 3.3660 0.8501
v  0.0468 3.2649 0.8055
v  -0.7301 3.7492 0.5995
v  -0.5656 3.6584 0.6768
v  -0.7424 3.2677 0.6189
v  -0.6234 3.2592 0.6392
v  -0.7769 3.1644 0.6707
v  -0.6349 3.1723 0.7081
v  -0.6489 3.0473 0.7234
v  -0.6833 2.8870 0.6905
v  0.0075 4.1027 0.8502
v  -0.0401 3.6520 0.8230
v  -0.1775 3.6314 0.7399
v  -0.1964 3.6673 0.7840
v  -0.3221 3.5739 0.7013
v  -0.3654 3.5974 0.6943
v  -0.4088 3.6209 0.6873
v  -0.4796 3.4919 0.6281
v  -0.4586 3.4867 0.6365
v  -0.3871 3.6091 0.6908
v  -0.4915 3.3799 0.6256
v  -0.4718 3.3776 0.6327
v  -0.4699 3.2591 0.6542
v  -0.4430 3.2602 0.6584
v  -0.3295 3.1507 0.7628
v  -0.3164 3.1641 0.7477
v  -0.2770 3.2043 0.7009
v  -0.3033 3.1775 0.7327
v  -0.1626 3.1676 0.7627
v  -0.1618 3.1855 0.7344
v  -0.1635 3.1498 0.7903
v  -0.0385 3.2052 0.8052
v  -0.0414 3.2081 0.7921
v  -0.1631 3.1587 0.7765
v  0.0987 3.3727 0.8060
v  0.0441 3.2671 0.7933
v  0.0427 2.7491 1.1241
v  -0.2375 2.7896 0.8918
v  -0.1506 2.7217 0.9751
v  0.0357 3.2740 0.7566
v  -0.0504 3.2169 0.7527
v  -0.0444 3.2111 0.7790
v  0.0413 3.2694 0.7811
v  0.0237 2.6823 1.0207
v  -0.1590 4.1396 0.8154
v  -0.1374 3.8742 0.8399
v  -0.0024 3.8757 0.8615
v  -0.2083 3.7766 0.7914
v  -0.4008 3.7646 0.7550
v  -0.1237 2.7149 0.9137
v  -0.0471 3.7519 0.8270
v  -0.2139 3.7033 0.8041
v  -0.0718 2.1809 0.8001
v  -0.0536 2.2982 0.8227
v  -0.2761 2.3025 0.7628
v  -0.3018 2.1872 0.7444
v  -0.2504 2.4178 0.7812
v  -0.4856 2.4224 0.6767
v  -0.5042 2.3114 0.6671
v  -0.5227 2.2003 0.6575
v  -0.7833 2.3216 0.5161
v  -0.8322 2.2162 0.4877
v  -1.0983 2.4935 0.4818
v  -0.9940 2.5381 0.4785
v  -0.9293 2.7006 0.5254
v  -0.8581 2.4870 0.4756
v  -0.9460 2.3930 0.4480
v  -0.7345 2.4269 0.5444
v  0.0098 2.6958 0.9344
v  0.0067 2.7065 0.9109
v  -0.1277 2.7211 0.8939
v  -0.6974 2.8116 0.6665
v  -0.8349 2.6742 0.5277
v  -0.8471 2.7618 0.5740
v  -0.5873 3.7771 0.6944
v  -0.8896 2.5827 0.4751
v  -0.0354 2.4156 0.8454
v  -0.9063 3.1390 0.5906
v  -0.8208 3.6300 0.4045
v  -0.8350 3.9177 0.3479
v  -1.0339 2.2991 0.4204
v  -1.6797 2.5915 -0.0070
v  -1.5675 2.2727 -0.0998
v  -1.2706 1.9868 -0.1948
v  -1.7111 3.1162 -0.1554
v  -1.7178 3.0625 -0.1897
v  -1.7542 3.0946 -0.4881
v  -1.7412 3.1608 -0.9784
v  -1.7167 3.1799 -1.3886
v  -1.6067 3.1649 -1.6201
v  -1.0815 3.3436 -1.8223
v  -1.2803 3.0450 -1.9020
v  -1.5187 3.2199 -2.0453
v  -1.5100 3.2743 -2.0033
v  -1.3483 3.2674 -1.8666
v  -1.4585 3.3104 -1.7428
v  -1.6898 3.1587 -0.1542
v  -0.7314 5.0266 -0.8474
v  -0.9616 4.9507 -0.7161
v  -1.2518 4.8273 -0.7207
v  -1.3774 4.5345 -0.8298
v  -1.5679 4.2242 -0.9711
v  -1.6919 3.9452 -1.2140
v  -1.6207 3.9059 -1.4494
v  -1.5090 3.8835 -1.7271
v  -1.1233 4.1758 -1.8020
v  -0.8740 4.5126 -1.6527
v  -0.6897 4.8558 -1.3789
v  -0.6978 5.0273 -1.1262
v  -1.1009 5.1124 -0.9505
v  -0.9027 5.1682 -1.0550
v  -1.0376 5.2467 -1.2456
v  -1.2008 5.1986 -1.1886
v  -1.3680 4.9834 -0.9859
v  -1.4268 5.0873 -1.2288
v  -1.6541 4.8201 -1.2992
v  -1.4600 4.7467 -1.0665
v  -1.6116 4.5398 -1.1631
v  -1.7397 4.2613 -1.5253
v  -1.7360 4.2921 -1.3040
v  -1.7332 4.6273 -1.4381
v  -1.6829 4.6286 -1.6053
v  -1.5591 4.2564 -1.7795
v  -1.5909 4.5865 -1.7657
v  -1.2929 4.5170 -1.8231
v  -1.4272 4.8373 -1.8151
v  -1.0812 4.7726 -1.7506
v  -1.2750 5.0008 -1.8031
v  -1.0762 5.1712 -1.6212
v  -0.9061 5.0448 -1.5246
v  -1.0573 5.2311 -1.4639
v  -0.8733 5.1524 -1.2900
v  -0.5118 -1.2787 -4.7395
v  -0.8693 -1.6116 -4.1646
v  -0.6003 -0.8690 -3.8296
v  -0.4752 -2.2673 -4.4623
v  -1.0959 1.7703 0.0883
v  -0.7869 1.7180 0.4429
v  -1.5179 1.3639 0.0266
v  -1.3170 1.3320 0.2943
v  -1.3060 1.8265 -0.1294
v  -0.8819 1.2718 0.6859
v  -0.3875 1.2173 0.9825
v  -0.2361 1.6700 0.6662
v  -1.5142 2.2196 -0.7249
v  -1.4151 1.9262 -0.2647
v  -1.3232 2.1989 -1.3453
v  -1.4314 2.3192 -1.0359
v  -0.9655 2.1500 -1.6176
v  -1.1585 2.1717 -1.5294
v  -0.3686 2.1750 -1.7475
v  -0.3408 1.8331 -1.8019
v  -0.5621 0.2314 1.2748
v  -0.4735 0.7515 1.1699
v  -1.0353 0.8230 0.8459
v  -1.4686 0.9098 0.4029
v  -1.6491 0.4390 0.5101
v  -1.1786 0.3200 1.0006
v  -1.6610 0.9436 0.0702
v  -0.6810 -0.5716 1.3612
v  -1.3089 -0.3347 1.0462
v  -1.8044 -0.0761 0.5499
v  -1.9420 0.0780 0.1147
v  -1.8315 0.4727 0.1155
v  -1.9145 0.4948 -0.3196
v  -2.0314 0.1504 -0.3410
v  -1.8474 0.4649 -0.8847
v  -1.9803 0.1173 -0.9297
v  -1.7584 0.9171 -0.2699
v  -1.7753 0.9772 -0.3113
v  -1.7177 0.8288 -0.6386
v  -1.7521 0.6374 -0.8506
v  -1.6239 0.6494 -1.4863
v  -1.7154 0.7386 -1.0140
v  -1.7011 0.7852 -1.4309
v  -1.6412 0.4184 -1.4767
v  -1.7390 -0.0547 -1.4725
v  -1.1308 0.1383 -2.0223
v  -1.1587 -0.4800 -2.1462
v  -1.4428 1.2472 -1.6736
v  -1.0308 1.3046 -1.7709
v  -1.0829 0.7472 -1.8842
v  -1.5738 1.2195 -1.6531
v  -0.3669 1.3096 -1.9366
v  -0.3892 0.7546 -2.1004
v  -0.3910 -0.0207 -2.2688
v  -0.3746 -0.7915 -2.3922
v  -0.9965 1.8035 -1.6612
v  -1.3519 1.8450 -1.6250
v  -1.5020 1.8492 -1.6050
v  -0.6944 -1.3636 1.2633
v  -1.2826 -1.0559 1.0674
v  -1.8481 -0.6609 0.5330
v  -2.0927 -0.3820 0.0361
v  -2.1098 -0.2242 -0.4131
v  -2.0150 -0.2872 -0.9927
v  -1.7775 -0.5090 -1.5454
v  -1.1736 -1.1598 -2.1094
v  -0.6225 -1.5432 -2.1477
v  -0.4387 -0.9354 -2.7656
v  -0.7033 -1.6808 -2.6247
v  -0.6592 -1.9595 0.8605
v  -1.1817 -1.6446 0.7690
v  -1.8090 -1.1069 0.4867
v  -2.1222 -0.6418 -0.4419
v  -2.1358 -0.8183 0.0653
v  -2.0074 -0.6514 -1.0104
v  -1.7600 -0.9326 -1.5209
v  -1.1531 -1.5984 -1.9159
v  -0.3403 -2.0532 -1.9568
v  -0.4932 -2.4864 -3.8742
v  -0.8264 -1.7414 -3.7051
v  -0.4677 -2.2404 -1.8170
v  -1.0984 -1.8420 -1.7389
v  -1.6972 -1.2411 -1.4570
v  -1.9742 -1.0234 -1.0288
v  -2.1118 -1.0182 -0.4667
v  -2.1180 -1.1370 0.0962
v  -1.7045 -1.4566 0.3931
v  -1.1468 -1.9396 0.5307
v  -0.6522 -2.2479 0.4835
v  -0.3712 -2.4025 -1.4964
v  -0.1214 -2.5123 -1.0713
v  -1.4117 -3.4726 0.1464
v  -1.1392 -3.4736 0.2420
v  -1.1377 -3.3694 0.3216
v  -1.4333 -3.3685 0.2262
v  -0.6840 -3.4762 0.0241
v  -0.6343 -3.3727 0.0821
v  -0.8326 -3.3699 0.2748
v  -0.8598 -3.4743 0.1980
v  -0.5937 -3.4774 -0.5173
v  -0.4100 -3.1277 -0.4964
v  -0.4853 -3.1190 -0.1775
v  -0.5847 -3.2266 0.0347
v  -0.7215 -3.4757 -0.9417
v  -0.5969 -3.1127 -1.0929
v  -0.4386 -3.1153 -0.8632
v  -0.6180 -3.4759 -0.7876
v  -1.6986 -3.1127 -0.9712
v  -1.5020 -3.4747 -0.8570
v  -1.5657 -3.4743 -0.6631
v  -1.7474 -3.1127 -0.6167
v  -1.5850 -3.3691 -0.0082
v  -1.5423 -3.4734 -0.0785
v  -0.6942 -2.2755 -1.6913
v  -1.1082 -1.9681 -1.7115
v  -1.6838 -1.4330 -1.4280
v  -0.1996 -2.5637 0.1291
v  -0.1234 -2.6187 -0.4064
v  -1.1427 -2.0992 0.5222
v  -0.6673 -2.3824 0.4580
v  -1.6522 -1.6525 0.3812
v  -2.0935 -1.3345 0.0702
v  -2.0976 -1.2133 -0.4593
v  -0.2308 -2.6246 0.0956
v  -0.1325 -2.6332 -0.4092
v  -0.6826 -2.5694 0.3765
v  -1.1408 -2.4834 0.4248
v  -0.1804 -2.6400 -1.0326
v  -0.4171 -2.5711 -1.4129
v  -0.7174 -2.4621 -1.6042
v  -1.1121 -2.3801 -1.5896
v  -1.6046 -2.2839 -1.3538
v  -1.8324 -2.2345 -1.0180
v  -1.9341 -1.2096 -1.0377
v  -1.9602 -2.2344 -0.5049
v  -1.9176 -2.2706 -0.0075
v  -1.6080 -2.3705 0.2878
v  -1.9047 -2.3414 -0.0152
v  -1.6027 -2.4412 0.2762
v  -1.9383 -2.3759 -0.5131
v  -1.8167 -2.3760 -1.0145
v  -1.5970 -2.3546 -1.3465
v  -1.8246 -2.3052 -1.0163
v  -0.7264 -2.5328 -1.5706
v  -1.1128 -2.4508 -1.5674
v  -0.1766 -2.7040 -0.4231
v  -0.2134 -2.7108 -1.0109
v  -0.2673 -2.6953 0.0565
v  -0.6887 -2.6402 0.3447
v  -1.1333 -3.1133 0.1267
v  -0.7510 -3.1134 0.0718
v  -0.6949 -2.7109 0.3127
v  -1.1391 -2.6249 0.3831
v  -1.1400 -2.5542 0.4043
v  -1.9493 -2.3051 -0.5089
v  -1.4575 -3.1127 -1.2011
v  -1.5893 -2.4253 -1.3390
v  -1.1136 -2.5216 -1.5449
v  -1.0973 -3.1127 -1.2959
v  -0.8195 -3.1127 -1.2412
v  -0.7355 -2.6036 -1.5367
v  -0.4564 -2.7126 -1.3416
v  -0.2466 -2.7815 -0.9891
v  -1.7130 -3.1127 -0.2309
v  -1.6277 -3.2221 -0.0433
v  -1.1363 -3.2225 0.2958
v  -0.8054 -3.2229 0.2463
v  -1.1141 -3.4760 -1.0714
v  -1.3781 -3.4752 -0.9814
v  -0.9030 -3.4758 -1.0453
v  -1.0806 -3.4903 -0.5854
v  -0.5028 -1.0411 -3.1202
v  -0.5669 -0.9978 -3.5287
v  -0.7757 -1.7856 -3.1380
v  -0.4574 -2.6201 -3.1784
v  -0.3659 -2.4768 -2.4453
v  -1.4983 -3.1127 0.0318
v  -1.4550 -3.2217 0.2005
v  -4.4935 1.7634 -0.2761
v  -4.4971 1.4428 -0.3026
v  -4.3840 1.4650 -0.3071
v  -4.1877 1.7466 -0.2448
v  -3.5803 1.1225 -0.4186
v  -4.1011 1.1096 -0.6615
v  -3.5797 1.0045 -0.6854
v  -4.8241 1.9289 -1.2529
v  -4.6501 1.7027 -1.6561
v  -5.0637 1.7141 -1.6275
v  -4.9553 1.6125 -1.7518
v  -4.8888 1.9288 -0.8169
v  -5.1426 1.7282 -1.0162
v  -5.2258 1.7315 -1.1717
v  -5.2130 1.7271 -1.3671
v  -4.7132 1.8932 -0.3631
v  -4.8010 1.8280 -0.5506
v  -4.9304 1.7977 -0.4950
v  -4.8634 1.8552 -0.2762
v  -5.2209 1.7322 -0.7268
v  -5.2099 1.7302 -0.8926
v  -5.0361 1.4395 -0.6624
v  -5.1558 1.4269 -0.7194
v  -4.7999 1.3547 -0.6833
v  -4.7156 1.3337 -1.3934
v  -4.7922 1.3343 -1.0106
v  -5.0196 1.4354 -1.4330
v  -5.1669 1.4372 -1.1634
v  -5.0816 1.4312 -1.0314
v  -5.1540 1.4291 -0.8962
v  -4.9862 1.4260 -1.6917
v  -5.0540 1.4336 -1.5985
v  -4.8053 1.4687 -0.1427
v  -4.8585 1.5718 -0.0737
v  -5.0389 1.6137 -0.1666
v  -4.9143 1.3831 -0.2542
v  -5.1040 1.6021 -0.4346
v  -5.0148 1.4528 -0.4206
v  -4.9381 1.5016 -1.7248
v  -5.1210 1.5738 -1.5847
v  -5.2546 1.5817 -1.3527
v  -5.2636 1.5843 -1.1681
v  -5.1773 1.5797 -1.0182
v  -5.2521 1.5796 -0.6937
v  -5.2428 1.5796 -0.8770
v  -5.0928 1.5887 -0.5897
v  -4.1833 1.2438 0.1448
v  -4.3072 1.3269 0.0989
v  -4.2405 1.1281 0.0963
v  -4.2290 1.3255 0.1344
v  -4.3415 1.1299 0.0470
v  -4.3736 1.2379 0.0454
v  -3.6349 2.0237 -1.2316
v  -3.6702 2.1355 -0.8791
v  -3.4448 2.1506 -0.8864
v  -3.4145 2.0418 -1.2461
v  -3.5939 1.6834 -1.5845
v  -3.3690 1.6815 -1.5840
v  -4.0473 2.0013 -1.2315
v  -4.0765 2.0859 -0.8706
v  -3.9929 1.6698 -1.6063
v  -3.6902 2.0909 -0.5848
v  -4.0999 2.0471 -0.5554
v  -4.5853 1.9630 -1.2087
v  -4.6481 2.0125 -0.8299
v  -4.4664 1.6901 -1.6350
v  -4.1555 1.8365 -0.3085
v  -3.7021 1.7909 -0.2917
v  -4.5882 1.9393 -0.4540
v  -3.6356 1.4357 -0.2490
v  -3.4272 1.3987 -0.2594
v  -3.4498 1.7720 -0.3029
v  -3.9196 1.6417 -0.1410
v  -3.8231 1.3930 -0.1335
v  -3.3709 1.0868 -0.4162
v  -3.8204 1.1540 -0.2207
v  -4.1304 1.4293 0.0622
v  -4.0398 1.2929 0.0647
v  -3.9796 1.3338 0.0021
v  -4.0712 1.4937 -0.0159
v  -4.0518 1.1349 0.0226
v  -3.9979 1.1435 -0.0423
v  -4.2438 1.5644 -0.1138
v  -4.0101 1.5591 -0.0919
v  -4.3765 1.3755 -0.1660
v  -3.5667 1.2526 -1.6079
v  -3.3378 1.2486 -1.6051
v  -3.9664 1.2740 -1.6143
v  -4.4625 1.3253 -1.6689
v  -3.5555 1.0029 -1.3787
v  -3.3037 0.9685 -1.3815
v  -4.0636 1.1210 -1.4093
v  -3.3019 0.9041 -1.0022
v  -3.5666 0.9550 -0.9846
v  -4.0733 1.0756 -0.9975
v  -4.1189 1.0956 -0.3572
v  -4.2027 1.0405 -0.0669
v  -4.1399 1.0575 -0.1822
v  -4.2715 1.2007 -0.3591
v  -4.6770 1.2701 -0.6705
v  -4.3370 1.1147 -0.0989
v  -4.3186 1.1355 -0.2120
v  -4.6258 1.2188 -1.0084
v  -4.5089 1.2158 -1.4316
v  -4.2956 1.4619 0.0076
v  -4.4053 1.3098 -0.0684
v  -4.6122 1.2747 -1.4125
v  -4.7090 1.2766 -1.0095
v  -4.5857 1.7244 -0.2348
v  -4.6940 1.7211 -0.1554
v  -4.6736 1.4507 -0.1938
v  -4.5739 1.4619 -0.2781
v  -4.6306 1.4432 -1.6966
v  -5.0062 1.8012 -0.2053
v  -4.8300 1.6907 -0.1171
v  -3.4472 2.1033 -0.5885
v  -3.3223 0.9378 -0.6951
v  -5.0616 1.7379 -0.6249
v  -4.8777 1.8905 -0.6803
v  -4.6940 1.9599 -0.6656
v  -4.8904 1.3923 -0.5111
v  -4.7844 1.3592 -0.3371
v  -4.7685 1.9706 -0.8234
v  -4.7859 1.9252 -0.6729
v  -4.7047 1.9460 -1.2308
v  -4.5583 1.6964 -1.6456
v  -4.7150 1.3216 -0.6196
v  -4.5355 1.4524 -0.2903
v  -4.5396 1.7439 -0.2555
v  -4.6507 1.9162 -0.4085
v  -4.7475 1.8939 -0.6081
v  -3.9178 1.3756 -0.0588
v  -3.9421 1.1531 -0.1053
v  -4.9968 1.6308 -0.5246
v  -4.8973 1.6349 -0.6460
v  -4.7385 1.3124 -0.6769
v  -4.5465 1.3843 -1.6827
v  -4.6858 1.6278 -0.6680
v  -4.7701 1.6395 -0.6235
v  -4.7915 1.6313 -0.6570
v  -1.5625 2.1988 -0.7256
v  -2.5327 2.1585 -0.5781
v  -2.5266 1.8255 -0.2797
v  -1.5055 1.9133 -0.3144
v  -2.8514 2.2200 -0.8915
v  -2.8668 2.1537 -0.5760
v  -2.6998 2.1561 -0.5770
v  -2.6843 2.2256 -0.8942
v  -2.8607 1.8137 -0.2791
v  -2.8667 1.3737 -0.2430
v  -2.6996 1.3739 -0.2450
v  -2.6936 1.8196 -0.2794
v  -2.8233 2.1082 -1.2468
v  -2.6562 2.1138 -1.2471
v  -2.7579 1.7461 -1.5646
v  -2.5909 1.7562 -1.5597
v  -2.8822 1.0189 -0.3841
v  -2.7152 1.0103 -0.3817
v  -2.5481 1.0017 -0.3794
v  -2.5325 0.8529 -0.6909
v  -2.5138 0.7888 -1.0052
v  -2.4965 0.8530 -1.3712
v  -2.6636 0.8684 -1.3732
v  -2.8306 0.8838 -1.3751
v  -2.7649 1.2030 -1.5949
v  -2.5979 1.1952 -1.5913
v  -2.8479 0.8196 -1.0022
v  -2.8666 0.8748 -0.6876
v  -1.5940 1.3596 -0.1566
v  -1.6467 1.3657 -0.2124
v  -1.5049 2.3040 -1.0403
v  -1.4395 2.2032 -1.3900
v  -2.5173 2.2311 -0.8970
v  -2.5326 1.3741 -0.2469
v  -2.4891 2.1193 -1.2473
v  -2.4238 1.7663 -1.5548
v  -2.6995 0.8638 -0.6892
v  -2.6808 0.8042 -1.0037
v  -2.4308 1.1874 -1.5878
v  -5.0383 1.7513 -0.4099
v  -5.1494 1.4363 -1.3330
v  -4.8544 1.6512 -0.5789
v  -4.7529 1.3731 -0.5688
v  -5.1089 1.5791 -1.4371
v  -5.0602 1.7228 -1.4539
v  -0.7115 2.7361 0.6425
v  -0.6822 2.7213 0.6090
v  -0.4992 2.7260 0.7144
v  -0.0351 2.4329 0.8067
v  -0.2502 2.4349 0.7421
v  -0.4856 2.4391 0.6353
v  -0.7051 2.4431 0.5099
v  -0.8286 2.4971 0.4411
v  -0.8055 2.6656 0.4931
v  -0.8624 2.5832 0.4406
v  -0.1317 2.7273 0.8740
v  -0.1317 2.7133 0.8398
v  0.0035 2.7043 0.8560
v  0.0037 2.7172 0.8873
v  -0.2394 2.7217 0.8201
v  -0.0431 3.6076 0.7253
v  0.0446 3.5175 0.7270
v  0.0673 3.3777 0.7351
v  -0.1775 3.6314 0.7121
v  0.0357 3.2740 0.7288
v  -0.3221 3.5739 0.6734
v  -0.3955 3.4710 0.6619
v  -0.3955 3.4710 0.6340
v  -0.4129 3.3705 0.6539
v  -0.4129 3.3705 0.6261
v  -0.3621 3.2632 0.6712
v  -0.3621 3.2632 0.6434
v  -0.2770 3.2043 0.6732
v  -0.1618 3.1855 0.7080
v  -0.0504 3.2169 0.7249
v  -0.1712 3.3911 0.5458
v  -0.6833 3.1681 0.3823
v  -0.3292 3.1046 0.4317
v  -0.1229 2.3356 0.2886
v  -0.5784 2.4320 0.1985
v  -0.8337 2.6839 0.2041
v  -0.0405 3.6409 0.7995
v  0.0791 3.5111 0.7963
v  -0.2052 3.6853 0.7941
v  -0.4376 3.4814 0.6450
v  -0.4522 3.3752 0.6398
v  -0.4160 3.2612 0.6627
v  -1.5971 -2.5120 0.2639
v  -1.8917 -2.4121 -0.0234
v  -0.2206 -2.7747 -0.4369
v  -0.3039 -2.7661 0.0172
v  -0.4367 -2.6419 -1.3773
# 2396 vertices

vn 0.1701 0.0000 0.9854
vn 0.1442 0.5247 0.8390
vn -0.1174 0.4635 0.8783
vn -0.3090 0.2685 0.9124
vn -0.3794 0.0000 0.9252
vn -0.3090 -0.2685 0.9124
vn -0.1129 -0.4638 0.8787
vn 0.1458 -0.5374 0.8306
vn 0.4018 -0.4635 0.7898
vn 0.5964 -0.2684 0.7565
vn 0.6675 0.0000 0.7446
vn 0.5964 0.2684 0.7565
vn 0.4053 0.4640 0.7877
vn -0.3507 0.7579 0.5501
vn 0.0822 0.8763 0.4747
vn -0.6316 0.4632 0.6217
vn -0.7236 -0.0366 0.6893
vn -0.6649 -0.4393 0.6041
vn -0.3497 -0.7582 0.5503
vn 0.0822 -0.8763 0.4747
vn 0.5141 -0.7578 0.4018
vn 0.8290 -0.4393 0.3462
vn 0.9451 0.0000 0.3267
vn 0.8290 0.4393 0.3462
vn 0.5147 0.7575 0.4017
vn -0.4700 0.8567 0.2126
vn 0.0222 0.9917 0.1270
vn -0.7659 0.5863 0.2641
vn -0.9559 -0.0366 0.2914
vn -0.7795 -0.5609 0.2789
vn -0.4700 -0.8567 0.2126
vn 0.0222 -0.9917 0.1270
vn 0.5141 -0.8568 0.0413
vn 0.8656 -0.5003 -0.0198
vn 0.9991 0.0000 -0.0427
vn 0.8656 0.5003 -0.0198
vn 0.5141 0.8568 0.0413
vn 0.0000 1.0000 -0.0000
vn -0.4922 0.8663 0.0854
vn -0.8028 0.5857 0.1113
vn -0.9989 -0.0366 0.0290
vn -0.8155 -0.5611 0.1418
vn -0.4922 -0.8663 0.0854
vn 0.0000 -1.0000 -0.0000
vn 0.4925 -0.8661 -0.0854
vn 0.8530 -0.5005 -0.1480
vn 0.9853 0.0000 -0.1710
vn 0.8530 0.5005 -0.1480
vn 0.4925 0.8661 -0.0854
vn 0.8826 -0.2443 0.4016
vn 0.8827 -0.2199 0.4154
vn 0.0457 -0.9862 0.1590
vn 0.1134 -0.9929 0.0352
vn 0.5715 0.8191 0.0489
vn 0.6199 0.7818 -0.0672
vn -0.4845 0.6826 -0.5470
vn -0.4129 0.6606 -0.6270
vn -0.7271 -0.4644 -0.5056
vn -0.7703 -0.4524 -0.4494
vn 0.9318 -0.2200 0.2887
vn 0.2904 -0.9170 -0.2736
vn 0.4231 0.8401 0.3394
vn -0.6658 0.6841 -0.2978
vn -0.6375 -0.4393 -0.6329
vn 0.9833 -0.0733 0.1664
vn 0.4456 -0.6715 -0.5921
vn 0.2806 0.7808 0.5582
vn -0.7696 0.6353 -0.0641
vn -0.5800 -0.2808 -0.7647
vn 0.2660 0.7337 -0.6252
vn 0.7990 -0.0488 0.5993
vn 0.7871 -0.0244 0.6163
vn 0.2881 -0.9072 0.3065
vn 0.2930 -0.9522 0.0870
vn 0.3814 0.9155 0.1282
vn 0.5651 0.8186 0.1023
vn -0.4709 0.5504 -0.6895
vn -0.3568 0.6221 -0.6969
vn -0.4791 -0.5981 -0.6424
vn -0.5621 -0.6110 -0.5575
vn 0.8838 0.0000 0.4678
vn 0.5534 -0.8194 -0.1498
vn 0.2083 0.9069 0.3661
vn -0.7117 0.5376 -0.4521
vn -0.3566 -0.5851 -0.7284
vn 0.9179 0.1708 0.3583
vn 0.6956 -0.5613 -0.4485
vn -0.0549 0.8292 0.5563
vn -0.8877 0.3905 -0.2440
vn -0.3353 -0.4389 -0.8336
vn 0.2346 0.7921 -0.5636
vn 0.8798 -0.2444 0.4078
vn 0.8792 -0.2076 0.4289
vn 0.0396 -0.9861 0.1613
vn 0.1134 -0.9928 0.0383
vn 0.5714 0.8189 0.0535
vn 0.6065 0.7924 -0.0655
vn -0.4814 0.6825 -0.5500
vn -0.4154 0.6598 -0.6262
vn -0.7232 -0.4760 -0.5004
vn -0.7692 -0.4639 -0.4395
vn -0.6655 0.6838 -0.2992
vn -0.5807 -0.2812 -0.7640
vn 0.2657 0.7330 -0.6261
vn 0.8234 -0.0732 0.5627
vn 0.8292 0.1341 0.5426
vn 0.2368 -0.8988 0.3689
vn 0.3248 -0.9438 0.0613
vn 0.3499 0.9249 0.1491
vn 0.5159 0.8547 -0.0580
vn -0.5593 0.5013 -0.6602
vn -0.2741 0.6457 -0.7127
vn -0.4905 -0.6459 -0.5850
vn -0.6506 -0.5498 -0.5238
vn 0.9006 0.0488 0.4320
vn 0.6174 -0.7335 -0.2842
vn 0.0701 0.8534 0.5166
vn -0.8237 0.4759 -0.3081
vn -0.3574 -0.5131 -0.7804
vn 0.9103 0.1833 0.3711
vn 0.6987 -0.4638 -0.5447
vn -0.1251 0.6954 0.7076
vn -0.9331 0.3415 -0.1128
vn -0.3818 -0.3543 -0.8537
vn 0.1683 0.8691 -0.4651
vn 0.9524 0.2564 0.1648
vn 0.9441 0.2689 0.1910
vn 0.5957 -0.7820 -0.1833
vn 0.6188 -0.7194 -0.3155
vn 0.0364 0.9716 0.2338
vn 0.0521 0.9929 0.1073
vn -0.9088 0.3538 -0.2211
vn -0.8532 0.4144 -0.3169
vn -0.4920 -0.6846 -0.5379
vn -0.5289 -0.6848 -0.5014
vn 0.9424 0.3294 0.0579
vn 0.6221 -0.5002 -0.6023
vn 0.0061 0.8452 0.5344
vn -0.9797 0.1953 0.0443
vn -0.4796 -0.5987 -0.6415
vn 0.8659 0.5001 -0.0091
vn 0.5191 -0.1588 -0.8398
vn -0.0122 0.6726 0.7399
vn -0.9646 0.0611 0.2564
vn -0.5485 -0.4266 -0.7191
vn -0.3657 0.8533 -0.3718
vn 0.8542 0.2441 0.4591
vn 0.8329 0.2563 0.4905
vn 0.6115 -0.7910 0.0183
vn 0.6846 -0.7213 -0.1054
vn -0.0337 0.9689 0.2453
vn 0.0061 0.9897 0.1428
vn -0.8213 0.3297 -0.4656
vn -0.7545 0.4032 -0.5178
vn -0.3145 -0.6841 -0.6581
vn -0.3664 -0.6595 -0.6564
vn 0.8763 0.3298 0.3511
vn 0.7872 -0.4882 -0.3768
vn -0.1616 0.8416 0.5153
vn -0.9455 0.1952 -0.2608
vn -0.2474 -0.5986 -0.7619
vn 0.8270 0.5004 0.2563
vn 0.7633 -0.1343 -0.6320
vn -0.2596 0.6596 0.7054
vn -0.9971 0.0244 -0.0717
vn -0.2868 -0.4272 -0.8575
vn -0.2381 0.8548 -0.4610
vn 0.9531 0.2933 0.0748
vn 0.9398 0.3173 0.1266
vn 0.6206 -0.7827 0.0474
vn 0.6250 -0.7682 -0.1387
vn 0.0486 0.9962 -0.0729
vn 0.0061 0.9861 -0.1659
vn -0.9174 0.2560 -0.3048
vn -0.9135 0.2444 -0.3254
vn -0.5066 -0.7935 -0.3372
vn -0.5067 -0.8303 -0.2320
vn 0.9426 0.3294 -0.0549
vn 0.6134 -0.6347 -0.4700
vn 0.0214 0.9662 0.2568
vn -0.9716 0.2322 -0.0458
vn -0.4811 -0.7308 -0.4842
vn 0.8892 0.4400 -0.1253
vn 0.5223 -0.4032 -0.7514
vn 0.0152 0.8282 0.5602
vn -0.9544 0.1098 0.2775
vn -0.5551 -0.6222 -0.5520
vn -0.3623 0.7308 -0.5785
vn 0.8634 0.4638 0.1985
vn 0.8977 0.4031 0.1779
vn 0.6965 -0.5987 0.3956
vn 0.6801 -0.6710 0.2953
vn -0.0366 0.9139 -0.4044
vn 0.1459 0.8999 -0.4110
vn -0.7717 0.0122 -0.6359
vn -0.7658 0.0732 -0.6388
vn -0.2967 -0.9297 -0.2181
vn -0.3099 -0.9479 -0.0738
vn 0.7175 0.6472 0.2576
vn 0.8484 -0.4761 0.2315
vn -0.3346 0.9124 -0.2357
vn -0.8114 -0.1830 -0.5551
vn -0.0244 -0.9642 -0.2639
vn 0.6323 0.6842 0.3635
vn 0.9205 -0.3902 0.0198
vn -0.5167 0.8561 -0.0099
vn -0.8267 -0.1708 -0.5361
vn 0.0459 -0.8693 -0.4921
vn 0.2747 0.5005 -0.8210
vn 0.8916 0.3175 0.3229
vn 0.9250 0.2687 0.2687
vn 0.7232 -0.6835 -0.0992
vn 0.7066 -0.6730 -0.2187
vn -0.0734 0.9781 0.1949
vn 0.1164 0.9803 0.1593
vn -0.8482 0.3173 -0.4241
vn -0.8399 0.3787 -0.3887
vn -0.3389 -0.6595 -0.6710
vn -0.3410 -0.7550 -0.5601
vn 0.7478 0.4395 0.4975
vn 0.8685 -0.4632 -0.1767
vn -0.3497 0.8635 0.3634
vn -0.8810 0.1097 -0.4603
vn -0.0732 -0.6465 -0.7594
vn 0.6928 0.4028 0.5982
vn 0.9053 -0.2683 -0.3292
vn -0.4876 0.6705 0.5592
vn -0.8962 0.1097 -0.4298
vn -0.0336 -0.4273 -0.9035
vn 0.1433 0.9022 -0.4069
vn 0.7202 0.3662 0.5893
vn 0.6934 0.3910 0.6053
vn 0.5007 -0.7450 0.4408
vn 0.6083 -0.7214 0.3309
vn 0.0091 0.9957 -0.0918
vn 0.0981 0.9814 -0.1650
vn -0.6106 0.1710 -0.7732
vn -0.5186 0.2319 -0.8230
vn -0.1929 -0.8575 -0.4770
vn -0.2259 -0.8548 -0.4671
vn 0.7841 0.4027 0.4722
vn 0.7908 -0.6106 0.0420
vn -0.1932 0.9691 0.1533
vn -0.8082 0.1342 -0.5734
vn -0.1041 -0.8083 -0.5795
vn 0.7818 0.5375 0.3161
vn 0.8767 -0.3666 -0.3116
vn -0.3426 0.8687 0.3579
vn -0.9358 0.0488 -0.3490
vn -0.0978 -0.6725 -0.7336
vn -0.0213 0.6581 -0.7526
vn 0.7560 0.5243 0.3919
vn 0.7821 0.4399 0.4414
vn 0.7381 -0.5734 0.3557
vn 0.7628 -0.5981 0.2458
vn -0.1741 0.9773 -0.1204
vn -0.0364 0.9962 -0.0797
vn -0.8060 0.0366 -0.5908
vn -0.7847 0.0733 -0.6155
vn -0.1560 -0.9178 -0.3652
vn -0.1130 -0.9529 -0.2815
vn 0.7872 0.5492 0.2807
vn 0.8496 -0.5257 0.0428
vn -0.2020 0.9794 -0.0031
vn -0.8941 0.0366 -0.4463
vn -0.1125 -0.8997 -0.4217
vn 0.7476 0.6347 0.1953
vn 0.8919 -0.4154 -0.1787
vn -0.3484 0.9291 0.1238
vn -0.9657 -0.0489 -0.2552
vn -0.1221 -0.8790 -0.4609
vn 0.0031 0.3782 -0.9257
vn 0.9521 0.0976 0.2899
vn 0.9340 0.1221 0.3358
vn 0.4164 -0.8997 0.1307
vn 0.4926 -0.8689 -0.0490
vn 0.2252 0.9739 0.0289
vn 0.2587 0.9618 -0.0898
vn -0.7821 0.4155 -0.4644
vn -0.6842 0.5010 -0.5300
vn -0.5375 -0.6840 -0.4932
vn -0.6032 -0.6580 -0.4508
vn 0.9771 0.1588 0.1420
vn 0.5668 -0.7313 -0.3794
vn 0.1743 0.9418 0.2874
vn -0.8688 0.4511 -0.2042
vn -0.5167 -0.5993 -0.6115
vn 0.9393 0.3416 0.0335
vn 0.5888 -0.5370 -0.6041
vn 0.0641 0.9039 0.4229
vn -0.9298 0.3658 0.0412
vn -0.5578 -0.5730 -0.6004
vn -0.1039 0.5987 -0.7942
vn 0.9638 0.1464 0.2227
vn 0.9664 0.0610 0.2496
vn 0.5344 -0.8429 0.0626
vn 0.5160 -0.8550 -0.0519
vn 0.1811 0.9822 0.0506
vn 0.3161 0.9482 0.0312
vn -0.8300 0.4272 -0.3586
vn -0.7779 0.4759 -0.4103
vn -0.5471 -0.7213 -0.4248
vn -0.5164 -0.7823 -0.3484
vn 0.9769 0.1832 0.1099
vn 0.5808 -0.7704 -0.2629
vn 0.1838 0.9681 0.1700
vn -0.8942 0.4150 -0.1678
vn -0.5318 -0.6968 -0.4813
vn 0.9511 0.3048 0.0503
vn 0.6153 -0.6336 -0.4691
vn 0.0581 0.9425 0.3290
vn -0.9437 0.3298 0.0244
vn -0.5404 -0.6717 -0.5068
vn -0.0610 0.5494 -0.8333
vn 0.1678 -0.2684 0.9486
vn -0.0000 -0.2932 0.9560
vn -0.0000 -0.2683 0.9633
vn 0.6484 -0.1587 0.7446
vn 0.6509 -0.1585 0.7424
vn 0.6518 -0.1710 0.7388
vn 0.5128 -0.0366 0.8577
vn 0.5478 -0.2197 0.8072
vn 0.5963 -0.2318 0.7686
vn 0.6948 -0.2565 0.6719
vn 0.4269 -0.2933 0.8554
vn 0.3612 -0.1829 0.9144
vn 0.4074 -0.1343 0.9033
vn 0.4808 -0.2320 0.8456
vn 0.3058 -0.2928 0.9059
vn 0.3721 -0.3172 0.8723
vn 0.1747 -0.3296 0.9278
vn 0.1444 -0.3056 0.9412
vn 0.1685 -0.2684 0.9485
vn 0.2076 -0.2928 0.9334
vn -0.0000 -0.3171 0.9484
vn -0.0000 -0.2928 0.9562
vn 0.6561 -0.2441 0.7141
vn 0.6169 -0.2443 0.7482
vn 0.5962 -0.2562 0.7609
vn 0.5297 -0.2687 0.8045
vn 0.4755 -0.2198 0.8518
vn 0.4121 -0.0733 0.9082
vn 0.3709 -0.0366 0.9280
vn 0.4909 -0.2073 0.8462
vn 0.3563 -0.2808 0.8912
vn 0.3350 -0.2564 0.9066
vn 0.2329 -0.2688 0.9346
vn 0.1630 -0.2565 0.9527
vn 0.1083 -0.2440 0.9637
vn 0.2624 0.6102 0.7475
vn 0.1042 -0.9436 -0.3143
vn 0.8300 -0.5248 -0.1890
vn 0.5372 0.5128 0.6697
vn -0.5368 0.3538 -0.7659
vn 0.1098 0.7198 -0.6854
vn 0.5980 0.4271 0.6782
vn 0.1100 -0.9896 0.0922
vn -0.5745 0.5622 -0.5949
vn 0.2078 0.4646 0.8608
vn -0.0304 -0.9858 0.1651
vn -0.1281 0.5979 -0.7913
vn 0.1710 0.7084 0.6848
vn 0.0244 -0.9384 -0.3447
vn -0.4879 0.4391 -0.7544
vn 0.4530 0.7346 0.5051
vn 0.3340 -0.9231 -0.1905
vn -0.9030 0.2684 -0.3356
vn 0.3234 0.3417 0.8824
vn 0.3601 -0.9155 0.1793
vn -0.4759 0.6833 -0.5537
vn -0.0792 0.5971 0.7982
vn -0.0244 -0.9993 -0.0289
vn 0.1434 0.4149 -0.8985
vn 0.4022 0.7068 0.5819
vn -0.2317 -0.9511 -0.2042
vn -0.4331 0.4514 -0.7801
vn 0.6073 0.4272 0.6698
vn 0.1749 -0.9822 0.0691
vn -0.6045 0.5618 -0.5648
vn -0.1618 0.4395 0.8836
vn -0.5295 -0.8080 0.2586
vn -0.7961 0.4392 -0.4163
vn 0.1099 0.3051 0.9459
vn 0.6386 -0.7055 -0.3075
vn 0.8987 -0.0122 -0.4384
vn 0.2813 0.6848 0.6722
vn -0.6782 0.3055 -0.6683
vn -0.3530 0.6938 -0.6277
vn 0.0610 0.2686 0.9613
vn 0.2250 -0.9730 0.0517
vn -0.1098 0.5613 -0.8203
vn -0.3416 0.6344 0.6935
vn 0.1768 -0.5852 -0.7914
vn -0.7061 0.4748 -0.5254
vn 0.1586 0.6586 0.7356
vn 0.8554 -0.2933 -0.4269
vn -0.8101 -0.4020 -0.4268
vn 0.0122 0.1465 0.9891
vn 0.8028 -0.5960 -0.0137
vn -0.8369 0.4521 -0.3085
vn -0.2806 0.0488 0.9586
vn 0.6203 -0.6568 -0.4287
vn -0.3177 0.4887 -0.8125
vn -0.1343 0.4152 0.8998
vn 0.7044 -0.6248 -0.3369
vn -0.7883 0.4278 -0.4423
vn -0.0427 -0.0732 0.9964
vn 0.6339 -0.7557 -0.1646
vn -0.2872 0.6356 -0.7166
vn -0.3208 0.4889 0.8112
vn 0.6948 -0.4266 -0.5790
vn -0.5736 0.5980 -0.5598
vn 0.5861 0.5617 0.5839
vn 0.3957 -0.8645 -0.3097
vn -0.8158 0.0000 -0.5783
vn 0.3627 0.5120 0.7787
vn 0.2939 -0.9184 0.2648
vn -0.3882 0.7703 -0.5059
vn 0.1280 0.6218 0.7727
vn 0.2145 -0.8948 -0.3915
vn -0.5922 0.3419 -0.7296
vn 0.1159 0.5368 0.8357
vn 0.7884 -0.5867 -0.1849
vn -0.8425 0.4151 -0.3434
vn -0.2258 -0.3417 0.9123
vn 0.4874 -0.8407 -0.2361
vn -0.8593 -0.3413 -0.3809
vn 0.2322 0.8066 0.5436
vn -0.2087 -0.9330 -0.2931
vn 0.3162 -0.9485 0.0205
vn 0.8346 0.2559 0.4878
vn -0.5544 0.4996 -0.6656
vn 0.4151 0.2564 -0.8729
vn 0.3360 0.3177 0.8867
vn 0.3359 -0.9284 0.1588
vn -0.5189 0.6349 -0.5723
vn 0.2810 0.5864 0.7597
vn -0.5100 -0.8501 0.1313
vn 0.0488 0.0244 -0.9985
vn 0.6112 0.5379 0.5806
vn -0.6086 -0.5964 0.5234
vn 0.2499 0.4388 -0.8631
vn 0.2903 0.7457 0.5997
vn -0.1549 -0.9476 -0.2794
vn -0.3603 0.4641 -0.8092
vn 0.5741 0.2687 0.7734
vn -0.1890 -0.9388 0.2880
vn -0.3512 0.4887 -0.7987
vn 0.6508 0.5989 0.4667
vn -0.5783 -0.8157 -0.0099
vn -0.1525 0.4392 -0.8853
vn 0.0884 0.4757 0.8752
vn -0.5391 -0.6944 0.4766
vn -0.7320 0.6222 -0.2776
vn -0.1701 0.0000 0.9854
vn 0.1174 0.4635 0.8783
vn -0.1442 0.5247 0.8390
vn 0.3090 0.2685 0.9124
vn 0.3794 0.0000 0.9252
vn 0.3090 -0.2685 0.9124
vn 0.1129 -0.4638 0.8787
vn -0.1458 -0.5374 0.8306
vn -0.4018 -0.4635 0.7898
vn -0.5964 -0.2684 0.7565
vn -0.6675 0.0000 0.7446
vn -0.5964 0.2684 0.7565
vn -0.4053 0.4640 0.7877
vn 0.3507 0.7579 0.5501
vn -0.0822 0.8763 0.4747
vn 0.6316 0.4632 0.6217
vn 0.7236 -0.0366 0.6893
vn 0.6649 -0.4393 0.6041
vn 0.3497 -0.7582 0.5503
vn -0.0822 -0.8763 0.4747
vn -0.5141 -0.7578 0.4018
vn -0.8290 -0.4393 0.3462
vn -0.9451 0.0000 0.3267
vn -0.8290 0.4393 0.3462
vn -0.5147 0.7575 0.4017
vn 0.4700 0.8567 0.2126
vn -0.0222 0.9917 0.1270
vn 0.7659 0.5863 0.2641
vn 0.9559 -0.0366 0.2914
vn 0.7795 -0.5609 0.2789
vn 0.4700 -0.8567 0.2126
vn -0.0222 -0.9917 0.1270
vn -0.5141 -0.8568 0.0413
vn -0.8656 -0.5003 -0.0198
vn -0.9991 0.0000 -0.0427
vn -0.8656 0.5003 -0.0198
vn -0.5141 0.8568 0.0413
vn 0.4922 0.8663 0.0854
vn 0.8028 0.5857 0.1113
vn 0.9989 -0.0366 0.0290
vn 0.8155 -0.5611 0.1418
vn 0.4922 -0.8663 0.0854
vn -0.4925 -0.8661 -0.0854
vn -0.8530 -0.5005 -0.1480
vn -0.9853 0.0000 -0.1710
vn -0.8530 0.5005 -0.1480
vn -0.4925 0.8661 -0.0854
vn -0.8826 -0.2443 0.4016
vn -0.1134 -0.9929 0.0352
vn -0.0457 -0.9862 0.1590
vn -0.8827 -0.2199 0.4154
vn -0.5715 0.8191 0.0489
vn -0.6199 0.7818 -0.0672
vn 0.4845 0.6826 -0.5470
vn 0.4129 0.6606 -0.6270
vn 0.7271 -0.4644 -0.5056
vn 0.7703 -0.4524 -0.4494
vn -0.9318 -0.2200 0.2887
vn -0.2904 -0.9170 -0.2736
vn -0.4231 0.8401 0.3394
vn 0.6658 0.6841 -0.2978
vn 0.6375 -0.4393 -0.6329
vn -0.9833 -0.0733 0.1664
vn -0.4456 -0.6715 -0.5921
vn -0.2806 0.7808 0.5582
vn 0.7696 0.6353 -0.0641
vn 0.5800 -0.2808 -0.7647
vn -0.2660 0.7337 -0.6252
vn -0.7990 -0.0488 0.5993
vn -0.2930 -0.9522 0.0870
vn -0.2881 -0.9072 0.3065
vn -0.7871 -0.0244 0.6163
vn -0.3814 0.9155 0.1282
vn -0.5651 0.8186 0.1023
vn 0.4709 0.5504 -0.6895
vn 0.3568 0.6221 -0.6969
vn 0.4791 -0.5981 -0.6424
vn 0.5621 -0.6110 -0.5575
vn -0.8838 0.0000 0.4678
vn -0.5534 -0.8194 -0.1498
vn -0.2083 0.9069 0.3661
vn 0.7117 0.5376 -0.4521
vn 0.3566 -0.5851 -0.7284
vn -0.9179 0.1708 0.3583
vn -0.6956 -0.5613 -0.4485
vn 0.0549 0.8292 0.5563
vn 0.8877 0.3905 -0.2440
vn 0.3353 -0.4389 -0.8336
vn -0.2346 0.7921 -0.5636
vn -0.8798 -0.2444 0.4078
vn -0.1134 -0.9928 0.0383
vn -0.0396 -0.9861 0.1613
vn -0.8792 -0.2076 0.4289
vn -0.5714 0.8189 0.0535
vn -0.6065 0.7924 -0.0655
vn 0.4814 0.6825 -0.5500
vn 0.4154 0.6598 -0.6262
vn 0.7232 -0.4760 -0.5004
vn 0.7692 -0.4639 -0.4395
vn 0.6655 0.6838 -0.2992
vn 0.5807 -0.2812 -0.7640
vn -0.2657 0.7330 -0.6261
vn -0.8234 -0.0732 0.5627
vn -0.3248 -0.9438 0.0613
vn -0.2368 -0.8988 0.3689
vn -0.8292 0.1341 0.5426
vn -0.3499 0.9249 0.1491
vn -0.5159 0.8547 -0.0580
vn 0.5593 0.5013 -0.6602
vn 0.2741 0.6457 -0.7127
vn 0.4905 -0.6459 -0.5850
vn 0.6506 -0.5498 -0.5238
vn -0.9006 0.0488 0.4320
vn -0.6174 -0.7335 -0.2842
vn -0.0701 0.8534 0.5166
vn 0.8237 0.4759 -0.3081
vn 0.3574 -0.5131 -0.7804
vn -0.9103 0.1833 0.3711
vn -0.6987 -0.4638 -0.5447
vn 0.1251 0.6954 0.7076
vn 0.9331 0.3415 -0.1128
vn 0.3818 -0.3543 -0.8537
vn -0.1683 0.8691 -0.4651
vn -0.9524 0.2564 0.1648
vn -0.6188 -0.7194 -0.3155
vn -0.5957 -0.7820 -0.1833
vn -0.9441 0.2689 0.1910
vn -0.0364 0.9716 0.2338
vn -0.0521 0.9929 0.1073
vn 0.9088 0.3538 -0.2211
vn 0.8532 0.4144 -0.3169
vn 0.4920 -0.6846 -0.5379
vn 0.5289 -0.6848 -0.5014
vn -0.9424 0.3294 0.0579
vn -0.6221 -0.5002 -0.6023
vn -0.0061 0.8452 0.5344
vn 0.9797 0.1953 0.0443
vn 0.4796 -0.5987 -0.6415
vn -0.8659 0.5001 -0.0091
vn -0.5191 -0.1588 -0.8398
vn 0.0122 0.6726 0.7399
vn 0.9646 0.0611 0.2564
vn 0.5485 -0.4266 -0.7191
vn 0.3657 0.8533 -0.3718
vn -0.8542 0.2441 0.4591
vn -0.6846 -0.7213 -0.1054
vn -0.6115 -0.7910 0.0183
vn -0.8329 0.2563 0.4905
vn 0.0337 0.9689 0.2453
vn -0.0061 0.9897 0.1428
vn 0.8213 0.3297 -0.4656
vn 0.7545 0.4032 -0.5178
vn 0.3145 -0.6841 -0.6581
vn 0.3664 -0.6595 -0.6564
vn -0.8763 0.3298 0.3511
vn -0.7872 -0.4882 -0.3768
vn 0.1616 0.8416 0.5153
vn 0.9455 0.1952 -0.2608
vn 0.2474 -0.5986 -0.7619
vn -0.8270 0.5004 0.2563
vn -0.7633 -0.1343 -0.6320
vn 0.2596 0.6596 0.7054
vn 0.9971 0.0244 -0.0717
vn 0.2868 -0.4272 -0.8575
vn 0.2381 0.8548 -0.4610
vn -0.9531 0.2933 0.0748
vn -0.6250 -0.7682 -0.1387
vn -0.6206 -0.7827 0.0474
vn -0.9398 0.3173 0.1266
vn -0.0486 0.9962 -0.0729
vn -0.0061 0.9861 -0.1659
vn 0.9174 0.2560 -0.3048
vn 0.9135 0.2444 -0.3254
vn 0.5066 -0.7935 -0.3372
vn 0.5067 -0.8303 -0.2320
vn -0.9426 0.3294 -0.0549
vn -0.6134 -0.6347 -0.4700
vn -0.0214 0.9662 0.2568
vn 0.9716 0.2322 -0.0458
vn 0.4811 -0.7308 -0.4842
vn -0.8892 0.4400 -0.1253
vn -0.5223 -0.4032 -0.7514
vn -0.0152 0.8282 0.5602
vn 0.9544 0.1098 0.2775
vn 0.5551 -0.6222 -0.5520
vn 0.3623 0.7308 -0.5785
vn -0.8634 0.4638 0.1985
vn -0.6801 -0.6710 0.2953
vn -0.6965 -0.5987 0.3956
vn -0.8977 0.4031 0.1779
vn 0.0366 0.9139 -0.4044
vn -0.1459 0.8999 -0.4110
vn 0.7717 0.0122 -0.6359
vn 0.7658 0.0732 -0.6388
vn 0.2967 -0.9297 -0.2181
vn 0.3099 -0.9479 -0.0738
vn -0.7175 0.6472 0.2576
vn -0.8484 -0.4761 0.2315
vn 0.3346 0.9124 -0.2357
vn 0.8114 -0.1830 -0.5551
vn 0.0244 -0.9642 -0.2639
vn -0.6323 0.6842 0.3635
vn -0.9205 -0.3902 0.0198
vn 0.5167 0.8561 -0.0099
vn 0.8267 -0.1708 -0.5361
vn -0.0459 -0.8693 -0.4921
vn -0.2747 0.5005 -0.8210
vn -0.8916 0.3175 0.3229
vn -0.7066 -0.6730 -0.2187
vn -0.7232 -0.6835 -0.0992
vn -0.9250 0.2687 0.2687
vn 0.0734 0.9781 0.1949
vn -0.1164 0.9803 0.1593
vn 0.8482 0.3173 -0.4241
vn 0.8399 0.3787 -0.3887
vn 0.3389 -0.6595 -0.6710
vn 0.3410 -0.7550 -0.5601
vn -0.7478 0.4395 0.4975
vn -0.8685 -0.4632 -0.1767
vn 0.3497 0.8635 0.3634
vn 0.8810 0.1097 -0.4603
vn 0.0732 -0.6465 -0.7594
vn -0.6928 0.4028 0.5982
vn -0.9053 -0.2683 -0.3292
vn 0.4876 0.6705 0.5592
vn 0.8962 0.1097 -0.4298
vn 0.0336 -0.4273 -0.9035
vn -0.1433 0.9022 -0.4069
vn -0.7203 0.3663 0.5891
vn -0.6083 -0.7214 0.3309
vn -0.5007 -0.7450 0.4408
vn -0.6934 0.3910 0.6053
vn -0.0091 0.9957 -0.0918
vn -0.0981 0.9814 -0.1650
vn 0.6106 0.1710 -0.7732
vn 0.5186 0.2319 -0.8230
vn 0.1929 -0.8575 -0.4770
vn 0.2259 -0.8548 -0.4671
vn -0.7841 0.4027 0.4722
vn -0.7908 -0.6106 0.0420
vn 0.1932 0.9691 0.1533
vn 0.8082 0.1342 -0.5734
vn 0.1041 -0.8083 -0.5795
vn -0.7818 0.5375 0.3161
vn -0.8767 -0.3666 -0.3116
vn 0.3426 0.8687 0.3579
vn 0.9358 0.0488 -0.3490
vn 0.0978 -0.6725 -0.7336
vn 0.0213 0.6581 -0.7526
vn -0.7560 0.5243 0.3919
vn -0.7628 -0.5981 0.2458
vn -0.7381 -0.5734 0.3557
vn -0.7821 0.4399 0.4414
vn 0.1741 0.9773 -0.1204
vn 0.0364 0.9962 -0.0797
vn 0.8060 0.0366 -0.5908
vn 0.7847 0.0733 -0.6155
vn 0.1560 -0.9178 -0.3652
vn 0.1130 -0.9529 -0.2815
vn -0.7872 0.5492 0.2807
vn -0.8496 -0.5257 0.0428
vn 0.2020 0.9794 -0.0031
vn 0.8941 0.0366 -0.4463
vn 0.1125 -0.8997 -0.4217
vn -0.7476 0.6347 0.1953
vn -0.8919 -0.4154 -0.1787
vn 0.3484 0.9291 0.1238
vn 0.9657 -0.0489 -0.2552
vn 0.1221 -0.8790 -0.4609
vn -0.0031 0.3782 -0.9257
vn -0.9521 0.0976 0.2899
vn -0.4926 -0.8689 -0.0490
vn -0.4164 -0.8997 0.1307
vn -0.9340 0.1221 0.3358
vn -0.2252 0.9739 0.0289
vn -0.2587 0.9618 -0.0898
vn 0.7821 0.4155 -0.4644
vn 0.6842 0.5010 -0.5300
vn 0.5375 -0.6840 -0.4932
vn 0.6032 -0.6580 -0.4508
vn -0.9771 0.1588 0.1420
vn -0.5668 -0.7313 -0.3794
vn -0.1743 0.9418 0.2874
vn 0.8688 0.4511 -0.2042
vn 0.5167 -0.5993 -0.6115
vn -0.9393 0.3416 0.0335
vn -0.5888 -0.5370 -0.6041
vn -0.0641 0.9039 0.4229
vn 0.9298 0.3658 0.0412
vn 0.5578 -0.5730 -0.6004
vn 0.1039 0.5987 -0.7942
vn -0.9638 0.1464 0.2227
vn -0.5160 -0.8550 -0.0519
vn -0.5344 -0.8429 0.0626
vn -0.9664 0.0610 0.2496
vn -0.1811 0.9822 0.0506
vn -0.3161 0.9482 0.0312
vn 0.8300 0.4272 -0.3586
vn 0.7779 0.4759 -0.4103
vn 0.5471 -0.7213 -0.4248
vn 0.5164 -0.7823 -0.3484
vn -0.9769 0.1832 0.1099
vn -0.5808 -0.7704 -0.2629
vn -0.1838 0.9681 0.1700
vn 0.8942 0.4150 -0.1678
vn 0.5318 -0.6968 -0.4813
vn -0.9511 0.3048 0.0503
vn -0.6153 -0.6336 -0.4691
vn -0.0581 0.9425 0.3290
vn 0.9437 0.3298 0.0244
vn 0.5404 -0.6717 -0.5068
vn 0.0610 0.5494 -0.8333
vn -0.1678 -0.2684 0.9486
vn -0.6484 -0.1587 0.7446
vn -0.6518 -0.1710 0.7388
vn -0.6509 -0.1585 0.7424
vn -0.5128 -0.0366 0.8577
vn -0.5478 -0.2197 0.8072
vn -0.5963 -0.2318 0.7686
vn -0.6948 -0.2565 0.6719
vn -0.4269 -0.2933 0.8554
vn -0.4074 -0.1343 0.9033
vn -0.3612 -0.1829 0.9144
vn -0.4808 -0.2320 0.8456
vn -0.3058 -0.2928 0.9059
vn -0.3721 -0.3172 0.8723
vn -0.1747 -0.3296 0.9278
vn -0.1444 -0.3056 0.9412
vn -0.1685 -0.2684 0.9485
vn -0.2076 -0.2928 0.9334
vn -0.6561 -0.2441 0.7141
vn -0.6169 -0.2443 0.7482
vn -0.5962 -0.2562 0.7609
vn -0.5297 -0.2687 0.8045
vn -0.4755 -0.2198 0.8518
vn -0.3709 -0.0366 0.9280
vn -0.4121 -0.0733 0.9082
vn -0.4909 -0.2073 0.8462
vn -0.3563 -0.2808 0.8912
vn -0.3350 -0.2564 0.9066
vn -0.2329 -0.2688 0.9346
vn -0.1630 -0.2565 0.9527
vn -0.1083 -0.2440 0.9637
vn -0.2624 0.6102 0.7475
vn -0.5372 0.5128 0.6697
vn -0.8300 -0.5248 -0.1890
vn -0.1042 -0.9436 -0.3143
vn 0.5368 0.3538 -0.7659
vn -0.1098 0.7198 -0.6854
vn -0.5980 0.4271 0.6782
vn -0.1100 -0.9896 0.0922
vn 0.5745 0.5622 -0.5949
vn -0.2136 0.4760 0.8531
vn 0.0304 -0.9861 0.1632
vn 0.1281 0.5979 -0.7913
vn -0.1710 0.7084 0.6848
vn -0.0243 -0.9358 -0.3517
vn 0.4879 0.4391 -0.7544
vn -0.4530 0.7346 0.5051
vn -0.3484 -0.9167 -0.1956
vn 0.8963 0.2927 -0.3331
vn -0.3175 0.3419 0.8845
vn -0.3495 -0.9198 0.1786
vn 0.4759 0.6833 -0.5537
vn 0.0796 0.5753 0.8140
vn 0.0244 -0.9993 -0.0274
vn -0.1435 0.4031 -0.9038
vn -0.4022 0.7068 0.5819
vn 0.2317 -0.9511 -0.2042
vn 0.4331 0.4514 -0.7801
vn -0.6073 0.4272 0.6698
vn -0.1749 -0.9822 0.0691
vn 0.6045 0.5618 -0.5648
vn 0.1618 0.4395 0.8836
vn 0.5295 -0.8080 0.2586
vn 0.7961 0.4392 -0.4163
vn -0.1099 0.3051 0.9459
vn -0.2813 0.6848 0.6722
vn -0.8987 -0.0122 -0.4384
vn -0.6386 -0.7055 -0.3075
vn 0.6782 0.3055 -0.6683
vn 0.3530 0.6938 -0.6277
vn -0.0610 0.2686 0.9613
vn -0.2250 -0.9730 0.0517
vn 0.1098 0.5613 -0.8203
vn 0.3416 0.6344 0.6935
vn -0.1768 -0.5852 -0.7914
vn 0.7061 0.4748 -0.5254
vn -0.1586 0.6586 0.7356
vn -0.8554 -0.2933 -0.4269
vn 0.8101 -0.4020 -0.4268
vn -0.0183 0.1587 0.9872
vn -0.8006 -0.5990 -0.0145
vn 0.8247 0.4765 -0.3047
vn 0.2806 0.0610 0.9579
vn -0.6161 -0.6588 -0.4316
vn 0.3169 0.4998 -0.8061
vn 0.1404 0.4151 0.8989
vn -0.6999 -0.6330 -0.3309
vn 0.7930 0.4148 -0.4461
vn 0.0427 -0.0732 0.9964
vn -0.6339 -0.7557 -0.1646
vn 0.2874 0.6360 -0.7162
vn 0.3238 0.4887 0.8102
vn -0.6926 -0.4272 -0.5812
vn 0.5736 0.5980 -0.5598
vn -0.5906 0.5508 0.5898
vn -0.3883 -0.8683 -0.3088
vn 0.8172 0.0000 -0.5763
vn -0.3627 0.5120 0.7787
vn -0.2913 -0.9198 0.2629
vn 0.3881 0.7700 -0.5065
vn -0.1280 0.6218 0.7727
vn -0.2145 -0.8948 -0.3915
vn 0.5922 0.3419 -0.7296
vn -0.1159 0.5368 0.8357
vn -0.7884 -0.5867 -0.1849
vn 0.8425 0.4151 -0.3434
vn 0.2258 -0.3417 0.9123
vn -0.4874 -0.8407 -0.2361
vn 0.8593 -0.3413 -0.3809
vn -0.2315 0.8042 0.5474
vn -0.8346 0.2559 0.4878
vn -0.3162 -0.9485 0.0205
vn 0.2065 -0.9355 -0.2868
vn 0.5544 0.4996 -0.6656
vn -0.4151 0.2564 -0.8729
vn -0.3354 0.3415 0.8780
vn -0.3413 -0.9265 0.1585
vn 0.5243 0.6340 -0.5685
vn -0.2810 0.5864 0.7597
vn 0.5100 -0.8501 0.1313
vn -0.0488 0.0244 -0.9985
vn -0.6112 0.5379 0.5806
vn 0.6059 -0.5998 0.5225
vn -0.2502 0.4272 -0.8689
vn -0.2903 0.7457 0.5997
vn 0.1519 -0.9480 -0.2795
vn 0.3569 0.4759 -0.8038
vn -0.5741 0.2687 0.7734
vn 0.1917 -0.9370 0.2921
vn 0.3512 0.4887 -0.7987
vn -0.6508 0.5989 0.4667
vn 0.5783 -0.8157 -0.0099
vn 0.1525 0.4392 -0.8853
vn -0.0884 0.4757 0.8752
vn 0.5391 -0.6944 0.4766
vn 0.7320 0.6222 -0.2776
vn 0.2180 -0.0122 0.9759
vn 0.1716 -0.1832 0.9680
vn -0.0000 -0.1585 0.9874
vn -0.0000 -0.0122 0.9999
vn 0.6690 0.5865 0.4567
vn 0.6450 0.6953 0.3171
vn 0.4115 0.8445 0.3427
vn 0.4166 0.7093 0.5687
vn 0.4269 -0.7055 0.5657
vn 0.7228 -0.3663 0.5860
vn 0.8705 -0.3908 0.2992
vn 0.5372 -0.7825 0.3148
vn 0.7998 0.0977 0.5922
vn 0.9413 0.0732 0.3296
vn 0.2866 0.3902 0.8750
vn 0.2035 -0.0853 0.9754
vn 0.3204 -0.0488 0.9460
vn 0.4453 0.3050 0.8418
vn 0.5429 0.5261 0.6546
vn 0.1688 0.5607 0.8106
vn 0.1437 0.8151 0.5612
vn -0.0000 0.8297 0.5582
vn -0.0000 0.5491 0.8358
vn 0.7486 0.4635 0.4742
vn 0.6553 0.5011 0.5652
vn 0.6269 0.2197 0.7475
vn 0.7581 0.2929 0.5827
vn 0.4854 0.1343 0.8639
vn 0.5416 -0.0122 0.8406
vn 0.1557 -0.1344 0.9786
vn 0.1084 0.0611 0.9922
vn 0.6954 0.2318 0.6802
vn 0.5864 0.3176 0.7452
vn 0.6597 0.5131 0.5490
vn 0.7989 0.4269 0.4238
vn 0.4393 0.5492 0.7109
vn 0.6646 0.3415 0.6646
vn 0.5096 0.4638 0.7247
vn 0.5560 0.6109 0.5636
vn 0.3873 0.2440 0.8891
vn 0.3875 0.2685 0.8819
vn 0.3083 -0.2930 0.9050
vn -0.0427 -0.2930 0.9552
vn 0.2683 -0.0488 0.9621
vn 0.3832 0.0000 0.9237
vn 0.4853 0.0488 0.8730
vn 0.5628 -0.4752 0.6763
vn 0.3649 -0.0733 0.9282
vn 0.2640 0.1709 0.9493
vn 0.5290 0.1221 0.8398
vn 0.8244 0.4152 0.3847
vn 0.8525 0.4278 0.3006
vn 0.7554 0.5250 0.3922
vn 0.7529 0.4642 0.4665
vn 0.7442 0.5612 0.3622
vn 0.7169 0.5857 0.3783
vn 0.8470 0.5119 0.1432
vn 0.7968 0.5373 0.2763
vn 0.9701 -0.1464 0.1937
vn 0.9063 0.3173 0.2792
vn 0.9130 0.1221 0.3893
vn 0.6533 -0.0122 0.7570
vn 0.1007 -0.1343 0.9858
vn 0.2682 -0.3536 0.8961
vn 0.7146 -0.3543 0.6032
vn 0.4539 0.7214 0.5231
vn 0.2098 0.9488 0.2361
vn 0.1160 0.9893 0.0889
vn 0.0855 0.9531 0.2902
vn 0.7144 0.4518 0.5343
vn 0.9946 -0.0610 0.0845
vn 0.8422 -0.5249 0.1232
vn 0.8643 -0.5009 -0.0455
vn 0.2136 0.0244 0.9766
vn 0.2866 -0.6342 0.7181
vn 0.1370 -0.6366 0.7590
vn 0.5269 -0.0367 0.8491
vn 0.3660 -0.4392 0.8205
vn 0.3295 -0.5370 0.7765
vn 0.7174 -0.1709 0.6754
vn 0.3961 -0.5729 0.7176
vn 0.6182 -0.6733 0.4055
vn 0.7749 -0.2319 0.5880
vn 0.9177 -0.1342 0.3739
vn 0.8312 -0.4645 -0.3056
vn 0.9563 0.2566 0.1402
vn 0.8836 0.4402 -0.1597
vn 0.8114 -0.4759 -0.3394
vn 0.9987 -0.0244 -0.0449
vn 0.9889 -0.0855 -0.1213
vn 0.8781 0.4757 0.0511
vn 0.7916 0.5990 0.1207
vn 0.8829 0.2688 0.3849
vn 0.8726 0.2807 0.3997
vn 0.9820 0.1464 0.1197
vn 0.9124 0.4028 -0.0725
vn 0.8565 0.3414 -0.3871
vn 0.9400 -0.0610 -0.3357
vn 0.5005 0.8545 -0.1389
vn 0.4894 0.7953 0.3579
vn 0.9196 0.3544 0.1696
vn 0.9044 0.3055 -0.2979
vn 0.9338 -0.2197 -0.2823
vn 0.7196 -0.5367 -0.4406
vn 0.8932 -0.1463 -0.4252
vn -0.1858 0.9746 -0.1249
vn -0.1133 0.9797 0.1653
vn -0.3123 0.9383 -0.1485
vn 0.0878 0.9775 -0.1917
vn 0.5897 -0.3178 -0.7425
vn 0.3663 -0.5006 -0.7844
vn 0.3973 -0.6112 -0.6845
vn 0.5737 -0.6103 -0.5462
vn 0.9183 -0.2197 -0.3295
vn 0.1191 -0.3053 -0.9448
vn 0.2427 -0.2198 -0.9449
vn 0.1405 -0.1588 -0.9773
vn 0.1161 -0.2200 -0.9686
vn 0.1510 0.2562 -0.9548
vn -0.1664 -0.0122 -0.9860
vn 0.4760 -0.1098 -0.8726
vn 0.5459 0.3538 -0.7594
vn 0.6373 0.2318 -0.7349
vn 0.5162 0.5743 -0.6354
vn 0.0000 -0.1098 -0.9940
vn 0.0000 -0.1465 -0.9892
vn 0.0762 -0.1098 -0.9910
vn -0.0396 -0.2438 -0.9690
vn -0.3529 0.6722 -0.6508
vn 0.1944 0.5856 -0.7869
vn 0.1252 0.8427 -0.5236
vn 0.1871 0.3543 -0.9162
vn 0.2685 0.4271 -0.8634
vn 0.1329 0.1222 -0.9836
vn 0.0000 0.0367 -0.9993
vn 0.0000 0.3171 -0.9484
vn 0.3834 0.5010 0.7759
vn 0.7826 0.3784 0.4943
vn 0.5673 0.5002 0.6542
vn 0.2388 -0.7224 0.6489
vn 0.3259 -0.6243 0.7100
vn 0.4101 -0.1830 0.8935
vn 0.3247 -0.5232 0.7879
vn 0.6550 0.5971 0.4631
vn 0.7307 0.2930 0.6166
vn 0.6224 0.0854 0.7780
vn 0.7412 0.3538 0.5704
vn 0.4554 -0.1587 0.8760
vn 0.3281 -0.2198 0.9187
vn -0.0000 -0.3299 0.9440
vn 0.3749 0.7685 0.5185
vn 0.5864 0.3050 0.7504
vn 0.7227 0.5616 0.4029
vn 0.4261 0.8415 0.3323
vn 0.5897 0.7562 0.2836
vn 0.6413 0.6710 0.3721
vn 0.5300 0.7433 0.4082
vn 0.4979 0.7455 0.4431
vn -0.0000 0.7926 0.6097
vn -0.0000 0.9291 0.3698
vn 0.4178 0.8429 0.3390
vn -0.0000 0.9487 0.3162
vn 0.4602 -0.2196 0.8602
vn -0.0000 -0.2440 0.9698
vn -0.0000 0.8172 0.5763
vn -0.0000 0.3902 0.9207
vn 0.6397 -0.3054 0.7054
vn 0.7850 0.0610 0.6164
vn 0.5066 0.5005 0.7020
vn -0.2624 0.3051 -0.9154
vn -0.2192 0.8281 -0.5160
vn 0.4024 -0.0977 0.9102
vn 0.4194 0.4398 0.7941
vn 0.7004 0.2321 0.6750
vn -0.0000 0.4882 0.8727
vn 0.7075 0.6357 0.3087
vn 0.7158 0.0977 0.6914
vn 0.3306 -0.2681 0.9049
vn 0.1252 0.4029 0.9066
vn 0.3678 0.3663 0.8547
vn 0.2257 0.4148 0.8815
vn 0.3840 0.3048 0.8716
vn 0.3933 -0.1586 0.9056
vn 0.3567 0.0488 0.9329
vn -0.0000 0.2195 0.9756
vn 0.1255 0.2075 0.9702
vn 0.3060 -0.4512 0.8383
vn -0.0084 -0.9291 0.3698
vn 0.1374 -0.6350 0.7602
vn -0.1447 -0.7309 0.6670
vn 0.3053 -0.2809 0.9099
vn 0.2362 -0.3291 0.9143
vn 0.3113 -0.3297 0.8913
vn 0.3843 -0.0976 0.9180
vn 0.2198 -0.1343 0.9663
vn 0.3250 0.0732 0.9429
vn 0.1922 0.0854 0.9776
vn 0.1588 0.3788 0.9118
vn 0.1236 0.4272 0.8957
vn 0.0153 0.7456 0.6662
vn 0.1260 0.6107 0.7817
vn -0.2073 0.9023 0.3780
vn 0.1276 0.9480 0.2917
vn 0.1946 0.8304 0.5221
vn -0.0114 0.7325 0.6806
vn 0.2932 0.7574 0.5834
vn 0.2201 0.8258 0.5192
vn 0.4744 0.8292 0.2957
vn 0.5178 0.7954 0.3151
vn 0.7371 0.6104 0.2900
vn 0.7927 0.1342 0.5947
vn -0.0000 -0.6598 0.7514
vn 0.3044 -0.5980 0.7414
vn 0.7865 -0.3051 0.5370
vn 0.5411 -0.7460 0.3883
vn 0.7972 0.5856 0.1464
vn 0.7538 0.5853 0.2988
vn 0.4575 0.8389 0.2948
vn 0.4417 0.8818 0.1653
vn 0.1919 -0.9484 0.2523
vn 0.2530 0.2682 0.9296
vn 0.1461 -0.0366 0.9886
vn 0.2571 -0.1465 0.9552
vn 0.2170 -0.3178 0.9230
vn 0.2071 -0.9694 -0.1319
vn 0.1916 -0.1221 0.9739
vn 0.3459 -0.1344 0.9286
vn 0.1592 -0.3177 0.9347
vn 0.3102 -0.2804 0.9084
vn 0.3250 -0.0732 0.9429
vn 0.1696 -0.1586 0.9727
vn 0.4269 -0.0122 0.9042
vn 0.3526 0.5373 0.7662
vn 0.2827 0.4890 0.8252
vn 0.4228 -0.2320 0.8760
vn 0.4121 -0.1954 0.8899
vn 0.4514 -0.0122 0.8922
vn 0.1038 -0.4028 0.9094
vn -0.0687 -0.1954 0.9783
vn -0.0366 -0.2930 0.9554
vn -0.0961 0.2807 0.9550
vn 0.3222 0.4886 0.8108
vn 0.1741 -0.1221 0.9771
vn 0.0705 -0.9633 -0.2591
vn 0.0000 -0.9609 -0.2767
vn 0.0000 -0.9063 -0.4226
vn 0.0285 -0.9127 -0.4077
vn 0.1667 -0.9544 -0.2478
vn 0.4179 -0.2196 0.8815
vn 0.0000 -0.6823 0.7311
vn 0.2929 -0.4638 0.8361
vn 0.5094 -0.0244 0.8602
vn -0.3662 -0.2685 0.8910
vn 0.1418 0.4512 0.8811
vn -0.0000 0.4521 0.8920
vn -0.0000 -0.1708 0.9853
vn -0.0000 -0.6336 0.7737
vn 0.0000 0.0000 1.0000
vn 0.4560 0.3660 0.8113
vn 0.7740 0.0733 0.6290
vn 0.7726 0.2321 0.5909
vn 0.1831 -0.2442 0.9523
vn -0.0000 -0.3417 0.9398
vn 0.9360 -0.2195 0.2752
vn 0.7811 -0.5859 0.2159
vn 0.8371 -0.1955 0.5110
vn 0.9896 0.1222 0.0756
vn 0.9637 0.2318 0.1327
vn 0.9810 0.1834 0.0635
vn 0.9828 0.1831 -0.0252
vn 0.9408 0.2199 -0.2581
vn 0.8576 0.4151 -0.3037
vn 0.1190 0.2808 -0.9523
vn 0.0000 -0.0856 -0.9963
vn -0.2287 -0.3415 -0.9116
vn -0.1863 0.6474 -0.7390
vn 0.2448 0.7712 -0.5876
vn 0.2963 0.1466 -0.9438
vn 0.5864 0.7574 -0.2871
vn 0.8821 0.4395 0.1694
vn 0.0916 0.6838 0.7239
vn -0.3605 0.8555 0.3716
vn 0.5704 0.3905 0.7226
vn 0.7750 0.1465 0.6148
vn 0.7838 0.0244 0.6206
vn 0.9211 -0.2684 -0.2821
vn 0.9675 -0.1587 0.1969
vn 0.5126 -0.2929 -0.8071
vn -0.2778 -0.1465 -0.9494
vn -0.6100 0.0610 -0.7900
vn -0.7728 0.3421 -0.5345
vn -0.7019 0.6988 -0.1379
vn 0.2078 0.8190 0.5348
vn 0.2571 0.8202 0.5111
vn -0.2299 0.9563 0.1808
vn -0.3070 0.9120 0.2721
vn 0.6594 0.5251 0.5380
vn 0.5994 0.5505 0.5811
vn 0.8428 0.2321 0.4855
vn 0.7955 0.1707 0.5814
vn 0.8206 0.1830 0.5415
vn 0.9551 -0.1343 -0.2640
vn 0.9125 0.0366 -0.4074
vn 0.9920 0.1099 0.0626
vn 0.9560 -0.0122 0.2932
vn 0.5039 -0.1222 -0.8551
vn 0.6070 -0.0122 -0.7946
vn -0.0825 0.0244 -0.9963
vn 0.1130 0.0367 -0.9929
vn -0.4517 0.1343 -0.8820
vn -0.2199 0.1954 -0.9558
vn -0.5623 0.5501 -0.6174
vn -0.6906 0.4391 -0.5747
vn -0.5321 0.8073 -0.2553
vn -0.6362 0.7463 -0.1957
vn 0.6355 0.2957 -0.7132
vn 0.6843 0.7271 0.0550
vn 0.9755 -0.0031 -0.2198
vn 0.0000 0.9417 -0.3363
vn 0.0000 0.8404 -0.5420
vn 0.5931 -0.5946 -0.5428
vn 0.0000 -0.3902 -0.9207
vn 0.0000 -0.1891 -0.9820
vn 0.4482 0.5366 0.7150
vn 0.5837 0.5256 0.6189
vn 0.7679 0.4144 0.4883
vn 0.5343 0.4518 0.7144
vn 0.6250 0.4817 0.6143
vn 0.1343 0.6591 0.7400
vn 0.2274 0.4884 0.8425
vn 0.4854 0.4579 0.7448
vn 0.0000 0.6468 0.7627
vn 0.0000 0.4823 0.8760
vn 0.5368 0.5124 0.6703
vn 0.2109 0.9046 0.3705
vn 0.0091 0.9990 0.0426
vn 0.4789 0.6223 -0.6192
vn 0.5309 0.0366 -0.8467
vn 0.2946 0.0000 -0.9556
vn 0.1595 0.0488 -0.9860
vn 0.1677 0.1951 -0.9663
vn -0.0000 0.2072 -0.9783
vn 0.0000 0.0610 -0.9981
vn 0.2442 0.1831 0.9523
vn 0.2488 0.3236 0.9129
vn -0.0000 0.3052 0.9523
vn -0.0000 0.1649 0.9863
vn 0.5154 0.4086 0.7533
vn 0.6936 0.3911 0.6050
vn 0.5210 0.2681 0.8104
vn 0.7543 0.3237 0.5711
vn 0.8641 0.3420 0.3694
vn -0.0000 -0.0305 0.9995
vn 0.2668 0.0183 0.9636
vn 0.5590 0.0855 0.8247
vn 0.8229 0.1585 0.5456
vn 0.9149 0.2440 0.3217
vn 0.9026 0.2927 0.3156
vn 0.9603 0.2744 0.0503
vn 0.9415 0.3362 0.0241
vn 0.9316 0.2505 -0.2634
vn 0.8727 0.4333 -0.2250
vn 0.9691 0.1889 0.1585
vn 0.9222 0.3481 -0.1687
vn 0.8721 -0.4757 0.1144
vn 0.6507 -0.3971 0.6472
vn 0.8094 -0.0794 -0.5819
vn 0.5409 -0.5745 -0.6143
vn 0.7765 -0.6236 -0.0902
vn 0.8157 0.1650 -0.5545
vn 0.8024 0.1648 -0.5736
vn 0.4909 0.2012 -0.8477
vn 0.4973 0.0854 -0.8634
vn 0.2685 0.0305 -0.9628
vn 0.4212 0.1831 -0.8883
vn 0.2409 0.2318 -0.9424
vn 0.0824 -0.2075 -0.9748
vn 0.1828 0.2620 -0.9476
vn 0.1940 0.2444 -0.9501
vn 0.1891 0.1891 -0.9636
vn 0.0000 0.1955 -0.9807
vn -0.0000 0.2440 -0.9698
vn 0.4762 0.4030 -0.7815
vn 0.0000 0.6217 -0.7832
vn 0.1891 0.1952 -0.9624
vn 0.1282 0.2929 -0.9475
vn 0.0977 0.3298 -0.9390
vn -0.0000 -0.3840 0.9233
vn 0.2732 -0.3541 0.8944
vn 0.5674 -0.2105 0.7961
vn 0.8275 -0.0366 0.5603
vn 0.9386 0.1463 0.3124
vn 0.9909 0.1281 -0.0412
vn 0.9490 0.0671 -0.3082
vn 0.8172 0.0427 -0.5748
vn 0.5185 -0.2074 -0.8296
vn 0.7836 -0.3079 -0.5396
vn 0.6770 0.7258 -0.1220
vn 0.0000 0.9605 -0.2784
vn 0.9862 -0.0122 0.1649
vn -0.0000 -0.6994 0.7147
vn 0.2715 -0.6589 0.7016
vn 0.5458 -0.5062 0.6678
vn 0.7440 -0.2318 0.6266
vn 0.9446 0.0366 0.3261
vn 0.9940 0.0000 -0.1096
vn 0.9500 -0.0489 -0.3085
vn 0.8338 -0.1833 -0.5207
vn 0.5829 -0.4577 -0.6714
vn 0.5713 -0.7515 -0.3299
vn 0.9929 -0.0824 0.0854
vn 0.6298 -0.7549 -0.1830
vn 0.0000 -0.9649 -0.2626
vn 0.0000 -0.8018 -0.5976
vn 0.1467 -0.7579 -0.6357
vn 0.0000 -0.9231 -0.3845
vn 0.0000 -0.9999 0.0152
vn 0.5070 -0.3787 -0.7743
vn 0.7590 -0.2073 -0.6172
vn 0.9236 -0.1097 -0.3673
vn 0.9886 -0.0549 -0.1400
vn 0.9268 -0.1128 0.3582
vn 0.6374 -0.3050 0.7076
vn 0.3814 -0.3601 0.8514
vn 0.0229 -0.5616 0.8271
vn -0.0000 -0.8923 0.4515
vn -0.0000 -0.9391 0.3436
vn -0.0000 0.2626 -0.9649
vn -0.2512 -0.7421 -0.6215
vn -0.4393 -0.8450 -0.3050
vn 0.0000 -0.9662 -0.2579
vn 0.3571 -0.8435 0.4013
vn 0.5464 -0.2721 0.7921
vn 0.0733 -0.2291 0.9706
vn 0.0549 -0.8631 0.5020
vn -0.4928 -0.8388 0.2312
vn -0.2350 -0.8583 0.4562
vn -0.4014 -0.2573 0.8790
vn -0.8086 -0.3330 0.4851
vn -0.5616 -0.8269 0.0293
vn -0.8512 0.1430 0.5049
vn -0.8264 -0.4452 0.3446
vn -0.8789 -0.4730 0.0614
vn -0.3906 -0.8197 -0.4189
vn -0.5447 -0.8161 -0.1930
vn -0.8145 -0.5094 -0.2776
vn -0.5905 -0.5325 -0.6065
vn 0.8366 -0.3519 -0.4198
vn 0.9420 -0.3338 -0.0346
vn 0.5676 -0.8217 -0.0524
vn 0.4668 -0.8371 -0.2853
vn 0.5616 -0.8183 0.1228
vn 0.8822 -0.3427 0.3228
vn 0.1480 -0.5309 -0.8344
vn 0.3571 -0.2258 -0.9064
vn 0.7261 -0.1495 -0.6712
vn -0.3012 -0.7870 0.5384
vn -0.0000 -0.9998 0.0179
vn -0.5218 -0.8530 0.0124
vn 0.1526 -0.1404 0.9783
vn -0.2443 -0.2947 0.9238
vn 0.5128 -0.1648 0.8425
vn 0.9055 -0.1738 0.3872
vn 0.9849 -0.0976 -0.1427
vn -0.8437 -0.5340 0.0542
vn -0.6549 -0.5892 0.4732
vn -0.2380 -0.4104 0.8803
vn 0.1527 -0.2687 0.9511
vn -0.8258 -0.4762 -0.3022
vn -0.5407 -0.4872 -0.6858
vn -0.1099 -0.4212 -0.9003
vn 0.2928 -0.2562 -0.9212
vn 0.6621 -0.1281 -0.7384
vn 0.9157 -0.1435 -0.3754
vn 0.9088 -0.1067 -0.4033
vn 0.9849 -0.1464 -0.0920
vn 0.8905 -0.1906 0.4132
vn 0.5373 -0.1710 0.8259
vn 0.5283 -0.1832 0.8291
vn 0.8950 -0.2047 0.3963
vn 0.9076 -0.1467 -0.3934
vn 0.9786 -0.1921 -0.0740
vn 0.9101 -0.1130 -0.3986
vn 0.6560 -0.1495 -0.7399
vn 0.2624 -0.2914 -0.9199
vn -0.1450 -0.4394 -0.8865
vn -0.8278 -0.4776 -0.2945
vn -0.8436 -0.5339 0.0580
vn -0.6639 -0.5907 0.4586
vn -0.2639 -0.4179 0.8693
vn 0.0702 0.2670 0.9611
vn 0.1190 -0.3661 0.9229
vn -0.2820 -0.4635 0.8400
vn -0.4822 0.1175 0.8682
vn 0.1281 -0.2837 0.9503
vn 0.9859 -0.1465 -0.0813
vn 0.4640 -0.4113 -0.7845
vn 0.0579 -0.4719 -0.8797
vn 0.2380 -0.3204 -0.9169
vn 0.6320 -0.1908 -0.7511
vn -0.3127 -0.5248 -0.7917
vn -0.5452 -0.5192 -0.6582
vn -0.1694 -0.4578 -0.8728
vn -0.8085 -0.5156 -0.2837
vn 0.9060 -0.3310 0.2639
vn 0.9193 -0.0179 0.3932
vn -0.3937 0.4509 0.8011
vn 0.0549 0.5262 0.8486
vn 0.2960 -0.8396 -0.4554
vn 0.0549 -0.8398 -0.5401
vn -0.1862 -0.8339 -0.5196
vn 0.0031 -1.0000 -0.0046
vn 0.7106 0.7015 0.0549
vn 0.7131 0.6475 0.2688
vn -0.0000 0.9398 0.3417
vn -0.0000 0.9998 -0.0183
vn 0.9934 -0.0488 0.1038
vn 0.5999 -0.7097 0.3694
vn 0.6334 -0.7723 0.0488
vn -0.0000 -0.9218 0.3876
vn 0.0000 -0.9998 0.0183
vn -0.0000 0.9743 0.2253
vn 0.6103 0.1739 0.7728
vn 0.5219 0.4105 0.7477
vn -0.0671 0.3906 0.9181
vn 0.1769 0.5124 0.8403
vn 0.4823 -0.0244 0.8757
vn 0.0733 -0.4641 0.8828
vn 0.0000 -0.7933 0.6089
vn 0.2072 -0.9387 0.2754
vn 0.2010 -0.9746 0.0992
vn 0.2434 0.9373 -0.2495
vn 0.6117 0.6239 -0.4863
vn -0.1159 0.6100 -0.7839
vn 0.2687 0.2077 -0.9406
vn 0.4402 0.8926 0.0974
vn 0.7425 0.6695 -0.0236
vn 0.7766 0.6067 0.1699
vn 0.6940 0.5357 -0.4809
vn 0.0731 0.9505 0.3020
vn 0.1464 0.9395 0.3096
vn 0.5000 0.6829 -0.5326
vn 0.6468 0.6101 -0.4576
vn 0.7560 0.5609 0.3372
vn 0.8025 0.5472 -0.2379
vn 0.1344 -0.5130 0.8478
vn 0.3056 -0.6418 0.7033
vn 0.5513 -0.7350 0.3947
vn 0.3666 -0.9103 -0.1924
vn 0.4864 -0.8634 -0.1338
vn 0.4150 -0.9094 -0.0275
vn 0.6223 -0.7687 0.1479
vn 0.5376 -0.8431 0.0122
vn 0.6330 -0.7548 -0.1720
vn 0.5003 -0.5491 -0.6695
vn 0.7039 -0.6675 -0.2427
vn 0.0122 -0.6358 0.7718
vn 0.3918 -0.8326 0.3914
vn 0.7705 -0.0978 0.6299
vn 0.1220 -0.1708 0.9777
vn 0.7672 -0.6089 -0.2019
vn 0.9508 -0.0853 -0.2979
vn 0.2807 -0.2685 -0.9215
vn 0.9565 -0.0858 -0.2790
vn 0.9658 -0.1467 0.2139
vn 0.8693 -0.1714 -0.4637
vn 0.9803 -0.1961 0.0222
vn 0.9635 -0.1586 -0.2157
vn 0.8765 -0.1461 0.4588
vn 0.1831 -0.1221 0.9755
vn -0.1159 -0.1281 0.9850
vn 0.1404 -0.6347 0.7599
vn 0.5862 0.2443 0.7725
vn 0.1282 0.2809 0.9511
vn 0.6170 -0.6536 0.4383
vn 0.8611 -0.0794 0.5023
vn 0.0674 0.8576 -0.5099
vn 0.0916 0.8431 -0.5300
vn 0.0859 0.9937 -0.0721
vn 0.0859 0.9936 -0.0728
vn -0.0061 0.4146 -0.9100
vn 0.0061 0.3782 -0.9257
vn 0.1224 0.9914 -0.0467
vn 0.0548 0.8894 -0.4538
vn -0.0549 0.4151 -0.9081
vn 0.0488 0.8903 0.4528
vn 0.0852 0.9133 0.3983
vn 0.2133 0.9750 0.0625
vn 0.0911 0.9354 -0.3417
vn -0.0854 0.5126 -0.8544
vn -0.1281 0.5247 0.8416
vn 0.0183 0.6949 0.7189
vn 0.1406 0.9044 0.4028
vn -0.3052 -0.0855 0.9484
vn 0.0000 0.4029 0.9153
vn 0.0183 -0.1953 0.9806
vn -0.2013 0.4393 0.8755
vn -0.5554 -0.0122 0.8315
vn 0.1284 -0.7030 0.6995
vn -0.4453 -0.7442 0.4979
vn -0.2260 0.5620 0.7957
vn -0.2617 0.6329 0.7287
vn -0.6781 0.0855 0.7300
vn -0.6100 0.0366 0.7915
vn -0.6291 -0.6352 0.4481
vn -0.5371 -0.6226 0.5692
vn -0.1887 0.5235 0.8309
vn 0.5012 0.6723 0.5448
vn 0.9866 0.1583 -0.0396
vn 0.0244 -0.3602 -0.9326
vn 0.0183 -0.3052 -0.9521
vn -0.0061 -0.4454 -0.8953
vn 0.1160 -0.5375 -0.8352
vn 0.1528 -0.8739 -0.4614
vn 0.1223 -0.8501 -0.5122
vn 0.1710 -0.9038 -0.3924
vn 0.2195 -0.9756 0.0084
vn 0.1772 -0.9839 -0.0244
vn 0.2324 -0.9725 -0.0115
vn 0.1708 -0.9760 -0.1350
vn -0.0306 -0.9910 -0.1300
vn 0.0732 -0.9881 0.1350
vn 0.5257 -0.8008 0.2868
vn 0.6202 -0.7844 -0.0061
vn 0.7010 -0.6034 -0.3802
vn 0.7356 -0.6748 -0.0593
vn 0.3295 -0.8971 -0.2944
vn 0.4151 -0.9096 -0.0198
vn 0.5392 0.6618 0.5208
vn 0.9933 0.1036 0.0518
vn 0.5123 -0.8112 -0.2821
vn 0.5738 -0.8179 -0.0420
vn -0.4273 0.2930 0.8553
vn -0.3423 -0.6357 0.6919
vn -0.4508 -0.5727 0.6847
vn -0.3906 0.4028 0.8277
vn -0.0244 -0.4145 -0.9097
vn 0.0244 0.4641 0.8854
vn 0.5735 0.6711 0.4698
vn 0.0608 0.8759 0.4787
vn 0.1711 -0.9471 0.2717
vn 0.2074 0.4759 0.8547
vn 0.3177 0.6110 0.7250
vn 0.4160 0.8443 0.3377
vn -0.1222 -0.9834 0.1340
vn 0.4508 -0.7067 -0.5453
vn 0.2566 0.5742 0.7775
vn 0.3043 0.9495 0.0761
vn 0.0859 0.9449 -0.3160
vn -0.1344 0.5497 -0.8245
vn 0.8047 -0.5913 -0.0527
vn -0.0975 -0.6096 0.7867
vn -0.2807 0.3173 0.9058
vn 0.1226 0.9192 0.3742
vn 0.8161 0.5116 -0.2688
vn -0.6290 0.1160 0.7687
vn -0.5800 -0.6228 0.5251
vn 0.5496 0.0366 -0.8346
vn -0.1587 0.0000 0.9873
vn 0.4517 -0.5677 0.6882
vn 0.1588 -0.4274 -0.8900
vn 0.9508 -0.0488 0.3059
vn 0.5009 0.0000 -0.8655
vn -0.0854 0.0000 0.9963
vn 0.1777 0.8825 0.4355
vn 0.2996 0.5624 0.7707
vn 0.0000 0.4149 0.9099
vn -0.0183 0.8549 0.5184
vn 0.0729 0.9961 -0.0494
vn 0.0304 0.9985 -0.0457
vn 0.0122 0.8643 0.5027
vn 0.0548 0.8654 0.4981
vn 0.0305 0.3906 0.9201
vn 0.0122 0.3906 0.9205
vn -0.0122 -0.1343 0.9909
vn 0.0244 -0.1526 0.9880
vn 0.0548 0.8398 -0.5401
vn 0.0367 0.8327 -0.5526
vn 0.0061 0.3787 -0.9255
vn 0.0000 0.3782 -0.9257
vn 0.0487 -0.6761 0.7352
vn 0.0976 -0.6829 0.7240
vn 0.0612 -0.9479 0.3127
vn 0.0610 -0.6776 0.7329
vn 0.0795 -0.9968 0.0099
vn 0.0793 -0.8359 -0.5431
vn 0.0671 -0.8353 -0.5457
vn 0.0000 -0.2687 -0.9632
vn 0.0122 -0.2686 -0.9632
vn 0.0975 -0.8346 -0.5422
vn 0.1346 -0.9909 -0.0000
vn 0.0976 -0.9518 0.2908
vn 0.4242 0.1038 0.8996
vn 0.8186 0.2810 0.5009
vn 0.1254 0.9912 -0.0421
vn -0.0609 0.7919 -0.6076
vn 0.0426 0.9987 -0.0282
vn 0.0244 -0.1221 0.9922
vn 0.0794 0.8306 -0.5512
vn 0.0549 0.3661 -0.9290
vn 0.0609 -0.9507 0.3041
vn 0.0856 -0.9963 0.0061
vn 0.0427 -0.2502 -0.9673
vn -0.0000 -0.9736 0.2282
vn 0.0000 0.5990 -0.8007
vn -0.0000 0.0000 1.0000
vn 0.0000 0.4152 -0.9097
vn 0.7732 0.5891 -0.2345
vn 0.5264 -0.7834 -0.3305
vn 0.4151 0.0610 -0.9077
vn 0.5858 -0.7628 -0.2738
vn 0.6823 0.6458 -0.3427
vn 0.8290 -0.1585 -0.5364
vn 0.3221 -0.6106 0.7235
vn -0.1021 -0.9755 -0.1951
vn -0.2838 -0.9347 -0.2140
vn 0.0244 0.9893 0.1435
vn 0.0191 0.9911 0.1315
vn 0.0796 0.9792 0.1867
vn -0.1027 0.9438 0.3141
vn -0.3926 0.6967 0.6004
vn -0.7460 -0.6617 0.0751
vn -0.9219 -0.1465 0.3587
vn 0.1335 -0.9888 0.0671
vn 0.0529 -0.9984 -0.0183
vn 0.0680 -0.9905 -0.1192
vn 0.0491 -0.9811 -0.1870
vn 0.0106 -0.9858 -0.1673
vn 0.0000 0.9932 0.1165
vn -0.0000 -0.9990 -0.0457
vn -0.0000 -0.9971 -0.0760
vn 0.8203 -0.4633 0.3353
vn 0.4675 -0.8440 0.2630
vn 0.9159 0.0610 0.3967
vn -0.0306 -0.9071 0.4198
vn 0.7462 0.5252 0.4092
vn -0.4632 -0.7583 0.4587
vn -0.4051 -0.4028 0.8208
vn -0.7337 -0.3909 0.5558
vn -0.4792 0.1465 0.8654
vn -0.8192 0.1098 0.5629
vn -0.3688 0.6842 0.6292
vn -0.5918 0.6223 0.5125
vn -0.2319 0.8639 0.4471
vn 0.1273 0.9081 0.3988
vn 0.4186 0.8159 0.3988
vn 0.1564 0.0244 0.9874
vn 0.1011 -0.9728 -0.2082
vn -0.4699 -0.8817 -0.0429
vn -0.1349 0.9690 0.2070
vn -0.3658 0.7837 0.5020
vn -0.8088 0.0244 0.5875
vn 0.0000 0.9883 0.1525
vn -0.0000 -0.9934 -0.1150
vn -0.0000 -0.0244 0.9997
vn 0.4786 -0.7829 0.3976
vn 0.7445 -0.3661 0.5583
vn 0.2243 -0.5615 0.7965
vn 0.3862 -0.0611 0.9204
vn 0.3311 0.0366 0.9429
vn 0.1664 0.3419 0.9249
vn 0.0000 0.8555 -0.5179
vn 0.0000 0.9803 -0.1976
vn 0.0000 0.9961 0.0886
vn -0.0000 0.9597 0.2809
vn 0.8843 -0.2607 0.3873
vn 0.5279 -0.2823 0.8010
vn -0.8524 -0.5189 0.0645
vn -0.6869 -0.5770 0.4419
vn -0.5481 -0.4901 -0.6778
vn -0.2180 -0.0122 0.9759
vn -0.1716 -0.1832 0.9680
vn -0.6690 0.5865 0.4567
vn -0.4166 0.7093 0.5687
vn -0.4115 0.8445 0.3427
vn -0.6450 0.6953 0.3171
vn -0.4269 -0.7055 0.5657
vn -0.5372 -0.7825 0.3148
vn -0.8716 -0.3908 0.2961
vn -0.7192 -0.3784 0.5828
vn -0.9403 0.0854 0.3296
vn -0.7998 0.0977 0.5922
vn -0.2859 0.3903 0.8752
vn -0.4470 0.2929 0.8452
vn -0.3192 -0.0367 0.9470
vn -0.2027 -0.0854 0.9755
vn -0.5429 0.5261 0.6546
vn -0.1688 0.5607 0.8106
vn -0.1437 0.8151 0.5612
vn -0.7486 0.4635 0.4742
vn -0.7574 0.2932 0.5834
vn -0.6281 0.2073 0.7500
vn -0.6568 0.5010 0.5636
vn -0.4854 0.1343 0.8639
vn -0.1084 0.0611 0.9922
vn -0.1557 -0.1344 0.9786
vn -0.5416 -0.0122 0.8406
vn -0.6954 0.2318 0.6802
vn -0.7989 0.4269 0.4238
vn -0.6597 0.5131 0.5490
vn -0.5864 0.3176 0.7452
vn -0.4393 0.5492 0.7109
vn -0.5096 0.4638 0.7247
vn -0.6646 0.3415 0.6646
vn -0.5560 0.6109 0.5636
vn -0.3847 0.2443 0.8901
vn -0.3878 0.2809 0.8779
vn -0.3083 -0.2930 0.9050
vn -0.3845 0.0000 0.9231
vn -0.2687 -0.0489 0.9620
vn 0.0427 -0.2930 0.9552
vn -0.4853 0.0488 0.8730
vn -0.3665 -0.0611 0.9284
vn -0.5680 -0.4635 0.6801
vn -0.2612 0.1711 0.9500
vn -0.5290 0.1221 0.8398
vn -0.8244 0.4152 0.3847
vn -0.7529 0.4642 0.4665
vn -0.7554 0.5250 0.3922
vn -0.8525 0.4278 0.3006
vn -0.7442 0.5612 0.3622
vn -0.7968 0.5373 0.2763
vn -0.8470 0.5119 0.1432
vn -0.7169 0.5857 0.3783
vn -0.9701 -0.1464 0.1937
vn -0.9130 0.1221 0.3893
vn -0.9063 0.3173 0.2792
vn -0.6533 -0.0122 0.7570
vn -0.7146 -0.3543 0.6032
vn -0.2718 -0.3421 0.8995
vn -0.0977 -0.1221 0.9877
vn -0.2098 0.9488 0.2361
vn -0.4473 0.7304 0.5162
vn -0.0855 0.9531 0.2902
vn -0.1160 0.9893 0.0889
vn -0.7187 0.4404 0.5381
vn -0.9946 -0.0610 0.0845
vn -0.8643 -0.5009 -0.0455
vn -0.8422 -0.5249 0.1232
vn -0.2136 0.0244 0.9766
vn -0.1370 -0.6366 0.7590
vn -0.2866 -0.6342 0.7181
vn -0.5266 -0.0488 0.8487
vn -0.3295 -0.5370 0.7765
vn -0.3697 -0.4155 0.8311
vn -0.3935 -0.5735 0.7185
vn -0.7170 -0.1709 0.6758
vn -0.6209 -0.6729 0.4022
vn -0.7749 -0.2319 0.5880
vn -0.9193 -0.1222 0.3741
vn -0.8312 -0.4645 -0.3056
vn -0.8114 -0.4759 -0.3394
vn -0.8721 0.4635 -0.1570
vn -0.9531 0.2688 0.1394
vn -0.9987 -0.0244 -0.0449
vn -0.9889 -0.0855 -0.1213
vn -0.8006 0.5867 0.1215
vn -0.8781 0.4757 0.0511
vn -0.8788 0.2563 0.4025
vn -0.8856 0.2565 0.3871
vn -0.9819 0.1464 0.1204
vn -0.9405 -0.0611 -0.3344
vn -0.8565 0.3414 -0.3871
vn -0.9124 0.4028 -0.0725
vn -0.5005 0.8545 -0.1389
vn -0.9044 0.3055 -0.2979
vn -0.9196 0.3544 0.1696
vn -0.4894 0.7953 0.3579
vn -0.9338 -0.2197 -0.2823
vn -0.7196 -0.5367 -0.4406
vn -0.8909 -0.1587 -0.4256
vn 0.1858 0.9746 -0.1249
vn 0.1133 0.9797 0.1653
vn -0.0878 0.9775 -0.1917
vn 0.3123 0.9383 -0.1485
vn -0.3663 -0.5006 -0.7844
vn -0.5867 -0.3300 -0.7395
vn -0.3973 -0.6112 -0.6845
vn -0.9183 -0.2197 -0.3295
vn -0.5737 -0.6103 -0.5462
vn -0.1189 -0.3172 -0.9409
vn -0.1191 -0.2199 -0.9682
vn -0.1405 -0.1588 -0.9773
vn -0.2409 -0.2196 -0.9454
vn -0.1510 0.2562 -0.9548
vn -0.5459 0.3538 -0.7594
vn -0.4789 -0.1098 -0.8709
vn 0.1664 -0.0122 -0.9860
vn -0.6373 0.2318 -0.7349
vn -0.5162 0.5743 -0.6354
vn -0.0762 -0.1098 -0.9910
vn 0.0396 -0.2438 -0.9690
vn 0.3512 0.6719 -0.6521
vn -0.1252 0.8427 -0.5236
vn -0.1944 0.5856 -0.7869
vn -0.2685 0.4271 -0.8634
vn -0.1871 0.3543 -0.9162
vn -0.1329 0.1222 -0.9836
vn -0.3793 0.5118 0.7708
vn -0.7826 0.3784 0.4943
vn -0.5673 0.5002 0.6542
vn -0.2400 -0.7191 0.6521
vn -0.3281 -0.5127 0.7934
vn -0.4089 -0.1831 0.8940
vn -0.3303 -0.6117 0.7188
vn -0.6550 0.5971 0.4631
vn -0.7412 0.3538 0.5704
vn -0.6224 0.0854 0.7780
vn -0.7307 0.2930 0.6166
vn -0.3281 -0.2198 0.9187
vn -0.4554 -0.1587 0.8760
vn -0.3749 0.7685 0.5185
vn -0.4261 0.8415 0.3323
vn -0.7227 0.5616 0.4029
vn -0.5864 0.3050 0.7504
vn -0.5897 0.7562 0.2836
vn -0.5300 0.7433 0.4082
vn -0.6413 0.6710 0.3721
vn -0.4979 0.7455 0.4431
vn -0.4178 0.8429 0.3390
vn -0.4602 -0.2196 0.8602
vn -0.7850 0.0610 0.6164
vn -0.6397 -0.3054 0.7054
vn -0.5066 0.5005 0.7020
vn 0.2624 0.3051 -0.9154
vn 0.2192 0.8281 -0.5160
vn -0.4024 -0.0977 0.9102
vn -0.6981 0.2319 0.6774
vn -0.4194 0.4398 0.7941
vn -0.7075 0.6357 0.3087
vn -0.7158 0.0977 0.6914
vn -0.3306 -0.2681 0.9049
vn -0.3678 0.3663 0.8547
vn -0.1252 0.4029 0.9066
vn -0.3840 0.3048 0.8716
vn -0.2257 0.4148 0.8815
vn -0.3540 0.0488 0.9340
vn -0.3911 -0.1711 0.9043
vn -0.1254 0.1952 0.9727
vn -0.3083 -0.4400 0.8434
vn 0.0084 -0.9291 0.3698
vn -0.1366 -0.6351 0.7603
vn 0.1447 -0.7309 0.6670
vn -0.3053 -0.2809 0.9099
vn -0.2383 -0.3299 0.9134
vn -0.2213 -0.1343 0.9659
vn -0.3847 -0.0855 0.9191
vn -0.3134 -0.3294 0.8907
vn -0.1922 0.0854 0.9776
vn -0.3236 0.0733 0.9433
vn -0.1236 0.4272 0.8957
vn -0.1588 0.3788 0.9118
vn -0.1260 0.6107 0.7817
vn -0.0168 0.7456 0.6662
vn 0.2066 0.9024 0.3781
vn 0.0115 0.7341 0.6790
vn -0.1954 0.8303 0.5220
vn -0.1276 0.9480 0.2917
vn -0.2932 0.7574 0.5834
vn -0.5178 0.7954 0.3151
vn -0.4747 0.8290 0.2956
vn -0.2224 0.8191 0.5288
vn -0.7946 0.1343 0.5921
vn -0.7371 0.6104 0.2900
vn -0.3044 -0.5980 0.7414
vn -0.7865 -0.3051 0.5370
vn -0.5411 -0.7460 0.3883
vn -0.7972 0.5856 0.1464
vn -0.4411 0.8815 0.1683
vn -0.4575 0.8389 0.2948
vn -0.7538 0.5853 0.2988
vn -0.1919 -0.9484 0.2523
vn -0.2544 0.2689 0.9290
vn -0.2035 -0.0853 0.9754
vn -0.1456 -0.0488 0.9881
vn -0.2572 -0.1221 0.9586
vn -0.2184 -0.3177 0.9227
vn -0.2071 -0.9694 -0.1319
vn -0.1908 -0.1221 0.9740
vn -0.3459 -0.1344 0.9286
vn -0.1581 -0.3177 0.9349
vn -0.1701 -0.1709 0.9705
vn -0.3250 -0.0732 0.9429
vn -0.3117 -0.2812 0.9076
vn -0.2834 0.4889 0.8250
vn -0.3505 0.5487 0.7590
vn -0.4275 -0.0122 0.9039
vn -0.4209 -0.2318 0.8770
vn -0.4513 -0.0244 0.8920
vn -0.4090 -0.1954 0.8914
vn 0.0336 -0.2810 0.9591
vn 0.0671 -0.1830 0.9808
vn -0.1037 -0.4147 0.9040
vn 0.0946 0.2686 0.9586
vn -0.1723 -0.1342 0.9759
vn -0.3205 0.5005 0.8042
vn -0.0705 -0.9633 -0.2591
vn -0.0285 -0.9127 -0.4077
vn -0.1667 -0.9544 -0.2478
vn -0.4179 -0.2196 0.8815
vn -0.2929 -0.4638 0.8361
vn -0.5094 -0.0244 0.8602
vn 0.3648 -0.2687 0.8915
vn -0.1425 0.4524 0.8804
vn -0.4560 0.3660 0.8113
vn -0.7740 0.0733 0.6290
vn -0.7726 0.2321 0.5909
vn -0.1831 -0.2320 0.9553
vn -0.9360 -0.2195 0.2752
vn -0.7811 -0.5859 0.2159
vn -0.8396 -0.1832 0.5114
vn -0.9637 0.2318 0.1327
vn -0.9896 0.1222 0.0756
vn -0.9810 0.1834 0.0635
vn -0.9828 0.1831 -0.0252
vn -0.9408 0.2199 -0.2581
vn -0.8576 0.4151 -0.3037
vn -0.1190 0.2808 -0.9523
vn 0.2287 -0.3415 -0.9116
vn -0.2963 0.1466 -0.9438
vn -0.2448 0.7712 -0.5876
vn 0.1863 0.6474 -0.7390
vn -0.5864 0.7574 -0.2871
vn -0.8821 0.4395 0.1694
vn 0.3619 0.8550 0.3714
vn -0.0916 0.6838 0.7239
vn -0.5679 0.3908 0.7244
vn -0.7803 0.1219 0.6134
vn -0.7819 0.0489 0.6215
vn -0.9651 -0.1710 0.1985
vn -0.9253 -0.2565 -0.2794
vn -0.5133 -0.2933 -0.8066
vn 0.2811 -0.1344 -0.9502
vn 0.6086 0.0732 -0.7901
vn 0.7747 0.3423 -0.5317
vn 0.7139 0.6863 -0.1394
vn -0.2056 0.8222 0.5308
vn 0.3130 0.9083 0.2777
vn 0.2300 0.9568 0.1779
vn -0.2571 0.8202 0.5111
vn -0.6594 0.5251 0.5380
vn -0.5955 0.5619 0.5741
vn -0.8428 0.2321 0.4855
vn -0.7930 0.1708 0.5848
vn -0.8217 0.1711 0.5437
vn -0.9551 -0.1343 -0.2640
vn -0.9562 -0.0244 0.2917
vn -0.9920 0.1099 0.0626
vn -0.9126 0.0488 -0.4059
vn -0.5010 -0.1100 -0.8584
vn -0.6071 0.0000 -0.7947
vn 0.0823 0.0122 -0.9965
vn -0.1100 0.0367 -0.9933
vn 0.4518 0.1099 -0.8853
vn 0.2200 0.2077 -0.9531
vn 0.5623 0.5501 -0.6174
vn 0.6892 0.4391 -0.5764
vn 0.5319 0.8070 -0.2568
vn 0.6362 0.7463 -0.1957
vn -0.6355 0.2957 -0.7132
vn -0.9755 -0.0031 -0.2198
vn -0.6843 0.7271 0.0550
vn -0.5931 -0.5946 -0.5428
vn -0.5837 0.5256 0.6189
vn -0.4470 0.5370 0.7155
vn -0.7653 0.4208 0.4871
vn -0.6281 0.4696 0.6205
vn -0.5315 0.4521 0.7163
vn -0.4843 0.4568 0.7462
vn -0.2274 0.4884 0.8425
vn -0.1335 0.6592 0.7400
vn -0.2082 0.9064 0.3675
vn -0.5394 0.5120 0.6685
vn -0.4817 0.6219 -0.6174
vn -0.0091 0.9990 0.0426
vn -0.2932 -0.0122 -0.9560
vn -0.5284 0.0489 -0.8476
vn -0.1610 0.0488 -0.9857
vn -0.1677 0.1951 -0.9663
vn -0.2427 0.1832 0.9526
vn -0.2503 0.3235 0.9125
vn -0.5167 0.4035 0.7551
vn -0.6984 0.3843 0.6038
vn -0.7526 0.3352 0.5668
vn -0.5196 0.2628 0.8130
vn -0.8654 0.3364 0.3715
vn -0.2668 0.0183 0.9636
vn -0.5590 0.0855 0.8247
vn -0.8237 0.1525 0.5461
vn -0.9162 0.2382 0.3222
vn -0.9004 0.2991 0.3159
vn -0.9418 0.3353 0.0240
vn -0.9565 0.2873 0.0508
vn -0.8698 0.4395 -0.2243
vn -0.9316 0.2505 -0.2634
vn -0.9678 0.1954 0.1588
vn -0.6529 -0.4027 0.6415
vn -0.8656 -0.4877 0.1135
vn -0.9222 0.3481 -0.1683
vn -0.8080 -0.0793 -0.5839
vn -0.7765 -0.6237 -0.0894
vn -0.5338 -0.5856 -0.6100
vn -0.8150 0.1648 -0.5555
vn -0.8018 0.1585 -0.5762
vn -0.4916 0.2076 -0.8457
vn -0.4973 0.0854 -0.8634
vn -0.2686 0.0244 -0.9629
vn -0.2381 0.2320 -0.9431
vn -0.4242 0.1770 -0.8881
vn -0.0825 -0.1954 -0.9772
vn -0.1821 0.2621 -0.9477
vn -0.1940 0.2444 -0.9501
vn -0.1898 0.1890 -0.9635
vn -0.4774 0.4027 -0.7810
vn -0.1891 0.1952 -0.9624
vn -0.1252 0.2931 -0.9479
vn -0.1007 0.3297 -0.9387
vn -0.2719 -0.3606 0.8922
vn -0.5674 -0.2105 0.7961
vn -0.8268 -0.0366 0.5613
vn -0.9383 0.1467 0.3133
vn -0.9909 0.1281 -0.0414
vn -0.9481 0.0793 -0.3079
vn -0.8147 0.0427 -0.5783
vn -0.5188 -0.2045 -0.8301
vn -0.7850 -0.3024 -0.5407
vn -0.6773 0.7261 -0.1190
vn -0.9862 -0.0122 0.1649
vn -0.2729 -0.6586 0.7013
vn -0.5458 -0.5062 0.6678
vn -0.7448 -0.2320 0.6257
vn -0.9940 0.0000 -0.1094
vn -0.9438 0.0367 0.3284
vn -0.9502 -0.0489 -0.3078
vn -0.8325 -0.1830 -0.5230
vn -0.5817 -0.4568 -0.6730
vn -0.5713 -0.7515 -0.3299
vn -0.6305 -0.7542 -0.1832
vn -0.9927 -0.0854 0.0854
vn -0.1467 -0.7579 -0.6357
vn -0.5070 -0.3787 -0.7743
vn -0.7597 -0.2075 -0.6163
vn -0.9247 -0.1038 -0.3662
vn -0.9882 -0.0610 -0.1403
vn -0.9263 -0.1127 0.3595
vn -0.6344 -0.3111 0.7076
vn -0.3815 -0.3632 0.8500
vn -0.0229 -0.5616 0.8271
vn 0.2516 -0.7440 -0.6190
vn 0.4387 -0.8453 -0.3051
vn -0.3571 -0.8435 0.4013
vn -0.0549 -0.8631 0.5020
vn -0.0733 -0.2291 0.9706
vn -0.5464 -0.2721 0.7921
vn 0.4928 -0.8388 0.2312
vn 0.8086 -0.3330 0.4851
vn 0.4014 -0.2573 0.8790
vn 0.2350 -0.8583 0.4562
vn 0.5616 -0.8269 0.0293
vn 0.8789 -0.4730 0.0614
vn 0.8264 -0.4452 0.3446
vn 0.8512 0.1430 0.5049
vn 0.3906 -0.8197 -0.4189
vn 0.5905 -0.5325 -0.6065
vn 0.8145 -0.5094 -0.2776
vn 0.5447 -0.8161 -0.1930
vn -0.8366 -0.3519 -0.4198
vn -0.4668 -0.8371 -0.2853
vn -0.5676 -0.8217 -0.0524
vn -0.9418 -0.3345 -0.0348
vn -0.8822 -0.3427 0.3228
vn -0.5616 -0.8183 0.1228
vn -0.1495 -0.5325 -0.8331
vn -0.3568 -0.2287 -0.9057
vn -0.7261 -0.1495 -0.6712
vn 0.3012 -0.7870 0.5384
vn 0.5213 -0.8533 0.0126
vn -0.1556 -0.1403 0.9778
vn 0.2456 -0.2960 0.9231
vn -0.5128 -0.1648 0.8425
vn -0.9055 -0.1738 0.3872
vn -0.9843 -0.1036 -0.1427
vn 0.6539 -0.5905 0.4730
vn 0.8428 -0.5354 0.0542
vn 0.2382 -0.4091 0.8809
vn -0.1527 -0.2687 0.9511
vn 0.8253 -0.4775 -0.3013
vn 0.5403 -0.4884 -0.6853
vn 0.1099 -0.4212 -0.9003
vn -0.2928 -0.2562 -0.9212
vn -0.6626 -0.1313 -0.7374
vn -0.9091 -0.1068 -0.4027
vn -0.9157 -0.1435 -0.3754
vn -0.9850 -0.1464 -0.0919
vn -0.8913 -0.1892 0.4121
vn -0.5373 -0.1710 0.8259
vn -0.8944 -0.2076 0.3961
vn -0.5276 -0.1830 0.8295
vn -0.9786 -0.1921 -0.0739
vn -0.9074 -0.1482 -0.3933
vn -0.6533 -0.1511 -0.7418
vn -0.9099 -0.1130 -0.3992
vn 0.1479 -0.4392 -0.8861
vn -0.2652 -0.2911 -0.9192
vn 0.8454 -0.5310 0.0580
vn 0.8273 -0.4789 -0.2936
vn 0.6647 -0.5892 0.4594
vn 0.2640 -0.4197 0.8684
vn -0.0671 0.2670 0.9613
vn 0.4822 0.1167 0.8683
vn 0.2820 -0.4635 0.8400
vn -0.1190 -0.3661 0.9229
vn -0.1251 -0.2838 0.9507
vn -0.9857 -0.1480 -0.0810
vn -0.4640 -0.4113 -0.7845
vn -0.6346 -0.1907 -0.7490
vn -0.2380 -0.3204 -0.9169
vn -0.0550 -0.4732 -0.8792
vn 0.3130 -0.5260 -0.7908
vn 0.1694 -0.4578 -0.8728
vn 0.5442 -0.5198 -0.6585
vn 0.8085 -0.5156 -0.2837
vn -0.9054 -0.3315 0.2652
vn -0.9193 -0.0179 0.3932
vn -0.0549 0.5262 0.8486
vn 0.3937 0.4509 0.8011
vn -0.0549 -0.8398 -0.5401
vn -0.2960 -0.8396 -0.4554
vn 0.1862 -0.8339 -0.5196
vn -0.0031 -1.0000 -0.0046
vn -0.7106 0.7015 0.0549
vn -0.7131 0.6475 0.2688
vn -0.9935 -0.0458 0.1038
vn -0.6326 -0.7729 0.0488
vn -0.5998 -0.7082 0.3724
vn -0.6104 0.1732 0.7729
vn -0.5219 0.4105 0.7477
vn 0.0671 0.3906 0.9181
vn -0.0733 -0.4641 0.8828
vn -0.4765 -0.0244 0.8789
vn -0.1769 0.5124 0.8403
vn -0.2010 -0.9746 0.0992
vn -0.2014 -0.9398 0.2761
vn -0.2434 0.9373 -0.2495
vn 0.1159 0.6100 -0.7839
vn -0.6117 0.6239 -0.4863
vn -0.2687 0.2077 -0.9406
vn -0.4402 0.8926 0.0974
vn -0.7425 0.6695 -0.0236
vn -0.7766 0.6067 0.1699
vn -0.6940 0.5357 -0.4809
vn -0.0731 0.9505 0.3020
vn -0.6468 0.6101 -0.4576
vn -0.5000 0.6829 -0.5326
vn -0.1464 0.9395 0.3096
vn -0.7560 0.5609 0.3372
vn -0.8025 0.5472 -0.2379
vn -0.1344 -0.5130 0.8478
vn -0.5513 -0.7350 0.3947
vn -0.2928 -0.6465 0.7045
vn -0.3667 -0.9105 -0.1910
vn -0.4150 -0.9094 -0.0275
vn -0.4864 -0.8634 -0.1338
vn -0.6223 -0.7687 0.1479
vn -0.5376 -0.8431 0.0122
vn -0.6330 -0.7548 -0.1720
vn -0.5003 -0.5491 -0.6695
vn -0.7039 -0.6675 -0.2427
vn -0.0122 -0.6358 0.7718
vn -0.1220 -0.1708 0.9777
vn -0.7705 -0.0978 0.6299
vn -0.3918 -0.8326 0.3914
vn -0.9508 -0.0853 -0.2979
vn -0.7672 -0.6089 -0.2019
vn -0.2807 -0.2685 -0.9215
vn -0.9565 -0.0858 -0.2790
vn -0.8693 -0.1714 -0.4637
vn -0.9658 -0.1467 0.2139
vn -0.9803 -0.1961 0.0222
vn -0.8765 -0.1461 0.4588
vn -0.9635 -0.1586 -0.2157
vn -0.1831 -0.1221 0.9755
vn 0.1159 -0.1281 0.9850
vn -0.5862 0.2443 0.7725
vn -0.1404 -0.6347 0.7599
vn -0.1282 0.2809 0.9511
vn -0.6170 -0.6536 0.4383
vn -0.8611 -0.0794 0.5023
vn -0.0613 0.8579 -0.5101
vn -0.0859 0.9936 -0.0728
vn -0.0919 0.9930 -0.0736
vn -0.0977 0.8426 -0.5297
vn -0.0548 0.8894 -0.4538
vn -0.1224 0.9914 -0.0467
vn 0.0549 0.4151 -0.9081
vn -0.0549 0.8900 0.4526
vn -0.0790 0.9120 0.4024
vn -0.0853 0.9378 -0.3365
vn -0.2016 0.9775 0.0626
vn 0.0915 0.5123 -0.8539
vn -0.0183 0.6949 0.7189
vn 0.1281 0.5247 0.8416
vn -0.1406 0.9044 0.4028
vn 0.3052 -0.0855 0.9484
vn -0.0244 -0.1953 0.9804
vn 0.2013 0.4393 0.8755
vn 0.5554 -0.0122 0.8315
vn -0.1281 -0.7076 0.6949
vn 0.4453 -0.7442 0.4979
vn 0.2192 0.5724 0.7901
vn 0.6102 0.0305 0.7917
vn 0.6777 0.0916 0.7296
vn 0.2618 0.6332 0.7283
vn 0.5373 -0.6228 0.5686
vn 0.6330 -0.6330 0.4458
vn -0.4931 0.6818 0.5403
vn 0.1827 0.5237 0.8321
vn -0.9854 0.1653 -0.0405
vn -0.0183 -0.3539 -0.9351
vn -0.0122 -0.3052 -0.9522
vn 0.0061 -0.4454 -0.8953
vn -0.1160 -0.5375 -0.8352
vn -0.1527 -0.8733 -0.4626
vn -0.1221 -0.8488 -0.5145
vn -0.1710 -0.9038 -0.3924
vn -0.1713 -0.9849 -0.0237
vn -0.2195 -0.9756 0.0091
vn -0.2324 -0.9725 -0.0115
vn -0.1826 -0.9740 -0.1339
vn -0.0732 -0.9880 0.1357
vn 0.0367 -0.9909 -0.1292
vn -0.6165 -0.7874 -0.0061
vn -0.5234 -0.8034 0.2840
vn -0.7444 -0.6651 -0.0595
vn -0.7031 -0.5992 -0.3829
vn -0.4151 -0.9095 -0.0206
vn -0.3295 -0.8971 -0.2944
vn -0.5361 0.6702 0.5133
vn -0.9926 0.1096 0.0518
vn -0.5127 -0.8119 -0.2793
vn -0.5514 -0.8332 -0.0429
vn 0.4273 0.2930 0.8553
vn 0.3906 0.4028 0.8277
vn 0.4508 -0.5727 0.6847
vn 0.3423 -0.6357 0.6919
vn 0.0244 -0.4026 -0.9150
vn -0.5735 0.6711 0.4698
vn -0.0244 0.4641 0.8854
vn -0.0608 0.8759 0.4787
vn -0.1828 -0.9447 0.2722
vn -0.2074 0.4759 0.8547
vn -0.3177 0.6110 0.7251
vn -0.4014 0.8516 0.3372
vn -0.4508 -0.7067 -0.5453
vn 0.1222 -0.9834 0.1340
vn -0.3190 0.9447 0.0763
vn -0.2440 0.5855 0.7731
vn -0.0978 0.9415 -0.3225
vn 0.1346 0.5383 -0.8319
vn -0.8047 -0.5913 -0.0527
vn 0.0975 -0.6096 0.7867
vn 0.2807 0.3173 0.9058
vn -0.1226 0.9192 0.3742
vn -0.8161 0.5116 -0.2688
vn 0.6290 0.1160 0.7687
vn 0.5818 -0.6185 0.5282
vn -0.5496 0.0366 -0.8346
vn 0.1709 0.0000 0.9853
vn -0.4525 -0.5626 0.6919
vn -0.1588 -0.4274 -0.8900
vn -0.9513 -0.0366 0.3062
vn -0.5009 0.0000 -0.8655
vn 0.0977 0.0000 0.9952
vn -0.1829 0.8778 0.4427
vn 0.0122 0.8550 0.5185
vn -0.2987 0.5730 0.7632
vn -0.0668 0.9965 -0.0494
vn -0.0550 0.8676 0.4942
vn -0.0122 0.8666 0.4988
vn -0.0244 0.9987 -0.0457
vn -0.0305 0.3906 0.9201
vn -0.0244 -0.1526 0.9880
vn 0.0000 -0.1343 0.9909
vn -0.0122 0.3906 0.9205
vn -0.0548 0.8398 -0.5401
vn -0.0306 0.8321 -0.5537
vn -0.0061 0.3782 -0.9257
vn 0.0061 0.3902 -0.9207
vn -0.0915 -0.6831 0.7246
vn -0.0427 -0.6826 0.7295
vn -0.0610 -0.6776 0.7329
vn -0.0612 -0.9478 0.3128
vn -0.0795 -0.9968 0.0099
vn -0.0794 -0.8366 -0.5420
vn -0.0670 -0.8346 -0.5468
vn -0.1037 -0.8355 -0.5397
vn -0.0122 -0.2747 -0.9615
vn 0.0061 -0.2626 -0.9649
vn -0.1346 -0.9909 -0.0008
vn -0.1037 -0.9512 0.2908
vn -0.8180 0.2808 0.5021
vn -0.4212 0.1099 0.9003
vn -0.1224 0.9916 -0.0421
vn 0.0583 0.7972 -0.6009
vn -0.0426 0.9987 -0.0297
vn -0.0183 -0.1221 0.9924
vn -0.0795 0.8313 -0.5501
vn -0.0549 0.3661 -0.9290
vn -0.0609 -0.9508 0.3038
vn -0.0916 -0.9958 0.0061
vn -0.0488 -0.2562 -0.9654
vn -0.7732 0.5891 -0.2345
vn -0.5264 -0.7834 -0.3305
vn -0.4152 0.0488 -0.9084
vn -0.5860 -0.7630 -0.2726
vn -0.8290 -0.1585 -0.5364
vn -0.6823 0.6458 -0.3427
vn -0.3234 -0.6103 0.7232
vn 0.2811 -0.9358 -0.2127
vn 0.1007 -0.9762 -0.1922
vn -0.0195 0.9903 0.1375
vn -0.0244 0.9898 0.1405
vn -0.0766 0.9800 0.1837
vn 0.1041 0.9432 0.3154
vn 0.3885 0.7069 0.5911
vn 0.7461 -0.6618 0.0735
vn 0.9227 -0.1342 0.3614
vn -0.1335 -0.9888 0.0671
vn -0.0491 -0.9811 -0.1870
vn -0.0680 -0.9905 -0.1192
vn -0.0529 -0.9984 -0.0183
vn -0.0107 -0.9863 -0.1644
vn -0.4682 -0.8445 0.2601
vn -0.8203 -0.4633 0.3353
vn -0.9159 0.0610 0.3967
vn 0.0314 -0.9059 0.4223
vn -0.7462 0.5252 0.4092
vn 0.4632 -0.7583 0.4587
vn 0.4026 -0.4148 0.8160
vn 0.7261 -0.4145 0.5486
vn 0.4792 0.1465 0.8654
vn 0.8163 0.1221 0.5646
vn 0.3695 0.6840 0.6290
vn 0.5918 0.6223 0.5125
vn 0.2301 0.8655 0.4449
vn -0.1240 0.9127 0.3894
vn -0.4173 0.8200 0.3917
vn -0.1564 0.0244 0.9874
vn 0.4699 -0.8817 -0.0429
vn -0.1011 -0.9728 -0.2082
vn 0.1350 0.9696 0.2040
vn 0.3618 0.7905 0.4941
vn 0.8085 0.0366 0.5873
vn -0.4789 -0.7827 0.3975
vn -0.7445 -0.3661 0.5583
vn -0.2243 -0.5615 0.7965
vn -0.3862 -0.0611 0.9204
vn -0.3297 0.0366 0.9434
vn -0.1632 0.3538 0.9210
vn -0.5281 -0.2809 0.8014
vn -0.8843 -0.2607 0.3873
vn 0.8524 -0.5189 0.0645
vn 0.6863 -0.5780 0.4415
vn 0.5466 -0.4916 -0.6779
# 2366 vertex normals

vt 0.5987 0.8061 0.0000
vt 0.5959 0.8246 0.0000
vt 0.5871 0.8207 0.0000
vt 0.5813 0.8130 0.0000
vt 0.5802 0.8034 0.0000
vt 0.5841 0.7945 0.0000
vt 0.5918 0.7888 0.0000
vt 0.6014 0.7877 0.0000
vt 0.6103 0.7915 0.0000
vt 0.6160 0.7993 0.0000
vt 0.6171 0.8089 0.0000
vt 0.6133 0.8177 0.0000
vt 0.6055 0.8235 0.0000
vt 0.5749 0.8360 0.0000
vt 0.5930 0.8439 0.0000
vt 0.5631 0.8201 0.0000
vt 0.5609 0.8005 0.0000
vt 0.5688 0.7824 0.0000
vt 0.5847 0.7706 0.0000
vt 0.6043 0.7684 0.0000
vt 0.6224 0.7762 0.0000
vt 0.6342 0.7921 0.0000
vt 0.6364 0.8118 0.0000
vt 0.6286 0.8299 0.0000
vt 0.6127 0.8417 0.0000
vt 0.5661 0.8472 0.0000
vt 0.5909 0.8580 0.0000
vt 0.5499 0.8254 0.0000
vt 0.5469 0.7984 0.0000
vt 0.5577 0.7735 0.0000
vt 0.5795 0.7574 0.0000
vt 0.6064 0.7543 0.0000
vt 0.6313 0.7651 0.0000
vt 0.6474 0.7869 0.0000
vt 0.6505 0.8139 0.0000
vt 0.6397 0.8388 0.0000
vt 0.6179 0.8549 0.0000
vt 0.5909 0.8595 0.0000
vt 0.5653 0.8484 0.0000
vt 0.5487 0.8260 0.0000
vt 0.5456 0.7983 0.0000
vt 0.5567 0.7727 0.0000
vt 0.5791 0.7561 0.0000
vt 0.6069 0.7529 0.0000
vt 0.6325 0.7640 0.0000
vt 0.6491 0.7865 0.0000
vt 0.6522 0.8142 0.0000
vt 0.6411 0.8398 0.0000
vt 0.6187 0.8564 0.0000
vt 0.9161 0.4616 0.0000
vt 0.9023 0.4682 0.0000
vt 0.8981 0.4604 0.0000
vt 0.9137 0.4549 0.0000
vt 0.9193 0.4685 0.0000
vt 0.9066 0.4750 0.0000
vt 0.9232 0.4748 0.0000
vt 0.9103 0.4819 0.0000
vt 0.9278 0.4804 0.0000
vt 0.9146 0.4892 0.0000
vt 0.9325 0.4852 0.0000
vt 0.9203 0.4962 0.0000
vt 0.9287 0.4570 0.0000
vt 0.9275 0.4522 0.0000
vt 0.9310 0.4621 0.0000
vt 0.9341 0.4671 0.0000
vt 0.9377 0.4714 0.0000
vt 0.9414 0.4747 0.0000
vt 0.9402 0.4548 0.0000
vt 0.9401 0.4521 0.0000
vt 0.9411 0.4577 0.0000
vt 0.9427 0.4605 0.0000
vt 0.9450 0.4626 0.0000
vt 0.9476 0.4642 0.0000
vt 0.9511 0.4542 0.0000
vt 0.2559 0.6980 0.0000
vt 0.2416 0.6927 0.0000
vt 0.2443 0.6843 0.0000
vt 0.2591 0.6916 0.0000
vt 0.2532 0.7051 0.0000
vt 0.2397 0.7006 0.0000
vt 0.2514 0.7123 0.0000
vt 0.2374 0.7080 0.0000
vt 0.2506 0.7195 0.0000
vt 0.2352 0.7162 0.0000
vt 0.2505 0.7262 0.0000
vt 0.2341 0.7252 0.0000
vt 0.2680 0.7038 0.0000
vt 0.2706 0.6997 0.0000
vt 0.2659 0.7090 0.0000
vt 0.2646 0.7147 0.0000
vt 0.2640 0.7203 0.0000
vt 0.2642 0.7253 0.0000
vt 0.2776 0.7106 0.0000
vt 0.2795 0.7086 0.0000
vt 0.2761 0.7132 0.0000
vt 0.2753 0.7163 0.0000
vt 0.2754 0.7194 0.0000
vt 0.2760 0.7224 0.0000
vt 0.2856 0.7180 0.0000
vt 0.3472 0.0529 0.0000
vt 0.3532 0.0775 0.0000
vt 0.3530 0.0569 0.0000
vt 0.2709 0.0577 0.0000
vt 0.2561 0.0592 0.0000
vt 0.2561 0.0775 0.0000
vt 0.2787 0.0585 0.0000
vt 0.2864 0.0560 0.0000
vt 0.2885 0.0775 0.0000
vt 0.2926 0.0558 0.0000
vt 0.3153 0.0542 0.0000
vt 0.3123 0.0484 0.0000
vt 0.3050 0.0461 0.0000
vt 0.2977 0.0482 0.0000
vt 0.3209 0.0775 0.0000
vt 0.3200 0.0530 0.0000
vt 0.3268 0.0531 0.0000
vt 0.3325 0.0558 0.0000
vt 0.3364 0.0529 0.0000
vt 0.3532 0.0571 0.0000
vt 0.8972 0.5840 0.0000
vt 0.0501 0.8081 0.0000
vt 0.0601 0.8224 0.0000
vt 0.0483 0.8264 0.0000
vt 0.0426 0.8109 0.0000
vt 0.1677 0.8709 0.0000
vt 0.1940 0.8897 0.0000
vt 0.1734 0.9224 0.0000
vt 0.1350 0.9010 0.0000
vt 0.0714 0.8173 0.0000
vt 0.0567 0.8050 0.0000
vt 0.0611 0.8038 0.0000
vt 0.0720 0.8111 0.0000
vt 0.0520 0.7908 0.0000
vt 0.0549 0.7905 0.0000
vt 0.1143 0.8526 0.0000
vt 0.1011 0.8302 0.0000
vt 0.1121 0.8253 0.0000
vt 0.1219 0.8431 0.0000
vt 0.1337 0.8652 0.0000
vt 0.1046 0.8897 0.0000
vt 0.1200 0.9124 0.0000
vt 0.1040 0.9266 0.0000
vt 0.0835 0.9018 0.0000
vt 0.1663 0.8410 0.0000
vt 0.1465 0.8508 0.0000
vt 0.1280 0.8295 0.0000
vt 0.1525 0.8225 0.0000
vt 0.1372 0.7660 0.0000
vt 0.1380 0.7838 0.0000
vt 0.1242 0.7833 0.0000
vt 0.1229 0.7690 0.0000
vt 0.1753 0.7938 0.0000
vt 0.1796 0.7658 0.0000
vt 0.2082 0.7665 0.0000
vt 0.2007 0.7992 0.0000
vt 0.1737 0.7418 0.0000
vt 0.1544 0.7648 0.0000
vt 0.1498 0.7489 0.0000
vt 0.2129 0.7481 0.0000
vt 0.1810 0.7090 0.0000
vt 0.1603 0.7243 0.0000
vt 0.1290 0.7041 0.0000
vt 0.1532 0.6900 0.0000
vt 0.1507 0.7105 0.0000
vt 0.1281 0.7237 0.0000
vt 0.0716 0.7216 0.0000
vt 0.0661 0.7118 0.0000
vt 0.0920 0.7151 0.0000
vt 0.0908 0.7328 0.0000
vt 0.0729 0.7308 0.0000
vt 0.2181 0.8065 0.0000
vt 0.2384 0.8179 0.0000
vt 0.2170 0.8547 0.0000
vt 0.2003 0.8383 0.0000
vt 0.2324 0.7747 0.0000
vt 0.2435 0.7472 0.0000
vt 0.2705 0.7523 0.0000
vt 0.2568 0.7849 0.0000
vt 0.2545 0.6809 0.0000
vt 0.2459 0.7251 0.0000
vt 0.2303 0.7069 0.0000
vt 0.2086 0.6896 0.0000
vt 0.1745 0.6884 0.0000
vt 0.1869 0.6658 0.0000
vt 0.2205 0.6661 0.0000
vt 0.2211 0.9069 0.0000
vt 0.2230 0.9351 0.0000
vt 0.2188 0.9546 0.0000
vt 0.1640 0.9388 0.0000
vt 0.2404 0.8728 0.0000
vt 0.2780 0.6917 0.0000
vt 0.2684 0.6521 0.0000
vt 0.2886 0.6602 0.0000
vt 0.1121 0.5556 0.0000
vt 0.1089 0.5833 0.0000
vt 0.0881 0.5725 0.0000
vt 0.1636 0.5818 0.0000
vt 0.1604 0.6120 0.0000
vt 0.1318 0.5962 0.0000
vt 0.2062 0.5970 0.0000
vt 0.1914 0.6331 0.0000
vt 0.2324 0.6390 0.0000
vt 0.2399 0.6052 0.0000
vt 0.2768 0.6173 0.0000
vt 0.3080 0.6681 0.0000
vt 0.3226 0.6286 0.0000
vt 0.3623 0.6500 0.0000
vt 0.3429 0.6835 0.0000
vt 0.2950 0.6995 0.0000
vt 0.3312 0.7148 0.0000
vt 0.3139 0.7648 0.0000
vt 0.3052 0.7837 0.0000
vt 0.3002 0.8041 0.0000
vt 0.2700 0.8326 0.0000
vt 0.3409 0.7812 0.0000
vt 0.3318 0.7645 0.0000
vt 0.3591 0.7631 0.0000
vt 0.3661 0.7785 0.0000
vt 0.9539 0.6028 0.0000
vt 0.9461 0.5990 0.0000
vt 0.9556 0.5795 0.0000
vt 0.9642 0.5825 0.0000
vt 0.3589 0.7292 0.0000
vt 0.3742 0.7023 0.0000
vt 0.3989 0.6746 0.0000
vt 0.9438 0.6086 0.0000
vt 0.9372 0.6057 0.0000
vt 0.2651 0.9338 0.0000
vt 0.2674 0.9540 0.0000
vt 0.4286 0.7002 0.0000
vt 0.4052 0.7300 0.0000
vt 0.5330 0.9377 0.0000
vt 0.5222 0.9360 0.0000
vt 0.5222 0.9196 0.0000
vt 0.5376 0.8997 0.0000
vt 0.4400 0.7570 0.0000
vt 0.4588 0.7337 0.0000
vt 0.5032 0.7872 0.0000
vt 0.4827 0.8046 0.0000
vt 0.3745 0.8261 0.0000
vt 0.3529 0.8240 0.0000
vt 0.3853 0.7696 0.0000
vt 0.3889 0.7606 0.0000
vt 0.9712 0.5855 0.0000
vt 0.9633 0.6097 0.0000
vt 0.5428 0.8349 0.0000
vt 0.5253 0.8525 0.0000
vt 0.4554 0.8388 0.0000
vt 0.4233 0.7830 0.0000
vt 0.2985 0.9186 0.0000
vt 0.3473 0.9249 0.0000
vt 0.3087 0.9483 0.0000
vt 0.3906 0.9026 0.0000
vt 0.3488 0.8906 0.0000
vt 0.4208 0.8674 0.0000
vt 0.4534 0.9156 0.0000
vt 0.4117 0.9407 0.0000
vt 0.1216 0.8785 0.0000
vt 0.1838 0.8260 0.0000
vt 0.2064 0.7262 0.0000
vt 0.0656 0.7086 0.0000
vt 0.0912 0.7025 0.0000
vt 0.0916 0.7088 0.0000
vt 0.0659 0.7102 0.0000
vt 0.0470 0.7500 0.0000
vt 0.0338 0.7456 0.0000
vt 0.0410 0.7316 0.0000
vt 0.0558 0.7378 0.0000
vt 0.0241 0.7355 0.0000
vt 0.0260 0.7257 0.0000
vt 0.0106 0.7328 0.0000
vt 0.0113 0.7209 0.0000
vt 0.0209 0.7567 0.0000
vt 0.0213 0.7493 0.0000
vt 0.0318 0.7537 0.0000
vt 0.0281 0.7611 0.0000
vt 0.0503 0.7659 0.0000
vt 0.0398 0.7575 0.0000
vt 0.0594 0.7540 0.0000
vt 0.0410 0.7781 0.0000
vt 0.0330 0.7855 0.0000
vt 0.0235 0.7727 0.0000
vt 0.0325 0.7645 0.0000
vt 0.0198 0.7686 0.0000
vt 0.0186 0.7434 0.0000
vt 0.0088 0.7421 0.0000
vt 0.0133 0.7611 0.0000
vt 0.0096 0.7533 0.0000
vt 0.0464 0.7204 0.0000
vt 0.0600 0.7266 0.0000
vt 0.0678 0.7434 0.0000
vt 0.3285 0.8844 0.0000
vt 0.9475 0.6102 0.0000
vt 0.0535 0.8058 0.0000
vt 0.0420 0.7915 0.0000
vt 0.0491 0.7911 0.0000
vt 0.0363 0.7937 0.0000
vt 0.0530 0.7782 0.0000
vt 0.1399 0.8019 0.0000
vt 0.1216 0.7984 0.0000
vt 0.1189 0.7557 0.0000
vt 0.1339 0.7523 0.0000
vt 0.1152 0.7439 0.0000
vt 0.1304 0.7403 0.0000
vt 0.1122 0.7115 0.0000
vt 0.1124 0.7293 0.0000
vt 0.0667 0.8734 0.0000
vt 0.0843 0.8644 0.0000
vt 0.0712 0.8202 0.0000
vt 0.0863 0.8099 0.0000
vt 0.0896 0.8150 0.0000
vt 0.0991 0.7987 0.0000
vt 0.1055 0.8004 0.0000
vt 0.1094 0.8008 0.0000
vt 0.1074 0.8006 0.0000
vt 0.1116 0.7839 0.0000
vt 0.1135 0.7836 0.0000
vt 0.1084 0.7723 0.0000
vt 0.1101 0.7720 0.0000
vt 0.1018 0.7611 0.0000
vt 0.1041 0.7603 0.0000
vt 0.0849 0.7529 0.0000
vt 0.0852 0.7505 0.0000
vt 0.0839 0.7599 0.0000
vt 0.0715 0.7622 0.0000
vt 0.0701 0.7597 0.0000
vt 0.0846 0.7552 0.0000
vt 0.0687 0.7572 0.0000
vt 0.0694 0.7584 0.0000
vt 0.0594 0.7686 0.0000
vt 0.0586 0.7682 0.0000
vt 0.0537 0.7784 0.0000
vt 0.0506 0.7910 0.0000
vt 0.0128 0.7124 0.0000
vt 0.0295 0.7147 0.0000
vt 0.0643 0.7152 0.0000
vt 0.0520 0.7109 0.0000
vt 0.0559 0.7791 0.0000
vt 0.0545 0.7787 0.0000
vt 0.0602 0.7690 0.0000
vt 0.0619 0.7698 0.0000
vt 0.0348 0.7066 0.0000
vt 0.1005 0.8602 0.0000
vt 0.0753 0.8413 0.0000
vt 0.0877 0.8360 0.0000
vt 0.0915 0.8233 0.0000
vt 0.1089 0.8153 0.0000
vt 0.0530 0.7059 0.0000
vt 0.0754 0.8269 0.0000
vt 0.0916 0.8183 0.0000
vt 0.0743 0.5969 0.0000
vt 0.0947 0.6068 0.0000
vt 0.0872 0.6161 0.0000
vt 0.0675 0.6065 0.0000
vt 0.1075 0.6261 0.0000
vt 0.1008 0.6357 0.0000
vt 0.0797 0.6255 0.0000
vt 0.1142 0.6166 0.0000
vt 0.1413 0.6302 0.0000
vt 0.1323 0.6387 0.0000
vt 0.1396 0.6872 0.0000
vt 0.1488 0.6693 0.0000
vt 0.1638 0.6667 0.0000
vt 0.1332 0.6591 0.0000
vt 0.1232 0.6472 0.0000
vt 0.1487 0.6524 0.0000
vt 0.0400 0.7013 0.0000
vt 0.0220 0.6923 0.0000
vt 0.0233 0.6903 0.0000
vt 0.0417 0.6993 0.0000
vt 0.0543 0.7047 0.0000
vt 0.1121 0.7034 0.0000
vt 0.1260 0.6844 0.0000
vt 0.1275 0.6942 0.0000
vt 0.1262 0.8105 0.0000
vt 0.1337 0.6720 0.0000
vt 0.0606 0.6162 0.0000
vt 0.0391 0.6052 0.0000
vt 0.0445 0.5944 0.0000
vt 0.0641 0.5592 0.0000
vt 0.0779 0.5374 0.0000
vt 0.1441 0.7351 0.0000
vt 0.1518 0.7864 0.0000
vt 0.1642 0.8122 0.0000
vt 0.1642 0.6457 0.0000
vt 0.0499 0.5837 0.0000
vt 0.2458 0.6771 0.0000
vt 0.2536 0.6467 0.0000
vt 0.2454 0.6070 0.0000
vt 0.2545 0.7207 0.0000
vt 0.2511 0.7253 0.0000
vt 0.2806 0.7262 0.0000
vt 0.3224 0.7415 0.0000
vt 0.3594 0.7500 0.0000
vt 0.5186 0.8935 0.0000
vt 0.5116 0.9133 0.0000
vt 0.4027 0.8027 0.0000
vt 0.4924 0.8846 0.0000
vt 0.5367 0.9843 0.0000
vt 0.5242 0.9586 0.0000
vt 0.4736 0.9527 0.0000
vt 0.4773 0.9339 0.0000
vt 0.4967 0.9431 0.0000
vt 0.4989 0.9484 0.0000
vt 0.4927 0.9220 0.0000
vt 0.4863 0.9136 0.0000
vt 0.5035 0.8942 0.0000
vt 0.3895 0.7476 0.0000
vt 0.4474 0.9590 0.0000
vt 0.4469 0.9324 0.0000
vt 0.2499 0.7292 0.0000
vt 0.8061 0.5700 0.0000
vt 0.8517 0.5864 0.0000
vt 0.8489 0.6099 0.0000
vt 0.8057 0.6040 0.0000
vt 0.8225 0.5350 0.0000
vt 0.8701 0.5550 0.0000
vt 0.8447 0.4950 0.0000
vt 0.8848 0.5259 0.0000
vt 0.8675 0.4634 0.0000
vt 0.9002 0.4970 0.0000
vt 0.9263 0.4350 0.0000
vt 0.9404 0.4647 0.0000
vt 0.9195 0.4703 0.0000
vt 0.9032 0.4404 0.0000
vt 0.9490 0.4334 0.0000
vt 0.9658 0.4585 0.0000
vt 0.9156 0.7376 0.0000
vt 0.9300 0.7193 0.0000
vt 0.9658 0.7440 0.0000
vt 0.9561 0.7721 0.0000
vt 0.8763 0.6983 0.0000
vt 0.8967 0.6875 0.0000
vt 0.8528 0.6642 0.0000
vt 0.8720 0.6535 0.0000
vt 0.8325 0.6360 0.0000
vt 0.8623 0.6295 0.0000
vt 0.8807 0.5913 0.0000
vt 0.9104 0.5960 0.0000
vt 0.9058 0.6065 0.0000
vt 0.8777 0.6083 0.0000
vt 0.8964 0.5674 0.0000
vt 0.9221 0.5809 0.0000
vt 0.9324 0.5552 0.0000
vt 0.9077 0.5420 0.0000
vt 0.9178 0.5237 0.0000
vt 0.9513 0.4947 0.0000
vt 0.9604 0.5299 0.0000
vt 0.9469 0.5292 0.0000
vt 0.9334 0.4974 0.0000
vt 0.9747 0.4910 0.0000
vt 0.9770 0.5308 0.0000
vt 0.9480 0.6915 0.0000
vt 0.9618 0.6588 0.0000
vt 0.9803 0.6744 0.0000
vt 0.9736 0.7125 0.0000
vt 0.9209 0.6660 0.0000
vt 0.9423 0.6414 0.0000
vt 0.9250 0.6268 0.0000
vt 0.8981 0.6391 0.0000
vt 0.9176 0.6169 0.0000
vt 0.8889 0.6221 0.0000
vt 0.9719 0.6245 0.0000
vt 0.8233 0.7744 0.0000
vt 0.8501 0.8480 0.0000
vt 0.7923 0.8199 0.0000
vt 0.9049 0.7832 0.0000
vt 0.9003 0.7716 0.0000
vt 0.7440 0.7809 0.0000
vt 0.7679 0.7106 0.0000
vt 0.7809 0.7093 0.0000
vt 0.2452 0.4308 0.0000
vt 0.2413 0.4152 0.0000
vt 0.2826 0.4094 0.0000
vt 0.2859 0.4242 0.0000
vt 0.3110 0.3657 0.0000
vt 0.3111 0.4106 0.0000
vt 0.2793 0.3659 0.0000
vt 0.1896 0.4283 0.0000
vt 0.1816 0.3786 0.0000
vt 0.2312 0.3708 0.0000
vt 0.1502 0.4432 0.0000
vt 0.1291 0.3985 0.0000
vt 0.3401 0.4298 0.0000
vt 0.3296 0.4195 0.0000
vt 0.3750 0.4269 0.0000
vt 0.3743 0.4315 0.0000
vt 0.4330 0.4520 0.0000
vt 0.4038 0.4426 0.0000
vt 0.4067 0.4397 0.0000
vt 0.4396 0.4421 0.0000
vt 0.4575 0.4573 0.0000
vt 0.4634 0.4391 0.0000
vt 0.4952 0.4428 0.0000
vt 0.4877 0.4654 0.0000
vt 0.5449 0.4813 0.0000
vt 0.5541 0.4597 0.0000
vt 0.5657 0.4293 0.0000
vt 0.6151 0.4459 0.0000
vt 0.6062 0.4758 0.0000
vt 0.1587 0.2823 0.0000
vt 0.1697 0.3325 0.0000
vt 0.1077 0.3499 0.0000
vt 0.0871 0.2952 0.0000
vt 0.2264 0.3253 0.0000
vt 0.2757 0.3233 0.0000
vt 0.2212 0.2766 0.0000
vt 0.2756 0.2767 0.0000
vt 0.3092 0.3234 0.0000
vt 0.0649 0.2141 0.0000
vt 0.1478 0.2072 0.0000
vt 0.2131 0.2156 0.0000
vt 0.2735 0.2276 0.0000
vt 0.3085 0.2380 0.0000
vt 0.3088 0.2764 0.0000
vt 0.3585 0.2430 0.0000
vt 0.3557 0.2777 0.0000
vt 0.4133 0.2394 0.0000
vt 0.4106 0.2751 0.0000
vt 0.7273 0.1599 0.0000
vt 0.7216 0.1072 0.0000
vt 0.7306 0.1275 0.0000
vt 0.7325 0.1608 0.0000
vt 0.7211 0.0590 0.0000
vt 0.7340 0.0590 0.0000
vt 0.7316 0.0953 0.0000
vt 0.4688 0.2729 0.0000
vt 0.4680 0.2283 0.0000
vt 0.5411 0.2562 0.0000
vt 0.5544 0.2004 0.0000
vt 0.4807 0.3501 0.0000
vt 0.4688 0.2932 0.0000
vt 0.5281 0.3127 0.0000
vt 0.5171 0.3646 0.0000
vt 0.7288 0.0094 0.0000
vt 0.7363 0.0165 0.0000
vt 0.5790 0.3803 0.0000
vt 0.5940 0.3281 0.0000
vt 0.6149 0.2566 0.0000
vt 0.6696 0.2699 0.0000
vt 0.6484 0.3423 0.0000
vt 0.6343 0.1852 0.0000
vt 0.6852 0.2110 0.0000
vt 0.5052 0.4114 0.0000
vt 0.4708 0.4033 0.0000
vt 0.7346 0.3781 0.0000
vt 0.7528 0.4266 0.0000
vt 0.7419 0.4274 0.0000
vt 0.7240 0.3815 0.0000
vt 0.0553 0.1383 0.0000
vt 0.1389 0.1348 0.0000
vt 0.1975 0.1523 0.0000
vt 0.2654 0.1747 0.0000
vt 0.3150 0.1927 0.0000
vt 0.3648 0.2064 0.0000
vt 0.4199 0.2008 0.0000
vt 0.4761 0.1859 0.0000
vt 0.5603 0.1393 0.0000
vt 0.6133 0.1076 0.0000
vt 0.8368 0.9732 0.0000
vt 0.8344 0.9397 0.0000
vt 0.8891 0.9474 0.0000
vt 0.8864 0.9756 0.0000
vt 0.7661 0.9753 0.0000
vt 0.7679 0.9345 0.0000
vt 0.0552 0.0652 0.0000
vt 0.1370 0.0728 0.0000
vt 0.1912 0.0936 0.0000
vt 0.2645 0.1316 0.0000
vt 0.3151 0.1519 0.0000
vt 0.3678 0.1668 0.0000
vt 0.4237 0.1661 0.0000
vt 0.4801 0.1461 0.0000
vt 0.5575 0.0961 0.0000
vt 0.6338 0.0546 0.0000
vt 0.7801 0.8506 0.0000
vt 0.7194 0.8216 0.0000
vt 0.6694 0.7917 0.0000
vt 0.7101 0.7382 0.0000
vt 0.6203 0.0340 0.0000
vt 0.6844 0.0202 0.0000
vt 0.6845 0.0373 0.0000
vt 0.5562 0.0683 0.0000
vt 0.4831 0.1163 0.0000
vt 0.4286 0.1314 0.0000
vt 0.3702 0.1314 0.0000
vt 0.3128 0.1224 0.0000
vt 0.2570 0.0974 0.0000
vt 0.1927 0.0590 0.0000
vt 0.1418 0.0298 0.0000
vt 0.3364 0.6098 0.0000
vt 0.3370 0.5930 0.0000
vt 0.4098 0.6207 0.0000
vt 0.6316 0.3944 0.0000
vt 0.7390 0.5590 0.0000
vt 0.7523 0.5160 0.0000
vt 0.7817 0.5248 0.0000
vt 0.7917 0.5626 0.0000
vt 0.5024 0.5205 0.0000
vt 0.4972 0.5302 0.0000
vt 0.4743 0.5230 0.0000
vt 0.4778 0.5127 0.0000
vt 0.4326 0.5020 0.0000
vt 0.4531 0.5073 0.0000
vt 0.4512 0.5180 0.0000
vt 0.4306 0.5127 0.0000
vt 0.3933 0.4795 0.0000
vt 0.4215 0.5226 0.0000
vt 0.4006 0.5254 0.0000
vt 0.3782 0.5070 0.0000
vt 0.6600 0.4853 0.0000
vt 0.6676 0.4723 0.0000
vt 0.6991 0.4868 0.0000
vt 0.6873 0.5073 0.0000
vt 0.5985 0.5561 0.0000
vt 0.5688 0.5587 0.0000
vt 0.5728 0.5248 0.0000
vt 0.5918 0.5214 0.0000
vt 0.5242 0.5255 0.0000
vt 0.5186 0.5353 0.0000
vt 0.7418 0.5901 0.0000
vt 0.7203 0.5894 0.0000
vt 0.7035 0.6389 0.0000
vt 0.6990 0.6291 0.0000
vt 0.6643 0.7041 0.0000
vt 0.6595 0.6886 0.0000
vt 0.3711 0.5784 0.0000
vt 0.3248 0.5511 0.0000
vt 0.3483 0.5370 0.0000
vt 0.4460 0.6424 0.0000
vt 0.4440 0.6559 0.0000
vt 0.4122 0.6101 0.0000
vt 0.4851 0.6861 0.0000
vt 0.4866 0.7032 0.0000
vt 0.5276 0.7165 0.0000
vt 0.5275 0.7337 0.0000
vt 0.5736 0.7225 0.0000
vt 0.5762 0.7387 0.0000
vt 0.3527 0.5384 0.0000
vt 0.3771 0.5719 0.0000
vt 0.4164 0.5930 0.0000
vt 0.4526 0.6090 0.0000
vt 0.7540 0.4580 0.0000
vt 0.7412 0.5099 0.0000
vt 0.7528 0.4582 0.0000
vt 0.7269 0.5469 0.0000
vt 0.7104 0.5748 0.0000
vt 0.6835 0.5962 0.0000
vt 0.6424 0.6185 0.0000
vt 0.6243 0.7152 0.0000
vt 0.6104 0.6292 0.0000
vt 0.5673 0.6355 0.0000
vt 0.5259 0.6357 0.0000
vt 0.4914 0.6247 0.0000
vt 0.4921 0.6187 0.0000
vt 0.5259 0.6297 0.0000
vt 0.6086 0.6175 0.0000
vt 0.5666 0.6234 0.0000
vt 0.6095 0.6234 0.0000
vt 0.6410 0.6127 0.0000
vt 0.6806 0.5907 0.0000
vt 0.7065 0.5694 0.0000
vt 0.7352 0.5067 0.0000
vt 0.7460 0.4582 0.0000
vt 0.3566 0.5334 0.0000
vt 0.3814 0.5648 0.0000
vt 0.4182 0.5865 0.0000
vt 0.4671 0.5511 0.0000
vt 0.4551 0.5967 0.0000
vt 0.4200 0.5801 0.0000
vt 0.4315 0.5404 0.0000
vt 0.4539 0.6029 0.0000
vt 0.5669 0.6294 0.0000
vt 0.6247 0.5493 0.0000
vt 0.6527 0.5371 0.0000
vt 0.6777 0.5851 0.0000
vt 0.6396 0.6069 0.0000
vt 0.6720 0.5237 0.0000
vt 0.7171 0.5369 0.0000
vt 0.7026 0.5640 0.0000
vt 0.7292 0.5034 0.0000
vt 0.5348 0.5607 0.0000
vt 0.5202 0.5485 0.0000
vt 0.6252 0.7313 0.0000
vt 0.7818 0.4505 0.0000
vt 0.4453 0.5291 0.0000
vt 0.4710 0.5349 0.0000
vt 0.6088 0.5168 0.0000
vt 0.6322 0.5072 0.0000
vt 0.6477 0.4974 0.0000
vt 0.7060 0.4563 0.0000
vt 0.6735 0.4504 0.0000
vt 0.0469 0.5043 0.0000
vt 0.0349 0.4899 0.0000
vt 0.0736 0.4668 0.0000
vt 0.0170 0.4393 0.0000
vt 0.0206 0.4157 0.0000
vt 0.0405 0.3983 0.0000
vt 0.0659 0.3926 0.0000
vt 0.0867 0.4014 0.0000
vt 0.1128 0.4445 0.0000
vt 0.1199 0.4684 0.0000
vt 0.1163 0.4850 0.0000
vt 0.1043 0.5000 0.0000
vt 0.0872 0.5094 0.0000
vt 0.0617 0.5107 0.0000
vt 0.0594 0.0101 0.0000
vt 0.8327 0.9068 0.0000
vt 0.8415 0.8725 0.0000
vt 0.9064 0.8840 0.0000
vt 0.8937 0.9186 0.0000
vt 0.7677 0.8918 0.0000
vt 0.6955 0.9289 0.0000
vt 0.6983 0.8711 0.0000
vt 0.6475 0.9311 0.0000
vt 0.6448 0.8605 0.0000
vt 0.9156 0.8509 0.0000
vt 0.7112 0.9778 0.0000
vt 0.6629 0.9896 0.0000
vt 0.5028 0.5580 0.0000
vt 0.4963 0.5425 0.0000
vt 0.9581 0.2149 0.0000
vt 0.9330 0.2142 0.0000
vt 0.9495 0.1906 0.0000
vt 0.9586 0.1874 0.0000
vt 0.8806 0.1636 0.0000
vt 0.8817 0.1397 0.0000
vt 0.9248 0.1451 0.0000
vt 0.3071 0.5283 0.0000
vt 0.2873 0.4944 0.0000
vt 0.3173 0.4881 0.0000
vt 0.2898 0.4814 0.0000
vt 0.2896 0.5606 0.0000
vt 0.2699 0.5375 0.0000
vt 0.2720 0.5259 0.0000
vt 0.2770 0.5137 0.0000
vt 0.5604 0.9376 0.0000
vt 0.5715 0.9361 0.0000
vt 0.5805 0.9518 0.0000
vt 0.5685 0.9555 0.0000
vt 0.2546 0.5586 0.0000
vt 0.2625 0.5461 0.0000
vt 0.2272 0.5409 0.0000
vt 0.2094 0.5306 0.0000
vt 0.2362 0.5399 0.0000
vt 0.2410 0.4768 0.0000
vt 0.2613 0.4910 0.0000
vt 0.2224 0.5048 0.0000
vt 0.2537 0.5136 0.0000
vt 0.2443 0.5193 0.0000
vt 0.2423 0.5299 0.0000
vt 0.2758 0.4758 0.0000
vt 0.2723 0.4833 0.0000
vt 0.5813 0.9106 0.0000
vt 0.5935 0.9130 0.0000
vt 0.5869 0.9287 0.0000
vt 0.5790 0.9178 0.0000
vt 0.6045 0.9225 0.0000
vt 0.6040 0.9394 0.0000
vt 0.2832 0.4729 0.0000
vt 0.2781 0.4919 0.0000
vt 0.2633 0.5211 0.0000
vt 0.2695 0.5110 0.0000
vt 0.2570 0.5303 0.0000
vt 0.2523 0.5400 0.0000
vt 0.2453 0.5500 0.0000
vt 0.2328 0.5537 0.0000
vt 0.0543 0.9546 0.0000
vt 0.0466 0.9487 0.0000
vt 0.0619 0.9472 0.0000
vt 0.0601 0.9524 0.0000
vt 0.0465 0.9396 0.0000
vt 0.0565 0.9405 0.0000
vt 0.8987 0.3111 0.0000
vt 0.8809 0.3146 0.0000
vt 0.8780 0.2838 0.0000
vt 0.8962 0.2808 0.0000
vt 0.9040 0.3511 0.0000
vt 0.8859 0.3549 0.0000
vt 0.9293 0.2755 0.0000
vt 0.9321 0.3055 0.0000
vt 0.9365 0.3463 0.0000
vt 0.8949 0.2566 0.0000
vt 0.9280 0.2497 0.0000
vt 0.9754 0.2653 0.0000
vt 0.9753 0.2967 0.0000
vt 0.9745 0.3387 0.0000
vt 0.8932 0.2230 0.0000
vt 0.9309 0.2234 0.0000
vt 0.9670 0.2350 0.0000
vt 0.8851 0.1938 0.0000
vt 0.8723 0.2229 0.0000
vt 0.8685 0.1916 0.0000
vt 0.9109 0.2063 0.0000
vt 0.9023 0.1913 0.0000
vt 0.8633 0.1626 0.0000
vt 0.9017 0.1763 0.0000
vt 0.0683 0.9613 0.0000
vt 0.0744 0.9668 0.0000
vt 0.0604 0.9727 0.0000
vt 0.0577 0.9667 0.0000
vt 0.0446 0.9701 0.0000
vt 0.0459 0.9647 0.0000
vt 0.1023 0.9579 0.0000
vt 0.0868 0.9806 0.0000
vt 0.0804 0.9726 0.0000
vt 0.0850 0.9526 0.0000
vt 0.0880 0.9312 0.0000
vt 0.0751 0.9346 0.0000
vt 0.9085 0.3861 0.0000
vt 0.8907 0.3900 0.0000
vt 0.9399 0.3786 0.0000
vt 0.9793 0.3681 0.0000
vt 0.8861 0.0827 0.0000
vt 0.8655 0.0800 0.0000
vt 0.8751 0.0522 0.0000
vt 0.8936 0.0562 0.0000
vt 0.9259 0.0625 0.0000
vt 0.9289 0.0846 0.0000
vt 0.8826 0.1149 0.0000
vt 0.8610 0.1111 0.0000
vt 0.9251 0.1181 0.0000
vt 0.9237 0.1691 0.0000
vt 0.0290 0.9624 0.0000
vt 0.0347 0.9544 0.0000
vt 0.9735 0.1522 0.0000
vt 0.9363 0.1716 0.0000
vt 0.0204 0.9486 0.0000
vt 0.0307 0.9428 0.0000
vt 0.9661 0.0872 0.0000
vt 0.9716 0.1230 0.0000
vt 0.0728 0.9121 0.0000
vt 0.0607 0.9193 0.0000
vt 0.0735 0.9496 0.0000
vt 0.0661 0.9361 0.0000
vt 0.0526 0.9264 0.0000
vt 0.9667 0.0656 0.0000
vt 0.2344 0.4695 0.0000
vt 0.2160 0.5002 0.0000
vt 0.2096 0.4956 0.0000
vt 0.2278 0.4622 0.0000
vt 0.5585 0.9148 0.0000
vt 0.5758 0.8958 0.0000
vt 0.5782 0.9014 0.0000
vt 0.5635 0.9180 0.0000
vt 0.2584 0.4550 0.0000
vt 0.3141 0.4658 0.0000
vt 0.5727 0.9210 0.0000
vt 0.5799 0.9349 0.0000
vt 0.8750 0.2591 0.0000
vt 0.8603 0.1364 0.0000
vt 0.2649 0.5716 0.0000
vt 0.2855 0.5713 0.0000
vt 0.9777 0.2511 0.0000
vt 0.5938 0.9044 0.0000
vt 0.6082 0.9096 0.0000
vt 0.3012 0.5770 0.0000
vt 0.2933 0.5741 0.0000
vt 0.3000 0.5628 0.0000
vt 0.3104 0.5650 0.0000
vt 0.3160 0.5309 0.0000
vt 0.3249 0.5335 0.0000
vt 0.3245 0.4877 0.0000
vt 0.3317 0.4874 0.0000
vt 0.6094 0.8901 0.0000
vt 0.5745 0.8936 0.0000
vt 0.5732 0.8914 0.0000
vt 0.6104 0.8839 0.0000
vt 0.5551 0.9141 0.0000
vt 0.5518 0.9134 0.0000
vt 0.5546 0.9386 0.0000
vt 0.5488 0.9397 0.0000
vt 0.5604 0.9579 0.0000
vt 0.5523 0.9604 0.0000
vt 0.0637 0.9880 0.0000
vt 0.0631 0.9787 0.0000
vt 0.0405 0.9884 0.0000
vt 0.0436 0.9757 0.0000
vt 0.0177 0.9705 0.0000
vt 0.0089 0.9572 0.0000
vt 0.6165 0.9290 0.0000
vt 0.2339 0.5655 0.0000
vt 0.2154 0.5771 0.0000
vt 0.2170 0.5555 0.0000
vt 0.2044 0.5273 0.0000
vt 0.2509 0.4507 0.0000
vt 0.3211 0.4609 0.0000
vt 0.5742 0.9766 0.0000
vt 0.5783 0.9702 0.0000
vt 0.2076 0.5794 0.0000
vt 0.2085 0.5549 0.0000
vt 0.7237 0.2764 0.0000
vt 0.7192 0.2399 0.0000
vt 0.7963 0.2311 0.0000
vt 0.8004 0.2682 0.0000
vt 0.8297 0.2908 0.0000
vt 0.8162 0.2930 0.0000
vt 0.8140 0.2663 0.0000
vt 0.8277 0.2647 0.0000
vt 0.8241 0.2281 0.0000
vt 0.8102 0.2295 0.0000
vt 0.8089 0.1925 0.0000
vt 0.8228 0.1920 0.0000
vt 0.8326 0.3210 0.0000
vt 0.8192 0.3234 0.0000
vt 0.8358 0.3604 0.0000
vt 0.8222 0.3625 0.0000
vt 0.8095 0.1603 0.0000
vt 0.8230 0.1607 0.0000
vt 0.7965 0.1306 0.0000
vt 0.7960 0.1596 0.0000
vt 0.7966 0.1037 0.0000
vt 0.7989 0.0731 0.0000
vt 0.8128 0.0749 0.0000
vt 0.8150 0.0425 0.0000
vt 0.8285 0.0447 0.0000
vt 0.8264 0.0766 0.0000
vt 0.8335 0.4070 0.0000
vt 0.8462 0.4035 0.0000
vt 0.8236 0.1072 0.0000
vt 0.8231 0.1333 0.0000
vt 0.7220 0.1950 0.0000
vt 0.7150 0.1949 0.0000
vt 0.7113 0.2395 0.0000
vt 0.3273 0.3647 0.0000
vt 0.3470 0.3205 0.0000
vt 0.4086 0.2939 0.0000
vt 0.7188 0.2776 0.0000
vt 0.7274 0.3078 0.0000
vt 0.7209 0.3063 0.0000
vt 0.7282 0.3406 0.0000
vt 0.7188 0.3367 0.0000
vt 0.3126 0.4243 0.0000
vt 0.1922 0.4461 0.0000
vt 0.1577 0.4591 0.0000
vt 0.3167 0.4251 0.0000
vt 0.6001 0.4972 0.0000
vt 0.8028 0.2953 0.0000
vt 0.7951 0.1930 0.0000
vt 0.8057 0.3258 0.0000
vt 0.8086 0.3647 0.0000
vt 0.8097 0.1320 0.0000
vt 0.8101 0.1055 0.0000
vt 0.8017 0.0402 0.0000
vt 0.8209 0.4106 0.0000
vt 0.0171 0.7010 0.0000
vt 0.3609 0.9639 0.0000
vt 0.0564 0.8502 0.0000
vt 0.8525 0.7255 0.0000
vt 0.5896 0.9448 0.0000
vt 0.2607 0.5030 0.0000
vt 0.5825 0.9637 0.0000
vt 0.5948 0.9550 0.0000
vt 0.6084 0.8963 0.0000
vt 0.6243 0.9171 0.0000
vt 0.2852 0.5062 0.0000
vt 0.2726 0.5002 0.0000
vt 0.1121 0.6954 0.0000
vt 0.0911 0.6986 0.0000
vt 0.1091 0.6916 0.0000
vt 0.0785 0.6291 0.0000
vt 0.0592 0.6197 0.0000
vt 0.0998 0.6393 0.0000
vt 0.1194 0.6499 0.0000
vt 0.1286 0.6611 0.0000
vt 0.1223 0.6812 0.0000
vt 0.1288 0.6713 0.0000
vt 0.0557 0.7035 0.0000
vt 0.0434 0.6973 0.0000
vt 0.0453 0.6943 0.0000
vt 0.0574 0.7004 0.0000
vt 0.0665 0.7050 0.0000
vt 0.0376 0.6087 0.0000
vt 0.0246 0.6883 0.0000
vt 0.0265 0.6852 0.0000
vt 0.0622 0.8030 0.0000
vt 0.0727 0.8098 0.0000
vt 0.0564 0.7902 0.0000
vt 0.0859 0.8081 0.0000
vt 0.0571 0.7795 0.0000
vt 0.0977 0.7976 0.0000
vt 0.1042 0.7850 0.0000
vt 0.1024 0.7848 0.0000
vt 0.1031 0.7734 0.0000
vt 0.1023 0.7742 0.0000
vt 0.0947 0.7634 0.0000
vt 0.0945 0.7651 0.0000
vt 0.0844 0.7614 0.0000
vt 0.0721 0.7630 0.0000
vt 0.0624 0.7702 0.0000
vt 0.0822 0.7835 0.0000
vt 0.6280 0.9102 0.0000
vt 0.1999 0.5542 0.0000
vt 0.1993 0.5240 0.0000
vt 0.0564 0.5446 0.0000
vt 0.0556 0.5540 0.0000
vt 0.0363 0.5546 0.0000
vt 0.0404 0.5484 0.0000
vt 0.0226 0.5021 0.0000
vt 0.0300 0.5052 0.0000
vt 0.0142 0.5250 0.0000
vt 0.0383 0.5106 0.0000
vt 0.0257 0.5278 0.0000
vt 0.0450 0.5186 0.0000
vt 0.0489 0.5248 0.0000
vt 0.0380 0.5372 0.0000
vt 0.0541 0.5367 0.0000
vt 0.0521 0.5303 0.0000
vt 0.0494 0.5689 0.0000
vt 0.0454 0.5737 0.0000
vt 0.0520 0.5641 0.0000
vt 0.0151 0.4989 0.0000
vt 0.0035 0.5232 0.0000
vt 0.0401 0.5792 0.0000
vt 0.0260 0.5674 0.0000
vt 0.0058 0.5510 0.0000
vt 0.0713 0.8188 0.0000
vt 0.0551 0.8054 0.0000
vt 0.0906 0.8167 0.0000
vt 0.1097 0.7842 0.0000
vt 0.1066 0.7727 0.0000
vt 0.0994 0.7619 0.0000
vt 0.3189 0.9782 0.0000
vt 0.2712 0.9877 0.0000
vt 0.2119 0.9864 0.0000
vt 0.1508 0.9621 0.0000
vt 0.2433 0.4464 0.0000
vt 0.3282 0.4561 0.0000
vt 0.1999 0.5817 0.0000
vt 0.6316 0.9033 0.0000
vt 0.5260 0.6236 0.0000
vt 0.4928 0.6126 0.0000
vt 0.7390 0.4582 0.0000
vt 0.3601 0.5287 0.0000
vt 0.3854 0.5579 0.0000
vt 0.7220 0.5419 0.0000
# 1036 texture coords

o meilin_lee_redpanda_lod0
g meilin_lee_redpanda_lod0
usemtl 01___Default
s off
f 1/1/1 2/2/2 3/3/3 
f 1/1/1 3/3/3 4/4/4 
f 1/1/1 4/4/4 5/5/5 
f 1/1/1 5/5/5 6/6/6 
f 1/1/1 6/6/6 7/7/7 
f 1/1/1 7/7/7 8/8/8 
f 1/1/1 8/8/8 9/9/9 
f 1/1/1 9/9/9 10/10/10 
f 1/1/1 10/10/10 11/11/11 
f 1/1/1 11/11/11 12/12/12 
f 1/1/1 12/12/12 13/13/13 
f 1/1/1 13/13/13 2/2/2 
f 14/14/14 3/3/3 2/2/2 
f 2/2/2 15/15/15 14/14/14 
f 16/16/16 4/4/4 3/3/3 
f 3/3/3 14/14/14 16/16/16 
f 17/17/17 5/5/5 4/4/4 
f 4/4/4 16/16/16 17/17/17 
f 18/18/18 6/6/6 5/5/5 
f 5/5/5 17/17/17 18/18/18 
f 19/19/19 7/7/7 6/6/6 
f 6/6/6 18/18/18 19/19/19 
f 20/20/20 8/8/8 7/7/7 
f 7/7/7 19/19/19 20/20/20 
f 21/21/21 9/9/9 8/8/8 
f 8/8/8 20/20/20 21/21/21 
f 22/22/22 10/10/10 9/9/9 
f 9/9/9 21/21/21 22/22/22 
f 23/23/23 11/11/11 10/10/10 
f 10/10/10 22/22/22 23/23/23 
f 24/24/24 12/12/12 11/11/11 
f 11/11/11 23/23/23 24/24/24 
f 25/25/25 13/13/13 12/12/12 
f 12/12/12 24/24/24 25/25/25 
f 15/15/15 2/2/2 13/13/13 
f 13/13/13 25/25/25 15/15/15 
f 26/26/26 14/14/14 15/15/15 
f 15/15/15 27/27/27 26/26/26 
f 28/28/28 16/16/16 14/14/14 
f 14/14/14 26/26/26 28/28/28 
f 29/29/29 17/17/17 16/16/16 
f 16/16/16 28/28/28 29/29/29 
f 30/30/30 18/18/18 17/17/17 
f 17/17/17 29/29/29 30/30/30 
f 31/31/31 19/19/19 18/18/18 
f 18/18/18 30/30/30 31/31/31 
f 32/32/32 20/20/20 19/19/19 
f 19/19/19 31/31/31 32/32/32 
f 33/33/33 21/21/21 20/20/20 
f 20/20/20 32/32/32 33/33/33 
f 34/34/34 22/22/22 21/21/21 
f 21/21/21 33/33/33 34/34/34 
f 35/35/35 23/23/23 22/22/22 
f 22/22/22 34/34/34 35/35/35 
f 36/36/36 24/24/24 23/23/23 
f 23/23/23 35/35/35 36/36/36 
f 37/37/37 25/25/25 24/24/24 
f 24/24/24 36/36/36 37/37/37 
f 27/27/27 15/15/15 25/25/25 
f 25/25/25 37/37/37 27/27/27 
f 26/26/26 27/27/27 38/38/38 
f 38/38/38 39/39/39 26/26/26 
f 28/28/28 26/26/26 39/39/39 
f 39/39/39 40/40/40 28/28/28 
f 29/29/29 28/28/28 40/40/40 
f 40/40/40 41/41/41 29/29/29 
f 30/30/30 29/29/29 41/41/41 
f 41/41/41 42/42/42 30/30/30 
f 31/31/31 30/30/30 42/42/42 
f 42/42/42 43/43/43 31/31/31 
f 32/32/32 31/31/31 43/43/43 
f 43/43/43 44/44/44 32/32/32 
f 33/33/33 32/32/32 44/44/44 
f 44/44/44 45/45/45 33/33/33 
f 34/34/34 33/33/33 45/45/45 
f 45/45/45 46/46/46 34/34/34 
f 35/35/35 34/34/34 46/46/46 
f 46/46/46 47/47/47 35/35/35 
f 36/36/36 35/35/35 47/47/47 
f 47/47/47 48/48/48 36/36/36 
f 37/37/37 36/36/36 48/48/48 
f 48/48/48 49/49/49 37/37/37 
f 27/27/27 37/37/37 49/49/49 
f 49/49/49 38/38/38 27/27/27 
f 50/50/50 51/51/51 52/52/52 
f 52/52/52 53/53/53 50/50/50 
f 54/54/54 55/55/55 51/51/51 
f 51/51/51 50/50/50 54/54/54 
f 56/56/56 57/57/57 55/55/55 
f 55/55/55 54/54/54 56/56/56 
f 58/58/58 59/59/59 57/57/57 
f 57/57/57 56/56/56 58/58/58 
f 53/60/53 52/61/52 59/59/59 
f 59/59/59 58/58/58 53/60/53 
f 60/62/60 50/50/50 53/53/53 
f 53/53/53 61/63/61 60/62/60 
f 62/64/62 54/54/54 50/50/50 
f 50/50/50 60/62/60 62/64/62 
f 63/65/63 56/56/56 54/54/54 
f 54/54/54 62/64/62 63/65/63 
f 64/66/64 58/58/58 56/56/56 
f 56/56/56 63/65/63 64/66/64 
f 61/67/61 53/60/53 58/58/58 
f 58/58/58 64/66/64 61/67/61 
f 65/68/65 60/62/60 61/63/61 
f 61/63/61 66/69/66 65/68/65 
f 67/70/67 62/64/62 60/62/60 
f 60/62/60 65/68/65 67/70/67 
f 68/71/68 63/65/63 62/64/62 
f 62/64/62 67/70/67 68/71/68 
f 69/72/69 64/66/64 63/65/63 
f 63/65/63 68/71/68 69/72/69 
f 66/73/66 61/67/61 64/66/64 
f 64/66/64 69/72/69 66/73/66 
f 66/69/66 70/74/70 65/68/65 
f 65/68/65 70/74/70 67/70/67 
f 67/70/67 70/74/70 68/71/68 
f 68/71/68 70/74/70 69/72/69 
f 69/72/69 70/74/70 66/73/66 
f 71/50/71 72/51/72 73/52/73 
f 73/52/73 74/53/74 71/50/71 
f 75/54/75 76/55/76 72/51/72 
f 72/51/72 71/50/71 75/54/75 
f 77/56/77 78/57/78 76/55/76 
f 76/55/76 75/54/75 77/56/77 
f 79/58/79 80/59/80 78/57/78 
f 78/57/78 77/56/77 79/58/79 
f 74/60/74 73/61/73 80/59/80 
f 80/59/80 79/58/79 74/60/74 
f 81/62/81 71/50/71 74/53/74 
f 74/53/74 82/63/82 81/62/81 
f 83/64/83 75/54/75 71/50/71 
f 71/50/71 81/62/81 83/64/83 
f 84/65/84 77/56/77 75/54/75 
f 75/54/75 83/64/83 84/65/84 
f 85/66/85 79/58/79 77/56/77 
f 77/56/77 84/65/84 85/66/85 
f 82/67/82 74/60/74 79/58/79 
f 79/58/79 85/66/85 82/67/82 
f 86/68/86 81/62/81 82/63/82 
f 82/63/82 87/69/87 86/68/86 
f 88/70/88 83/64/83 81/62/81 
f 81/62/81 86/68/86 88/70/88 
f 89/71/89 84/65/84 83/64/83 
f 83/64/83 88/70/88 89/71/89 
f 90/72/90 85/66/85 84/65/84 
f 84/65/84 89/71/89 90/72/90 
f 87/73/87 82/67/82 85/66/85 
f 85/66/85 90/72/90 87/73/87 
f 87/69/87 91/74/91 86/68/86 
f 86/68/86 91/74/91 88/70/88 
f 88/70/88 91/74/91 89/71/89 
f 89/71/89 91/74/91 90/72/90 
f 90/72/90 91/74/91 87/73/87 
f 92/50/92 93/51/93 94/52/94 
f 94/52/94 95/53/95 92/50/92 
f 96/54/96 97/55/97 93/51/93 
f 93/51/93 92/50/92 96/54/96 
f 98/56/98 99/57/99 97/55/97 
f 97/55/97 96/54/96 98/56/98 
f 100/58/100 101/59/101 99/57/99 
f 99/57/99 98/56/98 100/58/100 
f 95/60/95 94/61/94 101/59/101 
f 101/59/101 100/58/100 95/60/95 
f 102/62/60 92/50/92 95/53/95 
f 95/53/95 103/63/61 102/62/60 
f 104/64/62 96/54/96 92/50/92 
f 92/50/92 102/62/60 104/64/62 
f 105/65/102 98/56/98 96/54/96 
f 96/54/96 104/64/62 105/65/102 
f 106/66/64 100/58/100 98/56/98 
f 98/56/98 105/65/102 106/66/64 
f 103/67/61 95/60/95 100/58/100 
f 100/58/100 106/66/64 103/67/61 
f 107/68/65 102/62/60 103/63/61 
f 103/63/61 108/69/66 107/68/65 
f 109/70/67 104/64/62 102/62/60 
f 102/62/60 107/68/65 109/70/67 
f 110/71/68 105/65/102 104/64/62 
f 104/64/62 109/70/67 110/71/68 
f 111/72/103 106/66/64 105/65/102 
f 105/65/102 110/71/68 111/72/103 
f 108/73/66 103/67/61 106/66/64 
f 106/66/64 111/72/103 108/73/66 
f 108/69/66 112/74/104 107/68/65 
f 107/68/65 112/74/104 109/70/67 
f 109/70/67 112/74/104 110/71/68 
f 110/71/68 112/74/104 111/72/103 
f 111/72/103 112/74/104 108/73/66 
f 113/50/105 114/51/106 115/52/107 
f 115/52/107 116/53/108 113/50/105 
f 117/54/109 118/55/110 114/51/106 
f 114/51/106 113/50/105 117/54/109 
f 119/56/111 120/57/112 118/55/110 
f 118/55/110 117/54/109 119/56/111 
f 121/58/113 122/59/114 120/57/112 
f 120/57/112 119/56/111 121/58/113 
f 116/60/108 115/61/107 122/59/114 
f 122/59/114 121/58/113 116/60/108 
f 123/62/115 113/50/105 116/53/108 
f 116/53/108 124/63/116 123/62/115 
f 125/64/117 117/54/109 113/50/105 
f 113/50/105 123/62/115 125/64/117 
f 126/65/118 119/56/111 117/54/109 
f 117/54/109 125/64/117 126/65/118 
f 127/66/119 121/58/113 119/56/111 
f 119/56/111 126/65/118 127/66/119 
f 124/67/116 116/60/108 121/58/113 
f 121/58/113 127/66/119 124/67/116 
f 128/68/120 123/62/115 124/63/116 
f 124/63/116 129/69/121 128/68/120 
f 130/70/122 125/64/117 123/62/115 
f 123/62/115 128/68/120 130/70/122 
f 131/71/123 126/65/118 125/64/117 
f 125/64/117 130/70/122 131/71/123 
f 132/72/124 127/66/119 126/65/118 
f 126/65/118 131/71/123 132/72/124 
f 129/73/121 124/67/116 127/66/119 
f 127/66/119 132/72/124 129/73/121 
f 129/69/121 133/74/125 128/68/120 
f 128/68/120 133/74/125 130/70/122 
f 130/70/122 133/74/125 131/71/123 
f 131/71/123 133/74/125 132/72/124 
f 132/72/124 133/74/125 129/73/121 
f 134/75/126 135/76/127 136/77/128 
f 136/77/128 137/78/129 134/75/126 
f 138/79/130 139/80/131 135/76/127 
f 135/76/127 134/75/126 138/79/130 
f 140/81/132 141/82/133 139/80/131 
f 139/80/131 138/79/130 140/81/132 
f 142/83/134 143/84/135 141/82/133 
f 141/82/133 140/81/132 142/83/134 
f 137/85/129 136/86/128 143/84/135 
f 143/84/135 142/83/134 137/85/129 
f 144/87/136 134/75/126 137/78/129 
f 137/78/129 145/88/137 144/87/136 
f 146/89/138 138/79/130 134/75/126 
f 134/75/126 144/87/136 146/89/138 
f 147/90/139 140/81/132 138/79/130 
f 138/79/130 146/89/138 147/90/139 
f 148/91/140 142/83/134 140/81/132 
f 140/81/132 147/90/139 148/91/140 
f 145/92/137 137/85/129 142/83/134 
f 142/83/134 148/91/140 145/92/137 
f 149/93/141 144/87/136 145/88/137 
f 145/88/137 150/94/142 149/93/141 
f 151/95/143 146/89/138 144/87/136 
f 144/87/136 149/93/141 151/95/143 
f 152/96/144 147/90/139 146/89/138 
f 146/89/138 151/95/143 152/96/144 
f 153/97/145 148/91/140 147/90/139 
f 147/90/139 152/96/144 153/97/145 
f 150/98/142 145/92/137 148/91/140 
f 148/91/140 153/97/145 150/98/142 
f 150/94/142 154/99/146 149/93/141 
f 149/93/141 154/99/146 151/95/143 
f 151/95/143 154/99/146 152/96/144 
f 152/96/144 154/99/146 153/97/145 
f 153/97/145 154/99/146 150/98/142 
f 155/75/147 156/76/148 157/77/149 
f 157/77/149 158/78/150 155/75/147 
f 159/79/151 160/80/152 156/76/148 
f 156/76/148 155/75/147 159/79/151 
f 161/81/153 162/82/154 160/80/152 
f 160/80/152 159/79/151 161/81/153 
f 163/83/155 164/84/156 162/82/154 
f 162/82/154 161/81/153 163/83/155 
f 158/85/150 157/86/149 164/84/156 
f 164/84/156 163/83/155 158/85/150 
f 165/87/157 155/75/147 158/78/150 
f 158/78/150 166/88/158 165/87/157 
f 167/89/159 159/79/151 155/75/147 
f 155/75/147 165/87/157 167/89/159 
f 168/90/160 161/81/153 159/79/151 
f 159/79/151 167/89/159 168/90/160 
f 169/91/161 163/83/155 161/81/153 
f 161/81/153 168/90/160 169/91/161 
f 166/92/158 158/85/150 163/83/155 
f 163/83/155 169/91/161 166/92/158 
f 170/93/162 165/87/157 166/88/158 
f 166/88/158 171/94/163 170/93/162 
f 172/95/164 167/89/159 165/87/157 
f 165/87/157 170/93/162 172/95/164 
f 173/96/165 168/90/160 167/89/159 
f 167/89/159 172/95/164 173/96/165 
f 174/97/166 169/91/161 168/90/160 
f 168/90/160 173/96/165 174/97/166 
f 171/98/163 166/92/158 169/91/161 
f 169/91/161 174/97/166 171/98/163 
f 171/94/163 175/99/167 170/93/162 
f 170/93/162 175/99/167 172/95/164 
f 172/95/164 175/99/167 173/96/165 
f 173/96/165 175/99/167 174/97/166 
f 174/97/166 175/99/167 171/98/163 
f 176/75/168 177/76/169 178/77/170 
f 178/77/170 179/78/171 176/75/168 
f 180/79/172 181/80/173 177/76/169 
f 177/76/169 176/75/168 180/79/172 
f 182/81/174 183/82/175 181/80/173 
f 181/80/173 180/79/172 182/81/174 
f 184/83/176 185/84/177 183/82/175 
f 183/82/175 182/81/174 184/83/176 
f 179/85/171 178/86/170 185/84/177 
f 185/84/177 184/83/176 179/85/171 
f 186/87/178 176/75/168 179/78/171 
f 179/78/171 187/88/179 186/87/178 
f 188/89/180 180/79/172 176/75/168 
f 176/75/168 186/87/178 188/89/180 
f 189/90/181 182/81/174 180/79/172 
f 180/79/172 188/89/180 189/90/181 
f 190/91/182 184/83/176 182/81/174 
f 182/81/174 189/90/181 190/91/182 
f 187/92/179 179/85/171 184/83/176 
f 184/83/176 190/91/182 187/92/179 
f 191/93/183 186/87/178 187/88/179 
f 187/88/179 192/94/184 191/93/183 
f 193/95/185 188/89/180 186/87/178 
f 186/87/178 191/93/183 193/95/185 
f 194/96/186 189/90/181 188/89/180 
f 188/89/180 193/95/185 194/96/186 
f 195/97/187 190/91/182 189/90/181 
f 189/90/181 194/96/186 195/97/187 
f 192/98/184 187/92/179 190/91/182 
f 190/91/182 195/97/187 192/98/184 
f 192/94/184 196/99/188 191/93/183 
f 191/93/183 196/99/188 193/95/185 
f 193/95/185 196/99/188 194/96/186 
f 194/96/186 196/99/188 195/97/187 
f 195/97/187 196/99/188 192/98/184 
f 197/75/189 198/76/190 199/77/191 
f 199/77/191 200/78/192 197/75/189 
f 201/79/193 202/80/194 198/76/190 
f 198/76/190 197/75/189 201/79/193 
f 203/81/195 204/82/196 202/80/194 
f 202/80/194 201/79/193 203/81/195 
f 205/83/197 206/84/198 204/82/196 
f 204/82/196 203/81/195 205/83/197 
f 200/85/192 199/86/191 206/84/198 
f 206/84/198 205/83/197 200/85/192 
f 207/87/199 197/75/189 200/78/192 
f 200/78/192 208/88/200 207/87/199 
f 209/89/201 201/79/193 197/75/189 
f 197/75/189 207/87/199 209/89/201 
f 210/90/202 203/81/195 201/79/193 
f 201/79/193 209/89/201 210/90/202 
f 211/91/203 205/83/197 203/81/195 
f 203/81/195 210/90/202 211/91/203 
f 208/92/200 200/85/192 205/83/197 
f 205/83/197 211/91/203 208/92/200 
f 212/93/204 207/87/199 208/88/200 
f 208/88/200 213/94/205 212/93/204 
f 214/95/206 209/89/201 207/87/199 
f 207/87/199 212/93/204 214/95/206 
f 215/96/207 210/90/202 209/89/201 
f 209/89/201 214/95/206 215/96/207 
f 216/97/208 211/91/203 210/90/202 
f 210/90/202 215/96/207 216/97/208 
f 213/98/205 208/92/200 211/91/203 
f 211/91/203 216/97/208 213/98/205 
f 213/94/205 217/99/209 212/93/204 
f 212/93/204 217/99/209 214/95/206 
f 214/95/206 217/99/209 215/96/207 
f 215/96/207 217/99/209 216/97/208 
f 216/97/208 217/99/209 213/98/205 
f 218/75/210 219/76/211 220/77/212 
f 220/77/212 221/78/213 218/75/210 
f 222/79/214 223/80/215 219/76/211 
f 219/76/211 218/75/210 222/79/214 
f 224/81/216 225/82/217 223/80/215 
f 223/80/215 222/79/214 224/81/216 
f 226/83/218 227/84/219 225/82/217 
f 225/82/217 224/81/216 226/83/218 
f 221/85/213 220/86/212 227/84/219 
f 227/84/219 226/83/218 221/85/213 
f 228/87/220 218/75/210 221/78/213 
f 221/78/213 229/88/221 228/87/220 
f 230/89/222 222/79/214 218/75/210 
f 218/75/210 228/87/220 230/89/222 
f 231/90/223 224/81/216 222/79/214 
f 222/79/214 230/89/222 231/90/223 
f 232/91/224 226/83/218 224/81/216 
f 224/81/216 231/90/223 232/91/224 
f 229/92/221 221/85/213 226/83/218 
f 226/83/218 232/91/224 229/92/221 
f 233/93/225 228/87/220 229/88/221 
f 229/88/221 234/94/226 233/93/225 
f 235/95/227 230/89/222 228/87/220 
f 228/87/220 233/93/225 235/95/227 
f 236/96/228 231/90/223 230/89/222 
f 230/89/222 235/95/227 236/96/228 
f 237/97/229 232/91/224 231/90/223 
f 231/90/223 236/96/228 237/97/229 
f 234/98/226 229/92/221 232/91/224 
f 232/91/224 237/97/229 234/98/226 
f 234/94/226 238/99/230 233/93/225 
f 233/93/225 238/99/230 235/95/227 
f 235/95/227 238/99/230 236/96/228 
f 236/96/228 238/99/230 237/97/229 
f 237/97/229 238/99/230 234/98/226 
f 239/75/231 240/76/232 241/77/233 
f 241/77/233 242/78/234 239/75/231 
f 243/79/235 244/80/236 240/76/232 
f 240/76/232 239/75/231 243/79/235 
f 245/81/237 246/82/238 244/80/236 
f 244/80/236 243/79/235 245/81/237 
f 247/83/239 248/84/240 246/82/238 
f 246/82/238 245/81/237 247/83/239 
f 242/85/234 241/86/233 248/84/240 
f 248/84/240 247/83/239 242/85/234 
f 249/87/241 239/75/231 242/78/234 
f 242/78/234 250/88/242 249/87/241 
f 251/89/243 243/79/235 239/75/231 
f 239/75/231 249/87/241 251/89/243 
f 252/90/244 245/81/237 243/79/235 
f 243/79/235 251/89/243 252/90/244 
f 253/91/245 247/83/239 245/81/237 
f 245/81/237 252/90/244 253/91/245 
f 250/92/242 242/85/234 247/83/239 
f 247/83/239 253/91/245 250/92/242 
f 254/93/246 249/87/241 250/88/242 
f 250/88/242 255/94/247 254/93/246 
f 256/95/248 251/89/243 249/87/241 
f 249/87/241 254/93/246 256/95/248 
f 257/96/249 252/90/244 251/89/243 
f 251/89/243 256/95/248 257/96/249 
f 258/97/250 253/91/245 252/90/244 
f 252/90/244 257/96/249 258/97/250 
f 255/98/247 250/92/242 253/91/245 
f 253/91/245 258/97/250 255/98/247 
f 255/94/247 259/99/251 254/93/246 
f 254/93/246 259/99/251 256/95/248 
f 256/95/248 259/99/251 257/96/249 
f 257/96/249 259/99/251 258/97/250 
f 258/97/250 259/99/251 255/98/247 
f 260/75/252 261/76/253 262/77/254 
f 262/77/254 263/78/255 260/75/252 
f 264/79/256 265/80/257 261/76/253 
f 261/76/253 260/75/252 264/79/256 
f 266/81/258 267/82/259 265/80/257 
f 265/80/257 264/79/256 266/81/258 
f 268/83/260 269/84/261 267/82/259 
f 267/82/259 266/81/258 268/83/260 
f 263/85/255 262/86/254 269/84/261 
f 269/84/261 268/83/260 263/85/255 
f 270/87/262 260/75/252 263/78/255 
f 263/78/255 271/88/263 270/87/262 
f 272/89/264 264/79/256 260/75/252 
f 260/75/252 270/87/262 272/89/264 
f 273/90/265 266/81/258 264/79/256 
f 264/79/256 272/89/264 273/90/265 
f 274/91/266 268/83/260 266/81/258 
f 266/81/258 273/90/265 274/91/266 
f 271/92/263 263/85/255 268/83/260 
f 268/83/260 274/91/266 271/92/263 
f 275/93/267 270/87/262 271/88/263 
f 271/88/263 276/94/268 275/93/267 
f 277/95/269 272/89/264 270/87/262 
f 270/87/262 275/93/267 277/95/269 
f 278/96/270 273/90/265 272/89/264 
f 272/89/264 277/95/269 278/96/270 
f 279/97/271 274/91/266 273/90/265 
f 273/90/265 278/96/270 279/97/271 
f 276/98/268 271/92/263 274/91/266 
f 274/91/266 279/97/271 276/98/268 
f 276/94/268 280/99/272 275/93/267 
f 275/93/267 280/99/272 277/95/269 
f 277/95/269 280/99/272 278/96/270 
f 278/96/270 280/99/272 279/97/271 
f 279/97/271 280/99/272 276/98/268 
f 281/75/273 282/76/274 283/77/275 
f 283/77/275 284/78/276 281/75/273 
f 285/79/277 286/80/278 282/76/274 
f 282/76/274 281/75/273 285/79/277 
f 287/81/279 288/82/280 286/80/278 
f 286/80/278 285/79/277 287/81/279 
f 289/83/281 290/84/282 288/82/280 
f 288/82/280 287/81/279 289/83/281 
f 284/85/276 283/86/275 290/84/282 
f 290/84/282 289/83/281 284/85/276 
f 291/87/283 281/75/273 284/78/276 
f 284/78/276 292/88/284 291/87/283 
f 293/89/285 285/79/277 281/75/273 
f 281/75/273 291/87/283 293/89/285 
f 294/90/286 287/81/279 285/79/277 
f 285/79/277 293/89/285 294/90/286 
f 295/91/287 289/83/281 287/81/279 
f 287/81/279 294/90/286 295/91/287 
f 292/92/284 284/85/276 289/83/281 
f 289/83/281 295/91/287 292/92/284 
f 296/93/288 291/87/283 292/88/284 
f 292/88/284 297/94/289 296/93/288 
f 298/95/290 293/89/285 291/87/283 
f 291/87/283 296/93/288 298/95/290 
f 299/96/291 294/90/286 293/89/285 
f 293/89/285 298/95/290 299/96/291 
f 300/97/292 295/91/287 294/90/286 
f 294/90/286 299/96/291 300/97/292 
f 297/98/289 292/92/284 295/91/287 
f 295/91/287 300/97/292 297/98/289 
f 297/94/289 301/99/293 296/93/288 
f 296/93/288 301/99/293 298/95/290 
f 298/95/290 301/99/293 299/96/291 
f 299/96/291 301/99/293 300/97/292 
f 300/97/292 301/99/293 297/98/289 
f 302/75/294 303/76/295 304/77/296 
f 304/77/296 305/78/297 302/75/294 
f 306/79/298 307/80/299 303/76/295 
f 303/76/295 302/75/294 306/79/298 
f 308/81/300 309/82/301 307/80/299 
f 307/80/299 306/79/298 308/81/300 
f 310/83/302 311/84/303 309/82/301 
f 309/82/301 308/81/300 310/83/302 
f 305/85/297 304/86/296 311/84/303 
f 311/84/303 310/83/302 305/85/297 
f 312/87/304 302/75/294 305/78/297 
f 305/78/297 313/88/305 312/87/304 
f 314/89/306 306/79/298 302/75/294 
f 302/75/294 312/87/304 314/89/306 
f 315/90/307 308/81/300 306/79/298 
f 306/79/298 314/89/306 315/90/307 
f 316/91/308 310/83/302 308/81/300 
f 308/81/300 315/90/307 316/91/308 
f 313/92/305 305/85/297 310/83/302 
f 310/83/302 316/91/308 313/92/305 
f 317/93/309 312/87/304 313/88/305 
f 313/88/305 318/94/310 317/93/309 
f 319/95/311 314/89/306 312/87/304 
f 312/87/304 317/93/309 319/95/311 
f 320/96/312 315/90/307 314/89/306 
f 314/89/306 319/95/311 320/96/312 
f 321/97/313 316/91/308 315/90/307 
f 315/90/307 320/96/312 321/97/313 
f 318/98/310 313/92/305 316/91/308 
f 316/91/308 321/97/313 318/98/310 
f 318/94/310 322/99/314 317/93/309 
f 317/93/309 322/99/314 319/95/311 
f 319/95/311 322/99/314 320/96/312 
f 320/96/312 322/99/314 321/97/313 
f 321/97/313 322/99/314 318/98/310 
f 323/100/315 324/101/316 325/102/317 
f 326/103/318 327/104/319 328/105/320 
f 329/106/321 326/103/318 328/105/320 
f 330/107/322 329/106/321 328/105/320 
f 330/107/322 328/105/320 331/108/323 
f 332/109/324 330/107/322 331/108/323 
f 333/110/325 334/111/326 335/112/327 
f 333/110/325 335/112/327 336/113/328 
f 336/113/328 332/109/324 331/108/323 
f 331/108/323 337/114/329 336/113/328 
f 333/110/325 336/113/328 337/114/329 
f 338/115/330 333/110/325 337/114/329 
f 339/116/331 338/115/330 337/114/329 
f 340/117/332 339/116/331 337/114/329 
f 340/117/332 337/114/329 324/101/316 
f 341/118/333 340/117/332 324/101/316 
f 323/100/315 341/118/333 324/101/316 
f 342/100/334 343/119/335 344/101/336 
f 345/103/337 346/105/337 347/104/337 
f 348/106/337 346/105/337 345/103/337 
f 349/107/338 346/105/337 348/106/337 
f 349/107/338 350/108/339 346/105/337 
f 351/109/340 350/108/339 349/107/338 
f 352/110/341 353/112/342 354/111/343 
f 352/110/341 355/113/344 353/112/342 
f 355/113/344 356/114/345 350/108/339 
f 350/108/339 351/109/340 355/113/344 
f 352/110/341 356/114/345 355/113/344 
f 357/115/346 356/114/345 352/110/341 
f 358/116/347 356/114/345 357/115/346 
f 359/117/348 356/114/345 358/116/347 
f 359/117/348 344/101/336 356/114/345 
f 360/118/349 344/101/336 359/117/348 
f 342/100/334 344/101/336 360/118/349 
f 361/120/350 362/120/351 363/120/352 
f 363/120/352 364/120/353 361/120/350 
f 365/120/354 361/120/350 364/120/353 
f 364/120/353 366/120/355 365/120/354 
f 362/120/351 365/120/354 366/120/355 
f 366/120/355 363/120/352 362/120/351 
f 367/120/356 368/120/357 362/120/351 
f 362/120/351 361/120/350 367/120/356 
f 369/120/358 367/120/356 361/120/350 
f 361/120/350 365/120/354 369/120/358 
f 368/120/357 369/120/358 365/120/354 
f 365/120/354 362/120/351 368/120/357 
f 370/120/359 371/120/360 368/120/357 
f 368/120/357 367/120/356 370/120/359 
f 372/120/361 370/120/359 367/120/356 
f 367/120/356 369/120/358 372/120/361 
f 371/120/360 372/120/361 369/120/358 
f 369/120/358 368/120/357 371/120/360 
f 373/120/362 374/120/363 371/120/360 
f 371/120/360 370/120/359 373/120/362 
f 375/120/364 373/120/362 370/120/359 
f 370/120/359 372/120/361 375/120/364 
f 374/120/363 375/120/364 372/120/361 
f 372/120/361 371/120/360 374/120/363 
f 376/120/365 377/120/366 374/120/363 
f 374/120/363 373/120/362 376/120/365 
f 378/120/367 376/120/365 373/120/362 
f 373/120/362 375/120/364 378/120/367 
f 377/120/366 378/120/367 375/120/364 
f 375/120/364 374/120/363 377/120/366 
f 379/120/368 380/120/369 377/120/366 
f 377/120/366 376/120/365 379/120/368 
f 381/120/370 379/120/368 376/120/365 
f 376/120/365 378/120/367 381/120/370 
f 380/120/369 381/120/370 378/120/367 
f 378/120/367 377/120/366 380/120/369 
f 382/120/371 383/120/372 380/120/369 
f 380/120/369 379/120/368 382/120/371 
f 384/120/373 382/120/371 379/120/368 
f 379/120/368 381/120/370 384/120/373 
f 383/120/372 384/120/373 381/120/370 
f 381/120/370 380/120/369 383/120/372 
f 385/120/374 386/120/375 383/120/372 
f 383/120/372 382/120/371 385/120/374 
f 387/120/376 385/120/374 382/120/371 
f 382/120/371 384/120/373 387/120/376 
f 386/120/375 387/120/376 384/120/373 
f 384/120/373 383/120/372 386/120/375 
f 388/120/377 389/120/378 386/120/375 
f 386/120/375 385/120/374 388/120/377 
f 390/120/379 388/120/377 385/120/374 
f 385/120/374 387/120/376 390/120/379 
f 389/120/378 390/120/379 387/120/376 
f 387/120/376 386/120/375 389/120/378 
f 391/120/380 392/120/381 389/120/378 
f 389/120/378 388/120/377 391/120/380 
f 393/120/382 391/120/380 388/120/377 
f 388/120/377 390/120/379 393/120/382 
f 392/120/381 393/120/382 390/120/379 
f 390/120/379 389/120/378 392/120/381 
f 364/120/353 363/120/352 366/120/355 
f 393/120/382 392/120/381 391/120/380 
f 394/120/383 395/120/384 396/120/385 
f 396/120/385 397/120/386 394/120/383 
f 398/120/387 394/120/383 397/120/386 
f 397/120/386 399/120/388 398/120/387 
f 395/120/384 398/120/387 399/120/388 
f 399/120/388 396/120/385 395/120/384 
f 400/120/389 401/120/390 395/120/384 
f 395/120/384 394/120/383 400/120/389 
f 402/120/391 400/120/389 394/120/383 
f 394/120/383 398/120/387 402/120/391 
f 401/120/390 402/120/391 398/120/387 
f 398/120/387 395/120/384 401/120/390 
f 403/120/392 404/120/393 401/120/390 
f 401/120/390 400/120/389 403/120/392 
f 405/120/394 403/120/392 400/120/389 
f 400/120/389 402/120/391 405/120/394 
f 404/120/393 405/120/394 402/120/391 
f 402/120/391 401/120/390 404/120/393 
f 406/120/395 407/120/396 404/120/393 
f 404/120/393 403/120/392 406/120/395 
f 408/120/397 406/120/395 403/120/392 
f 403/120/392 405/120/394 408/120/397 
f 407/120/396 408/120/397 405/120/394 
f 405/120/394 404/120/393 407/120/396 
f 409/120/398 410/120/399 407/120/396 
f 407/120/396 406/120/395 409/120/398 
f 411/120/400 409/120/398 406/120/395 
f 406/120/395 408/120/397 411/120/400 
f 410/120/399 411/120/400 408/120/397 
f 408/120/397 407/120/396 410/120/399 
f 412/120/401 413/120/402 410/120/399 
f 410/120/399 409/120/398 412/120/401 
f 414/120/403 412/120/401 409/120/398 
f 409/120/398 411/120/400 414/120/403 
f 413/120/402 414/120/403 411/120/400 
f 411/120/400 410/120/399 413/120/402 
f 415/120/404 416/120/405 413/120/402 
f 413/120/402 412/120/401 415/120/404 
f 417/120/406 415/120/404 412/120/401 
f 412/120/401 414/120/403 417/120/406 
f 416/120/405 417/120/406 414/120/403 
f 414/120/403 413/120/402 416/120/405 
f 418/120/407 419/120/408 416/120/405 
f 416/120/405 415/120/404 418/120/407 
f 420/120/409 418/120/407 415/120/404 
f 415/120/404 417/120/406 420/120/409 
f 419/120/408 420/120/409 417/120/406 
f 417/120/406 416/120/405 419/120/408 
f 421/120/410 422/120/411 419/120/408 
f 419/120/408 418/120/407 421/120/410 
f 423/120/412 421/120/410 418/120/407 
f 418/120/407 420/120/409 423/120/412 
f 422/120/411 423/120/412 420/120/409 
f 420/120/409 419/120/408 422/120/411 
f 424/120/413 425/120/414 422/120/411 
f 422/120/411 421/120/410 424/120/413 
f 426/120/415 424/120/413 421/120/410 
f 421/120/410 423/120/412 426/120/415 
f 425/120/414 426/120/415 423/120/412 
f 423/120/412 422/120/411 425/120/414 
f 427/120/416 428/120/417 425/120/414 
f 425/120/414 424/120/413 427/120/416 
f 429/120/418 427/120/416 424/120/413 
f 424/120/413 426/120/415 429/120/418 
f 428/120/417 429/120/418 426/120/415 
f 426/120/415 425/120/414 428/120/417 
f 430/120/419 431/120/420 428/120/417 
f 428/120/417 427/120/416 430/120/419 
f 432/120/421 430/120/419 427/120/416 
f 427/120/416 429/120/418 432/120/421 
f 431/120/420 432/120/421 429/120/418 
f 429/120/418 428/120/417 431/120/420 
f 433/120/422 434/120/423 431/120/420 
f 431/120/420 430/120/419 433/120/422 
f 435/120/424 433/120/422 430/120/419 
f 430/120/419 432/120/421 435/120/424 
f 434/120/423 435/120/424 432/120/421 
f 432/120/421 431/120/420 434/120/423 
f 436/120/425 437/120/426 434/120/423 
f 434/120/423 433/120/422 436/120/425 
f 438/120/427 436/120/425 433/120/422 
f 433/120/422 435/120/424 438/120/427 
f 437/120/426 438/120/427 435/120/424 
f 435/120/424 434/120/423 437/120/426 
f 397/120/386 396/120/385 399/120/388 
f 438/120/427 437/120/426 436/120/425 
f 439/120/428 440/120/429 441/120/430 
f 441/120/430 442/120/431 439/120/428 
f 443/120/432 439/120/428 442/120/431 
f 442/120/431 444/120/433 443/120/432 
f 440/120/429 443/120/432 444/120/433 
f 444/120/433 441/120/430 440/120/429 
f 445/120/434 446/120/435 440/120/429 
f 440/120/429 439/120/428 445/120/434 
f 447/120/436 445/120/434 439/120/428 
f 439/120/428 443/120/432 447/120/436 
f 446/120/435 447/120/436 443/120/432 
f 443/120/432 440/120/429 446/120/435 
f 448/120/437 449/120/438 446/120/435 
f 446/120/435 445/120/434 448/120/437 
f 450/120/439 448/120/437 445/120/434 
f 445/120/434 447/120/436 450/120/439 
f 449/120/438 450/120/439 447/120/436 
f 447/120/436 446/120/435 449/120/438 
f 451/120/440 452/120/441 449/120/438 
f 449/120/438 448/120/437 451/120/440 
f 453/120/442 451/120/440 448/120/437 
f 448/120/437 450/120/439 453/120/442 
f 452/120/441 453/120/442 450/120/439 
f 450/120/439 449/120/438 452/120/441 
f 454/120/443 455/120/444 452/120/441 
f 452/120/441 451/120/440 454/120/443 
f 456/120/445 454/120/443 451/120/440 
f 451/120/440 453/120/442 456/120/445 
f 455/120/444 456/120/445 453/120/442 
f 453/120/442 452/120/441 455/120/444 
f 457/120/446 458/120/447 455/120/444 
f 455/120/444 454/120/443 457/120/446 
f 459/120/448 457/120/446 454/120/443 
f 454/120/443 456/120/445 459/120/448 
f 458/120/447 459/120/448 456/120/445 
f 456/120/445 455/120/444 458/120/447 
f 460/120/449 461/120/450 458/120/447 
f 458/120/447 457/120/446 460/120/449 
f 462/120/451 460/120/449 457/120/446 
f 457/120/446 459/120/448 462/120/451 
f 461/120/450 462/120/451 459/120/448 
f 459/120/448 458/120/447 461/120/450 
f 463/120/452 464/120/453 461/120/450 
f 461/120/450 460/120/449 463/120/452 
f 465/120/454 463/120/452 460/120/449 
f 460/120/449 462/120/451 465/120/454 
f 464/120/453 465/120/454 462/120/451 
f 462/120/451 461/120/450 464/120/453 
f 442/120/431 441/120/430 444/120/433 
f 465/120/454 464/120/453 463/120/452 
f 466/1/455 467/3/456 468/2/457 
f 466/1/455 469/4/458 467/3/456 
f 466/1/455 470/5/459 469/4/458 
f 466/1/455 471/6/460 470/5/459 
f 466/1/455 472/7/461 471/6/460 
f 466/1/455 473/8/462 472/7/461 
f 466/1/455 474/9/463 473/8/462 
f 466/1/455 475/10/464 474/9/463 
f 466/1/455 476/11/465 475/10/464 
f 466/1/455 477/12/466 476/11/465 
f 466/1/455 478/13/467 477/12/466 
f 466/1/455 468/2/457 478/13/467 
f 479/14/468 480/15/469 468/2/457 
f 468/2/457 467/3/456 479/14/468 
f 481/16/470 479/14/468 467/3/456 
f 467/3/456 469/4/458 481/16/470 
f 482/17/471 481/16/470 469/4/458 
f 469/4/458 470/5/459 482/17/471 
f 483/18/472 482/17/471 470/5/459 
f 470/5/459 471/6/460 483/18/472 
f 484/19/473 483/18/472 471/6/460 
f 471/6/460 472/7/461 484/19/473 
f 485/20/474 484/19/473 472/7/461 
f 472/7/461 473/8/462 485/20/474 
f 486/21/475 485/20/474 473/8/462 
f 473/8/462 474/9/463 486/21/475 
f 487/22/476 486/21/475 474/9/463 
f 474/9/463 475/10/464 487/22/476 
f 488/23/477 487/22/476 475/10/464 
f 475/10/464 476/11/465 488/23/477 
f 489/24/478 488/23/477 476/11/465 
f 476/11/465 477/12/466 489/24/478 
f 490/25/479 489/24/478 477/12/466 
f 477/12/466 478/13/467 490/25/479 
f 480/15/469 490/25/479 478/13/467 
f 478/13/467 468/2/457 480/15/469 
f 491/26/480 492/27/481 480/15/469 
f 480/15/469 479/14/468 491/26/480 
f 493/28/482 491/26/480 479/14/468 
f 479/14/468 481/16/470 493/28/482 
f 29/29/483 493/28/482 481/16/470 
f 481/16/470 482/17/471 29/29/483 
f 494/30/484 29/29/483 482/17/471 
f 482/17/471 483/18/472 494/30/484 
f 495/31/485 494/30/484 483/18/472 
f 483/18/472 484/19/473 495/31/485 
f 496/32/486 495/31/485 484/19/473 
f 484/19/473 485/20/474 496/32/486 
f 497/33/487 496/32/486 485/20/474 
f 485/20/474 486/21/475 497/33/487 
f 498/34/488 497/33/487 486/21/475 
f 486/21/475 487/22/476 498/34/488 
f 499/35/489 498/34/488 487/22/476 
f 487/22/476 488/23/477 499/35/489 
f 500/36/490 499/35/489 488/23/477 
f 488/23/477 489/24/478 500/36/490 
f 501/37/491 500/36/490 489/24/478 
f 489/24/478 490/25/479 501/37/491 
f 492/27/481 501/37/491 490/25/479 
f 490/25/479 480/15/469 492/27/481 
f 491/26/480 502/39/492 503/38/38 
f 503/38/38 492/27/481 491/26/480 
f 493/28/482 504/40/493 502/39/492 
f 502/39/492 491/26/480 493/28/482 
f 29/29/483 41/41/494 504/40/493 
f 504/40/493 493/28/482 29/29/483 
f 494/30/484 505/42/495 41/41/494 
f 41/41/494 29/29/483 494/30/484 
f 495/31/485 506/43/496 505/42/495 
f 505/42/495 494/30/484 495/31/485 
f 496/32/486 507/44/44 506/43/496 
f 506/43/496 495/31/485 496/32/486 
f 497/33/487 508/45/497 507/44/44 
f 507/44/44 496/32/486 497/33/487 
f 498/34/488 509/46/498 508/45/497 
f 508/45/497 497/33/487 498/34/488 
f 499/35/489 510/47/499 509/46/498 
f 509/46/498 498/34/488 499/35/489 
f 500/36/490 511/48/500 510/47/499 
f 510/47/499 499/35/489 500/36/490 
f 501/37/491 512/49/501 511/48/500 
f 511/48/500 500/36/490 501/37/491 
f 492/27/481 503/38/38 512/49/501 
f 512/49/501 501/37/491 492/27/481 
f 513/50/502 514/53/503 515/52/504 
f 515/52/504 516/51/505 513/50/502 
f 517/54/506 513/50/502 516/51/505 
f 516/51/505 518/55/507 517/54/506 
f 519/56/508 517/54/506 518/55/507 
f 518/55/507 520/57/509 519/56/508 
f 521/58/510 519/56/508 520/57/509 
f 520/57/509 522/59/511 521/58/510 
f 514/60/503 521/58/510 522/59/511 
f 522/59/511 515/61/504 514/60/503 
f 523/62/512 524/63/513 514/53/503 
f 514/53/503 513/50/502 523/62/512 
f 525/64/514 523/62/512 513/50/502 
f 513/50/502 517/54/506 525/64/514 
f 526/65/515 525/64/514 517/54/506 
f 517/54/506 519/56/508 526/65/515 
f 527/66/516 526/65/515 519/56/508 
f 519/56/508 521/58/510 527/66/516 
f 524/67/513 527/66/516 521/58/510 
f 521/58/510 514/60/503 524/67/513 
f 528/68/517 529/69/518 524/63/513 
f 524/63/513 523/62/512 528/68/517 
f 530/70/519 528/68/517 523/62/512 
f 523/62/512 525/64/514 530/70/519 
f 531/71/520 530/70/519 525/64/514 
f 525/64/514 526/65/515 531/71/520 
f 532/72/521 531/71/520 526/65/515 
f 526/65/515 527/66/516 532/72/521 
f 529/73/518 532/72/521 527/66/516 
f 527/66/516 524/67/513 529/73/518 
f 529/69/518 528/68/517 533/74/522 
f 528/68/517 530/70/519 533/74/522 
f 530/70/519 531/71/520 533/74/522 
f 531/71/520 532/72/521 533/74/522 
f 532/72/521 529/73/518 533/74/522 
f 534/50/523 535/53/524 536/52/525 
f 536/52/525 537/51/526 534/50/523 
f 538/54/527 534/50/523 537/51/526 
f 537/51/526 539/55/528 538/54/527 
f 540/56/529 538/54/527 539/55/528 
f 539/55/528 541/57/530 540/56/529 
f 542/58/531 540/56/529 541/57/530 
f 541/57/530 543/59/532 542/58/531 
f 535/60/524 542/58/531 543/59/532 
f 543/59/532 536/61/525 535/60/524 
f 544/62/533 545/63/534 535/53/524 
f 535/53/524 534/50/523 544/62/533 
f 546/64/535 544/62/533 534/50/523 
f 534/50/523 538/54/527 546/64/535 
f 547/65/536 546/64/535 538/54/527 
f 538/54/527 540/56/529 547/65/536 
f 548/66/537 547/65/536 540/56/529 
f 540/56/529 542/58/531 548/66/537 
f 545/67/534 548/66/537 542/58/531 
f 542/58/531 535/60/524 545/67/534 
f 549/68/538 550/69/539 545/63/534 
f 545/63/534 544/62/533 549/68/538 
f 551/70/540 549/68/538 544/62/533 
f 544/62/533 546/64/535 551/70/540 
f 552/71/541 551/70/540 546/64/535 
f 546/64/535 547/65/536 552/71/541 
f 553/72/542 552/71/541 547/65/536 
f 547/65/536 548/66/537 553/72/542 
f 550/73/539 553/72/542 548/66/537 
f 548/66/537 545/67/534 550/73/539 
f 550/69/539 549/68/538 554/74/543 
f 549/68/538 551/70/540 554/74/543 
f 551/70/540 552/71/541 554/74/543 
f 552/71/541 553/72/542 554/74/543 
f 553/72/542 550/73/539 554/74/543 
f 555/50/544 556/53/545 557/52/546 
f 557/52/546 558/51/547 555/50/544 
f 559/54/548 555/50/544 558/51/547 
f 558/51/547 560/55/549 559/54/548 
f 561/56/550 559/54/548 560/55/549 
f 560/55/549 562/57/551 561/56/550 
f 563/58/552 561/56/550 562/57/551 
f 562/57/551 564/59/553 563/58/552 
f 556/60/545 563/58/552 564/59/553 
f 564/59/553 557/61/546 556/60/545 
f 565/62/512 566/63/513 556/53/545 
f 556/53/545 555/50/544 565/62/512 
f 567/64/514 565/62/512 555/50/544 
f 555/50/544 559/54/548 567/64/514 
f 568/65/554 567/64/514 559/54/548 
f 559/54/548 561/56/550 568/65/554 
f 569/66/516 568/65/554 561/56/550 
f 561/56/550 563/58/552 569/66/516 
f 566/67/513 569/66/516 563/58/552 
f 563/58/552 556/60/545 566/67/513 
f 570/68/517 571/69/518 566/63/513 
f 566/63/513 565/62/512 570/68/517 
f 572/70/519 570/68/517 565/62/512 
f 565/62/512 567/64/514 572/70/519 
f 573/71/520 572/70/519 567/64/514 
f 567/64/514 568/65/554 573/71/520 
f 574/72/555 573/71/520 568/65/554 
f 568/65/554 569/66/516 574/72/555 
f 571/73/518 574/72/555 569/66/516 
f 569/66/516 566/67/513 571/73/518 
f 571/69/518 570/68/517 575/74/556 
f 570/68/517 572/70/519 575/74/556 
f 572/70/519 573/71/520 575/74/556 
f 573/71/520 574/72/555 575/74/556 
f 574/72/555 571/73/518 575/74/556 
f 576/50/557 577/53/558 578/52/559 
f 578/52/559 579/51/560 576/50/557 
f 580/54/561 576/50/557 579/51/560 
f 579/51/560 581/55/562 580/54/561 
f 582/56/563 580/54/561 581/55/562 
f 581/55/562 583/57/564 582/56/563 
f 584/58/565 582/56/563 583/57/564 
f 583/57/564 585/59/566 584/58/565 
f 577/60/558 584/58/565 585/59/566 
f 585/59/566 578/61/559 577/60/558 
f 586/62/567 587/63/568 577/53/558 
f 577/53/558 576/50/557 586/62/567 
f 588/64/569 586/62/567 576/50/557 
f 576/50/557 580/54/561 588/64/569 
f 589/65/570 588/64/569 580/54/561 
f 580/54/561 582/56/563 589/65/570 
f 590/66/571 589/65/570 582/56/563 
f 582/56/563 584/58/565 590/66/571 
f 587/67/568 590/66/571 584/58/565 
f 584/58/565 577/60/558 587/67/568 
f 591/68/572 592/69/573 587/63/568 
f 587/63/568 586/62/567 591/68/572 
f 593/70/574 591/68/572 586/62/567 
f 586/62/567 588/64/569 593/70/574 
f 594/71/575 593/70/574 588/64/569 
f 588/64/569 589/65/570 594/71/575 
f 595/72/576 594/71/575 589/65/570 
f 589/65/570 590/66/571 595/72/576 
f 592/73/573 595/72/576 590/66/571 
f 590/66/571 587/67/568 592/73/573 
f 592/69/573 591/68/572 596/74/577 
f 591/68/572 593/70/574 596/74/577 
f 593/70/574 594/71/575 596/74/577 
f 594/71/575 595/72/576 596/74/577 
f 595/72/576 592/73/573 596/74/577 
f 597/75/578 598/78/579 599/77/580 
f 599/77/580 600/76/581 597/75/578 
f 601/79/582 597/75/578 600/76/581 
f 600/76/581 602/80/583 601/79/582 
f 603/81/584 601/79/582 602/80/583 
f 602/80/583 604/82/585 603/81/584 
f 605/83/586 603/81/584 604/82/585 
f 604/82/585 606/84/587 605/83/586 
f 598/85/579 605/83/586 606/84/587 
f 606/84/587 599/86/580 598/85/579 
f 607/87/588 608/88/589 598/78/579 
f 598/78/579 597/75/578 607/87/588 
f 609/89/590 607/87/588 597/75/578 
f 597/75/578 601/79/582 609/89/590 
f 610/90/591 609/89/590 601/79/582 
f 601/79/582 603/81/584 610/90/591 
f 611/91/592 610/90/591 603/81/584 
f 603/81/584 605/83/586 611/91/592 
f 608/92/589 611/91/592 605/83/586 
f 605/83/586 598/85/579 608/92/589 
f 612/93/593 613/94/594 608/88/589 
f 608/88/589 607/87/588 612/93/593 
f 614/95/595 612/93/593 607/87/588 
f 607/87/588 609/89/590 614/95/595 
f 615/96/596 614/95/595 609/89/590 
f 609/89/590 610/90/591 615/96/596 
f 616/97/597 615/96/596 610/90/591 
f 610/90/591 611/91/592 616/97/597 
f 613/98/594 616/97/597 611/91/592 
f 611/91/592 608/92/589 613/98/594 
f 613/94/594 612/93/593 617/99/598 
f 612/93/593 614/95/595 617/99/598 
f 614/95/595 615/96/596 617/99/598 
f 615/96/596 616/97/597 617/99/598 
f 616/97/597 613/98/594 617/99/598 
f 618/75/599 619/78/600 620/77/601 
f 620/77/601 621/76/602 618/75/599 
f 622/79/603 618/75/599 621/76/602 
f 621/76/602 623/80/604 622/79/603 
f 624/81/605 622/79/603 623/80/604 
f 623/80/604 625/82/606 624/81/605 
f 626/83/607 624/81/605 625/82/606 
f 625/82/606 627/84/608 626/83/607 
f 619/85/600 626/83/607 627/84/608 
f 627/84/608 620/86/601 619/85/600 
f 628/87/609 629/88/610 619/78/600 
f 619/78/600 618/75/599 628/87/609 
f 630/89/611 628/87/609 618/75/599 
f 618/75/599 622/79/603 630/89/611 
f 631/90/612 630/89/611 622/79/603 
f 622/79/603 624/81/605 631/90/612 
f 632/91/613 631/90/612 624/81/605 
f 624/81/605 626/83/607 632/91/613 
f 629/92/610 632/91/613 626/83/607 
f 626/83/607 619/85/600 629/92/610 
f 633/93/614 634/94/615 629/88/610 
f 629/88/610 628/87/609 633/93/614 
f 635/95/616 633/93/614 628/87/609 
f 628/87/609 630/89/611 635/95/616 
f 636/96/617 635/95/616 630/89/611 
f 630/89/611 631/90/612 636/96/617 
f 637/97/618 636/96/617 631/90/612 
f 631/90/612 632/91/613 637/97/618 
f 634/98/615 637/97/618 632/91/613 
f 632/91/613 629/92/610 634/98/615 
f 634/94/615 633/93/614 638/99/619 
f 633/93/614 635/95/616 638/99/619 
f 635/95/616 636/96/617 638/99/619 
f 636/96/617 637/97/618 638/99/619 
f 637/97/618 634/98/615 638/99/619 
f 639/75/620 640/78/621 641/77/622 
f 641/77/622 642/76/623 639/75/620 
f 643/79/624 639/75/620 642/76/623 
f 642/76/623 644/80/625 643/79/624 
f 645/81/626 643/79/624 644/80/625 
f 644/80/625 646/82/627 645/81/626 
f 647/83/628 645/81/626 646/82/627 
f 646/82/627 648/84/629 647/83/628 
f 640/85/621 647/83/628 648/84/629 
f 648/84/629 641/86/622 640/85/621 
f 649/87/630 650/88/631 640/78/621 
f 640/78/621 639/75/620 649/87/630 
f 651/89/632 649/87/630 639/75/620 
f 639/75/620 643/79/624 651/89/632 
f 652/90/633 651/89/632 643/79/624 
f 643/79/624 645/81/626 652/90/633 
f 653/91/634 652/90/633 645/81/626 
f 645/81/626 647/83/628 653/91/634 
f 650/92/631 653/91/634 647/83/628 
f 647/83/628 640/85/621 650/92/631 
f 654/93/635 655/94/636 650/88/631 
f 650/88/631 649/87/630 654/93/635 
f 656/95/637 654/93/635 649/87/630 
f 649/87/630 651/89/632 656/95/637 
f 657/96/638 656/95/637 651/89/632 
f 651/89/632 652/90/633 657/96/638 
f 658/97/639 657/96/638 652/90/633 
f 652/90/633 653/91/634 658/97/639 
f 655/98/636 658/97/639 653/91/634 
f 653/91/634 650/92/631 655/98/636 
f 655/94/636 654/93/635 659/99/640 
f 654/93/635 656/95/637 659/99/640 
f 656/95/637 657/96/638 659/99/640 
f 657/96/638 658/97/639 659/99/640 
f 658/97/639 655/98/636 659/99/640 
f 660/75/641 661/78/642 662/77/643 
f 662/77/643 663/76/644 660/75/641 
f 664/79/645 660/75/641 663/76/644 
f 663/76/644 665/80/646 664/79/645 
f 666/81/647 664/79/645 665/80/646 
f 665/80/646 667/82/648 666/81/647 
f 668/83/649 666/81/647 667/82/648 
f 667/82/648 669/84/650 668/83/649 
f 661/85/642 668/83/649 669/84/650 
f 669/84/650 662/86/643 661/85/642 
f 670/87/651 671/88/652 661/78/642 
f 661/78/642 660/75/641 670/87/651 
f 672/89/653 670/87/651 660/75/641 
f 660/75/641 664/79/645 672/89/653 
f 673/90/654 672/89/653 664/79/645 
f 664/79/645 666/81/647 673/90/654 
f 674/91/655 673/90/654 666/81/647 
f 666/81/647 668/83/649 674/91/655 
f 671/92/652 674/91/655 668/83/649 
f 668/83/649 661/85/642 671/92/652 
f 675/93/656 676/94/657 671/88/652 
f 671/88/652 670/87/651 675/93/656 
f 677/95/658 675/93/656 670/87/651 
f 670/87/651 672/89/653 677/95/658 
f 678/96/659 677/95/658 672/89/653 
f 672/89/653 673/90/654 678/96/659 
f 679/97/660 678/96/659 673/90/654 
f 673/90/654 674/91/655 679/97/660 
f 676/98/657 679/97/660 674/91/655 
f 674/91/655 671/92/652 676/98/657 
f 676/94/657 675/93/656 680/99/661 
f 675/93/656 677/95/658 680/99/661 
f 677/95/658 678/96/659 680/99/661 
f 678/96/659 679/97/660 680/99/661 
f 679/97/660 676/98/657 680/99/661 
f 681/75/662 682/78/663 683/77/664 
f 683/77/664 684/76/665 681/75/662 
f 685/79/666 681/75/662 684/76/665 
f 684/76/665 686/80/667 685/79/666 
f 687/81/668 685/79/666 686/80/667 
f 686/80/667 688/82/669 687/81/668 
f 689/83/670 687/81/668 688/82/669 
f 688/82/669 690/84/671 689/83/670 
f 682/85/663 689/83/670 690/84/671 
f 690/84/671 683/86/664 682/85/663 
f 691/87/672 692/88/673 682/78/663 
f 682/78/663 681/75/662 691/87/672 
f 693/89/674 691/87/672 681/75/662 
f 681/75/662 685/79/666 693/89/674 
f 694/90/675 693/89/674 685/79/666 
f 685/79/666 687/81/668 694/90/675 
f 695/91/676 694/90/675 687/81/668 
f 687/81/668 689/83/670 695/91/676 
f 692/92/673 695/91/676 689/83/670 
f 689/83/670 682/85/663 692/92/673 
f 696/93/677 697/94/678 692/88/673 
f 692/88/673 691/87/672 696/93/677 
f 698/95/679 696/93/677 691/87/672 
f 691/87/672 693/89/674 698/95/679 
f 699/96/680 698/95/679 693/89/674 
f 693/89/674 694/90/675 699/96/680 
f 700/97/681 699/96/680 694/90/675 
f 694/90/675 695/91/676 700/97/681 
f 697/98/678 700/97/681 695/91/676 
f 695/91/676 692/92/673 697/98/678 
f 697/94/678 696/93/677 701/99/682 
f 696/93/677 698/95/679 701/99/682 
f 698/95/679 699/96/680 701/99/682 
f 699/96/680 700/97/681 701/99/682 
f 700/97/681 697/98/678 701/99/682 
f 702/75/683 703/78/684 704/77/685 
f 704/77/685 705/76/686 702/75/683 
f 706/79/687 702/75/683 705/76/686 
f 705/76/686 707/80/688 706/79/687 
f 708/81/689 706/79/687 707/80/688 
f 707/80/688 709/82/690 708/81/689 
f 710/83/691 708/81/689 709/82/690 
f 709/82/690 711/84/692 710/83/691 
f 703/85/684 710/83/691 711/84/692 
f 711/84/692 704/86/685 703/85/684 
f 712/87/693 713/88/694 703/78/684 
f 703/78/684 702/75/683 712/87/693 
f 714/89/695 712/87/693 702/75/683 
f 702/75/683 706/79/687 714/89/695 
f 715/90/696 714/89/695 706/79/687 
f 706/79/687 708/81/689 715/90/696 
f 716/91/697 715/90/696 708/81/689 
f 708/81/689 710/83/691 716/91/697 
f 713/92/694 716/91/697 710/83/691 
f 710/83/691 703/85/684 713/92/694 
f 717/93/698 718/94/699 713/88/694 
f 713/88/694 712/87/693 717/93/698 
f 719/95/700 717/93/698 712/87/693 
f 712/87/693 714/89/695 719/95/700 
f 720/96/701 719/95/700 714/89/695 
f 714/89/695 715/90/696 720/96/701 
f 721/97/702 720/96/701 715/90/696 
f 715/90/696 716/91/697 721/97/702 
f 718/98/699 721/97/702 716/91/697 
f 716/91/697 713/92/694 718/98/699 
f 718/94/699 717/93/698 722/99/703 
f 717/93/698 719/95/700 722/99/703 
f 719/95/700 720/96/701 722/99/703 
f 720/96/701 721/97/702 722/99/703 
f 721/97/702 718/98/699 722/99/703 
f 723/75/704 724/78/705 725/77/706 
f 725/77/706 726/76/707 723/75/704 
f 727/79/708 723/75/704 726/76/707 
f 726/76/707 728/80/709 727/79/708 
f 729/81/710 727/79/708 728/80/709 
f 728/80/709 730/82/711 729/81/710 
f 731/83/712 729/81/710 730/82/711 
f 730/82/711 732/84/713 731/83/712 
f 724/85/705 731/83/712 732/84/713 
f 732/84/713 725/86/706 724/85/705 
f 733/87/714 734/88/715 724/78/705 
f 724/78/705 723/75/704 733/87/714 
f 735/89/716 733/87/714 723/75/704 
f 723/75/704 727/79/708 735/89/716 
f 736/90/717 735/89/716 727/79/708 
f 727/79/708 729/81/710 736/90/717 
f 737/91/718 736/90/717 729/81/710 
f 729/81/710 731/83/712 737/91/718 
f 734/92/715 737/91/718 731/83/712 
f 731/83/712 724/85/705 734/92/715 
f 738/93/719 739/94/720 734/88/715 
f 734/88/715 733/87/714 738/93/719 
f 740/95/721 738/93/719 733/87/714 
f 733/87/714 735/89/716 740/95/721 
f 741/96/722 740/95/721 735/89/716 
f 735/89/716 736/90/717 741/96/722 
f 742/97/723 741/96/722 736/90/717 
f 736/90/717 737/91/718 742/97/723 
f 739/98/720 742/97/723 737/91/718 
f 737/91/718 734/92/715 739/98/720 
f 739/94/720 738/93/719 743/99/724 
f 738/93/719 740/95/721 743/99/724 
f 740/95/721 741/96/722 743/99/724 
f 741/96/722 742/97/723 743/99/724 
f 742/97/723 739/98/720 743/99/724 
f 744/75/725 745/78/726 746/77/727 
f 746/77/727 747/76/728 744/75/725 
f 748/79/729 744/75/725 747/76/728 
f 747/76/728 749/80/730 748/79/729 
f 750/81/731 748/79/729 749/80/730 
f 749/80/730 751/82/732 750/81/731 
f 752/83/733 750/81/731 751/82/732 
f 751/82/732 753/84/734 752/83/733 
f 745/85/726 752/83/733 753/84/734 
f 753/84/734 746/86/727 745/85/726 
f 754/87/735 755/88/736 745/78/726 
f 745/78/726 744/75/725 754/87/735 
f 756/89/737 754/87/735 744/75/725 
f 744/75/725 748/79/729 756/89/737 
f 757/90/738 756/89/737 748/79/729 
f 748/79/729 750/81/731 757/90/738 
f 758/91/739 757/90/738 750/81/731 
f 750/81/731 752/83/733 758/91/739 
f 755/92/736 758/91/739 752/83/733 
f 752/83/733 745/85/726 755/92/736 
f 759/93/740 760/94/741 755/88/736 
f 755/88/736 754/87/735 759/93/740 
f 761/95/742 759/93/740 754/87/735 
f 754/87/735 756/89/737 761/95/742 
f 762/96/743 761/95/742 756/89/737 
f 756/89/737 757/90/738 762/96/743 
f 763/97/744 762/96/743 757/90/738 
f 757/90/738 758/91/739 763/97/744 
f 760/98/741 763/97/744 758/91/739 
f 758/91/739 755/92/736 760/98/741 
f 760/94/741 759/93/740 764/99/745 
f 759/93/740 761/95/742 764/99/745 
f 761/95/742 762/96/743 764/99/745 
f 762/96/743 763/97/744 764/99/745 
f 763/97/744 760/98/741 764/99/745 
f 765/75/746 766/78/747 767/77/748 
f 767/77/748 768/76/749 765/75/746 
f 769/79/750 765/75/746 768/76/749 
f 768/76/749 770/80/751 769/79/750 
f 771/81/752 769/79/750 770/80/751 
f 770/80/751 772/82/753 771/81/752 
f 773/83/754 771/81/752 772/82/753 
f 772/82/753 774/84/755 773/83/754 
f 766/85/747 773/83/754 774/84/755 
f 774/84/755 767/86/748 766/85/747 
f 775/87/756 776/88/757 766/78/747 
f 766/78/747 765/75/746 775/87/756 
f 777/89/758 775/87/756 765/75/746 
f 765/75/746 769/79/750 777/89/758 
f 778/90/759 777/89/758 769/79/750 
f 769/79/750 771/81/752 778/90/759 
f 779/91/760 778/90/759 771/81/752 
f 771/81/752 773/83/754 779/91/760 
f 776/92/757 779/91/760 773/83/754 
f 773/83/754 766/85/747 776/92/757 
f 780/93/761 781/94/762 776/88/757 
f 776/88/757 775/87/756 780/93/761 
f 782/95/763 780/93/761 775/87/756 
f 775/87/756 777/89/758 782/95/763 
f 783/96/764 782/95/763 777/89/758 
f 777/89/758 778/90/759 783/96/764 
f 784/97/765 783/96/764 778/90/759 
f 778/90/759 779/91/760 784/97/765 
f 781/98/762 784/97/765 779/91/760 
f 779/91/760 776/92/757 781/98/762 
f 781/94/762 780/93/761 785/99/766 
f 780/93/761 782/95/763 785/99/766 
f 782/95/763 783/96/764 785/99/766 
f 783/96/764 784/97/765 785/99/766 
f 784/97/765 781/98/762 785/99/766 
f 786/100/767 325/102/317 324/101/316 
f 787/103/768 788/105/769 789/104/770 
f 790/106/771 788/105/769 787/103/768 
f 791/107/772 788/105/769 790/106/771 
f 791/107/772 792/108/773 788/105/769 
f 793/109/774 792/108/773 791/107/772 
f 794/110/775 795/112/776 796/111/777 
f 794/110/775 797/113/778 795/112/776 
f 797/113/778 798/114/779 792/108/773 
f 792/108/773 793/109/774 797/113/778 
f 794/110/775 798/114/779 797/113/778 
f 799/115/780 798/114/779 794/110/775 
f 800/116/781 798/114/779 799/115/780 
f 801/117/782 798/114/779 800/116/781 
f 801/117/782 324/101/316 798/114/779 
f 802/118/783 324/101/316 801/117/782 
f 786/100/767 324/101/316 802/118/783 
f 803/100/784 344/101/336 343/119/335 
f 804/103/785 805/104/785 806/105/785 
f 807/106/785 804/103/785 806/105/785 
f 808/107/786 807/106/785 806/105/785 
f 808/107/786 806/105/785 809/108/787 
f 810/109/788 808/107/786 809/108/787 
f 811/110/789 812/111/790 813/112/791 
f 811/110/789 813/112/791 814/113/792 
f 814/113/792 810/109/788 809/108/787 
f 809/108/787 815/114/793 814/113/792 
f 811/110/789 814/113/792 815/114/793 
f 816/115/794 811/110/789 815/114/793 
f 817/116/795 816/115/794 815/114/793 
f 818/117/796 817/116/795 815/114/793 
f 818/117/796 815/114/793 344/101/336 
f 819/118/797 818/117/796 344/101/336 
f 803/100/784 819/118/797 344/101/336 
f 820/120/798 821/120/799 822/120/800 
f 822/120/800 823/120/801 820/120/798 
f 824/120/802 825/120/803 821/120/799 
f 821/120/799 820/120/798 824/120/802 
f 823/120/801 822/120/800 825/120/803 
f 825/120/803 824/120/802 823/120/801 
f 826/120/804 820/120/798 823/120/801 
f 823/120/801 827/120/805 826/120/804 
f 828/120/806 824/120/802 820/120/798 
f 820/120/798 826/120/804 828/120/806 
f 827/120/805 823/120/801 824/120/802 
f 824/120/802 828/120/806 827/120/805 
f 829/120/807 826/120/804 827/120/805 
f 827/120/805 830/120/808 829/120/807 
f 831/120/809 828/120/806 826/120/804 
f 826/120/804 829/120/807 831/120/809 
f 830/120/808 827/120/805 828/120/806 
f 828/120/806 831/120/809 830/120/808 
f 832/120/810 829/120/807 830/120/808 
f 830/120/808 833/120/811 832/120/810 
f 834/120/812 831/120/809 829/120/807 
f 829/120/807 832/120/810 834/120/812 
f 833/120/811 830/120/808 831/120/809 
f 831/120/809 834/120/812 833/120/811 
f 835/120/813 832/120/810 833/120/811 
f 833/120/811 836/120/814 835/120/813 
f 837/120/815 834/120/812 832/120/810 
f 832/120/810 835/120/813 837/120/815 
f 836/120/814 833/120/811 834/120/812 
f 834/120/812 837/120/815 836/120/814 
f 838/120/816 835/120/813 836/120/814 
f 836/120/814 839/120/817 838/120/816 
f 840/120/818 837/120/815 835/120/813 
f 835/120/813 838/120/816 840/120/818 
f 839/120/817 836/120/814 837/120/815 
f 837/120/815 840/120/818 839/120/817 
f 841/120/819 838/120/816 839/120/817 
f 839/120/817 842/120/820 841/120/819 
f 843/120/821 840/120/818 838/120/816 
f 838/120/816 841/120/819 843/120/821 
f 842/120/820 839/120/817 840/120/818 
f 840/120/818 843/120/821 842/120/820 
f 844/120/822 841/120/819 842/120/820 
f 842/120/820 845/120/823 844/120/822 
f 846/120/824 843/120/821 841/120/819 
f 841/120/819 844/120/822 846/120/824 
f 845/120/823 842/120/820 843/120/821 
f 843/120/821 846/120/824 845/120/823 
f 847/120/825 844/120/822 845/120/823 
f 845/120/823 848/120/826 847/120/825 
f 849/120/827 846/120/824 844/120/822 
f 844/120/822 847/120/825 849/120/827 
f 848/120/826 845/120/823 846/120/824 
f 846/120/824 849/120/827 848/120/826 
f 850/120/828 847/120/825 848/120/826 
f 848/120/826 851/120/829 850/120/828 
f 852/120/830 849/120/827 847/120/825 
f 847/120/825 850/120/828 852/120/830 
f 851/120/829 848/120/826 849/120/827 
f 849/120/827 852/120/830 851/120/829 
f 821/120/799 825/120/803 822/120/800 
f 852/120/830 850/120/828 851/120/829 
f 853/120/831 854/120/832 855/120/833 
f 855/120/833 856/120/834 853/120/831 
f 857/120/835 858/120/836 854/120/832 
f 854/120/832 853/120/831 857/120/835 
f 856/120/834 855/120/833 858/120/836 
f 858/120/836 857/120/835 856/120/834 
f 859/120/837 853/120/831 856/120/834 
f 856/120/834 860/120/838 859/120/837 
f 861/120/839 857/120/835 853/120/831 
f 853/120/831 859/120/837 861/120/839 
f 860/120/838 856/120/834 857/120/835 
f 857/120/835 861/120/839 860/120/838 
f 862/120/840 859/120/837 860/120/838 
f 860/120/838 863/120/841 862/120/840 
f 864/120/842 861/120/839 859/120/837 
f 859/120/837 862/120/840 864/120/842 
f 863/120/841 860/120/838 861/120/839 
f 861/120/839 864/120/842 863/120/841 
f 865/120/843 862/120/840 863/120/841 
f 863/120/841 866/120/844 865/120/843 
f 867/120/845 864/120/842 862/120/840 
f 862/120/840 865/120/843 867/120/845 
f 866/120/844 863/120/841 864/120/842 
f 864/120/842 867/120/845 866/120/844 
f 868/120/846 865/120/843 866/120/844 
f 866/120/844 869/120/847 868/120/846 
f 870/120/848 867/120/845 865/120/843 
f 865/120/843 868/120/846 870/120/848 
f 869/120/847 866/120/844 867/120/845 
f 867/120/845 870/120/848 869/120/847 
f 871/120/849 868/120/846 869/120/847 
f 869/120/847 872/120/850 871/120/849 
f 873/120/851 870/120/848 868/120/846 
f 868/120/846 871/120/849 873/120/851 
f 872/120/850 869/120/847 870/120/848 
f 870/120/848 873/120/851 872/120/850 
f 874/120/852 871/120/849 872/120/850 
f 872/120/850 875/120/853 874/120/852 
f 876/120/854 873/120/851 871/120/849 
f 871/120/849 874/120/852 876/120/854 
f 875/120/853 872/120/850 873/120/851 
f 873/120/851 876/120/854 875/120/853 
f 877/120/855 874/120/852 875/120/853 
f 875/120/853 878/120/856 877/120/855 
f 879/120/857 876/120/854 874/120/852 
f 874/120/852 877/120/855 879/120/857 
f 878/120/856 875/120/853 876/120/854 
f 876/120/854 879/120/857 878/120/856 
f 880/120/858 877/120/855 878/120/856 
f 878/120/856 881/120/859 880/120/858 
f 882/120/860 879/120/857 877/120/855 
f 877/120/855 880/120/858 882/120/860 
f 881/120/859 878/120/856 879/120/857 
f 879/120/857 882/120/860 881/120/859 
f 883/120/861 880/120/858 881/120/859 
f 881/120/859 884/120/862 883/120/861 
f 885/120/863 882/120/860 880/120/858 
f 880/120/858 883/120/861 885/120/863 
f 884/120/862 881/120/859 882/120/860 
f 882/120/860 885/120/863 884/120/862 
f 886/120/864 883/120/861 884/120/862 
f 884/120/862 887/120/865 886/120/864 
f 888/120/866 885/120/863 883/120/861 
f 883/120/861 886/120/864 888/120/866 
f 887/120/865 884/120/862 885/120/863 
f 885/120/863 888/120/866 887/120/865 
f 889/120/867 886/120/864 887/120/865 
f 887/120/865 890/120/868 889/120/867 
f 891/120/869 888/120/866 886/120/864 
f 886/120/864 889/120/867 891/120/869 
f 890/120/868 887/120/865 888/120/866 
f 888/120/866 891/120/869 890/120/868 
f 892/120/870 889/120/867 890/120/868 
f 890/120/868 893/120/871 892/120/870 
f 894/120/872 891/120/869 889/120/867 
f 889/120/867 892/120/870 894/120/872 
f 893/120/871 890/120/868 891/120/869 
f 891/120/869 894/120/872 893/120/871 
f 895/120/873 892/120/870 893/120/871 
f 893/120/871 896/120/874 895/120/873 
f 897/120/875 894/120/872 892/120/870 
f 892/120/870 895/120/873 897/120/875 
f 896/120/874 893/120/871 894/120/872 
f 894/120/872 897/120/875 896/120/874 
f 854/120/832 858/120/836 855/120/833 
f 897/120/875 895/120/873 896/120/874 
f 898/120/876 899/120/877 900/120/878 
f 900/120/878 901/120/879 898/120/876 
f 902/120/880 903/120/881 899/120/877 
f 899/120/877 898/120/876 902/120/880 
f 901/120/879 900/120/878 903/120/881 
f 903/120/881 902/120/880 901/120/879 
f 904/120/882 898/120/876 901/120/879 
f 901/120/879 905/120/883 904/120/882 
f 906/120/884 902/120/880 898/120/876 
f 898/120/876 904/120/882 906/120/884 
f 905/120/883 901/120/879 902/120/880 
f 902/120/880 906/120/884 905/120/883 
f 907/120/885 904/120/882 905/120/883 
f 905/120/883 908/120/886 907/120/885 
f 909/120/887 906/120/884 904/120/882 
f 904/120/882 907/120/885 909/120/887 
f 908/120/886 905/120/883 906/120/884 
f 906/120/884 909/120/887 908/120/886 
f 910/120/888 907/120/885 908/120/886 
f 908/120/886 911/120/889 910/120/888 
f 912/120/890 909/120/887 907/120/885 
f 907/120/885 910/120/888 912/120/890 
f 911/120/889 908/120/886 909/120/887 
f 909/120/887 912/120/890 911/120/889 
f 913/120/891 910/120/888 911/120/889 
f 911/120/889 914/120/892 913/120/891 
f 915/120/893 912/120/890 910/120/888 
f 910/120/888 913/120/891 915/120/893 
f 914/120/892 911/120/889 912/120/890 
f 912/120/890 915/120/893 914/120/892 
f 916/120/894 913/120/891 914/120/892 
f 914/120/892 917/120/895 916/120/894 
f 918/120/896 915/120/893 913/120/891 
f 913/120/891 916/120/894 918/120/896 
f 917/120/895 914/120/892 915/120/893 
f 915/120/893 918/120/896 917/120/895 
f 919/120/897 916/120/894 917/120/895 
f 917/120/895 920/120/898 919/120/897 
f 921/120/899 918/120/896 916/120/894 
f 916/120/894 919/120/897 921/120/899 
f 920/120/898 917/120/895 918/120/896 
f 918/120/896 921/120/899 920/120/898 
f 922/120/900 919/120/897 920/120/898 
f 920/120/898 923/120/901 922/120/900 
f 924/120/902 921/120/899 919/120/897 
f 919/120/897 922/120/900 924/120/902 
f 923/120/901 920/120/898 921/120/899 
f 921/120/899 924/120/902 923/120/901 
f 899/120/877 903/120/881 900/120/878 
f 924/120/902 922/120/900 923/120/901 
f 925/121/903 926/122/904 927/123/905 
f 927/123/905 928/124/906 925/121/903 
f 929/125/907 930/126/908 931/127/909 
f 931/127/909 932/128/910 929/125/907 
f 933/129/911 934/130/912 935/131/913 
f 935/131/913 936/132/914 933/129/911 
f 934/130/912 937/133/915 938/134/916 
f 938/134/916 935/131/913 934/130/912 
f 939/135/917 940/136/918 941/137/919 
f 941/137/919 942/138/920 939/135/917 
f 939/135/917 942/138/920 943/139/921 
f 944/140/922 945/141/923 946/142/924 
f 946/142/924 947/143/925 944/140/922 
f 948/144/926 949/145/927 950/146/928 
f 950/146/928 951/147/929 948/144/926 
f 952/148/930 953/149/931 954/150/932 
f 954/150/932 955/151/933 952/148/930 
f 956/152/934 957/153/935 958/154/936 
f 958/154/936 959/155/937 956/152/934 
f 960/156/938 957/153/935 961/157/939 
f 961/157/939 962/158/940 960/156/938 
f 957/153/935 963/159/941 958/154/936 
f 964/160/942 960/156/938 965/161/943 
f 966/162/944 967/163/945 968/164/946 
f 968/164/946 969/165/947 966/162/944 
f 970/166/948 971/167/949 972/168/950 
f 973/169/951 974/170/952 970/166/948 
f 970/166/948 972/168/950 973/169/951 
f 929/125/907 949/145/927 948/144/926 
f 975/171/953 976/172/954 977/173/955 
f 977/173/955 978/174/956 975/171/953 
f 959/155/937 958/154/936 979/175/957 
f 979/175/957 975/171/953 959/155/937 
f 979/175/957 980/176/958 981/177/959 
f 981/177/959 982/178/960 979/175/957 
f 983/179/961 984/180/962 985/181/963 
f 986/182/964 987/183/965 988/184/966 
f 988/184/966 989/185/967 986/182/964 
f 930/126/908 990/186/968 991/187/969 
f 991/187/969 931/127/909 930/126/908 
f 931/127/909 991/187/969 992/188/970 
f 992/188/970 993/189/971 931/127/909 
f 977/173/955 994/190/972 990/186/968 
f 990/186/968 930/126/908 977/173/955 
f 995/191/973 983/179/961 996/192/974 
f 996/192/974 997/193/975 995/191/973 
f 998/194/976 999/195/977 1000/196/978 
f 1001/197/979 1002/198/980 1003/199/981 
f 1001/197/979 1004/200/982 1005/201/983 
f 1005/201/983 1002/198/980 1001/197/979 
f 1006/202/984 1005/201/983 1004/200/982 
f 1004/200/982 1007/203/985 1006/202/984 
f 1008/204/986 997/193/975 996/192/974 
f 1009/205/987 1010/206/988 1011/207/989 
f 1011/207/989 1012/208/990 1009/205/987 
f 1013/209/991 1009/205/987 1012/208/990 
f 1012/208/990 1014/210/992 1013/209/991 
f 981/177/959 1015/211/993 1016/212/994 
f 1016/212/994 982/178/960 981/177/959 
f 982/178/960 1017/213/995 1018/214/996 
f 1018/214/996 976/172/954 982/178/960 
f 994/190/972 977/173/955 976/172/954 
f 976/172/954 1018/214/996 994/190/972 
f 1019/215/997 1020/216/998 1021/217/999 
f 1021/217/999 1022/218/1000 1019/215/997 
f 1023/219/1001 1024/220/1002 1025/221/1003 
f 1025/221/1003 1026/222/1004 1023/219/1001 
f 1027/223/1005 1014/210/992 1012/208/990 
f 1012/208/990 1028/224/1006 1027/223/1005 
f 1029/225/1007 1028/224/1006 1012/208/990 
f 1012/208/990 1011/207/989 1029/225/1007 
f 1030/226/1008 1031/227/1009 1024/220/1002 
f 1024/220/1002 1023/219/1001 1030/226/1008 
f 992/188/970 991/187/969 1032/228/1010 
f 1032/228/1010 1033/229/1011 992/188/970 
f 1029/225/1007 1034/230/1012 1035/231/1013 
f 1035/231/1013 1028/224/1006 1029/225/1007 
f 1036/232/1014 1037/233/1015 1038/234/1016 
f 1038/234/1016 1027/235/1005 1036/232/1014 
f 1039/236/1017 1040/237/1018 1041/238/1019 
f 1041/238/1019 1042/239/1020 1039/236/1017 
f 1043/240/1021 1044/241/1022 1045/242/1023 
f 1045/242/1023 1046/243/1024 1043/240/1021 
f 1047/244/1025 1048/245/1026 1023/219/1001 
f 1023/219/1001 1026/222/1004 1047/244/1025 
f 1042/239/1020 1041/238/1019 1049/246/1027 
f 1049/246/1027 1050/247/1028 1042/239/1020 
f 1051/248/1029 1052/249/1030 1039/236/1017 
f 1039/236/1017 1042/239/1020 1051/248/1029 
f 1053/250/1031 1054/251/1032 1055/252/1033 
f 1043/240/1021 1056/253/1034 1057/254/1035 
f 1056/253/1034 1058/255/1036 1059/256/1037 
f 1059/256/1037 1060/257/1038 1056/253/1034 
f 932/128/910 1061/258/1039 943/139/921 
f 932/128/910 931/127/909 993/189/971 
f 993/189/971 945/141/923 932/128/910 
f 930/126/908 929/125/907 978/174/956 
f 978/174/956 977/173/955 930/126/908 
f 959/155/937 975/171/953 978/174/956 
f 978/174/956 1062/259/1040 959/155/937 
f 979/175/957 982/178/960 976/172/954 
f 976/172/954 975/171/953 979/175/957 
f 958/154/936 963/159/941 980/176/958 
f 980/176/958 979/175/957 958/154/936 
f 1063/260/1041 985/181/963 984/180/962 
f 1064/261/1042 1065/262/1043 1066/263/1044 
f 1066/263/1044 1067/264/1045 1064/261/1042 
f 1068/265/1046 1069/266/1047 1070/267/1048 
f 1070/267/1048 1071/268/1049 1068/265/1046 
f 1070/267/1048 1069/266/1047 1072/269/1050 
f 1072/269/1050 1073/270/1051 1070/267/1048 
f 1073/270/1051 1072/269/1050 1074/271/335 
f 1074/271/335 1075/272/1052 1073/270/1051 
f 1076/273/1053 1077/274/1054 1078/275/1055 
f 1078/275/1055 1079/276/1056 1076/273/1053 
f 1080/277/1057 1081/278/1058 1068/265/1046 
f 1068/265/1046 1082/279/1059 1080/277/1057 
f 1083/280/1060 1084/281/1061 1085/282/1062 
f 1085/282/1062 1086/283/1063 1083/280/1060 
f 1085/282/1062 1087/284/1064 1079/276/1056 
f 1079/276/1056 1086/283/1063 1085/282/1062 
f 1086/283/1063 1079/276/1056 1078/275/1055 
f 1078/275/1055 1081/278/1058 1086/283/1063 
f 1088/285/1065 1089/286/1066 1074/271/335 
f 1074/271/335 1072/269/1050 1088/285/1065 
f 1076/273/1053 1090/287/1067 1091/288/1068 
f 1091/288/1068 1077/274/1054 1076/273/1053 
f 1088/285/1065 1077/274/1054 1091/288/1068 
f 1091/288/1068 1089/286/1066 1088/285/1065 
f 1071/268/1049 1070/267/1048 1092/289/1069 
f 1092/289/1069 1093/290/1070 1071/268/1049 
f 1094/291/1071 1071/268/1049 1093/290/1070 
f 1093/290/1070 974/170/952 1094/291/1071 
f 1095/292/1072 1057/254/1035 1054/251/1032 
f 1054/251/1032 1053/250/1031 1095/292/1072 
f 1032/228/1010 1053/250/1031 1055/252/1033 
f 1055/252/1033 1033/229/1011 1032/228/1010 
f 1023/219/1001 1048/245/1026 1096/293/1073 
f 1096/293/1073 1030/226/1008 1023/219/1001 
f 1097/294/1074 925/121/903 1098/295/1075 
f 1098/295/1075 1099/296/1076 1097/294/1074 
f 1098/295/1075 925/121/903 928/124/906 
f 928/124/906 1100/297/1077 1098/295/1075 
f 1099/296/1076 1098/295/1075 1083/280/1060 
f 1083/280/1060 1101/298/1078 1099/296/1076 
f 1102/299/1079 1103/300/1080 954/150/932 
f 954/150/932 953/149/931 1102/299/1079 
f 955/151/933 1104/301/1081 1105/302/1082 
f 1105/302/1082 952/148/930 955/151/933 
f 1104/301/1081 1106/303/1083 1107/304/1084 
f 1107/304/1084 1105/302/1082 1104/301/1081 
f 972/168/950 1108/305/1085 1109/306/1086 
f 1109/306/1086 973/169/951 972/168/950 
f 944/140/922 947/143/925 1110/307/1087 
f 1110/307/1087 1111/308/1088 944/140/922 
f 925/121/903 1097/294/1074 1112/309/1089 
f 1112/309/1089 926/122/904 925/121/903 
f 1113/310/1090 1114/311/1091 933/129/911 
f 933/129/911 936/132/914 1113/310/1090 
f 1115/312/1092 1116/313/1093 1114/311/1091 
f 1114/311/1091 1113/310/1090 1115/312/1092 
f 1117/314/1094 1118/315/1095 1119/316/1096 
f 1119/316/1096 1120/317/1097 1117/314/1094 
f 1119/316/1096 1121/318/1098 1122/319/1099 
f 1122/319/1099 1120/317/1097 1119/316/1096 
f 1121/318/1098 1123/320/1100 1124/321/1101 
f 1124/321/1101 1122/319/1099 1121/318/1098 
f 1123/320/1100 1125/322/1102 1126/323/1103 
f 1126/323/1103 1124/321/1101 1123/320/1100 
f 1127/324/1104 1128/325/1105 1129/326/1106 
f 1129/326/1106 1130/327/1107 1127/324/1104 
f 1131/328/1108 1132/329/1109 1133/330/1110 
f 1133/330/1110 1134/331/1111 1131/328/1108 
f 1101/298/1078 1135/332/1112 1136/333/1113 
f 1136/333/1113 1099/296/1076 1101/298/1078 
f 1080/277/1057 1134/331/1111 1101/298/1078 
f 1101/298/1078 1083/280/1060 1080/277/1057 
f 1094/291/1071 1082/279/1059 1068/265/1046 
f 1068/265/1046 1071/268/1049 1094/291/1071 
f 1082/279/1059 1094/291/1071 1131/328/1108 
f 1094/291/1071 1126/323/1103 1131/328/1108 
f 1073/270/1051 1075/272/1052 1137/334/1114 
f 1137/334/1114 1138/335/1115 1073/270/1051 
f 970/166/948 974/170/952 1093/290/1070 
f 1093/290/1070 1139/336/1116 970/166/948 
f 1140/337/1117 1139/336/1116 1093/290/1070 
f 1093/290/1070 1092/289/1069 1140/337/1117 
f 1077/274/1054 1069/266/1047 1078/275/1055 
f 1083/280/1060 1086/283/1063 1081/278/1058 
f 1081/278/1058 1080/277/1057 1083/280/1060 
f 1069/266/1047 1068/265/1046 1081/278/1058 
f 1081/278/1058 1078/275/1055 1069/266/1047 
f 1141/338/1118 1142/339/1119 1143/340/1120 
f 1143/340/1120 1144/341/1121 1141/338/1118 
f 1082/279/1059 1131/328/1108 1134/331/1111 
f 1134/331/1111 1080/277/1057 1082/279/1059 
f 1072/269/1050 1069/266/1047 1077/274/1054 
f 1138/335/1115 1092/289/1069 1070/267/1048 
f 1070/267/1048 1073/270/1051 1138/335/1115 
f 1145/342/1122 1140/337/1117 1092/289/1069 
f 1092/289/1069 1138/335/1115 1145/342/1122 
f 1072/269/1050 1077/274/1054 1088/285/1065 
f 1146/343/1123 1111/308/1088 1147/344/1124 
f 1147/344/1124 1148/345/918 1146/343/1123 
f 1149/346/1125 1150/347/1126 940/136/918 
f 1003/199/981 999/195/977 998/194/976 
f 998/194/976 1001/197/979 1003/199/981 
f 1140/337/1117 1151/348/1127 971/167/949 
f 971/167/949 1139/336/1116 1140/337/1117 
f 1106/303/1083 1109/306/1086 969/165/947 
f 969/165/947 1107/304/1084 1106/303/1083 
f 1106/303/1083 1126/323/1103 973/169/951 
f 973/169/951 1109/306/1086 1106/303/1083 
f 944/140/922 1111/308/1088 1146/343/1123 
f 1146/343/1123 1061/258/1039 944/140/922 
f 1149/346/1125 1148/345/918 1152/349/1128 
f 1152/349/1128 926/122/904 1112/309/1089 
f 1153/350/1129 1149/346/1125 1152/349/1128 
f 1152/349/1128 1112/309/1089 1153/350/1129 
f 1149/346/1125 1153/350/1129 1117/314/1094 
f 1117/314/1094 1150/347/1126 1149/346/1125 
f 1103/300/1080 1117/314/1094 1120/317/1097 
f 1120/317/1097 954/150/932 1103/300/1080 
f 1120/317/1097 1122/319/1099 955/151/933 
f 955/151/933 954/150/932 1120/317/1097 
f 1122/319/1099 1124/321/1101 1104/301/1081 
f 1104/301/1081 955/151/933 1122/319/1099 
f 1124/321/1101 1126/323/1103 1106/303/1083 
f 1106/303/1083 1104/301/1081 1124/321/1101 
f 1147/344/1124 926/122/904 1152/349/1128 
f 1148/345/918 1147/344/1124 1152/349/1128 
f 1154/351/1130 1155/352/1131 1156/353/1132 
f 1156/353/1132 1157/354/1133 1154/351/1130 
f 1156/353/1132 1158/355/1134 1159/356/1135 
f 1159/356/1135 1160/357/1136 1156/353/1132 
f 1161/358/1137 1162/359/1138 1163/360/1139 
f 1163/360/1139 1158/355/1134 1161/358/1137 
f 967/163/945 1164/361/1140 1165/362/1141 
f 1165/362/1141 1166/363/1142 967/163/945 
f 1167/364/1143 1168/365/1144 1163/360/1139 
f 1163/360/1139 1169/366/1145 1167/364/1143 
f 1170/367/1146 1171/368/1147 1172/369/1148 
f 1172/369/1148 1173/370/1149 1170/367/1146 
f 971/167/949 1151/348/1127 1174/371/1150 
f 1174/371/1150 1067/264/1045 971/167/949 
f 1066/263/1044 1175/372/1151 1108/305/1085 
f 1108/305/1085 972/168/950 1066/263/1044 
f 970/166/948 1139/336/1116 971/167/949 
f 1176/373/1152 1164/361/1140 1177/374/1153 
f 1094/291/1071 974/170/952 973/169/951 
f 973/169/951 1126/323/1103 1094/291/1071 
f 1103/300/1080 1102/299/1079 1178/375/1154 
f 1178/375/1154 951/147/929 950/146/928 
f 1117/314/1094 1103/300/1080 1150/347/1126 
f 1150/347/1126 1103/300/1080 1178/375/1154 
f 1178/375/1154 941/137/919 1150/347/1126 
f 942/138/920 950/146/928 949/145/927 
f 943/139/921 929/125/907 932/128/910 
f 943/139/921 949/145/927 929/125/907 
f 1167/364/1143 1169/366/1145 1165/362/1141 
f 1165/362/1141 1179/376/1155 1167/364/1143 
f 1180/377/1156 1181/378/1157 1182/379/1158 
f 1182/379/1158 1157/354/1133 1180/377/1156 
f 1000/196/978 1183/380/1159 1184/381/1160 
f 1184/381/1160 998/194/976 1000/196/978 
f 1108/305/1085 966/162/944 969/165/947 
f 969/165/947 1109/306/1086 1108/305/1085 
f 966/162/944 1108/305/1085 1175/372/1151 
f 1175/372/1151 1177/374/1153 966/162/944 
f 1005/201/983 1006/202/984 989/185/967 
f 989/185/967 988/184/966 1005/201/983 
f 1185/382/1161 962/158/940 1105/302/1082 
f 1105/302/1082 1107/304/1084 1185/382/1161 
f 962/158/940 961/157/939 952/148/930 
f 952/148/930 1105/302/1082 962/158/940 
f 952/148/930 961/157/939 1186/383/1162 
f 1186/383/1162 953/149/931 952/148/930 
f 953/149/931 1186/383/1162 1102/299/1079 
f 987/183/965 964/160/942 968/164/946 
f 968/164/946 964/160/942 965/161/943 
f 968/164/946 965/161/943 1185/382/1161 
f 965/161/943 960/156/938 962/158/940 
f 962/158/940 1185/382/1161 965/161/943 
f 1186/383/1162 957/153/935 956/152/934 
f 1186/383/1162 956/152/934 1187/384/1163 
f 1062/259/1040 1187/384/1163 956/152/934 
f 956/152/934 959/155/937 1062/259/1040 
f 1102/299/1079 1187/384/1163 951/147/929 
f 1187/384/1163 1062/259/1040 948/144/926 
f 948/144/926 951/147/929 1187/384/1163 
f 948/144/926 978/174/956 929/125/907 
f 948/144/926 1062/259/1040 978/174/956 
f 1102/299/1079 1186/383/1162 1187/384/1163 
f 968/164/946 1185/382/1161 969/165/947 
f 968/164/946 967/163/945 987/183/965 
f 987/183/965 967/163/945 1166/363/1142 
f 1166/363/1142 988/184/966 987/183/965 
f 988/184/966 1166/363/1142 1188/385/1164 
f 1188/385/1164 1005/201/983 988/184/966 
f 1188/385/1164 1162/359/1138 1002/198/980 
f 1002/198/980 1005/201/983 1188/385/1164 
f 1162/359/1138 1161/358/1137 1003/199/981 
f 1003/199/981 1002/198/980 1162/359/1138 
f 1161/358/1137 1155/352/1131 999/195/977 
f 999/195/977 1003/199/981 1161/358/1137 
f 1155/352/1131 1154/351/1130 1000/196/978 
f 1000/196/978 999/195/977 1155/352/1131 
f 1154/351/1130 1189/386/1165 1183/380/1159 
f 1183/380/1159 1000/196/978 1154/351/1130 
f 986/182/964 985/181/963 1063/260/1041 
f 1063/260/1041 964/160/942 986/182/964 
f 985/181/963 1190/387/1166 983/179/961 
f 989/185/967 1006/202/984 1191/388/1167 
f 1191/388/1167 1190/387/1166 989/185/967 
f 1191/388/1167 1006/202/984 1007/203/985 
f 1007/203/985 1192/389/1168 1191/388/1167 
f 984/180/962 1193/390/1169 1194/391/1170 
f 1195/392/1171 1013/209/991 1014/210/992 
f 1014/210/992 1196/393/1172 1195/392/1171 
f 1196/393/1172 1014/210/992 1027/223/1005 
f 1027/223/1005 1197/394/1173 1196/393/1172 
f 1197/395/1173 1027/235/1005 1038/234/1016 
f 1038/234/1016 1198/396/1174 1197/395/1173 
f 1052/249/1030 1051/248/1029 1058/255/1036 
f 1058/255/1036 1199/397/1175 1052/249/1030 
f 1058/255/1036 1051/248/1029 1200/398/1176 
f 1200/398/1176 1059/256/1037 1058/255/1036 
f 984/180/962 983/179/961 995/191/973 
f 995/191/973 1193/390/1169 984/180/962 
f 987/183/965 986/182/964 964/160/942 
f 1034/230/1012 1040/237/1018 1039/236/1017 
f 1039/236/1017 1035/231/1013 1034/230/1012 
f 1036/232/1014 1052/399/1030 1201/400/1177 
f 1201/400/1177 1037/233/1015 1036/232/1014 
f 1045/242/1023 1022/218/1000 1021/217/999 
f 1021/217/999 1046/243/1024 1045/242/1023 
f 1201/401/1177 1202/402/1178 1203/403/1179 
f 1203/403/1179 1204/404/1180 1201/401/1177 
f 1198/396/1174 1205/405/1181 1046/406/1024 
f 1197/395/1173 1198/396/1174 1046/406/1024 
f 1021/407/999 1197/395/1173 1046/406/1024 
f 1046/243/1024 1199/397/1175 1043/240/1021 
f 1027/223/1005 1028/224/1006 1036/408/1014 
f 1035/231/1013 1039/236/1017 1052/249/1030 
f 1052/249/1030 1036/408/1014 1035/231/1013 
f 1037/233/1015 1204/404/1180 1038/234/1016 
f 1204/404/1180 1203/403/1179 1198/396/1174 
f 1198/396/1174 1038/234/1016 1204/404/1180 
f 1201/400/1177 1204/404/1180 1037/233/1015 
f 1201/401/1177 1052/409/1030 1199/410/1175 
f 1199/410/1175 1202/402/1178 1201/401/1177 
f 1198/396/1174 1203/403/1179 1205/405/1181 
f 1205/405/1181 1203/403/1179 1202/402/1178 
f 957/153/935 960/156/938 963/159/941 
f 963/159/941 1063/260/1041 984/180/962 
f 984/180/962 980/176/958 963/159/941 
f 1206/411/1182 980/176/958 984/180/962 
f 984/180/962 1194/391/1170 1206/411/1182 
f 981/177/959 1195/392/1171 1196/393/1172 
f 1196/393/1172 1015/211/993 981/177/959 
f 1020/216/998 1196/393/1172 1197/394/1173 
f 1197/394/1173 1021/217/999 1020/216/998 
f 960/156/938 1063/260/1041 963/159/941 
f 990/412/968 1207/413/1183 1208/414/1184 
f 1208/414/1184 991/415/969 990/412/968 
f 994/416/972 1209/417/1185 1207/413/1183 
f 1207/413/1183 990/412/968 994/416/972 
f 994/416/972 1018/418/996 1210/419/1186 
f 1210/419/1186 1209/417/1185 994/416/972 
f 1017/420/995 1211/421/1187 1210/419/1186 
f 1210/419/1186 1018/418/996 1017/420/995 
f 1022/422/1000 1212/423/1188 1213/424/1189 
f 1213/424/1189 1019/425/997 1022/422/1000 
f 1045/426/1023 1214/427/1190 1212/423/1188 
f 1212/423/1188 1022/422/1000 1045/426/1023 
f 1044/428/1022 1215/429/1191 1214/430/1190 
f 1214/430/1190 1045/431/1023 1044/428/1022 
f 1095/432/1072 1216/433/1192 1215/429/1191 
f 1215/429/1191 1044/428/1022 1095/432/1072 
f 1095/432/1072 1053/434/1031 1217/435/1193 
f 1217/435/1193 1216/433/1192 1095/432/1072 
f 1053/434/1031 1032/436/1010 1218/437/1194 
f 1218/437/1194 1217/435/1193 1053/434/1031 
f 1032/436/1010 991/415/969 1208/414/1184 
f 1208/414/1184 1218/437/1194 1032/436/1010 
f 1056/253/1034 1054/251/1032 1057/254/1035 
f 1057/254/1035 1095/292/1072 1044/241/1022 
f 1044/241/1022 1043/240/1021 1057/254/1035 
f 1219/438/1195 1220/439/1196 1221/440/1197 
f 1221/440/1197 1222/441/1198 1219/438/1195 
f 1223/442/1199 1224/443/1200 1220/439/1196 
f 1220/439/1196 1219/438/1195 1223/442/1199 
f 1225/444/1201 1224/443/1200 1223/442/1199 
f 1223/442/1199 1226/445/1202 1225/444/1201 
f 1225/444/1201 1226/445/1202 1227/446/1203 
f 1228/447/1204 1229/448/1205 1230/449/1206 
f 1230/449/1206 1231/450/1207 1228/447/1204 
f 1232/451/1208 1233/452/1209 1229/448/1205 
f 1229/448/1205 1228/447/1204 1232/451/1208 
f 1234/453/1210 1235/454/1211 1233/455/1209 
f 1233/455/1209 1232/456/1208 1234/453/1210 
f 1236/457/1212 1237/458/1213 1235/454/1211 
f 1235/454/1211 1234/453/1210 1236/457/1212 
f 1238/459/1214 1237/458/1213 1236/457/1212 
f 1236/457/1212 1239/460/1215 1238/459/1214 
f 1240/461/1216 1238/459/1214 1239/460/1215 
f 1239/460/1215 1241/462/1217 1240/461/1216 
f 1221/440/1197 1240/461/1216 1241/462/1217 
f 1241/462/1217 1222/441/1198 1221/440/1197 
f 1220/439/1196 1024/220/1002 1031/227/1009 
f 1031/227/1009 1221/440/1197 1220/439/1196 
f 1224/443/1200 1024/220/1002 1220/439/1196 
f 1225/444/1201 1024/220/1002 1224/443/1200 
f 1025/221/1003 1024/220/1002 1225/444/1201 
f 1225/444/1201 1230/449/1206 1025/221/1003 
f 1229/448/1205 1026/222/1004 1025/221/1003 
f 1025/221/1003 1230/449/1206 1229/448/1205 
f 1233/452/1209 1047/244/1025 1026/222/1004 
f 1026/222/1004 1229/448/1205 1233/452/1209 
f 1235/454/1211 1048/245/1026 1047/463/1025 
f 1047/463/1025 1233/455/1209 1235/454/1211 
f 1237/458/1213 1048/245/1026 1235/454/1211 
f 1096/293/1073 1048/245/1026 1237/458/1213 
f 1237/458/1213 1238/459/1214 1096/293/1073 
f 1030/226/1008 1096/293/1073 1238/459/1214 
f 1238/459/1214 1240/461/1216 1030/226/1008 
f 1031/227/1009 1030/226/1008 1240/461/1216 
f 1240/461/1216 1221/440/1197 1031/227/1009 
f 1196/393/1172 1020/216/998 1015/211/993 
f 1020/216/998 1019/215/997 1016/212/994 
f 1016/212/994 1015/211/993 1020/216/998 
f 1016/212/994 1019/215/997 1017/213/995 
f 1017/420/995 1019/425/997 1213/424/1189 
f 1213/424/1189 1211/421/1187 1017/420/995 
f 1227/446/1203 1231/450/1207 1230/449/1206 
f 1230/449/1206 1225/444/1201 1227/446/1203 
f 1207/413/1183 1219/438/1195 1222/441/1198 
f 1222/441/1198 1208/414/1184 1207/413/1183 
f 1209/417/1185 1223/442/1199 1219/438/1195 
f 1219/438/1195 1207/413/1183 1209/417/1185 
f 1210/419/1186 1226/445/1202 1223/442/1199 
f 1223/442/1199 1209/417/1185 1210/419/1186 
f 1213/424/1189 1231/450/1207 1227/446/1203 
f 1227/446/1203 1211/421/1187 1213/424/1189 
f 1212/423/1188 1228/447/1204 1231/450/1207 
f 1231/450/1207 1213/424/1189 1212/423/1188 
f 1214/427/1190 1232/451/1208 1228/447/1204 
f 1228/447/1204 1212/423/1188 1214/427/1190 
f 1215/429/1191 1234/453/1210 1232/456/1208 
f 1232/456/1208 1214/430/1190 1215/429/1191 
f 1216/433/1192 1236/457/1212 1234/453/1210 
f 1234/453/1210 1215/429/1191 1216/433/1192 
f 1217/435/1193 1239/460/1215 1236/457/1212 
f 1236/457/1212 1216/433/1192 1217/435/1193 
f 1218/437/1194 1241/462/1217 1239/460/1215 
f 1239/460/1215 1217/435/1193 1218/437/1194 
f 1208/414/1184 1222/441/1198 1241/462/1217 
f 1241/462/1217 1218/437/1194 1208/414/1184 
f 1211/421/1187 1227/446/1203 1226/445/1202 
f 1226/445/1202 1210/419/1186 1211/421/1187 
f 1046/406/1024 1205/405/1181 1202/402/1178 
f 1202/402/1178 1199/410/1175 1046/406/1024 
f 1043/240/1021 1199/397/1175 1058/255/1036 
f 1043/240/1021 1058/255/1036 1056/253/1034 
f 982/178/960 1016/212/994 1017/213/995 
f 1140/337/1117 1145/342/1122 1170/367/1146 
f 1170/367/1146 1151/348/1127 1140/337/1117 
f 1151/348/1127 1170/367/1146 1173/370/1149 
f 1173/370/1149 1174/371/1150 1151/348/1127 
f 1185/382/1161 1107/304/1084 969/165/947 
f 1242/464/1218 1243/465/1219 1244/466/1220 
f 1245/467/1221 1243/465/1219 1242/464/1218 
f 1242/464/1218 1246/468/1222 1245/467/1221 
f 1244/466/1220 1247/469/1223 1242/464/1218 
f 1248/470/1224 1249/471/1225 1242/464/1218 
f 1242/464/1218 1247/469/1223 1248/470/1224 
f 1001/472/979 1250/473/1226 1251/474/1227 
f 1251/474/1227 1004/475/982 1001/472/979 
f 1252/476/1228 1253/477/1229 1251/474/1227 
f 1251/474/1227 1254/478/1230 1252/476/1228 
f 1250/473/1226 1255/479/1231 1256/480/1232 
f 1256/480/1232 1257/481/1233 1250/473/1226 
f 1255/479/1231 1258/482/1234 1259/483/1235 
f 1259/483/1235 1256/480/1232 1255/479/1231 
f 1008/484/986 1260/485/1236 1261/486/1237 
f 1261/486/1237 1010/487/988 1008/484/986 
f 1029/488/1007 1011/489/989 1262/490/1238 
f 1262/490/1238 1263/491/1239 1029/488/1007 
f 1034/492/1012 1264/493/1240 1265/494/1241 
f 1265/494/1241 1040/495/1018 1034/492/1012 
f 1041/496/1019 1040/495/1018 1265/494/1241 
f 1265/494/1241 1266/497/1242 1041/496/1019 
f 1267/498/1243 1268/499/1244 1269/500/1245 
f 1269/500/1245 1266/497/1242 1267/498/1243 
f 1270/501/1246 1271/502/1247 1272/503/1248 
f 1272/503/1248 1273/504/1249 1270/501/1246 
f 1271/502/1247 1274/505/1250 1257/481/1233 
f 1257/481/1233 1256/480/1232 1271/502/1247 
f 1275/506/1251 1274/505/1250 1276/507/1252 
f 1276/507/1252 1277/508/1253 1275/506/1251 
f 1275/506/1251 1278/509/1254 1252/476/1228 
f 1252/476/1228 1254/478/1230 1275/506/1251 
f 1273/504/1249 1279/510/1255 1280/511/1256 
f 1280/511/1256 1270/501/1246 1273/504/1249 
f 1270/501/1246 1280/511/1256 1281/512/1257 
f 1281/512/1257 1276/507/1252 1270/501/1246 
f 1282/513/1258 1277/508/1253 1276/507/1252 
f 1276/507/1252 1281/512/1257 1282/513/1258 
f 1283/514/1259 1284/515/1260 1277/508/1253 
f 1277/508/1253 1282/513/1258 1283/514/1259 
f 1283/514/1259 1285/516/1261 1286/517/1262 
f 1286/517/1262 1284/515/1260 1283/514/1259 
f 1285/516/1261 1287/518/1263 1288/519/1264 
f 1288/519/1264 1286/517/1262 1285/516/1261 
f 1289/520/1265 1290/521/1266 1291/522/1267 
f 1291/522/1267 1292/523/1268 1289/520/1265 
f 1293/524/1269 1294/525/1270 1295/526/1271 
f 1295/526/1271 1290/521/1266 1293/524/1269 
f 1296/527/1272 1288/519/1264 1287/518/1263 
f 1287/518/1263 1297/528/1273 1296/527/1272 
f 1298/529/1274 1296/527/1272 1297/528/1273 
f 1297/528/1273 1299/530/1275 1298/529/1274 
f 1300/531/1276 1293/532/1269 1301/533/1277 
f 1301/533/1277 1302/534/1278 1300/531/1276 
f 1300/535/1276 1303/536/1279 1294/525/1270 
f 1294/525/1270 1293/524/1269 1300/535/1276 
f 1304/537/1280 1302/534/1278 1301/533/1277 
f 1301/533/1277 1305/538/1281 1304/537/1280 
f 1306/539/1282 1307/540/1283 1308/541/1284 
f 1308/541/1284 1305/538/1281 1306/539/1282 
f 1306/539/1282 1309/542/1285 1310/543/1286 
f 1310/543/1286 1307/540/1283 1306/539/1282 
f 1306/539/1282 1298/529/1274 1299/530/1275 
f 1299/530/1275 1309/542/1285 1306/539/1282 
f 1311/544/1287 1312/545/1288 1300/531/1276 
f 1300/531/1276 1302/534/1278 1311/544/1287 
f 1313/546/1289 1303/547/1279 1300/548/1276 
f 1300/548/1276 1312/549/1288 1313/546/1289 
f 1267/498/1243 1311/544/1287 1302/534/1278 
f 1302/534/1278 1304/537/1280 1267/498/1243 
f 1279/510/1255 1314/550/1290 1315/551/1291 
f 1315/551/1291 1280/511/1256 1279/510/1255 
f 1316/552/1292 1281/512/1257 1280/511/1256 
f 1280/511/1256 1315/551/1291 1316/552/1292 
f 1317/553/1293 1282/513/1258 1281/512/1257 
f 1281/512/1257 1316/552/1292 1317/553/1293 
f 1283/514/1259 1282/513/1258 1317/553/1293 
f 1317/553/1293 1318/554/1294 1283/514/1259 
f 1318/554/1294 1319/555/1295 1285/516/1261 
f 1285/516/1261 1283/514/1259 1318/554/1294 
f 1319/555/1295 1320/556/1296 1287/518/1263 
f 1287/518/1263 1285/516/1261 1319/555/1295 
f 1297/528/1273 1287/518/1263 1320/556/1296 
f 1320/556/1296 1321/557/1297 1297/528/1273 
f 1299/530/1275 1297/528/1273 1321/557/1297 
f 1321/557/1297 1322/558/1298 1299/530/1275 
f 1322/558/1298 1323/559/1299 1309/542/1285 
f 1309/542/1285 1299/530/1275 1322/558/1298 
f 1309/560/1285 1324/561/1300 1325/562/1301 
f 1325/562/1301 1310/563/1286 1309/560/1285 
f 1323/564/1299 1326/565/1302 1324/561/1300 
f 1324/561/1300 1309/560/1285 1323/564/1299 
f 1315/551/1291 1314/550/1290 1327/566/1303 
f 1327/566/1303 1328/567/1304 1315/551/1291 
f 1315/551/1291 1328/567/1304 1329/568/1305 
f 1329/568/1305 1316/552/1292 1315/551/1291 
f 1330/569/1306 1317/553/1293 1316/552/1292 
f 1316/552/1292 1329/568/1305 1330/569/1306 
f 1317/553/1293 1330/569/1306 1318/554/1294 
f 1319/555/1295 1318/554/1294 1331/570/1307 
f 1331/570/1307 1332/571/1308 1319/555/1295 
f 1332/571/1308 1333/572/1309 1320/556/1296 
f 1320/556/1296 1319/555/1295 1332/571/1308 
f 1333/572/1309 1334/573/1310 1321/557/1297 
f 1321/557/1297 1320/556/1296 1333/572/1309 
f 1334/573/1310 1335/574/1311 1322/558/1298 
f 1322/558/1298 1321/557/1297 1334/573/1310 
f 1323/559/1299 1322/558/1298 1335/574/1311 
f 1335/574/1311 1336/575/1312 1323/559/1299 
f 1244/466/1220 1337/576/1313 1338/577/1314 
f 1338/577/1314 1247/469/1223 1244/466/1220 
f 1247/469/1223 1338/577/1314 1339/578/1315 
f 1339/578/1315 1340/579/1316 1247/469/1223 
f 1341/580/1317 1342/581/1318 1343/582/1319 
f 1343/582/1319 1336/575/1312 1341/580/1317 
f 1335/574/1311 1344/583/1320 1341/580/1317 
f 1341/580/1317 1336/575/1312 1335/574/1311 
f 1334/573/1310 1345/584/1321 1344/583/1320 
f 1344/583/1320 1335/574/1311 1334/573/1310 
f 1333/572/1309 1346/585/1322 1345/584/1321 
f 1345/584/1321 1334/573/1310 1333/572/1309 
f 1346/585/1322 1333/572/1309 1332/571/1308 
f 1332/571/1308 1347/586/1323 1346/585/1322 
f 1348/587/1324 1347/586/1323 1332/571/1308 
f 1332/571/1308 1331/570/1307 1348/587/1324 
f 1348/587/1324 1331/570/1307 1330/569/1306 
f 1330/569/1306 1349/588/1325 1348/587/1324 
f 1329/568/1305 1350/589/1326 1349/588/1325 
f 1349/588/1325 1330/569/1306 1329/568/1305 
f 1350/589/1326 1329/568/1305 1328/567/1304 
f 1328/567/1304 1351/590/1327 1350/589/1326 
f 1352/591/1328 1353/592/1329 1351/593/1327 
f 1304/537/1280 1354/594/1330 1268/499/1244 
f 1268/499/1244 1267/498/1243 1304/537/1280 
f 1330/569/1306 1331/570/1307 1318/554/1294 
f 1355/595/1331 1356/596/1332 1357/597/1333 
f 1357/597/1333 1342/598/1318 1355/595/1331 
f 1358/599/1334 1359/600/1335 1360/601/1336 
f 1360/601/1336 1361/602/1337 1358/599/1334 
f 1362/603/1338 1363/604/1339 1364/605/1340 
f 1364/605/1340 1365/606/1341 1362/603/1338 
f 1366/607/1342 1367/608/1343 1368/609/1344 
f 1368/609/1344 1369/610/1345 1366/607/1342 
f 1370/611/1346 1371/612/1347 1372/613/1348 
f 1372/613/1348 1373/614/1349 1370/611/1346 
f 1374/615/1350 1375/616/1351 1376/617/1352 
f 1376/617/1352 1377/618/1353 1374/615/1350 
f 1358/599/1334 1378/619/1354 1379/620/1355 
f 1379/620/1355 1359/600/1335 1358/599/1334 
f 1342/598/1318 1341/621/1317 1380/622/1356 
f 1380/622/1356 1355/595/1331 1342/598/1318 
f 1380/622/1356 1341/621/1317 1344/623/1320 
f 1344/623/1320 1381/624/1357 1380/622/1356 
f 1381/624/1357 1344/623/1320 1345/625/1321 
f 1345/625/1321 1382/626/1358 1381/624/1357 
f 1383/627/1359 1353/592/1329 1384/628/1360 
f 1384/628/1360 1385/629/1361 1383/627/1359 
f 1386/630/1362 1350/631/1326 1351/593/1327 
f 1351/593/1327 1387/632/1363 1386/630/1362 
f 1388/633/1364 1349/634/1325 1350/631/1326 
f 1350/631/1326 1386/630/1362 1388/633/1364 
f 1349/634/1325 1388/633/1364 1389/635/1365 
f 1389/635/1365 1348/636/1324 1349/634/1325 
f 1348/636/1324 1389/635/1365 1390/637/1366 
f 1390/637/1366 1347/638/1323 1348/636/1324 
f 1385/629/1361 1391/639/1367 1392/640/1368 
f 1392/640/1368 1383/627/1359 1385/629/1361 
f 1393/641/1369 1387/632/1363 1383/627/1359 
f 1383/627/1359 1392/640/1368 1393/641/1369 
f 1387/632/1363 1393/641/1369 1394/642/1370 
f 1394/642/1370 1386/630/1362 1387/632/1363 
f 1385/643/1361 1356/596/1332 1395/644/1371 
f 1395/644/1371 1391/645/1367 1385/643/1361 
f 1396/646/1372 1395/644/1371 1356/596/1332 
f 1356/596/1332 1355/595/1331 1396/646/1372 
f 1397/647/1373 1396/646/1372 1355/595/1331 
f 1355/595/1331 1380/622/1356 1397/647/1373 
f 1381/624/1357 1398/648/1374 1397/647/1373 
f 1397/647/1373 1380/622/1356 1381/624/1357 
f 1398/648/1374 1381/624/1357 1382/626/1358 
f 1382/626/1358 1399/649/1375 1398/648/1374 
f 1399/649/1375 1382/626/1358 1400/650/1376 
f 1400/650/1376 1401/651/1377 1399/649/1375 
f 1401/651/1377 1400/650/1376 1390/637/1366 
f 1390/637/1366 1402/652/1378 1401/651/1377 
f 1402/652/1378 1390/637/1366 1389/635/1365 
f 1389/635/1365 1403/653/1379 1402/652/1378 
f 1403/653/1379 1389/635/1365 1388/633/1364 
f 1388/633/1364 1404/654/1380 1403/653/1379 
f 1386/630/1362 1394/642/1370 1404/654/1380 
f 1404/654/1380 1388/633/1364 1386/630/1362 
f 1404/654/1380 1405/655/1381 1406/656/1382 
f 1406/656/1382 1403/653/1379 1404/654/1380 
f 1375/616/1351 1374/615/1350 1407/657/1383 
f 1407/657/1383 1408/658/1384 1375/616/1351 
f 1399/649/1375 1401/651/1377 1409/659/1385 
f 1409/659/1385 1410/660/1386 1399/649/1375 
f 1397/647/1373 1398/648/1374 1411/661/1387 
f 1411/661/1387 1412/662/1388 1397/647/1373 
f 1395/644/1371 1413/663/1389 1414/664/1390 
f 1414/664/1390 1391/645/1367 1395/644/1371 
f 1391/639/1367 1414/665/1390 1415/666/1391 
f 1415/666/1391 1392/640/1368 1391/639/1367 
f 1392/640/1368 1415/666/1391 1416/667/1392 
f 1416/667/1392 1393/641/1369 1392/640/1368 
f 1417/668/1393 1418/669/1394 1419/670/1395 
f 1419/670/1395 1420/671/1396 1417/668/1393 
f 1394/642/1370 1421/672/1397 1405/655/1381 
f 1405/655/1381 1404/654/1380 1394/642/1370 
f 1403/653/1379 1406/656/1382 1422/673/1398 
f 1422/673/1398 1402/652/1378 1403/653/1379 
f 1423/674/1399 1424/675/1400 1425/676/1401 
f 1425/676/1401 1426/677/1402 1423/674/1399 
f 1427/678/1403 1373/614/1349 1428/679/1404 
f 1428/679/1404 1429/680/1405 1427/678/1403 
f 1373/614/1349 1372/613/1348 1430/681/1406 
f 1430/681/1406 1428/679/1404 1373/614/1349 
f 1431/682/1407 1432/683/1408 1376/617/1352 
f 1376/617/1352 1375/616/1351 1431/682/1407 
f 1346/684/1322 1400/650/1376 1382/626/1358 
f 1382/626/1358 1345/625/1321 1346/684/1322 
f 1351/593/1327 1353/592/1329 1383/627/1359 
f 1383/627/1359 1387/632/1363 1351/593/1327 
f 1400/650/1376 1346/684/1322 1347/638/1323 
f 1347/638/1323 1390/637/1366 1400/650/1376 
f 1356/596/1332 1385/643/1361 1384/685/1360 
f 1384/685/1360 1357/597/1333 1356/596/1332 
f 1417/668/1393 1420/671/1396 1433/686/1409 
f 1433/686/1409 1434/687/1410 1417/668/1393 
f 1423/674/1399 1435/688/1411 1436/689/1412 
f 1436/689/1412 1424/675/1400 1423/674/1399 
f 1437/690/1413 1427/678/1403 1424/675/1400 
f 1424/675/1400 1436/689/1412 1437/690/1413 
f 1435/688/1411 1423/674/1399 1374/615/1350 
f 1374/615/1350 1377/618/1353 1435/688/1411 
f 1369/691/1345 1372/613/1348 1371/612/1347 
f 1371/612/1347 1366/692/1342 1369/691/1345 
f 1437/690/1413 1370/611/1346 1373/614/1349 
f 1373/614/1349 1427/678/1403 1437/690/1413 
f 1377/693/1353 1376/694/1352 1438/695/1414 
f 1376/694/1352 1378/696/1354 1438/695/1414 
f 1378/696/1354 1358/697/1334 1438/695/1414 
f 1358/697/1334 1361/698/1337 1438/695/1414 
f 1361/698/1337 1363/699/1339 1438/695/1414 
f 1363/699/1339 1362/700/1338 1438/695/1414 
f 1362/700/1338 1366/701/1342 1438/695/1414 
f 1366/701/1342 1371/702/1347 1438/695/1414 
f 1371/702/1347 1370/703/1346 1438/695/1414 
f 1370/703/1346 1437/704/1413 1438/695/1414 
f 1437/704/1413 1436/705/1412 1438/695/1414 
f 1436/705/1412 1435/706/1411 1438/695/1414 
f 1435/706/1411 1377/693/1353 1438/695/1414 
f 1351/590/1327 1328/567/1304 1327/566/1303 
f 1327/566/1303 1352/707/1328 1351/590/1327 
f 1011/489/989 1010/487/988 1261/486/1237 
f 1261/486/1237 1262/490/1238 1011/489/989 
f 1312/545/1288 1264/493/1240 1263/491/1239 
f 1439/708/1415 1440/709/1416 1441/710/1417 
f 1441/710/1417 1442/711/1418 1439/708/1415 
f 1337/576/1313 1440/709/1416 1439/708/1415 
f 1439/708/1415 1443/712/1419 1337/576/1313 
f 1443/712/1419 1326/565/1302 1444/713/1420 
f 1444/713/1420 1445/714/1421 1443/712/1419 
f 1445/714/1421 1444/713/1420 1446/715/1422 
f 1446/715/1422 1447/716/1423 1445/714/1421 
f 1443/712/1419 1445/714/1421 1338/577/1314 
f 1338/577/1314 1337/576/1313 1443/712/1419 
f 1445/714/1421 1447/716/1423 1339/578/1315 
f 1339/578/1315 1338/577/1314 1445/714/1421 
f 1243/465/1219 1448/717/1424 1441/710/1417 
f 1441/710/1417 1440/709/1416 1243/465/1219 
f 1337/576/1313 1244/466/1220 1243/465/1219 
f 1243/465/1219 1440/709/1416 1337/576/1313 
f 1439/708/1415 1442/711/1418 1325/562/1301 
f 1325/562/1301 1324/561/1300 1439/708/1415 
f 1326/565/1302 1443/712/1419 1439/708/1415 
f 1439/708/1415 1324/561/1300 1326/565/1302 
f 1326/565/1302 1323/564/1299 1336/718/1312 
f 1336/718/1312 1444/713/1420 1326/565/1302 
f 1444/713/1420 1336/718/1312 1343/719/1319 
f 1343/719/1319 1446/715/1422 1444/713/1420 
f 1449/720/1425 1417/668/1393 1434/687/1410 
f 1434/687/1410 1450/721/1426 1449/720/1425 
f 1420/671/1396 1368/609/1344 1367/608/1343 
f 1367/608/1343 1433/686/1409 1420/671/1396 
f 1431/682/1407 1449/720/1425 1450/721/1426 
f 1450/721/1426 1432/683/1408 1431/682/1407 
f 1364/605/1340 1360/601/1336 1434/687/1410 
f 1434/687/1410 1433/686/1409 1364/605/1340 
f 1366/607/1342 1365/606/1341 1367/608/1343 
f 1432/683/1408 1379/620/1355 1376/617/1352 
f 1451/722/1427 1452/723/1428 1453/724/1429 
f 1453/724/1429 1454/725/1430 1451/722/1427 
f 1455/726/1431 1456/727/1432 1457/728/1433 
f 1458/729/1434 1459/730/1435 1460/731/1436 
f 1459/730/1435 1461/732/1437 1460/731/1436 
f 1462/733/1438 1463/734/1439 1458/729/1434 
f 1463/734/1439 1464/735/1440 1458/729/1434 
f 1464/735/1440 1465/736/1441 1458/729/1434 
f 1466/737/1442 1467/738/1443 1468/739/1444 
f 1468/739/1444 1469/740/1445 1466/737/1442 
f 1470/741/1446 1471/742/1447 1462/733/1438 
f 1472/743/1448 1473/744/1449 1474/745/1450 
f 1475/746/1451 1476/747/1452 1477/748/1453 
f 1478/749/1454 1479/750/1455 1477/748/1453 
f 1479/750/1455 1480/751/1456 1477/748/1453 
f 1481/752/1457 1482/753/1458 1475/746/1451 
f 1483/754/1459 1484/755/1460 1485/756/1461 
f 1485/756/1461 1486/757/1462 1483/754/1459 
f 1484/755/1460 1487/758/1463 1488/759/1464 
f 1488/759/1464 1485/756/1461 1484/755/1460 
f 1489/760/1465 1490/761/1466 1482/753/1458 
f 1482/753/1458 1481/752/1457 1489/760/1465 
f 1464/735/1440 1491/762/1467 1492/763/1468 
f 1492/763/1468 1465/736/1441 1464/735/1440 
f 1478/749/1454 1491/762/1467 1493/764/1469 
f 1493/764/1469 1479/750/1455 1478/749/1454 
f 1474/745/1450 1480/751/1456 1494/765/1470 
f 1494/765/1470 1495/766/1471 1474/745/1450 
f 1472/743/1448 1474/745/1450 1495/766/1471 
f 1495/766/1471 1496/767/1472 1472/743/1448 
f 1497/768/1473 1498/769/1474 1499/770/1475 
f 1500/771/1476 1497/768/1473 1499/770/1475 
f 1498/769/1474 1501/772/1477 1499/770/1475 
f 1501/772/1477 1502/773/1478 1499/770/1475 
f 1503/774/1479 1504/775/1480 1505/776/1481 
f 1505/776/1481 1506/777/1482 1503/774/1479 
f 1507/778/1483 1508/779/1484 1504/775/1480 
f 1504/775/1480 1503/774/1479 1507/778/1483 
f 1506/777/1482 1509/780/1485 1510/781/1486 
f 1510/781/1486 1503/774/1479 1506/777/1482 
f 1511/782/1487 1507/778/1483 1503/774/1479 
f 1503/774/1479 1510/781/1486 1511/782/1487 
f 1512/783/1488 1513/784/1489 1509/780/1485 
f 1509/780/1485 1506/777/1482 1512/783/1488 
f 1509/780/1485 1514/785/1490 1515/786/1491 
f 1515/786/1491 1510/781/1486 1509/780/1485 
f 1510/781/1486 1515/786/1491 1516/787/1492 
f 1516/787/1492 1511/782/1487 1510/781/1486 
f 1513/784/1489 1512/783/1488 1517/788/1493 
f 1517/788/1493 1518/789/1494 1513/784/1489 
f 1518/789/1494 1451/722/1427 1519/790/1495 
f 1519/790/1495 1513/784/1489 1518/789/1494 
f 1520/791/1496 1517/788/1493 1521/792/1497 
f 1521/792/1497 1522/793/1498 1520/791/1496 
f 1523/794/1499 1452/723/1428 1518/789/1494 
f 1518/789/1494 1517/788/1493 1523/794/1499 
f 1520/791/1496 1524/795/1500 1523/794/1499 
f 1523/794/1499 1517/788/1493 1520/791/1496 
f 1455/726/1431 1520/791/1496 1522/793/1498 
f 1522/793/1498 1525/796/1501 1455/726/1431 
f 1526/797/1502 1524/795/1500 1520/791/1496 
f 1520/791/1496 1455/726/1431 1526/797/1502 
f 1527/798/1503 1528/799/1504 1529/800/1505 
f 1529/800/1505 1530/801/1506 1527/798/1503 
f 1530/801/1506 1529/800/1505 1531/802/1507 
f 1531/802/1507 1532/803/1508 1530/801/1506 
f 1452/804/1428 1523/805/1499 1533/806/1509 
f 1533/806/1509 1534/807/1510 1452/804/1428 
f 1453/808/1429 1452/804/1428 1534/807/1510 
f 1534/807/1510 1535/809/1511 1453/808/1429 
f 1536/810/1512 1537/811/1513 1508/779/1484 
f 1508/779/1484 1507/778/1483 1536/810/1512 
f 1507/778/1483 1511/782/1487 1538/812/1514 
f 1538/812/1514 1536/810/1512 1507/778/1483 
f 1511/782/1487 1516/787/1492 1539/813/1515 
f 1539/813/1515 1538/812/1514 1511/782/1487 
f 1540/814/1516 1541/815/1517 1537/816/1513 
f 1537/816/1513 1536/817/1512 1540/814/1516 
f 1536/817/1512 1538/818/1514 1542/819/1518 
f 1542/819/1518 1540/814/1516 1536/817/1512 
f 1540/814/1516 1543/820/1519 1544/821/1520 
f 1544/821/1520 1541/815/1517 1540/814/1516 
f 1545/822/1521 1543/820/1519 1540/814/1516 
f 1540/814/1516 1542/819/1518 1545/822/1521 
f 1456/727/1432 1543/820/1519 1545/822/1521 
f 1545/822/1521 1457/728/1433 1456/727/1432 
f 1457/728/1433 1546/823/1522 1526/797/1502 
f 1526/797/1502 1455/726/1431 1457/728/1433 
f 1532/803/1508 1531/802/1507 1547/824/1523 
f 1547/824/1523 1548/825/1524 1532/803/1508 
f 1457/728/1433 1549/826/1525 1550/827/1526 
f 1550/827/1526 1546/823/1522 1457/728/1433 
f 1548/825/1524 1547/824/1523 1551/828/1527 
f 1551/828/1527 1552/829/1528 1548/825/1524 
f 1542/819/1518 1553/830/1529 1554/831/1530 
f 1554/831/1530 1545/822/1521 1542/819/1518 
f 1550/832/1526 1453/808/1429 1535/809/1511 
f 1535/809/1511 1551/833/1527 1550/832/1526 
f 1500/771/1476 1499/770/1475 1555/834/1531 
f 1555/834/1531 1527/798/1503 1500/771/1476 
f 1497/768/1473 1500/771/1476 1527/798/1503 
f 1527/798/1503 1530/801/1506 1497/768/1473 
f 1499/770/1475 1502/773/1478 1556/835/1532 
f 1556/835/1532 1555/834/1531 1499/770/1475 
f 1502/773/1478 1501/772/1477 1552/836/1528 
f 1552/836/1528 1556/835/1532 1502/773/1478 
f 1552/829/1528 1501/772/1477 1498/769/1474 
f 1498/769/1474 1548/825/1524 1552/829/1528 
f 1498/769/1474 1532/803/1508 1548/825/1524 
f 1538/818/1514 1539/837/1515 1553/830/1529 
f 1553/830/1529 1542/819/1518 1538/818/1514 
f 1557/838/1533 1558/839/1534 1554/840/1530 
f 1554/840/1530 1553/841/1529 1557/838/1533 
f 1559/842/1535 1560/843/1536 1561/844/1537 
f 1561/844/1537 1562/845/1538 1559/842/1535 
f 1563/846/1539 1489/760/1465 1481/752/1457 
f 1481/752/1457 1475/746/1451 1563/846/1539 
f 1532/803/1508 1498/769/1474 1497/768/1473 
f 1497/768/1473 1530/801/1506 1532/803/1508 
f 1460/731/1436 1461/732/1437 1563/847/1539 
f 1467/738/1443 1562/845/1538 1564/848/1540 
f 1564/848/1540 1565/849/1541 1467/738/1443 
f 1566/850/1542 1512/783/1488 1506/777/1482 
f 1506/777/1482 1505/776/1481 1566/850/1542 
f 1521/792/1497 1517/788/1493 1512/783/1488 
f 1512/783/1488 1566/850/1542 1521/792/1497 
f 1543/820/1519 1456/727/1432 1567/851/1543 
f 1567/851/1543 1544/821/1520 1543/820/1519 
f 1456/727/1432 1455/726/1431 1525/796/1501 
f 1525/796/1501 1567/851/1543 1456/727/1432 
f 1568/852/1544 1470/741/1446 1462/733/1438 
f 1462/733/1438 1569/853/1545 1568/852/1544 
f 1514/785/1490 1509/780/1485 1570/854/1546 
f 1484/755/1460 1571/855/1547 1572/856/1548 
f 1572/856/1548 1487/758/1463 1484/755/1460 
f 1473/744/1449 1477/748/1453 1474/745/1450 
f 1570/857/1546 1573/858/1549 1574/859/1550 
f 1574/859/1550 1514/860/1490 1570/857/1546 
f 1514/860/1490 1574/859/1550 1575/861/1551 
f 1575/861/1551 1515/862/1491 1514/860/1490 
f 1515/862/1491 1575/861/1551 1576/863/1552 
f 1576/863/1552 1516/864/1492 1515/862/1491 
f 1457/728/1433 1545/822/1521 1554/831/1530 
f 1554/831/1530 1549/826/1525 1457/728/1433 
f 1577/865/1553 1578/866/1554 1454/867/1430 
f 1454/867/1430 1549/868/1525 1577/865/1553 
f 1454/867/1430 1578/866/1554 1579/869/1555 
f 1579/869/1555 1451/870/1427 1454/867/1430 
f 1451/870/1427 1579/869/1555 1580/871/1556 
f 1580/871/1556 1519/872/1495 1451/870/1427 
f 1519/872/1495 1580/871/1556 1581/873/1557 
f 1581/873/1557 1570/874/1546 1519/872/1495 
f 1451/722/1427 1518/789/1494 1452/723/1428 
f 1484/755/1460 1483/754/1459 1561/844/1537 
f 1561/844/1537 1571/855/1547 1484/755/1460 
f 1549/826/1525 1454/725/1430 1550/827/1526 
f 1454/725/1430 1453/724/1429 1550/827/1526 
f 1509/780/1485 1513/784/1489 1570/854/1546 
f 1513/784/1489 1519/790/1495 1570/854/1546 
f 1533/806/1509 1523/805/1499 1524/875/1500 
f 1524/875/1500 1582/876/1558 1533/806/1509 
f 1582/876/1558 1524/875/1500 1526/877/1502 
f 1526/877/1502 1583/878/1559 1582/876/1558 
f 1533/806/1509 1528/799/1504 1534/807/1510 
f 1526/877/1502 1546/879/1522 1547/824/1523 
f 1547/824/1523 1583/878/1559 1526/877/1502 
f 1547/824/1523 1546/879/1522 1550/880/1526 
f 1550/880/1526 1551/828/1527 1547/824/1523 
f 1528/799/1504 1533/806/1509 1582/876/1558 
f 1582/876/1558 1529/800/1505 1528/799/1504 
f 1529/800/1505 1582/876/1558 1583/878/1559 
f 1583/878/1559 1531/802/1507 1529/800/1505 
f 1531/802/1507 1583/878/1559 1547/824/1523 
f 1527/798/1503 1555/834/1531 1534/807/1510 
f 1534/807/1510 1528/799/1504 1527/798/1503 
f 1555/834/1531 1556/835/1532 1535/809/1511 
f 1535/809/1511 1534/807/1510 1555/834/1531 
f 1556/835/1532 1552/836/1528 1551/833/1527 
f 1551/833/1527 1535/809/1511 1556/835/1532 
f 1487/758/1463 1572/856/1548 1584/881/1560 
f 1584/881/1560 1488/759/1464 1487/758/1463 
f 1568/882/1544 1569/883/1545 1585/884/1561 
f 1585/884/1561 1496/767/1472 1568/882/1544 
f 1586/885/1562 1558/839/1534 1477/748/1453 
f 1477/748/1453 1473/744/1449 1586/885/1562 
f 1557/838/1533 1587/886/1563 1563/846/1539 
f 1563/846/1539 1475/746/1451 1557/838/1533 
f 1563/847/1539 1587/887/1563 1576/863/1552 
f 1576/863/1552 1460/731/1436 1563/847/1539 
f 1588/888/1564 1570/874/1546 1581/873/1557 
f 1581/873/1557 1589/889/1565 1588/888/1564 
f 1569/883/1545 1573/890/1549 1590/891/1566 
f 1590/891/1566 1585/884/1561 1569/883/1545 
f 1591/892/1567 1592/893/1568 1593/894/1569 
f 1593/894/1569 1594/895/1570 1591/892/1567 
f 1595/896/1571 1596/897/1572 1597/898/1573 
f 1597/898/1573 1598/899/1574 1595/896/1571 
f 1599/900/1575 1600/901/1576 1601/902/1577 
f 1601/902/1577 1602/903/1578 1599/900/1575 
f 1603/904/1579 1604/905/1580 1596/897/1572 
f 1596/897/1572 1595/896/1571 1603/904/1579 
f 1605/906/1581 1606/907/1582 1604/905/1580 
f 1604/905/1580 1603/904/1579 1605/906/1581 
f 1602/903/1578 1601/902/1577 1607/908/1583 
f 1607/908/1583 1608/909/1584 1602/903/1578 
f 1291/522/1267 1609/910/1585 1610/911/1586 
f 1610/911/1586 1292/523/1268 1291/522/1267 
f 1295/526/1271 1611/912/1587 1609/910/1585 
f 1609/910/1585 1291/522/1267 1295/526/1271 
f 1295/526/1271 1294/525/1270 1612/913/1588 
f 1612/913/1588 1611/912/1587 1295/526/1271 
f 1613/914/1589 1614/915/1590 1615/916/1591 
f 1615/916/1591 1616/917/1592 1613/914/1589 
f 1614/918/1590 1606/907/1582 1605/906/1581 
f 1605/906/1581 1615/919/1591 1614/918/1590 
f 1595/896/1571 1505/776/1481 1504/775/1480 
f 1504/775/1480 1603/904/1579 1595/896/1571 
f 1603/904/1579 1504/775/1480 1508/779/1484 
f 1508/779/1484 1605/906/1581 1603/904/1579 
f 1598/899/1574 1566/850/1542 1505/776/1481 
f 1505/776/1481 1595/896/1571 1598/899/1574 
f 1599/900/1575 1521/792/1497 1566/850/1542 
f 1566/850/1542 1598/899/1574 1599/900/1575 
f 1522/793/1498 1521/792/1497 1599/900/1575 
f 1599/900/1575 1602/903/1578 1522/793/1498 
f 1525/796/1501 1522/793/1498 1602/903/1578 
f 1602/903/1578 1608/909/1584 1525/796/1501 
f 1605/906/1581 1508/779/1484 1537/811/1513 
f 1537/811/1513 1615/919/1591 1605/906/1581 
f 1615/916/1591 1537/816/1513 1541/815/1517 
f 1541/815/1517 1616/917/1592 1615/916/1591 
f 1541/815/1517 1544/821/1520 1617/920/1593 
f 1617/920/1593 1616/917/1592 1541/815/1517 
f 1544/821/1520 1567/851/1543 1618/921/1594 
f 1618/921/1594 1617/920/1593 1544/821/1520 
f 1567/851/1543 1525/796/1501 1608/909/1584 
f 1608/909/1584 1618/921/1594 1567/851/1543 
f 1289/520/1265 1292/523/1268 1619/922/1595 
f 1619/922/1595 1620/923/1596 1289/520/1265 
f 1295/526/1271 1291/522/1267 1290/521/1266 
f 1620/923/1596 1619/922/1595 1592/893/1568 
f 1592/893/1568 1260/924/1236 1620/923/1596 
f 1260/485/1236 1253/477/1229 1252/476/1228 
f 1252/476/1228 1620/925/1596 1260/485/1236 
f 1620/925/1596 1252/476/1228 1278/509/1254 
f 1278/509/1254 1289/926/1265 1620/925/1596 
f 1286/517/1262 1288/519/1264 1290/927/1266 
f 1290/927/1266 1289/926/1265 1286/517/1262 
f 1290/927/1266 1288/519/1264 1296/527/1272 
f 1296/527/1272 1293/532/1269 1290/927/1266 
f 1260/924/1236 1592/893/1568 1591/892/1567 
f 1591/892/1567 1261/928/1237 1260/924/1236 
f 1591/892/1567 1621/929/1597 1262/930/1238 
f 1262/930/1238 1261/928/1237 1591/892/1567 
f 1621/929/1597 1622/931/1598 1263/932/1239 
f 1263/932/1239 1262/930/1238 1621/929/1597 
f 1622/931/1598 1313/546/1289 1312/549/1288 
f 1312/549/1288 1263/932/1239 1622/931/1598 
f 1250/473/1226 1257/481/1233 1254/478/1230 
f 1254/478/1230 1251/474/1227 1250/473/1226 
f 1253/477/1229 1007/933/985 1004/475/982 
f 1004/475/982 1251/474/1227 1253/477/1229 
f 1001/472/979 998/934/976 1255/479/1231 
f 1255/479/1231 1250/473/1226 1001/472/979 
f 998/934/976 1184/935/1160 1258/482/1234 
f 1258/482/1234 1255/479/1231 998/934/976 
f 1192/936/1168 1007/933/985 1253/477/1229 
f 1264/493/1240 1311/544/1287 1265/494/1241 
f 1311/544/1287 1267/498/1243 1266/497/1242 
f 1266/497/1242 1265/494/1241 1311/544/1287 
f 1049/937/1027 1041/496/1019 1266/497/1242 
f 1266/497/1242 1269/500/1245 1049/937/1027 
f 1034/492/1012 1029/488/1007 1263/491/1239 
f 1263/491/1239 1264/493/1240 1034/492/1012 
f 1256/480/1232 1259/483/1235 1272/503/1248 
f 1272/503/1248 1271/502/1247 1256/480/1232 
f 1271/502/1247 1270/501/1246 1276/507/1252 
f 1276/507/1252 1274/505/1250 1271/502/1247 
f 1254/478/1230 1257/481/1233 1274/505/1250 
f 1274/505/1250 1275/506/1251 1254/478/1230 
f 1277/508/1253 1284/515/1260 1278/509/1254 
f 1278/509/1254 1275/506/1251 1277/508/1253 
f 1298/529/1274 1306/539/1282 1305/538/1281 
f 1305/538/1281 1301/533/1277 1298/529/1274 
f 1354/594/1330 1304/537/1280 1305/538/1281 
f 1305/538/1281 1308/541/1284 1354/594/1330 
f 1296/527/1272 1298/529/1274 1301/533/1277 
f 1301/533/1277 1293/532/1269 1296/527/1272 
f 1284/515/1260 1286/517/1262 1289/926/1265 
f 1289/926/1265 1278/509/1254 1284/515/1260 
f 1264/493/1240 1312/545/1288 1311/544/1287 
f 1600/901/1576 1597/898/1573 1594/895/1570 
f 1594/895/1570 1593/894/1569 1600/901/1576 
f 1623/938/1599 1621/929/1597 1591/892/1567 
f 1591/892/1567 1594/895/1570 1623/938/1599 
f 1593/894/1569 1592/893/1568 1619/922/1595 
f 1619/922/1595 1624/939/1600 1593/894/1569 
f 1625/940/1601 1622/931/1598 1621/929/1597 
f 1621/929/1597 1623/938/1599 1625/940/1601 
f 1626/941/1602 1313/546/1289 1622/931/1598 
f 1622/931/1598 1625/940/1601 1626/941/1602 
f 1624/939/1600 1619/922/1595 1292/523/1268 
f 1292/523/1268 1610/911/1586 1624/939/1600 
f 1627/942/1603 1607/908/1583 1610/911/1586 
f 1610/911/1586 1609/910/1585 1627/942/1603 
f 1628/943/1604 1627/942/1603 1609/910/1585 
f 1609/910/1585 1611/912/1587 1628/943/1604 
f 1613/914/1589 1628/943/1604 1611/912/1587 
f 1611/912/1587 1612/913/1588 1613/914/1589 
f 1294/525/1270 1303/536/1279 1629/944/1605 
f 1629/944/1605 1612/913/1588 1294/525/1270 
f 1303/547/1279 1313/546/1289 1626/941/1602 
f 1626/941/1602 1629/945/1605 1303/547/1279 
f 1596/897/1572 1623/938/1599 1594/895/1570 
f 1594/895/1570 1597/898/1573 1596/897/1572 
f 1600/901/1576 1593/894/1569 1624/939/1600 
f 1624/939/1600 1601/902/1577 1600/901/1576 
f 1604/905/1580 1625/940/1601 1623/938/1599 
f 1623/938/1599 1596/897/1572 1604/905/1580 
f 1606/907/1582 1626/941/1602 1625/940/1601 
f 1625/940/1601 1604/905/1580 1606/907/1582 
f 1601/902/1577 1624/939/1600 1610/911/1586 
f 1610/911/1586 1607/908/1583 1601/902/1577 
f 1612/913/1588 1629/944/1605 1614/915/1590 
f 1614/915/1590 1613/914/1589 1612/913/1588 
f 1629/945/1605 1626/941/1602 1606/907/1582 
f 1606/907/1582 1614/918/1590 1629/945/1605 
f 1599/900/1575 1598/899/1574 1597/898/1573 
f 1597/898/1573 1600/901/1576 1599/900/1575 
f 1618/921/1594 1608/909/1584 1607/908/1583 
f 1607/908/1583 1627/942/1603 1618/921/1594 
f 1617/920/1593 1618/921/1594 1627/942/1603 
f 1627/942/1603 1628/943/1604 1617/920/1593 
f 1616/917/1592 1617/920/1593 1628/943/1604 
f 1628/943/1604 1613/914/1589 1616/917/1592 
f 1084/281/1061 1083/280/1060 1098/295/1075 
f 1098/295/1075 1100/297/1077 1084/281/1061 
f 1171/368/1147 1170/367/1146 1145/342/1122 
f 1145/342/1122 1630/946/1606 1171/368/1147 
f 1051/248/1029 1042/239/1020 1050/247/1028 
f 1050/247/1028 1200/398/1176 1051/248/1029 
f 1054/251/1032 1056/253/1034 1060/257/1038 
f 1060/257/1038 1631/947/1607 1054/251/1032 
f 1630/946/1606 1145/342/1122 1138/335/1115 
f 1138/335/1115 1137/334/1114 1630/946/1606 
f 1076/273/1053 1079/276/1056 1087/284/1064 
f 1087/284/1064 1090/287/1067 1076/273/1053 
f 1632/948/1608 1147/344/1124 1111/308/1088 
f 1111/308/1088 1110/307/1087 1632/948/1608 
f 926/122/904 1147/344/1124 1632/948/1608 
f 1632/948/1608 927/123/905 926/122/904 
f 1448/717/1424 1243/465/1219 1245/467/1221 
f 1248/470/1224 1247/469/1223 1340/579/1316 
f 1246/468/1222 1242/464/1218 1633/949/1609 
f 1633/949/1609 1242/464/1218 1249/471/1225 
f 1485/756/1461 1565/849/1541 1564/848/1540 
f 1564/848/1540 1486/757/1462 1485/756/1461 
f 1634/950/1610 1565/849/1541 1485/756/1461 
f 1485/756/1461 1488/759/1464 1634/950/1610 
f 1461/732/1437 1459/730/1435 1490/761/1466 
f 1490/761/1466 1489/760/1465 1461/732/1437 
f 1478/749/1454 1635/951/1611 1492/763/1468 
f 1492/763/1468 1491/762/1467 1478/749/1454 
f 1491/762/1467 1464/735/1440 1463/734/1439 
f 1463/734/1439 1493/764/1469 1491/762/1467 
f 1493/764/1469 1463/734/1439 1471/742/1447 
f 1471/742/1447 1494/765/1470 1493/764/1469 
f 1470/741/1446 1568/882/1544 1496/767/1472 
f 1496/767/1472 1495/766/1471 1470/741/1446 
f 1636/952/1612 1469/740/1445 1468/739/1444 
f 1468/739/1444 1584/953/1560 1636/952/1612 
f 1585/884/1561 1473/744/1449 1472/743/1448 
f 1472/743/1448 1496/767/1472 1585/884/1561 
f 1467/738/1443 1565/849/1541 1634/950/1610 
f 1634/950/1610 1468/739/1444 1467/738/1443 
f 1561/844/1537 1486/757/1462 1562/845/1538 
f 1466/737/1442 1559/842/1535 1562/845/1538 
f 1562/845/1538 1467/738/1443 1466/737/1442 
f 1571/855/1547 1637/954/1613 1572/856/1548 
f 1561/844/1537 1560/843/1536 1571/855/1547 
f 1571/855/1547 1560/843/1536 1637/954/1613 
f 1572/856/1548 1637/954/1613 1636/955/1612 
f 1636/955/1612 1584/881/1560 1572/856/1548 
f 1634/950/1610 1488/759/1464 1584/953/1560 
f 1584/953/1560 1468/739/1444 1634/950/1610 
f 1561/844/1537 1483/754/1459 1486/757/1462 
f 1486/757/1462 1564/848/1540 1562/845/1538 
f 1490/761/1466 1459/730/1435 1638/956/1614 
f 1638/956/1614 1639/957/1615 1490/761/1466 
f 1476/747/1452 1482/753/1458 1490/761/1466 
f 1490/761/1466 1639/957/1615 1476/747/1452 
f 1492/763/1468 1639/957/1615 1465/736/1441 
f 1635/951/1611 1476/747/1452 1492/763/1468 
f 1638/956/1614 1459/730/1435 1458/729/1434 
f 1465/736/1441 1638/956/1614 1458/729/1434 
f 1639/957/1615 1638/956/1614 1465/736/1441 
f 1476/747/1452 1639/957/1615 1492/763/1468 
f 1480/751/1456 1479/750/1455 1493/764/1469 
f 1493/764/1469 1494/765/1470 1480/751/1456 
f 1470/741/1446 1495/766/1471 1494/765/1470 
f 1494/765/1470 1471/742/1447 1470/741/1446 
f 1471/742/1447 1463/734/1439 1462/733/1438 
f 1476/747/1452 1635/951/1611 1477/748/1453 
f 1480/751/1456 1474/745/1450 1477/748/1453 
f 1475/746/1451 1482/753/1458 1476/747/1452 
f 1635/951/1611 1478/749/1454 1477/748/1453 
f 1461/732/1437 1489/760/1465 1563/847/1539 
f 1640/958/1616 1065/262/1043 1641/959/1617 
f 1641/959/1617 1642/960/1618 1640/958/1616 
f 1180/377/1156 1160/357/1136 1643/961/1619 
f 1643/961/1619 1644/962/1620 1180/377/1156 
f 1160/357/1136 1159/356/1135 1645/963/1621 
f 1645/963/1621 1643/961/1619 1160/357/1136 
f 1159/356/1135 1168/365/1144 1646/964/1622 
f 1646/964/1622 1645/963/1621 1159/356/1135 
f 1168/365/1144 1167/364/1143 1647/965/1623 
f 1647/965/1623 1646/964/1622 1168/365/1144 
f 1176/373/1152 1640/958/1616 1642/960/1618 
f 1642/960/1618 1648/966/1624 1176/373/1152 
f 1179/376/1155 1176/373/1152 1648/966/1624 
f 1648/966/1624 1649/967/1625 1179/376/1155 
f 1650/968/1626 1651/969/1627 1652/970/1628 
f 1652/970/1628 1653/971/1629 1650/968/1626 
f 1065/262/1043 1064/261/1042 1654/972/1630 
f 1654/972/1630 1641/959/1617 1065/262/1043 
f 1167/364/1143 1179/376/1155 1649/967/1625 
f 1649/967/1625 1647/965/1623 1167/364/1143 
f 1181/378/1157 1180/377/1156 1644/962/1620 
f 1644/962/1620 1655/973/1631 1181/378/1157 
f 1064/261/1042 1650/968/1626 1653/971/1629 
f 1653/971/1629 1654/972/1630 1064/261/1042 
f 1651/969/1627 1656/974/1632 1657/975/1633 
f 1657/975/1633 1652/970/1628 1651/969/1627 
f 1450/721/1426 1434/687/1410 1360/601/1336 
f 1360/601/1336 1359/600/1335 1450/721/1426 
f 1433/686/1409 1367/608/1343 1365/606/1341 
f 1365/606/1341 1364/605/1340 1433/686/1409 
f 1432/683/1408 1450/721/1426 1359/600/1335 
f 1359/600/1335 1379/620/1355 1432/683/1408 
f 1363/604/1339 1361/602/1337 1360/601/1336 
f 1360/601/1336 1364/605/1340 1363/604/1339 
f 1379/620/1355 1378/619/1354 1376/617/1352 
f 1366/607/1342 1362/603/1338 1365/606/1341 
f 936/132/914 935/131/913 1658/976/1634 
f 1658/976/1634 1659/977/1635 936/132/914 
f 935/131/913 938/134/916 1660/978/1636 
f 1660/978/1636 1658/976/1634 935/131/913 
f 1113/310/1090 936/132/914 1659/977/1635 
f 1659/977/1635 1661/979/1637 1113/310/1090 
f 938/134/916 1141/338/1118 1662/980/1638 
f 1662/980/1638 1660/978/1636 938/134/916 
f 1115/312/1092 1113/310/1090 1661/979/1637 
f 1661/979/1637 1663/981/1639 1115/312/1092 
f 1664/982/1640 1115/312/1092 1663/981/1639 
f 1663/981/1639 1665/983/1641 1664/982/1640 
f 1666/984/1642 1664/982/1640 1665/983/1641 
f 1665/983/1641 1667/985/1643 1666/984/1642 
f 1668/986/1644 1666/984/1642 1667/985/1643 
f 1667/985/1643 1669/987/1645 1668/986/1644 
f 1127/324/1104 1668/986/1644 1669/987/1645 
f 1669/987/1645 1670/988/1646 1127/324/1104 
f 1128/325/1105 1127/324/1104 1670/988/1646 
f 1670/988/1646 1671/989/1647 1128/325/1105 
f 1144/341/1121 1128/325/1105 1671/989/1647 
f 1671/989/1647 1672/990/1648 1144/341/1121 
f 1141/338/1118 1144/341/1121 1672/990/1648 
f 1672/990/1648 1662/980/1638 1141/338/1118 
f 1659/977/1635 1658/976/1634 1673/991/1649 
f 1658/976/1634 1660/978/1636 1673/991/1649 
f 1661/979/1637 1659/977/1635 1673/991/1649 
f 1660/978/1636 1662/980/1638 1673/991/1649 
f 1663/981/1639 1661/979/1637 1673/991/1649 
f 1665/983/1641 1663/981/1639 1673/991/1649 
f 1667/985/1643 1665/983/1641 1673/991/1649 
f 1669/987/1645 1667/985/1643 1673/991/1649 
f 1670/988/1646 1669/987/1645 1673/991/1649 
f 1671/989/1647 1670/988/1646 1673/991/1649 
f 1672/990/1648 1671/989/1647 1673/991/1649 
f 1662/980/1638 1672/990/1648 1673/991/1649 
f 1637/954/1613 1577/865/1553 1589/992/1565 
f 1589/992/1565 1636/955/1612 1637/954/1613 
f 1588/993/1564 1549/994/1525 1586/885/1562 
f 1586/885/1562 1590/891/1566 1588/993/1564 
f 1186/383/1162 961/157/939 957/153/935 
f 964/160/942 1063/260/1041 960/156/938 
f 1028/224/1006 1035/231/1013 1036/408/1014 
f 1642/995/1618 1641/996/1617 1674/997/1650 
f 1674/997/1650 1675/998/1651 1642/995/1618 
f 1644/999/1620 1643/1000/1619 1676/1001/1652 
f 1643/1000/1619 1645/1002/1621 1677/1003/1653 
f 1677/1003/1653 1676/1001/1652 1643/1000/1619 
f 1645/1002/1621 1646/1004/1622 1677/1003/1653 
f 1646/1004/1622 1647/1005/1623 1678/1006/1654 
f 1678/1006/1654 1677/1003/1653 1646/1004/1622 
f 1648/1007/1624 1642/995/1618 1675/998/1651 
f 1675/998/1651 1678/1006/1654 1648/1007/1624 
f 1649/1008/1625 1648/1007/1624 1678/1006/1654 
f 1653/1009/1629 1652/1010/1628 1674/997/1650 
f 1641/996/1617 1654/1011/1630 1674/997/1650 
f 1647/1005/1623 1649/1008/1625 1678/1006/1654 
f 1655/1012/1631 1644/999/1620 1676/1001/1652 
f 1676/1001/1652 1679/1013/1655 1655/1012/1631 
f 1654/1011/1630 1653/1009/1629 1674/997/1650 
f 1652/1010/1628 1657/1014/1633 1680/1015/1656 
f 1680/1015/1656 1674/997/1650 1652/1010/1628 
f 1675/998/1651 1674/997/1650 1681/1016/1657 
f 1676/1001/1652 1677/1003/1653 1681/1016/1657 
f 1677/1003/1653 1678/1006/1654 1681/1016/1657 
f 1678/1006/1654 1675/998/1651 1681/1016/1657 
f 1679/1013/1655 1676/1001/1652 1681/1016/1657 
f 1674/997/1650 1680/1015/1656 1681/1016/1657 
f 941/137/919 1178/375/1154 950/146/928 
f 1146/343/1123 939/135/917 943/139/921 
f 943/139/921 1061/258/1039 1146/343/1123 
f 941/137/919 950/146/928 942/138/920 
f 1682/1017/1658 1683/1018/1659 934/130/912 
f 934/130/912 933/129/911 1682/1017/1658 
f 1683/1018/1659 1136/333/1113 937/133/915 
f 937/133/915 934/130/912 1683/1018/1659 
f 1114/311/1091 1684/1019/1660 1682/1017/1658 
f 1682/1017/1658 933/129/911 1114/311/1091 
f 1116/313/1093 1118/315/1095 1684/1019/1660 
f 1684/1019/1660 1114/311/1091 1116/313/1093 
f 1116/313/1093 1115/312/1092 1664/982/1640 
f 1664/982/1640 1685/1020/1661 1116/313/1093 
f 1664/982/1640 1666/984/1642 1686/1021/1662 
f 1686/1021/1662 1685/1020/1661 1664/982/1640 
f 1666/984/1642 1668/986/1644 1687/1022/1663 
f 1687/1022/1663 1686/1021/1662 1666/984/1642 
f 1668/986/1644 1127/324/1104 1130/327/1107 
f 1130/327/1107 1687/1022/1663 1668/986/1644 
f 1132/329/1109 1125/322/1102 1130/327/1107 
f 1130/327/1107 1129/326/1106 1132/329/1109 
f 1129/326/1106 1128/325/1105 1144/341/1121 
f 1144/341/1121 1143/340/1120 1129/326/1106 
f 1142/339/1119 1141/338/1118 938/134/916 
f 938/134/916 937/133/915 1142/339/1119 
f 1142/339/1119 1135/332/1112 1133/330/1110 
f 1133/330/1110 1143/340/1120 1142/339/1119 
f 1008/204/986 1010/206/988 1009/205/987 
f 1009/205/987 997/193/975 1008/204/986 
f 997/193/975 1009/205/987 1013/209/991 
f 1013/209/991 995/191/973 997/193/975 
f 995/191/973 1013/209/991 1193/390/1169 
f 1195/392/1171 1194/391/1170 1193/390/1169 
f 1193/390/1169 1013/209/991 1195/392/1171 
f 1194/391/1170 1195/392/1171 981/177/959 
f 981/177/959 980/176/958 1206/411/1182 
f 1194/391/1170 981/177/959 1206/411/1182 
f 1260/485/1236 1008/484/986 1192/936/1168 
f 1192/936/1168 1253/477/1229 1260/485/1236 
f 1008/204/986 996/192/974 1191/388/1167 
f 1191/388/1167 1192/389/1168 1008/204/986 
f 996/192/974 983/179/961 1190/387/1166 
f 1190/387/1166 1191/388/1167 996/192/974 
f 986/182/964 989/185/967 1190/387/1166 
f 1190/387/1166 985/181/963 986/182/964 
f 1054/251/1032 1631/947/1607 1688/1023/1664 
f 1688/1023/1664 1055/252/1033 1054/251/1032 
f 1055/252/1033 1688/1023/1664 1689/1024/1665 
f 1689/1024/1665 1033/229/1011 1055/252/1033 
f 1033/229/1011 1689/1024/1665 1690/1025/1666 
f 1690/1025/1666 992/188/970 1033/229/1011 
f 992/188/970 1690/1025/1666 1691/1026/1667 
f 1691/1026/1667 993/189/971 992/188/970 
f 1691/1026/1667 946/142/924 945/141/923 
f 945/141/923 993/189/971 1691/1026/1667 
f 939/135/917 1146/343/1123 1148/345/918 
f 1148/345/918 940/136/918 939/135/917 
f 940/136/918 1148/345/918 1149/346/1125 
f 1150/347/1126 941/137/919 940/136/918 
f 1178/375/1154 1102/299/1079 951/147/929 
f 942/138/920 949/145/927 943/139/921 
f 944/140/922 1061/258/1039 932/128/910 
f 932/128/910 945/141/923 944/140/922 
f 1118/315/1095 1116/313/1093 1685/1020/1661 
f 1685/1020/1661 1119/316/1096 1118/315/1095 
f 1685/1020/1661 1686/1021/1662 1121/318/1098 
f 1121/318/1098 1119/316/1096 1685/1020/1661 
f 1686/1021/1662 1687/1022/1663 1123/320/1100 
f 1123/320/1100 1121/318/1098 1686/1021/1662 
f 1687/1022/1663 1130/327/1107 1125/322/1102 
f 1125/322/1102 1123/320/1100 1687/1022/1663 
f 1132/329/1109 1129/326/1106 1143/340/1120 
f 1143/340/1120 1133/330/1110 1132/329/1109 
f 1135/332/1112 1142/339/1119 937/133/915 
f 937/133/915 1136/333/1113 1135/332/1112 
f 1112/309/1089 1097/294/1074 1683/1018/1659 
f 1683/1018/1659 1682/1017/1658 1112/309/1089 
f 1097/294/1074 1099/296/1076 1136/333/1113 
f 1136/333/1113 1683/1018/1659 1097/294/1074 
f 1684/1019/1660 1153/350/1129 1112/309/1089 
f 1112/309/1089 1682/1017/1658 1684/1019/1660 
f 1118/315/1095 1117/314/1094 1153/350/1129 
f 1153/350/1129 1684/1019/1660 1118/315/1095 
f 1131/328/1108 1126/323/1103 1125/322/1102 
f 1125/322/1102 1132/329/1109 1131/328/1108 
f 1135/332/1112 1101/298/1078 1134/331/1111 
f 1134/331/1111 1133/330/1110 1135/332/1112 
f 1475/746/1451 1477/748/1453 1558/839/1534 
f 1558/839/1534 1557/838/1533 1475/746/1451 
f 1573/858/1549 1569/853/1545 1462/733/1438 
f 1462/733/1438 1574/859/1550 1573/858/1549 
f 1574/859/1550 1462/733/1438 1458/729/1434 
f 1458/729/1434 1575/861/1551 1574/859/1550 
f 1575/861/1551 1458/729/1434 1460/731/1436 
f 1460/731/1436 1576/863/1552 1575/861/1551 
f 1637/954/1613 1560/843/1536 1578/866/1554 
f 1578/866/1554 1577/865/1553 1637/954/1613 
f 1578/866/1554 1560/843/1536 1559/842/1535 
f 1559/842/1535 1579/869/1555 1578/866/1554 
f 1579/869/1555 1559/842/1535 1466/737/1442 
f 1466/737/1442 1580/871/1556 1579/869/1555 
f 1580/871/1556 1466/737/1442 1469/740/1445 
f 1469/740/1445 1581/873/1557 1580/871/1556 
f 1549/994/1525 1554/840/1530 1558/839/1534 
f 1558/839/1534 1586/885/1562 1549/994/1525 
f 1557/838/1533 1553/841/1529 1539/1027/1515 
f 1539/1027/1515 1587/886/1563 1557/838/1533 
f 1587/887/1563 1539/1028/1515 1516/864/1492 
f 1516/864/1492 1576/863/1552 1587/887/1563 
f 1469/740/1445 1636/952/1612 1589/889/1565 
f 1589/889/1565 1581/873/1557 1469/740/1445 
f 1573/890/1549 1570/1029/1546 1588/993/1564 
f 1588/993/1564 1590/891/1566 1573/890/1549 
f 1577/865/1553 1549/868/1525 1588/1030/1564 
f 1588/1030/1564 1589/992/1565 1577/865/1553 
f 1473/744/1449 1585/884/1561 1590/891/1566 
f 1590/891/1566 1586/885/1562 1473/744/1449 
f 1066/263/1044 972/168/950 971/167/949 
f 971/167/949 1067/264/1045 1066/263/1044 
f 1160/357/1136 1180/377/1156 1157/354/1133 
f 1157/354/1133 1156/353/1132 1160/357/1136 
f 1155/352/1131 1161/358/1137 1158/355/1134 
f 1158/355/1134 1156/353/1132 1155/352/1131 
f 1168/365/1144 1159/356/1135 1158/355/1134 
f 1158/355/1134 1163/360/1139 1168/365/1144 
f 1164/361/1140 1176/373/1152 1179/376/1155 
f 1179/376/1155 1165/362/1141 1164/361/1140 
f 1162/359/1138 1188/385/1164 1169/366/1145 
f 1169/366/1145 1163/360/1139 1162/359/1138 
f 1656/974/1632 1651/969/1627 1173/370/1149 
f 1173/370/1149 1172/369/1148 1656/974/1632 
f 1650/968/1626 1064/261/1042 1067/264/1045 
f 1067/264/1045 1174/371/1150 1650/968/1626 
f 1065/262/1043 1640/958/1616 1175/372/1151 
f 1175/372/1151 1066/263/1044 1065/262/1043 
f 966/162/944 1177/374/1153 1164/361/1140 
f 1164/361/1140 967/163/945 966/162/944 
f 1169/366/1145 1188/385/1164 1166/363/1142 
f 1166/363/1142 1165/362/1141 1169/366/1145 
f 1189/386/1165 1154/351/1130 1157/354/1133 
f 1157/354/1133 1182/379/1158 1189/386/1165 
f 1640/958/1616 1176/373/1152 1177/374/1153 
f 1177/374/1153 1175/372/1151 1640/958/1616 
f 1651/969/1627 1650/968/1626 1174/371/1150 
f 1174/371/1150 1173/370/1149 1651/969/1627 
f 1449/720/1425 1431/682/1407 1692/1031/1668 
f 1692/1031/1668 1693/1032/1669 1449/720/1425 
f 1374/615/1350 1423/674/1399 1426/677/1402 
f 1426/677/1402 1407/657/1383 1374/615/1350 
f 1424/675/1400 1427/678/1403 1429/680/1405 
f 1429/680/1405 1425/676/1401 1424/675/1400 
f 1372/613/1348 1369/691/1345 1694/1033/1670 
f 1694/1033/1670 1430/681/1406 1372/613/1348 
f 1694/1034/1670 1369/610/1345 1368/609/1344 
f 1368/609/1344 1695/1035/1671 1694/1034/1670 
f 1695/1035/1671 1368/609/1344 1420/671/1396 
f 1420/671/1396 1419/670/1395 1695/1035/1671 
f 1418/669/1394 1417/668/1393 1449/720/1425 
f 1449/720/1425 1693/1032/1669 1418/669/1394 
f 1431/682/1407 1375/616/1351 1408/658/1384 
f 1408/658/1384 1692/1031/1668 1431/682/1407 
f 1409/659/1385 1422/673/1398 1408/658/1384 
f 1408/658/1384 1407/657/1383 1409/659/1385 
f 1418/669/1394 1421/672/1397 1416/667/1392 
f 1416/667/1392 1419/670/1395 1418/669/1394 
f 1411/661/1387 1410/660/1386 1426/677/1402 
f 1426/677/1402 1425/676/1401 1411/661/1387 
f 1696/1036/1672 1412/662/1388 1429/680/1405 
f 1429/680/1405 1428/679/1404 1696/1036/1672 
f 1413/663/1389 1696/1036/1672 1428/679/1404 
f 1428/679/1404 1430/681/1406 1413/663/1389 
f 1405/655/1381 1693/1032/1669 1692/1031/1668 
f 1692/1031/1668 1406/656/1382 1405/655/1381 
f 1407/657/1383 1426/677/1402 1410/660/1386 
f 1410/660/1386 1409/659/1385 1407/657/1383 
f 1425/676/1401 1429/680/1405 1412/662/1388 
f 1412/662/1388 1411/661/1387 1425/676/1401 
f 1430/681/1406 1694/1033/1670 1414/664/1390 
f 1414/664/1390 1413/663/1389 1430/681/1406 
f 1414/665/1390 1694/1034/1670 1695/1035/1671 
f 1695/1035/1671 1415/666/1391 1414/665/1390 
f 1415/666/1391 1695/1035/1671 1419/670/1395 
f 1419/670/1395 1416/667/1392 1415/666/1391 
f 1421/672/1397 1418/669/1394 1693/1032/1669 
f 1693/1032/1669 1405/655/1381 1421/672/1397 
f 1692/1031/1668 1408/658/1384 1422/673/1398 
f 1422/673/1398 1406/656/1382 1692/1031/1668 
f 1401/651/1377 1402/652/1378 1422/673/1398 
f 1422/673/1398 1409/659/1385 1401/651/1377 
f 1421/672/1397 1394/642/1370 1393/641/1369 
f 1393/641/1369 1416/667/1392 1421/672/1397 
f 1398/648/1374 1399/649/1375 1410/660/1386 
f 1410/660/1386 1411/661/1387 1398/648/1374 
f 1396/646/1372 1397/647/1373 1412/662/1388 
f 1412/662/1388 1696/1036/1672 1396/646/1372 
f 1395/644/1371 1396/646/1372 1696/1036/1672 
f 1696/1036/1672 1413/663/1389 1395/644/1371 
f 1697/121/1673 928/124/906 927/123/905 
f 927/123/905 1698/122/1674 1697/121/1673 
f 1699/125/1675 1700/128/1676 1701/127/1677 
f 1701/127/1677 1702/126/1678 1699/125/1675 
f 1703/129/1679 1704/132/1680 1705/131/1681 
f 1705/131/1681 1706/130/1682 1703/129/1679 
f 1706/130/1682 1705/131/1681 1707/134/1683 
f 1707/134/1683 1708/133/1684 1706/130/1682 
f 1709/135/1685 1710/138/1686 1711/137/1687 
f 1711/137/1687 1712/136/1688 1709/135/1685 
f 1709/135/1685 1713/139/1689 1710/138/1686 
f 1714/140/1690 947/143/925 946/142/924 
f 946/142/924 1715/141/1691 1714/140/1690 
f 1716/144/1692 1717/147/1693 1718/146/1694 
f 1718/146/1694 1719/145/1695 1716/144/1692 
f 1720/148/1696 1721/151/1697 1722/150/1698 
f 1722/150/1698 1723/149/1699 1720/148/1696 
f 1724/152/1700 1725/155/1701 1726/154/1702 
f 1726/154/1702 1727/153/1703 1724/152/1700 
f 1728/156/1704 1729/158/1705 1730/157/1706 
f 1730/157/1706 1727/153/1703 1728/156/1704 
f 1727/153/1703 1726/154/1702 1731/159/1707 
f 1732/160/1708 1733/161/1709 1728/156/1704 
f 1734/162/1710 1735/165/1711 1736/164/1712 
f 1736/164/1712 1737/163/1713 1734/162/1710 
f 1738/166/1714 1739/168/1715 1740/167/1716 
f 1741/169/1717 1739/168/1715 1738/166/1714 
f 1738/166/1714 1742/170/1718 1741/169/1717 
f 1699/125/1675 1716/144/1692 1719/145/1695 
f 1743/171/1719 1744/174/1720 1745/173/1721 
f 1745/173/1721 1746/172/1722 1743/171/1719 
f 1725/155/1701 1743/171/1719 1747/175/1723 
f 1747/175/1723 1726/154/1702 1725/155/1701 
f 1747/175/1723 1748/178/1724 1749/177/1725 
f 1749/177/1725 1750/176/1726 1747/175/1723 
f 1751/179/1727 1752/181/1728 1753/180/1729 
f 1754/182/1730 1755/185/1731 1756/184/1732 
f 1756/184/1732 1757/183/1733 1754/182/1730 
f 1702/126/1678 1701/127/1677 1758/187/1734 
f 1758/187/1734 1759/186/1735 1702/126/1678 
f 1701/127/1677 1760/189/1736 1761/188/1737 
f 1761/188/1737 1758/187/1734 1701/127/1677 
f 1745/173/1721 1702/126/1678 1759/186/1735 
f 1759/186/1735 1762/190/1738 1745/173/1721 
f 1763/191/1739 1764/193/1740 1765/192/1741 
f 1765/192/1741 1751/179/1727 1763/191/1739 
f 1766/194/1742 1767/196/1743 1768/195/1744 
f 1769/197/1745 1770/199/1746 1771/198/1747 
f 1769/197/1745 1771/198/1747 1772/201/1748 
f 1772/201/1748 1773/200/1749 1769/197/1745 
f 1774/202/1750 1775/203/1751 1773/200/1749 
f 1773/200/1749 1772/201/1748 1774/202/1750 
f 1776/204/1752 1765/192/1741 1764/193/1740 
f 1777/205/1753 1778/208/1754 1779/207/1755 
f 1779/207/1755 1780/206/1756 1777/205/1753 
f 1781/209/1757 1782/210/1758 1778/208/1754 
f 1778/208/1754 1777/205/1753 1781/209/1757 
f 1749/177/1725 1748/178/1724 1783/212/1759 
f 1783/212/1759 1784/211/1760 1749/177/1725 
f 1748/178/1724 1746/172/1722 1785/214/1761 
f 1785/214/1761 1786/213/1762 1748/178/1724 
f 1762/190/1738 1785/214/1761 1746/172/1722 
f 1746/172/1722 1745/173/1721 1762/190/1738 
f 1787/215/1763 1788/218/1764 1789/217/1765 
f 1789/217/1765 1790/216/1766 1787/215/1763 
f 1791/219/1767 1792/222/1768 1793/221/1769 
f 1793/221/1769 1794/220/1770 1791/219/1767 
f 1795/223/1771 1796/224/1772 1778/208/1754 
f 1778/208/1754 1782/210/1758 1795/223/1771 
f 1797/225/1773 1779/207/1755 1778/208/1754 
f 1778/208/1754 1796/224/1772 1797/225/1773 
f 1798/226/1774 1791/219/1767 1794/220/1770 
f 1794/220/1770 1799/227/1775 1798/226/1774 
f 1761/188/1737 1800/229/1776 1801/228/1777 
f 1801/228/1777 1758/187/1734 1761/188/1737 
f 1797/225/1773 1796/224/1772 1802/231/1778 
f 1802/231/1778 1803/230/1779 1797/225/1773 
f 1804/232/1780 1795/235/1771 1805/234/1781 
f 1805/234/1781 1806/233/1782 1804/232/1780 
f 1807/236/1783 1808/239/1784 1809/238/1785 
f 1809/238/1785 1810/237/1786 1807/236/1783 
f 1811/240/1787 1812/243/1788 1813/242/1789 
f 1813/242/1789 1814/241/1790 1811/240/1787 
f 1815/244/1791 1792/222/1768 1791/219/1767 
f 1791/219/1767 1816/245/1792 1815/244/1791 
f 1808/239/1784 1050/247/1028 1049/246/1027 
f 1049/246/1027 1809/238/1785 1808/239/1784 
f 1817/248/1793 1808/239/1784 1807/236/1783 
f 1807/236/1783 1818/249/1794 1817/248/1793 
f 1819/250/1795 1820/252/1796 1821/251/1797 
f 1811/240/1787 1822/254/1798 1823/253/1799 
f 1823/253/1799 1060/257/1038 1059/256/1037 
f 1059/256/1037 1824/255/1800 1823/253/1799 
f 1700/128/1676 1713/139/1689 1825/258/1801 
f 1700/128/1676 1715/141/1691 1760/189/1736 
f 1760/189/1736 1701/127/1677 1700/128/1676 
f 1702/126/1678 1745/173/1721 1744/174/1720 
f 1744/174/1720 1699/125/1675 1702/126/1678 
f 1725/155/1701 1826/259/1802 1744/174/1720 
f 1744/174/1720 1743/171/1719 1725/155/1701 
f 1747/175/1723 1743/171/1719 1746/172/1722 
f 1746/172/1722 1748/178/1724 1747/175/1723 
f 1726/154/1702 1747/175/1723 1750/176/1726 
f 1750/176/1726 1731/159/1707 1726/154/1702 
f 1827/260/1803 1753/180/1729 1752/181/1728 
f 1828/261/1804 1829/264/1805 1830/263/1806 
f 1830/263/1806 1831/262/1807 1828/261/1804 
f 1832/265/1808 1833/268/1809 1834/267/1810 
f 1834/267/1810 1835/266/1811 1832/265/1808 
f 1834/267/1810 1836/270/1812 1837/269/1813 
f 1837/269/1813 1835/266/1811 1834/267/1810 
f 1836/270/1812 1075/272/1052 1074/271/335 
f 1074/271/335 1837/269/1813 1836/270/1812 
f 1838/273/1814 1839/276/1815 1840/275/1816 
f 1840/275/1816 1841/274/1817 1838/273/1814 
f 1842/277/1818 1843/279/1819 1832/265/1808 
f 1832/265/1808 1844/278/1820 1842/277/1818 
f 1845/280/1821 1846/283/1822 1085/282/1062 
f 1085/282/1062 1084/281/1061 1845/280/1821 
f 1085/282/1062 1846/283/1822 1839/276/1815 
f 1839/276/1815 1087/284/1064 1085/282/1062 
f 1846/283/1822 1844/278/1820 1840/275/1816 
f 1840/275/1816 1839/276/1815 1846/283/1822 
f 1847/285/1823 1837/269/1813 1074/271/335 
f 1074/271/335 1089/286/1066 1847/285/1823 
f 1838/273/1814 1841/274/1817 1091/288/1068 
f 1091/288/1068 1090/287/1067 1838/273/1814 
f 1847/285/1823 1089/286/1066 1091/288/1068 
f 1091/288/1068 1841/274/1817 1847/285/1823 
f 1833/268/1809 1848/290/1824 1849/289/1825 
f 1849/289/1825 1834/267/1810 1833/268/1809 
f 1850/291/1826 1742/170/1718 1848/290/1824 
f 1848/290/1824 1833/268/1809 1850/291/1826 
f 1851/292/1827 1819/250/1795 1821/251/1797 
f 1821/251/1797 1822/254/1798 1851/292/1827 
f 1801/228/1777 1800/229/1776 1820/252/1796 
f 1820/252/1796 1819/250/1795 1801/228/1777 
f 1791/219/1767 1798/226/1774 1852/293/1828 
f 1852/293/1828 1816/245/1792 1791/219/1767 
f 1853/294/1829 1854/296/1830 1855/295/1831 
f 1855/295/1831 1697/121/1673 1853/294/1829 
f 1855/295/1831 1100/297/1077 928/124/906 
f 928/124/906 1697/121/1673 1855/295/1831 
f 1854/296/1830 1856/298/1832 1845/280/1821 
f 1845/280/1821 1855/295/1831 1854/296/1830 
f 1857/299/1833 1723/149/1699 1722/150/1698 
f 1722/150/1698 1858/300/1834 1857/299/1833 
f 1721/151/1697 1720/148/1696 1859/302/1835 
f 1859/302/1835 1860/301/1836 1721/151/1697 
f 1860/301/1836 1859/302/1835 1861/304/1837 
f 1861/304/1837 1862/303/1838 1860/301/1836 
f 1739/168/1715 1741/169/1717 1863/306/1839 
f 1863/306/1839 1864/305/1840 1739/168/1715 
f 1714/140/1690 1865/308/1841 1110/307/1087 
f 1110/307/1087 947/143/925 1714/140/1690 
f 1697/121/1673 1698/122/1674 1866/309/1842 
f 1866/309/1842 1853/294/1829 1697/121/1673 
f 1867/310/1843 1704/132/1680 1703/129/1679 
f 1703/129/1679 1868/311/1844 1867/310/1843 
f 1869/312/1845 1867/310/1843 1868/311/1844 
f 1868/311/1844 1870/313/1846 1869/312/1845 
f 1871/314/1847 1872/317/1848 1873/316/1849 
f 1873/316/1849 1874/315/1850 1871/314/1847 
f 1873/316/1849 1872/317/1848 1875/319/1851 
f 1875/319/1851 1876/318/1852 1873/316/1849 
f 1876/318/1852 1875/319/1851 1877/321/1853 
f 1877/321/1853 1878/320/1854 1876/318/1852 
f 1878/320/1854 1877/321/1853 1879/323/1855 
f 1879/323/1855 1880/322/1856 1878/320/1854 
f 1881/324/1857 1882/327/1858 1883/326/1859 
f 1883/326/1859 1884/325/1860 1881/324/1857 
f 1885/328/1861 1886/331/1862 1887/330/1863 
f 1887/330/1863 1888/329/1864 1885/328/1861 
f 1856/298/1832 1854/296/1830 1889/333/1865 
f 1889/333/1865 1890/332/1866 1856/298/1832 
f 1842/277/1818 1845/280/1821 1856/298/1832 
f 1856/298/1832 1886/331/1862 1842/277/1818 
f 1850/291/1826 1833/268/1809 1832/265/1808 
f 1832/265/1808 1843/279/1819 1850/291/1826 
f 1843/279/1819 1885/328/1861 1850/291/1826 
f 1850/291/1826 1885/328/1861 1879/323/1855 
f 1836/270/1812 1891/335/1867 1137/334/1114 
f 1137/334/1114 1075/272/1052 1836/270/1812 
f 1738/166/1714 1892/336/1868 1848/290/1824 
f 1848/290/1824 1742/170/1718 1738/166/1714 
f 1893/337/1869 1849/289/1825 1848/290/1824 
f 1848/290/1824 1892/336/1868 1893/337/1869 
f 1841/274/1817 1840/275/1816 1835/266/1811 
f 1845/280/1821 1842/277/1818 1844/278/1820 
f 1844/278/1820 1846/283/1822 1845/280/1821 
f 1835/266/1811 1840/275/1816 1844/278/1820 
f 1844/278/1820 1832/265/1808 1835/266/1811 
f 1894/338/1870 1895/341/1871 1896/340/1872 
f 1896/340/1872 1897/339/1873 1894/338/1870 
f 1843/279/1819 1842/277/1818 1886/331/1862 
f 1886/331/1862 1885/328/1861 1843/279/1819 
f 1837/269/1813 1841/274/1817 1835/266/1811 
f 1891/335/1867 1836/270/1812 1834/267/1810 
f 1834/267/1810 1849/289/1825 1891/335/1867 
f 1898/342/1874 1891/335/1867 1849/289/1825 
f 1849/289/1825 1893/337/1869 1898/342/1874 
f 1837/269/1813 1847/285/1823 1841/274/1817 
f 1899/343/1875 1900/345/1876 1901/344/1877 
f 1901/344/1877 1865/308/1841 1899/343/1875 
f 1902/346/1878 1712/136/1688 1903/347/1879 
f 1770/199/1746 1769/197/1745 1766/194/1742 
f 1766/194/1742 1768/195/1744 1770/199/1746 
f 1893/337/1869 1892/336/1868 1740/167/1716 
f 1740/167/1716 1904/348/1880 1893/337/1869 
f 1862/303/1838 1861/304/1837 1735/165/1711 
f 1735/165/1711 1863/306/1839 1862/303/1838 
f 1862/303/1838 1863/306/1839 1741/169/1717 
f 1741/169/1717 1879/323/1855 1862/303/1838 
f 1714/140/1690 1825/258/1801 1899/343/1875 
f 1899/343/1875 1865/308/1841 1714/140/1690 
f 1902/346/1878 1905/349/1881 1900/345/1876 
f 1905/349/1881 1866/309/1842 1698/122/1674 
f 1906/350/1882 1866/309/1842 1905/349/1881 
f 1905/349/1881 1902/346/1878 1906/350/1882 
f 1902/346/1878 1903/347/1879 1871/314/1847 
f 1871/314/1847 1906/350/1882 1902/346/1878 
f 1858/300/1834 1722/150/1698 1872/317/1848 
f 1872/317/1848 1871/314/1847 1858/300/1834 
f 1872/317/1848 1722/150/1698 1721/151/1697 
f 1721/151/1697 1875/319/1851 1872/317/1848 
f 1875/319/1851 1721/151/1697 1860/301/1836 
f 1860/301/1836 1877/321/1853 1875/319/1851 
f 1877/321/1853 1860/301/1836 1862/303/1838 
f 1862/303/1838 1879/323/1855 1877/321/1853 
f 1901/344/1877 1905/349/1881 1698/122/1674 
f 1900/345/1876 1905/349/1881 1901/344/1877 
f 1907/351/1883 1908/354/1884 1909/353/1885 
f 1909/353/1885 1910/352/1886 1907/351/1883 
f 1909/353/1885 1911/357/1887 1912/356/1888 
f 1912/356/1888 1913/355/1889 1909/353/1885 
f 1914/358/1890 1913/355/1889 1915/360/1891 
f 1915/360/1891 1916/359/1892 1914/358/1890 
f 1737/163/1713 1917/363/1893 1918/362/1894 
f 1918/362/1894 1919/361/1895 1737/163/1713 
f 1920/364/1896 1921/366/1897 1915/360/1891 
f 1915/360/1891 1922/365/1898 1920/364/1896 
f 1923/367/1899 1924/370/1900 1172/369/1148 
f 1172/369/1148 1171/368/1147 1923/367/1899 
f 1740/167/1716 1829/264/1805 1925/371/1901 
f 1925/371/1901 1904/348/1880 1740/167/1716 
f 1830/263/1806 1739/168/1715 1864/305/1840 
f 1864/305/1840 1926/372/1902 1830/263/1806 
f 1738/166/1714 1740/167/1716 1892/336/1868 
f 1927/373/1152 1928/374/1903 1919/361/1895 
f 1850/291/1826 1879/323/1855 1741/169/1717 
f 1741/169/1717 1742/170/1718 1850/291/1826 
f 1858/300/1834 1929/375/1904 1857/299/1833 
f 1929/375/1904 1718/146/1694 1717/147/1693 
f 1871/314/1847 1903/347/1879 1858/300/1834 
f 1903/347/1879 1711/137/1687 1929/375/1904 
f 1929/375/1904 1858/300/1834 1903/347/1879 
f 1710/138/1686 1719/145/1695 1718/146/1694 
f 1713/139/1689 1700/128/1676 1699/125/1675 
f 1713/139/1689 1699/125/1675 1719/145/1695 
f 1920/364/1896 1930/376/1905 1918/362/1894 
f 1918/362/1894 1921/366/1897 1920/364/1896 
f 1931/377/1906 1908/354/1884 1182/379/1158 
f 1182/379/1158 1181/378/1157 1931/377/1906 
f 1767/196/1743 1766/194/1742 1184/381/1160 
f 1184/381/1160 1183/380/1159 1767/196/1743 
f 1864/305/1840 1863/306/1839 1735/165/1711 
f 1735/165/1711 1734/162/1710 1864/305/1840 
f 1734/162/1710 1928/374/1903 1926/372/1902 
f 1926/372/1902 1864/305/1840 1734/162/1710 
f 1772/201/1748 1756/184/1732 1755/185/1731 
f 1755/185/1731 1774/202/1750 1772/201/1748 
f 1932/382/1907 1861/304/1837 1859/302/1835 
f 1859/302/1835 1729/158/1705 1932/382/1907 
f 1729/158/1705 1859/302/1835 1720/148/1696 
f 1720/148/1696 1730/157/1706 1729/158/1705 
f 1720/148/1696 1723/149/1699 1933/383/1908 
f 1933/383/1908 1730/157/1706 1720/148/1696 
f 1723/149/1699 1857/299/1833 1933/383/1908 
f 1757/183/1733 1736/164/1712 1732/160/1708 
f 1736/164/1712 1733/161/1709 1732/160/1708 
f 1736/164/1712 1932/382/1907 1733/161/1709 
f 1733/161/1709 1932/382/1907 1729/158/1705 
f 1729/158/1705 1728/156/1704 1733/161/1709 
f 1933/383/1908 1724/152/1700 1727/153/1703 
f 1933/383/1908 1934/384/1909 1724/152/1700 
f 1826/259/1802 1725/155/1701 1724/152/1700 
f 1724/152/1700 1934/384/1909 1826/259/1802 
f 1857/299/1833 1717/147/1693 1934/384/1909 
f 1934/384/1909 1717/147/1693 1716/144/1692 
f 1716/144/1692 1826/259/1802 1934/384/1909 
f 1716/144/1692 1699/125/1675 1744/174/1720 
f 1716/144/1692 1744/174/1720 1826/259/1802 
f 1857/299/1833 1934/384/1909 1933/383/1908 
f 1736/164/1712 1735/165/1711 1932/382/1907 
f 1736/164/1712 1757/183/1733 1737/163/1713 
f 1757/183/1733 1756/184/1732 1917/363/1893 
f 1917/363/1893 1737/163/1713 1757/183/1733 
f 1756/184/1732 1772/201/1748 1935/385/1910 
f 1935/385/1910 1917/363/1893 1756/184/1732 
f 1935/385/1910 1772/201/1748 1771/198/1747 
f 1771/198/1747 1916/359/1892 1935/385/1910 
f 1916/359/1892 1771/198/1747 1770/199/1746 
f 1770/199/1746 1914/358/1890 1916/359/1892 
f 1914/358/1890 1770/199/1746 1768/195/1744 
f 1768/195/1744 1910/352/1886 1914/358/1890 
f 1910/352/1886 1768/195/1744 1767/196/1743 
f 1767/196/1743 1907/351/1883 1910/352/1886 
f 1907/351/1883 1767/196/1743 1183/380/1159 
f 1183/380/1159 1189/386/1165 1907/351/1883 
f 1754/182/1730 1732/160/1708 1827/260/1803 
f 1827/260/1803 1752/181/1728 1754/182/1730 
f 1752/181/1728 1751/179/1727 1936/387/1911 
f 1755/185/1731 1936/387/1911 1937/388/1912 
f 1937/388/1912 1774/202/1750 1755/185/1731 
f 1937/388/1912 1938/389/1913 1775/203/1751 
f 1775/203/1751 1774/202/1750 1937/388/1912 
f 1753/180/1729 1939/391/1914 1940/390/1915 
f 1941/392/1916 1942/393/1917 1782/210/1758 
f 1782/210/1758 1781/209/1757 1941/392/1916 
f 1942/393/1917 1943/394/1918 1795/223/1771 
f 1795/223/1771 1782/210/1758 1942/393/1917 
f 1943/395/1918 1944/396/1919 1805/234/1781 
f 1805/234/1781 1795/235/1771 1943/395/1918 
f 1818/249/1794 1945/397/1920 1824/255/1800 
f 1824/255/1800 1817/248/1793 1818/249/1794 
f 1824/255/1800 1059/256/1037 1200/398/1176 
f 1200/398/1176 1817/248/1793 1824/255/1800 
f 1753/180/1729 1940/390/1915 1763/191/1739 
f 1763/191/1739 1751/179/1727 1753/180/1729 
f 1757/183/1733 1732/160/1708 1754/182/1730 
f 1803/230/1779 1802/231/1778 1807/236/1783 
f 1807/236/1783 1810/237/1786 1803/230/1779 
f 1804/232/1780 1806/233/1782 1946/400/1921 
f 1946/400/1921 1818/399/1794 1804/232/1780 
f 1813/242/1789 1812/243/1788 1789/217/1765 
f 1789/217/1765 1788/218/1764 1813/242/1789 
f 1946/401/1921 1947/404/1922 1948/403/1923 
f 1948/403/1923 1949/402/1924 1946/401/1921 
f 1812/406/1788 1950/405/1925 1944/396/1919 
f 1812/406/1788 1944/396/1919 1943/395/1918 
f 1789/407/1765 1812/406/1788 1943/395/1918 
f 1812/243/1788 1811/240/1787 1945/397/1920 
f 1795/223/1771 1804/408/1780 1796/224/1772 
f 1802/231/1778 1804/408/1780 1818/249/1794 
f 1818/249/1794 1807/236/1783 1802/231/1778 
f 1806/233/1782 1805/234/1781 1947/404/1922 
f 1947/404/1922 1805/234/1781 1944/396/1919 
f 1944/396/1919 1948/403/1923 1947/404/1922 
f 1946/400/1921 1806/233/1782 1947/404/1922 
f 1946/401/1921 1949/402/1924 1945/410/1920 
f 1945/410/1920 1818/409/1794 1946/401/1921 
f 1944/396/1919 1950/405/1925 1948/403/1923 
f 1950/405/1925 1949/402/1924 1948/403/1923 
f 1727/153/1703 1731/159/1707 1728/156/1704 
f 1731/159/1707 1750/176/1726 1753/180/1729 
f 1753/180/1729 1827/260/1803 1731/159/1707 
f 1951/411/1926 1939/391/1914 1753/180/1729 
f 1753/180/1729 1750/176/1726 1951/411/1926 
f 1749/177/1725 1784/211/1760 1942/393/1917 
f 1942/393/1917 1941/392/1916 1749/177/1725 
f 1790/216/1766 1789/217/1765 1943/394/1918 
f 1943/394/1918 1942/393/1917 1790/216/1766 
f 1728/156/1704 1731/159/1707 1827/260/1803 
f 1759/412/1735 1758/415/1734 1952/414/1927 
f 1952/414/1927 1953/413/1928 1759/412/1735 
f 1762/416/1738 1759/412/1735 1953/413/1928 
f 1953/413/1928 1954/417/1929 1762/416/1738 
f 1762/416/1738 1954/417/1929 1955/419/1930 
f 1955/419/1930 1785/418/1761 1762/416/1738 
f 1786/420/1762 1785/418/1761 1955/419/1930 
f 1955/419/1930 1956/421/1931 1786/420/1762 
f 1788/422/1764 1787/425/1763 1957/424/1932 
f 1957/424/1932 1958/423/1933 1788/422/1764 
f 1813/426/1789 1788/422/1764 1958/423/1933 
f 1958/423/1933 1959/427/1934 1813/426/1789 
f 1814/428/1790 1813/431/1789 1959/430/1934 
f 1959/430/1934 1960/429/1935 1814/428/1790 
f 1851/432/1827 1814/428/1790 1960/429/1935 
f 1960/429/1935 1961/433/1936 1851/432/1827 
f 1851/432/1827 1961/433/1936 1962/435/1937 
f 1962/435/1937 1819/434/1795 1851/432/1827 
f 1819/434/1795 1962/435/1937 1963/437/1938 
f 1963/437/1938 1801/436/1777 1819/434/1795 
f 1801/436/1777 1963/437/1938 1952/414/1927 
f 1952/414/1927 1758/415/1734 1801/436/1777 
f 1823/253/1799 1822/254/1798 1821/251/1797 
f 1822/254/1798 1811/240/1787 1814/241/1790 
f 1814/241/1790 1851/292/1827 1822/254/1798 
f 1964/438/1939 1965/441/1940 1966/440/1941 
f 1966/440/1941 1967/439/1942 1964/438/1939 
f 1968/442/1943 1964/438/1939 1967/439/1942 
f 1967/439/1942 1969/443/1944 1968/442/1943 
f 1970/444/1945 1971/445/1946 1968/442/1943 
f 1968/442/1943 1969/443/1944 1970/444/1945 
f 1970/444/1945 1972/446/1947 1971/445/1946 
f 1973/447/1948 1974/450/1949 1975/449/1950 
f 1975/449/1950 1976/448/1951 1973/447/1948 
f 1977/451/1952 1973/447/1948 1976/448/1951 
f 1976/448/1951 1978/452/1953 1977/451/1952 
f 1979/453/1954 1977/456/1952 1978/455/1953 
f 1978/455/1953 1980/454/1955 1979/453/1954 
f 1981/457/1956 1979/453/1954 1980/454/1955 
f 1980/454/1955 1982/458/1957 1981/457/1956 
f 1983/459/1958 1984/460/1959 1981/457/1956 
f 1981/457/1956 1982/458/1957 1983/459/1958 
f 1985/461/1960 1986/462/1961 1984/460/1959 
f 1984/460/1959 1983/459/1958 1985/461/1960 
f 1966/440/1941 1965/441/1940 1986/462/1961 
f 1986/462/1961 1985/461/1960 1966/440/1941 
f 1967/439/1942 1966/440/1941 1799/227/1775 
f 1799/227/1775 1794/220/1770 1967/439/1942 
f 1969/443/1944 1967/439/1942 1794/220/1770 
f 1970/444/1945 1969/443/1944 1794/220/1770 
f 1793/221/1769 1975/449/1950 1970/444/1945 
f 1970/444/1945 1794/220/1770 1793/221/1769 
f 1976/448/1951 1975/449/1950 1793/221/1769 
f 1793/221/1769 1792/222/1768 1976/448/1951 
f 1978/452/1953 1976/448/1951 1792/222/1768 
f 1792/222/1768 1815/244/1791 1978/452/1953 
f 1980/454/1955 1978/455/1953 1815/463/1791 
f 1815/463/1791 1816/245/1792 1980/454/1955 
f 1982/458/1957 1980/454/1955 1816/245/1792 
f 1852/293/1828 1983/459/1958 1982/458/1957 
f 1982/458/1957 1816/245/1792 1852/293/1828 
f 1798/226/1774 1985/461/1960 1983/459/1958 
f 1983/459/1958 1852/293/1828 1798/226/1774 
f 1799/227/1775 1966/440/1941 1985/461/1960 
f 1985/461/1960 1798/226/1774 1799/227/1775 
f 1942/393/1917 1784/211/1760 1790/216/1766 
f 1790/216/1766 1784/211/1760 1783/212/1759 
f 1783/212/1759 1787/215/1763 1790/216/1766 
f 1783/212/1759 1786/213/1762 1787/215/1763 
f 1786/420/1762 1956/421/1931 1957/424/1932 
f 1957/424/1932 1787/425/1763 1786/420/1762 
f 1972/446/1947 1970/444/1945 1975/449/1950 
f 1975/449/1950 1974/450/1949 1972/446/1947 
f 1953/413/1928 1952/414/1927 1965/441/1940 
f 1965/441/1940 1964/438/1939 1953/413/1928 
f 1954/417/1929 1953/413/1928 1964/438/1939 
f 1964/438/1939 1968/442/1943 1954/417/1929 
f 1955/419/1930 1954/417/1929 1968/442/1943 
f 1968/442/1943 1971/445/1946 1955/419/1930 
f 1957/424/1932 1956/421/1931 1972/446/1947 
f 1972/446/1947 1974/450/1949 1957/424/1932 
f 1958/423/1933 1957/424/1932 1974/450/1949 
f 1974/450/1949 1973/447/1948 1958/423/1933 
f 1959/427/1934 1958/423/1933 1973/447/1948 
f 1973/447/1948 1977/451/1952 1959/427/1934 
f 1960/429/1935 1959/430/1934 1977/456/1952 
f 1977/456/1952 1979/453/1954 1960/429/1935 
f 1961/433/1936 1960/429/1935 1979/453/1954 
f 1979/453/1954 1981/457/1956 1961/433/1936 
f 1962/435/1937 1961/433/1936 1981/457/1956 
f 1981/457/1956 1984/460/1959 1962/435/1937 
f 1963/437/1938 1962/435/1937 1984/460/1959 
f 1984/460/1959 1986/462/1961 1963/437/1938 
f 1952/414/1927 1963/437/1938 1986/462/1961 
f 1986/462/1961 1965/441/1940 1952/414/1927 
f 1956/421/1931 1955/419/1930 1971/445/1946 
f 1971/445/1946 1972/446/1947 1956/421/1931 
f 1812/406/1788 1945/410/1920 1949/402/1924 
f 1949/402/1924 1950/405/1925 1812/406/1788 
f 1811/240/1787 1824/255/1800 1945/397/1920 
f 1811/240/1787 1823/253/1799 1824/255/1800 
f 1748/178/1724 1786/213/1762 1783/212/1759 
f 1893/337/1869 1904/348/1880 1923/367/1899 
f 1923/367/1899 1898/342/1874 1893/337/1869 
f 1904/348/1880 1925/371/1901 1924/370/1900 
f 1924/370/1900 1923/367/1899 1904/348/1880 
f 1932/382/1907 1735/165/1711 1861/304/1837 
f 1987/464/1962 1988/466/1963 1989/465/1964 
f 1245/467/1221 1246/468/1222 1987/464/1962 
f 1987/464/1962 1989/465/1964 1245/467/1221 
f 1988/466/1963 1987/464/1962 1990/469/1965 
f 1248/470/1224 1990/469/1965 1987/464/1962 
f 1987/464/1962 1249/471/1225 1248/470/1224 
f 1769/472/1745 1773/475/1749 1991/474/1966 
f 1991/474/1966 1992/473/1967 1769/472/1745 
f 1993/476/1968 1994/478/1969 1991/474/1966 
f 1991/474/1966 1995/477/1970 1993/476/1968 
f 1992/473/1967 1996/481/1971 1997/480/1972 
f 1997/480/1972 1998/479/1973 1992/473/1967 
f 1998/479/1973 1997/480/1972 1259/483/1235 
f 1259/483/1235 1258/482/1234 1998/479/1973 
f 1776/484/1752 1780/487/1756 1999/486/1974 
f 1999/486/1974 2000/485/1975 1776/484/1752 
f 1797/488/1773 2001/491/1976 2002/490/1977 
f 2002/490/1977 1779/489/1755 1797/488/1773 
f 1803/492/1779 1810/495/1786 2003/494/1978 
f 2003/494/1978 2004/493/1979 1803/492/1779 
f 1809/496/1785 2005/497/1980 2003/494/1978 
f 2003/494/1978 1810/495/1786 1809/496/1785 
f 2006/498/1981 2005/497/1980 1269/500/1245 
f 1269/500/1245 1268/499/1244 2006/498/1981 
f 2007/501/1982 1273/504/1249 1272/503/1248 
f 1272/503/1248 2008/502/1983 2007/501/1982 
f 2008/502/1983 1997/480/1972 1996/481/1971 
f 1996/481/1971 2009/505/1984 2008/502/1983 
f 2010/506/1985 2011/508/1986 2012/507/1987 
f 2012/507/1987 2009/505/1984 2010/506/1985 
f 2010/506/1985 1994/478/1969 1993/476/1968 
f 1993/476/1968 2013/509/1988 2010/506/1985 
f 1273/504/1249 2007/501/1982 2014/511/1989 
f 2014/511/1989 1279/510/1255 1273/504/1249 
f 2007/501/1982 2012/507/1987 2015/512/1990 
f 2015/512/1990 2014/511/1989 2007/501/1982 
f 2016/513/1991 2015/512/1990 2012/507/1987 
f 2012/507/1987 2011/508/1986 2016/513/1991 
f 2017/514/1992 2016/513/1991 2011/508/1986 
f 2011/508/1986 2018/515/1993 2017/514/1992 
f 2017/514/1992 2018/515/1993 2019/517/1994 
f 2019/517/1994 2020/516/1995 2017/514/1992 
f 2020/516/1995 2019/517/1994 2021/519/1996 
f 2021/519/1996 2022/518/1997 2020/516/1995 
f 2023/520/1998 2024/523/1999 2025/522/2000 
f 2025/522/2000 2026/521/2001 2023/520/1998 
f 2027/524/2002 2026/521/2001 2028/526/2003 
f 2028/526/2003 2029/525/2004 2027/524/2002 
f 2030/527/2005 2031/528/2006 2022/518/1997 
f 2022/518/1997 2021/519/1996 2030/527/2005 
f 2032/529/2007 2033/530/2008 2031/528/2006 
f 2031/528/2006 2030/527/2005 2032/529/2007 
f 2034/531/2009 2035/534/2010 2036/533/2011 
f 2036/533/2011 2027/532/2002 2034/531/2009 
f 2034/535/2009 2027/524/2002 2029/525/2004 
f 2029/525/2004 2037/536/2012 2034/535/2009 
f 2038/537/2013 2039/538/2014 2036/533/2011 
f 2036/533/2011 2035/534/2010 2038/537/2013 
f 2040/539/2015 2039/538/2014 1308/541/1284 
f 1308/541/1284 1307/540/1283 2040/539/2015 
f 2040/539/2015 1307/540/1283 1310/543/1286 
f 1310/543/1286 2041/542/2016 2040/539/2015 
f 2040/539/2015 2041/542/2016 2033/530/2008 
f 2033/530/2008 2032/529/2007 2040/539/2015 
f 2042/544/2017 2035/534/2010 2034/531/2009 
f 2034/531/2009 2043/545/2018 2042/544/2017 
f 2044/546/2019 2043/549/2018 2034/548/2009 
f 2034/548/2009 2037/547/2012 2044/546/2019 
f 2006/498/1981 2038/537/2013 2035/534/2010 
f 2035/534/2010 2042/544/2017 2006/498/1981 
f 1279/510/1255 2014/511/1989 2045/551/2020 
f 2045/551/2020 1314/550/1290 1279/510/1255 
f 2046/552/2021 2045/551/2020 2014/511/1989 
f 2014/511/1989 2015/512/1990 2046/552/2021 
f 2047/553/2022 2046/552/2021 2015/512/1990 
f 2015/512/1990 2016/513/1991 2047/553/2022 
f 2017/514/1992 2048/554/2023 2047/553/2022 
f 2047/553/2022 2016/513/1991 2017/514/1992 
f 2048/554/2023 2017/514/1992 2020/516/1995 
f 2020/516/1995 2049/555/2024 2048/554/2023 
f 2049/555/2024 2020/516/1995 2022/518/1997 
f 2022/518/1997 2050/556/2025 2049/555/2024 
f 2031/528/2006 2051/557/2026 2050/556/2025 
f 2050/556/2025 2022/518/1997 2031/528/2006 
f 2033/530/2008 2052/558/2027 2051/557/2026 
f 2051/557/2026 2031/528/2006 2033/530/2008 
f 2052/558/2027 2033/530/2008 2041/542/2016 
f 2041/542/2016 2053/559/2028 2052/558/2027 
f 2041/560/2016 1310/563/1286 1325/562/1301 
f 1325/562/1301 2054/561/2029 2041/560/2016 
f 2053/564/2028 2041/560/2016 2054/561/2029 
f 2054/561/2029 2055/565/2030 2053/564/2028 
f 2045/551/2020 2056/567/2031 1327/566/1303 
f 1327/566/1303 1314/550/1290 2045/551/2020 
f 2045/551/2020 2046/552/2021 2057/568/2032 
f 2057/568/2032 2056/567/2031 2045/551/2020 
f 2058/569/2033 2057/568/2032 2046/552/2021 
f 2046/552/2021 2047/553/2022 2058/569/2033 
f 2047/553/2022 2048/554/2023 2058/569/2033 
f 2049/555/2024 2059/571/2034 2060/570/2035 
f 2060/570/2035 2048/554/2023 2049/555/2024 
f 2059/571/2034 2049/555/2024 2050/556/2025 
f 2050/556/2025 2061/572/2036 2059/571/2034 
f 2061/572/2036 2050/556/2025 2051/557/2026 
f 2051/557/2026 2062/573/2037 2061/572/2036 
f 2062/573/2037 2051/557/2026 2052/558/2027 
f 2052/558/2027 2063/574/2038 2062/573/2037 
f 2053/559/2028 2064/575/2039 2063/574/2038 
f 2063/574/2038 2052/558/2027 2053/559/2028 
f 1988/466/1963 1990/469/1965 2065/577/2040 
f 2065/577/2040 2066/576/2041 1988/466/1963 
f 1990/469/1965 1340/579/1316 1339/578/1315 
f 1339/578/1315 2065/577/2040 1990/469/1965 
f 2067/580/2042 2064/575/2039 1343/582/1319 
f 1343/582/1319 1342/581/1318 2067/580/2042 
f 2063/574/2038 2064/575/2039 2067/580/2042 
f 2067/580/2042 2068/583/2043 2063/574/2038 
f 2062/573/2037 2063/574/2038 2068/583/2043 
f 2068/583/2043 2069/584/2044 2062/573/2037 
f 2061/572/2036 2062/573/2037 2069/584/2044 
f 2069/584/2044 2070/585/2045 2061/572/2036 
f 2070/585/2045 2071/586/2046 2059/571/2034 
f 2059/571/2034 2061/572/2036 2070/585/2045 
f 2072/587/2047 2060/570/2035 2059/571/2034 
f 2059/571/2034 2071/586/2046 2072/587/2047 
f 2072/587/2047 2073/588/2048 2058/569/2033 
f 2058/569/2033 2060/570/2035 2072/587/2047 
f 2057/568/2032 2058/569/2033 2073/588/2048 
f 2073/588/2048 2074/589/2049 2057/568/2032 
f 2074/589/2049 2075/590/2050 2056/567/2031 
f 2056/567/2031 2057/568/2032 2074/589/2049 
f 1352/591/1328 2075/593/2050 1353/592/1329 
f 2038/537/2013 2006/498/1981 1268/499/1244 
f 1268/499/1244 1354/594/1330 2038/537/2013 
f 2058/569/2033 2048/554/2023 2060/570/2035 
f 2076/595/2051 1342/598/1318 1357/597/1333 
f 1357/597/1333 2077/596/2052 2076/595/2051 
f 2078/599/2053 2079/602/2054 2080/601/2055 
f 2080/601/2055 2081/600/2056 2078/599/2053 
f 2082/603/2057 2083/606/2058 2084/605/2059 
f 2084/605/2059 2085/604/2060 2082/603/2057 
f 2086/607/2061 2087/610/2062 2088/609/2063 
f 2088/609/2063 2089/608/2064 2086/607/2061 
f 2090/611/2065 2091/614/2066 2092/613/2067 
f 2092/613/2067 2093/612/2068 2090/611/2065 
f 2094/615/2069 2095/618/2070 2096/617/2071 
f 2096/617/2071 2097/616/2072 2094/615/2069 
f 2078/599/2053 2081/600/2056 2098/620/2073 
f 2098/620/2073 2099/619/2074 2078/599/2053 
f 1342/598/1318 2076/595/2051 2100/622/2075 
f 2100/622/2075 2067/621/2042 1342/598/1318 
f 2100/622/2075 2101/624/2076 2068/623/2043 
f 2068/623/2043 2067/621/2042 2100/622/2075 
f 2101/624/2076 2102/626/2077 2069/625/2044 
f 2069/625/2044 2068/623/2043 2101/624/2076 
f 2103/627/2078 2104/629/2079 1384/628/1360 
f 1384/628/1360 1353/592/1329 2103/627/2078 
f 2105/630/2080 2106/632/2081 2075/593/2050 
f 2075/593/2050 2074/631/2049 2105/630/2080 
f 2107/633/2082 2105/630/2080 2074/631/2049 
f 2074/631/2049 2073/634/2048 2107/633/2082 
f 2073/634/2048 2072/636/2047 2108/635/2083 
f 2108/635/2083 2107/633/2082 2073/634/2048 
f 2072/636/2047 2071/638/2046 2109/637/2084 
f 2109/637/2084 2108/635/2083 2072/636/2047 
f 2104/629/2079 2103/627/2078 2110/640/2085 
f 2110/640/2085 2111/639/2086 2104/629/2079 
f 2112/641/2087 2110/640/2085 2103/627/2078 
f 2103/627/2078 2106/632/2081 2112/641/2087 
f 2106/632/2081 2105/630/2080 2113/642/2088 
f 2113/642/2088 2112/641/2087 2106/632/2081 
f 2104/643/2079 2111/645/2086 2114/644/2089 
f 2114/644/2089 2077/596/2052 2104/643/2079 
f 2115/646/2090 2076/595/2051 2077/596/2052 
f 2077/596/2052 2114/644/2089 2115/646/2090 
f 2116/647/2091 2100/622/2075 2076/595/2051 
f 2076/595/2051 2115/646/2090 2116/647/2091 
f 2101/624/2076 2100/622/2075 2116/647/2091 
f 2116/647/2091 2117/648/2092 2101/624/2076 
f 2117/648/2092 2118/649/2093 2102/626/2077 
f 2102/626/2077 2101/624/2076 2117/648/2092 
f 2118/649/2093 2119/651/2094 2120/650/2095 
f 2120/650/2095 2102/626/2077 2118/649/2093 
f 2119/651/2094 2121/652/2096 2109/637/2084 
f 2109/637/2084 2120/650/2095 2119/651/2094 
f 2121/652/2096 2122/653/2097 2108/635/2083 
f 2108/635/2083 2109/637/2084 2121/652/2096 
f 2122/653/2097 2123/654/2098 2107/633/2082 
f 2107/633/2082 2108/635/2083 2122/653/2097 
f 2105/630/2080 2107/633/2082 2123/654/2098 
f 2123/654/2098 2113/642/2088 2105/630/2080 
f 2123/654/2098 2122/653/2097 2124/656/2099 
f 2124/656/2099 2125/655/2100 2123/654/2098 
f 2097/616/2072 2126/658/2101 2127/657/2102 
f 2127/657/2102 2094/615/2069 2097/616/2072 
f 2118/649/2093 2128/660/2103 2129/659/2104 
f 2129/659/2104 2119/651/2094 2118/649/2093 
f 2116/647/2091 2130/662/2105 2131/661/2106 
f 2131/661/2106 2117/648/2092 2116/647/2091 
f 2114/644/2089 2111/645/2086 2132/664/2107 
f 2132/664/2107 2133/663/2108 2114/644/2089 
f 2111/639/2086 2110/640/2085 2134/666/2109 
f 2134/666/2109 2132/665/2107 2111/639/2086 
f 2110/640/2085 2112/641/2087 2135/667/2110 
f 2135/667/2110 2134/666/2109 2110/640/2085 
f 2136/668/2111 2137/671/2112 2138/670/2113 
f 2138/670/2113 2139/669/2114 2136/668/2111 
f 2113/642/2088 2123/654/2098 2125/655/2100 
f 2125/655/2100 2140/672/2115 2113/642/2088 
f 2122/653/2097 2121/652/2096 2141/673/2116 
f 2141/673/2116 2124/656/2099 2122/653/2097 
f 2142/674/2117 2143/677/2118 2144/676/2119 
f 2144/676/2119 2145/675/2120 2142/674/2117 
f 2146/678/2121 2147/680/2122 2148/679/2123 
f 2148/679/2123 2091/614/2066 2146/678/2121 
f 2091/614/2066 2148/679/2123 2149/681/2124 
f 2149/681/2124 2092/613/2067 2091/614/2066 
f 2150/682/2125 2097/616/2072 2096/617/2071 
f 2096/617/2071 2151/683/2126 2150/682/2125 
f 2070/684/2045 2069/625/2044 2102/626/2077 
f 2102/626/2077 2120/650/2095 2070/684/2045 
f 2075/593/2050 2106/632/2081 2103/627/2078 
f 2103/627/2078 1353/592/1329 2075/593/2050 
f 2120/650/2095 2109/637/2084 2071/638/2046 
f 2071/638/2046 2070/684/2045 2120/650/2095 
f 2077/596/2052 1357/597/1333 1384/685/1360 
f 1384/685/1360 2104/643/2079 2077/596/2052 
f 2136/668/2111 2152/687/2127 2153/686/2128 
f 2153/686/2128 2137/671/2112 2136/668/2111 
f 2142/674/2117 2145/675/2120 2154/689/2129 
f 2154/689/2129 2155/688/2130 2142/674/2117 
f 2156/690/2131 2154/689/2129 2145/675/2120 
f 2145/675/2120 2146/678/2121 2156/690/2131 
f 2155/688/2130 2095/618/2070 2094/615/2069 
f 2094/615/2069 2142/674/2117 2155/688/2130 
f 2087/691/2062 2086/692/2061 2093/612/2068 
f 2093/612/2068 2092/613/2067 2087/691/2062 
f 2156/690/2131 2146/678/2121 2091/614/2066 
f 2091/614/2066 2090/611/2065 2156/690/2131 
f 2095/693/2070 2157/695/2132 2096/694/2071 
f 2096/694/2071 2157/695/2132 2099/696/2074 
f 2099/696/2074 2157/695/2132 2078/697/2053 
f 2078/697/2053 2157/695/2132 2079/698/2054 
f 2079/698/2054 2157/695/2132 2085/699/2060 
f 2085/699/2060 2157/695/2132 2082/700/2057 
f 2082/700/2057 2157/695/2132 2086/701/2061 
f 2086/701/2061 2157/695/2132 2093/702/2068 
f 2093/702/2068 2157/695/2132 2090/703/2065 
f 2090/703/2065 2157/695/2132 2156/704/2131 
f 2156/704/2131 2157/695/2132 2154/705/2129 
f 2154/705/2129 2157/695/2132 2155/706/2130 
f 2155/706/2130 2157/695/2132 2095/693/2070 
f 2075/590/2050 1352/707/1328 1327/566/1303 
f 1327/566/1303 2056/567/2031 2075/590/2050 
f 1779/489/1755 2002/490/1977 1999/486/1974 
f 1999/486/1974 1780/487/1756 1779/489/1755 
f 2043/545/2018 2001/491/1976 2004/493/1979 
f 2158/708/2133 1442/711/1418 1441/710/1417 
f 1441/710/1417 2159/709/2134 2158/708/2133 
f 2066/576/2041 2160/712/2135 2158/708/2133 
f 2158/708/2133 2159/709/2134 2066/576/2041 
f 2160/712/2135 2161/714/2136 2162/713/2137 
f 2162/713/2137 2055/565/2030 2160/712/2135 
f 2161/714/2136 1447/716/1423 1446/715/1422 
f 1446/715/1422 2162/713/2137 2161/714/2136 
f 2160/712/2135 2066/576/2041 2065/577/2040 
f 2065/577/2040 2161/714/2136 2160/712/2135 
f 2161/714/2136 2065/577/2040 1339/578/1315 
f 1339/578/1315 1447/716/1423 2161/714/2136 
f 1989/465/1964 2159/709/2134 1441/710/1417 
f 1441/710/1417 1448/717/1424 1989/465/1964 
f 2066/576/2041 2159/709/2134 1989/465/1964 
f 1989/465/1964 1988/466/1963 2066/576/2041 
f 2158/708/2133 2054/561/2029 1325/562/1301 
f 1325/562/1301 1442/711/1418 2158/708/2133 
f 2055/565/2030 2054/561/2029 2158/708/2133 
f 2158/708/2133 2160/712/2135 2055/565/2030 
f 2055/565/2030 2162/713/2137 2064/718/2039 
f 2064/718/2039 2053/564/2028 2055/565/2030 
f 2162/713/2137 1446/715/1422 1343/719/1319 
f 1343/719/1319 2064/718/2039 2162/713/2137 
f 2163/720/2138 2164/721/2139 2152/687/2127 
f 2152/687/2127 2136/668/2111 2163/720/2138 
f 2137/671/2112 2153/686/2128 2089/608/2064 
f 2089/608/2064 2088/609/2063 2137/671/2112 
f 2150/682/2125 2151/683/2126 2164/721/2139 
f 2164/721/2139 2163/720/2138 2150/682/2125 
f 2084/605/2059 2153/686/2128 2152/687/2127 
f 2152/687/2127 2080/601/2055 2084/605/2059 
f 2086/607/2061 2089/608/2064 2083/606/2058 
f 2151/683/2126 2096/617/2071 2098/620/2073 
f 2165/722/2140 2166/725/2141 2167/724/2142 
f 2167/724/2142 2168/723/2143 2165/722/2140 
f 2169/726/1431 2170/728/2144 2171/727/2145 
f 2172/729/2146 2173/731/2147 2174/730/2148 
f 2174/730/2148 2173/731/2147 2175/732/2149 
f 2176/733/2150 2172/729/2146 2177/734/2151 
f 2177/734/2151 2172/729/2146 2178/735/2152 
f 2178/735/2152 2172/729/2146 2179/736/2153 
f 2180/737/2154 2181/740/2155 2182/739/2156 
f 2182/739/2156 2183/738/2157 2180/737/2154 
f 2184/741/2158 2176/733/2150 2185/742/2159 
f 2186/743/2160 2187/745/2161 2188/744/2162 
f 2189/746/2163 2190/748/2164 2191/747/2165 
f 2192/749/2166 2190/748/2164 2193/750/2167 
f 2193/750/2167 2190/748/2164 2194/751/2168 
f 2195/752/2169 2189/746/2163 2196/753/2170 
f 2197/754/2171 2198/757/2172 2199/756/2173 
f 2199/756/2173 2200/755/2174 2197/754/2171 
f 2200/755/2174 2199/756/2173 2201/759/2175 
f 2201/759/2175 2202/758/2176 2200/755/2174 
f 2203/760/2177 2195/752/2169 2196/753/2170 
f 2196/753/2170 2204/761/2178 2203/760/2177 
f 2178/735/2152 2179/736/2153 2205/763/2179 
f 2205/763/2179 2206/762/2180 2178/735/2152 
f 2192/749/2166 2193/750/2167 2207/764/2181 
f 2207/764/2181 2206/762/2180 2192/749/2166 
f 2187/745/2161 2208/766/2182 2209/765/2183 
f 2209/765/2183 2194/751/2168 2187/745/2161 
f 2186/743/2160 2210/767/2184 2208/766/2182 
f 2208/766/2182 2187/745/2161 2186/743/2160 
f 2211/768/2185 2212/770/2186 2213/769/2187 
f 2214/771/2188 2212/770/2186 2211/768/2185 
f 2213/769/2187 2212/770/2186 2215/772/2189 
f 2215/772/2189 2212/770/2186 2216/773/2190 
f 2217/774/2191 2218/777/2192 2219/776/2193 
f 2219/776/2193 2220/775/2194 2217/774/2191 
f 2221/778/1609 2217/774/2191 2220/775/2194 
f 2220/775/2194 2222/779/1582 2221/778/1609 
f 2218/777/2192 2217/774/2191 2223/781/2195 
f 2223/781/2195 2224/780/2196 2218/777/2192 
f 2225/782/2197 2223/781/2195 2217/774/2191 
f 2217/774/2191 2221/778/1609 2225/782/2197 
f 2226/783/2198 2218/777/2192 2224/780/2196 
f 2224/780/2196 2227/784/2199 2226/783/2198 
f 2224/780/2196 2223/781/2195 2228/786/2200 
f 2228/786/2200 2229/785/2201 2224/780/2196 
f 2223/781/2195 2225/782/2197 2230/787/2202 
f 2230/787/2202 2228/786/2200 2223/781/2195 
f 2227/784/2199 2231/789/2203 2232/788/2204 
f 2232/788/2204 2226/783/2198 2227/784/2199 
f 2231/789/2203 2227/784/2199 2233/790/2205 
f 2233/790/2205 2165/722/2140 2231/789/2203 
f 2234/791/2206 2235/793/2207 2236/792/1497 
f 2236/792/1497 2232/788/2204 2234/791/2206 
f 2237/794/2208 2232/788/2204 2231/789/2203 
f 2231/789/2203 2168/723/2143 2237/794/2208 
f 2234/791/2206 2232/788/2204 2237/794/2208 
f 2237/794/2208 2238/795/2209 2234/791/2206 
f 2169/726/1431 2239/796/2210 2235/793/2207 
f 2235/793/2207 2234/791/2206 2169/726/1431 
f 2240/797/2211 2169/726/1431 2234/791/2206 
f 2234/791/2206 2238/795/2209 2240/797/2211 
f 2241/798/2212 2242/801/2213 2243/800/2214 
f 2243/800/2214 2244/799/2215 2241/798/2212 
f 2242/801/2213 2245/803/2216 2246/802/2217 
f 2246/802/2217 2243/800/2214 2242/801/2213 
f 2168/804/2143 2247/807/2218 2248/806/2219 
f 2248/806/2219 2237/805/2208 2168/804/2143 
f 2167/808/2142 2249/809/2220 2247/807/2218 
f 2247/807/2218 2168/804/2143 2167/808/2142 
f 2250/810/2221 2221/778/1609 2222/779/1582 
f 2222/779/1582 2251/811/2222 2250/810/2221 
f 2221/778/1609 2250/810/2221 2252/812/2223 
f 2252/812/2223 2225/782/2197 2221/778/1609 
f 2225/782/2197 2252/812/2223 2253/813/2224 
f 2253/813/2224 2230/787/2202 2225/782/2197 
f 2254/814/2225 2250/817/2221 2251/816/2222 
f 2251/816/2222 2255/815/2226 2254/814/2225 
f 2250/817/2221 2254/814/2225 2256/819/2227 
f 2256/819/2227 2252/818/2223 2250/817/2221 
f 2254/814/2225 2255/815/2226 2257/821/2228 
f 2257/821/2228 2258/820/2229 2254/814/2225 
f 2259/822/2230 2256/819/2227 2254/814/2225 
f 2254/814/2225 2258/820/2229 2259/822/2230 
f 2171/727/2145 2170/728/2144 2259/822/2230 
f 2259/822/2230 2258/820/2229 2171/727/2145 
f 2170/728/2144 2169/726/1431 2240/797/2211 
f 2240/797/2211 2260/823/2231 2170/728/2144 
f 2245/803/2216 2261/825/2232 2262/824/2233 
f 2262/824/2233 2246/802/2217 2245/803/2216 
f 2170/728/2144 2260/823/2231 2263/827/2234 
f 2263/827/2234 2264/826/2235 2170/728/2144 
f 2261/825/2232 2265/829/2236 2266/828/2237 
f 2266/828/2237 2262/824/2233 2261/825/2232 
f 2256/819/2227 2259/822/2230 2267/831/2238 
f 2267/831/2238 2268/830/2239 2256/819/2227 
f 2263/832/2234 2266/833/2237 2249/809/2220 
f 2249/809/2220 2167/808/2142 2263/832/2234 
f 2214/771/2188 2241/798/2212 2269/834/2240 
f 2269/834/2240 2212/770/2186 2214/771/2188 
f 2211/768/2185 2242/801/2213 2241/798/2212 
f 2241/798/2212 2214/771/2188 2211/768/2185 
f 2212/770/2186 2269/834/2240 2270/835/2241 
f 2270/835/2241 2216/773/2190 2212/770/2186 
f 2216/773/2190 2270/835/2241 2265/836/2236 
f 2265/836/2236 2215/772/2189 2216/773/2190 
f 2265/829/2236 2261/825/2232 2213/769/2187 
f 2213/769/2187 2215/772/2189 2265/829/2236 
f 2213/769/2187 2261/825/2232 2245/803/2216 
f 2252/818/2223 2256/819/2227 2268/830/2239 
f 2268/830/2239 2253/837/2224 2252/818/2223 
f 2271/838/2242 2268/841/2239 2267/840/2238 
f 2267/840/2238 2272/839/2243 2271/838/2242 
f 2273/842/2244 2274/845/2245 2275/844/2246 
f 2275/844/2246 2276/843/2247 2273/842/2244 
f 2277/846/2248 2189/746/2163 2195/752/2169 
f 2195/752/2169 2203/760/2177 2277/846/2248 
f 2245/803/2216 2242/801/2213 2211/768/2185 
f 2211/768/2185 2213/769/2187 2245/803/2216 
f 2173/731/2147 2277/847/2248 2175/732/2149 
f 2183/738/2157 2278/849/2249 2279/848/2250 
f 2279/848/2250 2274/845/2245 2183/738/2157 
f 2280/850/2251 2219/776/2193 2218/777/2192 
f 2218/777/2192 2226/783/2198 2280/850/2251 
f 2236/792/1497 2280/850/2251 2226/783/2198 
f 2226/783/2198 2232/788/2204 2236/792/1497 
f 2258/820/2229 2257/821/2228 2281/851/2252 
f 2281/851/2252 2171/727/2145 2258/820/2229 
f 2171/727/2145 2281/851/2252 2239/796/2210 
f 2239/796/2210 2169/726/1431 2171/727/2145 
f 2282/852/2253 2283/853/2254 2176/733/2150 
f 2176/733/2150 2184/741/2158 2282/852/2253 
f 2229/785/2201 2284/854/2255 2224/780/2196 
f 2200/755/2174 2202/758/2176 2285/856/2256 
f 2285/856/2256 2286/855/2257 2200/755/2174 
f 2188/744/2162 2187/745/2161 2190/748/2164 
f 2284/857/2255 2229/860/2201 2287/859/2258 
f 2287/859/2258 2288/858/2259 2284/857/2255 
f 2229/860/2201 2228/862/2200 2289/861/2260 
f 2289/861/2260 2287/859/2258 2229/860/2201 
f 2228/862/2200 2230/864/2202 2290/863/2261 
f 2290/863/2261 2289/861/2260 2228/862/2200 
f 2170/728/2144 2264/826/2235 2267/831/2238 
f 2267/831/2238 2259/822/2230 2170/728/2144 
f 2291/865/2262 2264/868/2235 2166/867/2141 
f 2166/867/2141 2292/866/2263 2291/865/2262 
f 2166/867/2141 2165/870/2140 2293/869/2264 
f 2293/869/2264 2292/866/2263 2166/867/2141 
f 2165/870/2140 2233/872/2205 2294/871/2265 
f 2294/871/2265 2293/869/2264 2165/870/2140 
f 2233/872/2205 2284/874/2255 2295/873/2266 
f 2295/873/2266 2294/871/2265 2233/872/2205 
f 2165/722/2140 2168/723/2143 2231/789/2203 
f 2200/755/2174 2286/855/2257 2275/844/2246 
f 2275/844/2246 2197/754/2171 2200/755/2174 
f 2264/826/2235 2263/827/2234 2166/725/2141 
f 2166/725/2141 2263/827/2234 2167/724/2142 
f 2224/780/2196 2284/854/2255 2227/784/2199 
f 2227/784/2199 2284/854/2255 2233/790/2205 
f 2248/806/2219 2296/876/2267 2238/875/2209 
f 2238/875/2209 2237/805/2208 2248/806/2219 
f 2296/876/2267 2297/878/2268 2240/877/2211 
f 2240/877/2211 2238/875/2209 2296/876/2267 
f 2248/806/2219 2247/807/2218 2244/799/2215 
f 2240/877/2211 2297/878/2268 2262/824/2233 
f 2262/824/2233 2260/879/2231 2240/877/2211 
f 2262/824/2233 2266/828/2237 2263/880/2234 
f 2263/880/2234 2260/879/2231 2262/824/2233 
f 2244/799/2215 2243/800/2214 2296/876/2267 
f 2296/876/2267 2248/806/2219 2244/799/2215 
f 2243/800/2214 2246/802/2217 2297/878/2268 
f 2297/878/2268 2296/876/2267 2243/800/2214 
f 2246/802/2217 2262/824/2233 2297/878/2268 
f 2241/798/2212 2244/799/2215 2247/807/2218 
f 2247/807/2218 2269/834/2240 2241/798/2212 
f 2269/834/2240 2247/807/2218 2249/809/2220 
f 2249/809/2220 2270/835/2241 2269/834/2240 
f 2270/835/2241 2249/809/2220 2266/833/2237 
f 2266/833/2237 2265/836/2236 2270/835/2241 
f 2202/758/2176 2201/759/2175 2298/881/2269 
f 2298/881/2269 2285/856/2256 2202/758/2176 
f 2282/882/2253 2210/767/2184 2299/884/2270 
f 2299/884/2270 2283/883/2254 2282/882/2253 
f 2300/885/2271 2188/744/2162 2190/748/2164 
f 2190/748/2164 2272/839/2243 2300/885/2271 
f 2271/838/2242 2189/746/2163 2277/846/2248 
f 2277/846/2248 2301/886/2272 2271/838/2242 
f 2277/847/2248 2173/731/2147 2290/863/2261 
f 2290/863/2261 2301/887/2272 2277/847/2248 
f 2302/888/2273 2303/889/2274 2295/873/2266 
f 2295/873/2266 2284/874/2255 2302/888/2273 
f 2283/883/2254 2299/884/2270 2304/891/2275 
f 2304/891/2275 2288/890/2259 2283/883/2254 
f 2305/892/2276 2306/895/2277 2307/894/1569 
f 2307/894/1569 2308/893/2278 2305/892/2276 
f 2309/896/2279 2310/899/2280 2311/898/2281 
f 2311/898/2281 2312/897/2282 2309/896/2279 
f 2313/900/2283 2314/903/2284 2315/902/2285 
f 2315/902/2285 2316/901/2286 2313/900/2283 
f 2317/904/2287 2309/896/2279 2312/897/2282 
f 2312/897/2282 2318/905/2288 2317/904/2287 
f 2319/906/2289 2317/904/2287 2318/905/2288 
f 2318/905/2288 2320/907/2290 2319/906/2289 
f 2314/903/2284 2321/909/2291 2322/908/2292 
f 2322/908/2292 2315/902/2285 2314/903/2284 
f 2025/522/2000 2024/523/1999 2323/911/2293 
f 2323/911/2293 2324/910/2294 2025/522/2000 
f 2028/526/2003 2025/522/2000 2324/910/2294 
f 2324/910/2294 2325/912/2295 2028/526/2003 
f 2028/526/2003 2325/912/2295 2326/913/2296 
f 2326/913/2296 2029/525/2004 2028/526/2003 
f 2327/914/2297 2328/917/2298 2329/916/2299 
f 2329/916/2299 2330/915/2300 2327/914/2297 
f 2330/918/2300 2329/919/2299 2319/906/2289 
f 2319/906/2289 2320/907/2290 2330/918/2300 
f 2309/896/2279 2317/904/2287 2220/775/2194 
f 2220/775/2194 2219/776/2193 2309/896/2279 
f 2317/904/2287 2319/906/2289 2222/779/1582 
f 2222/779/1582 2220/775/2194 2317/904/2287 
f 2310/899/2280 2309/896/2279 2219/776/2193 
f 2219/776/2193 2280/850/2251 2310/899/2280 
f 2313/900/2283 2310/899/2280 2280/850/2251 
f 2280/850/2251 2236/792/1497 2313/900/2283 
f 2235/793/2207 2314/903/2284 2313/900/2283 
f 2313/900/2283 2236/792/1497 2235/793/2207 
f 2239/796/2210 2321/909/2291 2314/903/2284 
f 2314/903/2284 2235/793/2207 2239/796/2210 
f 2319/906/2289 2329/919/2299 2251/811/2222 
f 2251/811/2222 2222/779/1582 2319/906/2289 
f 2329/916/2299 2328/917/2298 2255/815/2226 
f 2255/815/2226 2251/816/2222 2329/916/2299 
f 2255/815/2226 2328/917/2298 2331/920/2301 
f 2331/920/2301 2257/821/2228 2255/815/2226 
f 2257/821/2228 2331/920/2301 2332/921/2302 
f 2332/921/2302 2281/851/2252 2257/821/2228 
f 2281/851/2252 2332/921/2302 2321/909/2291 
f 2321/909/2291 2239/796/2210 2281/851/2252 
f 2023/520/1998 2333/923/2303 2334/922/2304 
f 2334/922/2304 2024/523/1999 2023/520/1998 
f 2028/526/2003 2026/521/2001 2025/522/2000 
f 2333/923/2303 2000/924/1975 2308/893/2278 
f 2308/893/2278 2334/922/2304 2333/923/2303 
f 2000/485/1975 2333/925/2303 1993/476/1968 
f 1993/476/1968 1995/477/1970 2000/485/1975 
f 2333/925/2303 2023/926/1998 2013/509/1988 
f 2013/509/1988 1993/476/1968 2333/925/2303 
f 2019/517/1994 2023/926/1998 2026/927/2001 
f 2026/927/2001 2021/519/1996 2019/517/1994 
f 2026/927/2001 2027/532/2002 2030/527/2005 
f 2030/527/2005 2021/519/1996 2026/927/2001 
f 2000/924/1975 1999/928/1974 2305/892/2276 
f 2305/892/2276 2308/893/2278 2000/924/1975 
f 2305/892/2276 1999/928/1974 2002/930/1977 
f 2002/930/1977 2335/929/2305 2305/892/2276 
f 2335/929/2305 2002/930/1977 2001/932/1976 
f 2001/932/1976 2336/931/2306 2335/929/2305 
f 2336/931/2306 2001/932/1976 2043/549/2018 
f 2043/549/2018 2044/546/2019 2336/931/2306 
f 1992/473/1967 1991/474/1966 1994/478/1969 
f 1994/478/1969 1996/481/1971 1992/473/1967 
f 1995/477/1970 1991/474/1966 1773/475/1749 
f 1773/475/1749 1775/933/1751 1995/477/1970 
f 1769/472/1745 1992/473/1967 1998/479/1973 
f 1998/479/1973 1766/934/1742 1769/472/1745 
f 1766/934/1742 1998/479/1973 1258/482/1234 
f 1258/482/1234 1184/935/1160 1766/934/1742 
f 1938/936/1913 1995/477/1970 1775/933/1751 
f 2004/493/1979 2003/494/1978 2042/544/2017 
f 2042/544/2017 2003/494/1978 2005/497/1980 
f 2005/497/1980 2006/498/1981 2042/544/2017 
f 1049/937/1027 1269/500/1245 2005/497/1980 
f 2005/497/1980 1809/496/1785 1049/937/1027 
f 1803/492/1779 2004/493/1979 2001/491/1976 
f 2001/491/1976 1797/488/1773 1803/492/1779 
f 1997/480/1972 2008/502/1983 1272/503/1248 
f 1272/503/1248 1259/483/1235 1997/480/1972 
f 2008/502/1983 2009/505/1984 2012/507/1987 
f 2012/507/1987 2007/501/1982 2008/502/1983 
f 1994/478/1969 2010/506/1985 2009/505/1984 
f 2009/505/1984 1996/481/1971 1994/478/1969 
f 2011/508/1986 2010/506/1985 2013/509/1988 
f 2013/509/1988 2018/515/1993 2011/508/1986 
f 2032/529/2007 2036/533/2011 2039/538/2014 
f 2039/538/2014 2040/539/2015 2032/529/2007 
f 1354/594/1330 1308/541/1284 2039/538/2014 
f 2039/538/2014 2038/537/2013 1354/594/1330 
f 2030/527/2005 2027/532/2002 2036/533/2011 
f 2036/533/2011 2032/529/2007 2030/527/2005 
f 2018/515/1993 2013/509/1988 2023/926/1998 
f 2023/926/1998 2019/517/1994 2018/515/1993 
f 2004/493/1979 2042/544/2017 2043/545/2018 
f 2316/901/2286 2307/894/1569 2306/895/2277 
f 2306/895/2277 2311/898/2281 2316/901/2286 
f 2337/938/2307 2306/895/2277 2305/892/2276 
f 2305/892/2276 2335/929/2305 2337/938/2307 
f 2307/894/1569 2338/939/2308 2334/922/2304 
f 2334/922/2304 2308/893/2278 2307/894/1569 
f 2339/940/2309 2337/938/2307 2335/929/2305 
f 2335/929/2305 2336/931/2306 2339/940/2309 
f 2340/941/2310 2339/940/2309 2336/931/2306 
f 2336/931/2306 2044/546/2019 2340/941/2310 
f 2338/939/2308 2323/911/2293 2024/523/1999 
f 2024/523/1999 2334/922/2304 2338/939/2308 
f 2341/942/2311 2324/910/2294 2323/911/2293 
f 2323/911/2293 2322/908/2292 2341/942/2311 
f 2342/943/2312 2325/912/2295 2324/910/2294 
f 2324/910/2294 2341/942/2311 2342/943/2312 
f 2327/914/2297 2326/913/2296 2325/912/2295 
f 2325/912/2295 2342/943/2312 2327/914/2297 
f 2029/525/2004 2326/913/2296 2343/944/2313 
f 2343/944/2313 2037/536/2012 2029/525/2004 
f 2037/547/2012 2343/945/2313 2340/941/2310 
f 2340/941/2310 2044/546/2019 2037/547/2012 
f 2312/897/2282 2311/898/2281 2306/895/2277 
f 2306/895/2277 2337/938/2307 2312/897/2282 
f 2316/901/2286 2315/902/2285 2338/939/2308 
f 2338/939/2308 2307/894/1569 2316/901/2286 
f 2318/905/2288 2312/897/2282 2337/938/2307 
f 2337/938/2307 2339/940/2309 2318/905/2288 
f 2320/907/2290 2318/905/2288 2339/940/2309 
f 2339/940/2309 2340/941/2310 2320/907/2290 
f 2315/902/2285 2322/908/2292 2323/911/2293 
f 2323/911/2293 2338/939/2308 2315/902/2285 
f 2326/913/2296 2327/914/2297 2330/915/2300 
f 2330/915/2300 2343/944/2313 2326/913/2296 
f 2343/945/2313 2330/918/2300 2320/907/2290 
f 2320/907/2290 2340/941/2310 2343/945/2313 
f 2313/900/2283 2316/901/2286 2311/898/2281 
f 2311/898/2281 2310/899/2280 2313/900/2283 
f 2332/921/2302 2341/942/2311 2322/908/2292 
f 2322/908/2292 2321/909/2291 2332/921/2302 
f 2331/920/2301 2342/943/2312 2341/942/2311 
f 2341/942/2311 2332/921/2302 2331/920/2301 
f 2328/917/2298 2327/914/2297 2342/943/2312 
f 2342/943/2312 2331/920/2301 2328/917/2298 
f 1084/281/1061 1100/297/1077 1855/295/1831 
f 1855/295/1831 1845/280/1821 1084/281/1061 
f 1171/368/1147 1630/946/1606 1898/342/1874 
f 1898/342/1874 1923/367/1899 1171/368/1147 
f 1817/248/1793 1200/398/1176 1050/247/1028 
f 1050/247/1028 1808/239/1784 1817/248/1793 
f 1821/251/1797 1631/947/1607 1060/257/1038 
f 1060/257/1038 1823/253/1799 1821/251/1797 
f 1630/946/1606 1137/334/1114 1891/335/1867 
f 1891/335/1867 1898/342/1874 1630/946/1606 
f 1838/273/1814 1090/287/1067 1087/284/1064 
f 1087/284/1064 1839/276/1815 1838/273/1814 
f 1632/948/1608 1110/307/1087 1865/308/1841 
f 1865/308/1841 1901/344/1877 1632/948/1608 
f 1698/122/1674 927/123/905 1632/948/1608 
f 1632/948/1608 1901/344/1877 1698/122/1674 
f 1448/717/1424 1245/467/1221 1989/465/1964 
f 1248/470/1224 1340/579/1316 1990/469/1965 
f 1246/468/1222 1633/949/1609 1987/464/1962 
f 1633/949/1609 1249/471/1225 1987/464/1962 
f 2199/756/2173 2198/757/2172 2279/848/2250 
f 2279/848/2250 2278/849/2249 2199/756/2173 
f 2344/950/2314 2201/759/2175 2199/756/2173 
f 2199/756/2173 2278/849/2249 2344/950/2314 
f 2175/732/2149 2203/760/2177 2204/761/2178 
f 2204/761/2178 2174/730/2148 2175/732/2149 
f 2192/749/2166 2206/762/2180 2205/763/2179 
f 2205/763/2179 2345/951/2315 2192/749/2166 
f 2206/762/2180 2207/764/2181 2177/734/2151 
f 2177/734/2151 2178/735/2152 2206/762/2180 
f 2207/764/2181 2209/765/2183 2185/742/2159 
f 2185/742/2159 2177/734/2151 2207/764/2181 
f 2184/741/2158 2208/766/2182 2210/767/2184 
f 2210/767/2184 2282/882/2253 2184/741/2158 
f 2346/952/2316 2298/953/2269 2182/739/2156 
f 2182/739/2156 2181/740/2155 2346/952/2316 
f 2299/884/2270 2210/767/2184 2186/743/2160 
f 2186/743/2160 2188/744/2162 2299/884/2270 
f 2183/738/2157 2182/739/2156 2344/950/2314 
f 2344/950/2314 2278/849/2249 2183/738/2157 
f 2275/844/2246 2274/845/2245 2198/757/2172 
f 2180/737/2154 2183/738/2157 2274/845/2245 
f 2274/845/2245 2273/842/2244 2180/737/2154 
f 2286/855/2257 2285/856/2256 2347/954/2317 
f 2275/844/2246 2286/855/2257 2276/843/2247 
f 2286/855/2257 2347/954/2317 2276/843/2247 
f 2285/856/2256 2298/881/2269 2346/955/2316 
f 2346/955/2316 2347/954/2317 2285/856/2256 
f 2344/950/2314 2182/739/2156 2298/953/2269 
f 2298/953/2269 2201/759/2175 2344/950/2314 
f 2275/844/2246 2198/757/2172 2197/754/2171 
f 2198/757/2172 2274/845/2245 2279/848/2250 
f 2204/761/2178 2348/957/2318 2349/956/2319 
f 2349/956/2319 2174/730/2148 2204/761/2178 
f 2191/747/2165 2348/957/2318 2204/761/2178 
f 2204/761/2178 2196/753/2170 2191/747/2165 
f 2205/763/2179 2179/736/2153 2348/957/2318 
f 2345/951/2315 2205/763/2179 2191/747/2165 
f 2349/956/2319 2172/729/2146 2174/730/2148 
f 2179/736/2153 2172/729/2146 2349/956/2319 
f 2348/957/2318 2179/736/2153 2349/956/2319 
f 2191/747/2165 2205/763/2179 2348/957/2318 
f 2194/751/2168 2209/765/2183 2207/764/2181 
f 2207/764/2181 2193/750/2167 2194/751/2168 
f 2184/741/2158 2185/742/2159 2209/765/2183 
f 2209/765/2183 2208/766/2182 2184/741/2158 
f 2185/742/2159 2176/733/2150 2177/734/2151 
f 2191/747/2165 2190/748/2164 2345/951/2315 
f 2194/751/2168 2190/748/2164 2187/745/2161 
f 2189/746/2163 2191/747/2165 2196/753/2170 
f 2345/951/2315 2190/748/2164 2192/749/2166 
f 2175/732/2149 2277/847/2248 2203/760/2177 
f 2350/958/2320 2351/960/2321 2352/959/2322 
f 2352/959/2322 1831/262/1807 2350/958/2320 
f 1931/377/1906 2353/962/2323 2354/961/2324 
f 2354/961/2324 1911/357/1887 1931/377/1906 
f 1911/357/1887 2354/961/2324 2355/963/2325 
f 2355/963/2325 1912/356/1888 1911/357/1887 
f 1912/356/1888 2355/963/2325 2356/964/2326 
f 2356/964/2326 1922/365/1898 1912/356/1888 
f 1922/365/1898 2356/964/2326 2357/965/2327 
f 2357/965/2327 1920/364/1896 1922/365/1898 
f 1927/373/1152 2358/966/2328 2351/960/2321 
f 2351/960/2321 2350/958/2320 1927/373/1152 
f 1930/376/1905 2359/967/2329 2358/966/2328 
f 2358/966/2328 1927/373/1152 1930/376/1905 
f 2360/968/2330 2361/971/2331 2362/970/2332 
f 2362/970/2332 2363/969/2333 2360/968/2330 
f 1831/262/1807 2352/959/2322 2364/972/2334 
f 2364/972/2334 1828/261/1804 1831/262/1807 
f 1920/364/1896 2357/965/2327 2359/967/2329 
f 2359/967/2329 1930/376/1905 1920/364/1896 
f 1181/378/1157 1655/973/1631 2353/962/2323 
f 2353/962/2323 1931/377/1906 1181/378/1157 
f 1828/261/1804 2364/972/2334 2361/971/2331 
f 2361/971/2331 2360/968/2330 1828/261/1804 
f 2363/969/2333 2362/970/2332 1657/975/1633 
f 1657/975/1633 1656/974/1632 2363/969/2333 
f 2164/721/2139 2081/600/2056 2080/601/2055 
f 2080/601/2055 2152/687/2127 2164/721/2139 
f 2153/686/2128 2084/605/2059 2083/606/2058 
f 2083/606/2058 2089/608/2064 2153/686/2128 
f 2151/683/2126 2098/620/2073 2081/600/2056 
f 2081/600/2056 2164/721/2139 2151/683/2126 
f 2085/604/2060 2084/605/2059 2080/601/2055 
f 2080/601/2055 2079/602/2054 2085/604/2060 
f 2098/620/2073 2096/617/2071 2099/619/2074 
f 2086/607/2061 2083/606/2058 2082/603/2057 
f 1704/132/1680 2365/977/2335 2366/976/2336 
f 2366/976/2336 1705/131/1681 1704/132/1680 
f 1705/131/1681 2366/976/2336 2367/978/2337 
f 2367/978/2337 1707/134/1683 1705/131/1681 
f 1867/310/1843 2368/979/2338 2365/977/2335 
f 2365/977/2335 1704/132/1680 1867/310/1843 
f 1707/134/1683 2367/978/2337 2369/980/2339 
f 2369/980/2339 1894/338/1870 1707/134/1683 
f 1869/312/1845 2370/981/2340 2368/979/2338 
f 2368/979/2338 1867/310/1843 1869/312/1845 
f 2371/982/2341 2372/983/2342 2370/981/2340 
f 2370/981/2340 1869/312/1845 2371/982/2341 
f 2373/984/2343 2374/985/2344 2372/983/2342 
f 2372/983/2342 2371/982/2341 2373/984/2343 
f 2375/986/2345 2376/987/2346 2374/985/2344 
f 2374/985/2344 2373/984/2343 2375/986/2345 
f 1881/324/1857 2377/988/2347 2376/987/2346 
f 2376/987/2346 2375/986/2345 1881/324/1857 
f 1884/325/1860 2378/989/2348 2377/988/2347 
f 2377/988/2347 1881/324/1857 1884/325/1860 
f 1895/341/1871 2379/990/2349 2378/989/2348 
f 2378/989/2348 1884/325/1860 1895/341/1871 
f 1894/338/1870 2369/980/2339 2379/990/2349 
f 2379/990/2349 1895/341/1871 1894/338/1870 
f 2365/977/2335 2380/991/2350 2366/976/2336 
f 2366/976/2336 2380/991/2350 2367/978/2337 
f 2368/979/2338 2380/991/2350 2365/977/2335 
f 2367/978/2337 2380/991/2350 2369/980/2339 
f 2370/981/2340 2380/991/2350 2368/979/2338 
f 2372/983/2342 2380/991/2350 2370/981/2340 
f 2374/985/2344 2380/991/2350 2372/983/2342 
f 2376/987/2346 2380/991/2350 2374/985/2344 
f 2377/988/2347 2380/991/2350 2376/987/2346 
f 2378/989/2348 2380/991/2350 2377/988/2347 
f 2379/990/2349 2380/991/2350 2378/989/2348 
f 2369/980/2339 2380/991/2350 2379/990/2349 
f 2347/954/2317 2346/955/2316 2303/992/2274 
f 2303/992/2274 2291/865/2262 2347/954/2317 
f 2302/993/2273 2304/891/2275 2300/885/2271 
f 2300/885/2271 2264/994/2235 2302/993/2273 
f 1933/383/1908 1727/153/1703 1730/157/1706 
f 1732/160/1708 1728/156/1704 1827/260/1803 
f 1796/224/1772 1804/408/1780 1802/231/1778 
f 2351/995/2321 2381/998/2351 2382/997/2352 
f 2382/997/2352 2352/996/2322 2351/995/2321 
f 2353/999/2323 2383/1001/2353 2354/1000/2324 
f 2354/1000/2324 2383/1001/2353 2384/1003/2354 
f 2384/1003/2354 2355/1002/2325 2354/1000/2324 
f 2355/1002/2325 2384/1003/2354 2356/1004/2326 
f 2356/1004/2326 2384/1003/2354 2385/1006/2355 
f 2385/1006/2355 2357/1005/2327 2356/1004/2326 
f 2358/1007/2328 2385/1006/2355 2381/998/2351 
f 2381/998/2351 2351/995/2321 2358/1007/2328 
f 2359/1008/2329 2385/1006/2355 2358/1007/2328 
f 2361/1009/2331 2382/997/2352 2362/1010/2332 
f 2352/996/2322 2382/997/2352 2364/1011/2334 
f 2357/1005/2327 2385/1006/2355 2359/1008/2329 
f 1655/1012/1631 1679/1013/1655 2383/1001/2353 
f 2383/1001/2353 2353/999/2323 1655/1012/1631 
f 2364/1011/2334 2382/997/2352 2361/1009/2331 
f 2362/1010/2332 2382/997/2352 1680/1015/1656 
f 1680/1015/1656 1657/1014/1633 2362/1010/2332 
f 2381/998/2351 1681/1016/1657 2382/997/2352 
f 2383/1001/2353 1681/1016/1657 2384/1003/2354 
f 2384/1003/2354 1681/1016/1657 2385/1006/2355 
f 2385/1006/2355 1681/1016/1657 2381/998/2351 
f 1679/1013/1655 1681/1016/1657 2383/1001/2353 
f 2382/997/2352 1681/1016/1657 1680/1015/1656 
f 1711/137/1687 1718/146/1694 1929/375/1904 
f 1899/343/1875 1825/258/1801 1713/139/1689 
f 1713/139/1689 1709/135/1685 1899/343/1875 
f 1711/137/1687 1710/138/1686 1718/146/1694 
f 2386/1017/2356 1703/129/1679 1706/130/1682 
f 1706/130/1682 2387/1018/2357 2386/1017/2356 
f 2387/1018/2357 1706/130/1682 1708/133/1684 
f 1708/133/1684 1889/333/1865 2387/1018/2357 
f 1868/311/1844 1703/129/1679 2386/1017/2356 
f 2386/1017/2356 2388/1019/2358 1868/311/1844 
f 1870/313/1846 1868/311/1844 2388/1019/2358 
f 2388/1019/2358 1874/315/1850 1870/313/1846 
f 1870/313/1846 2389/1020/2359 2371/982/2341 
f 2371/982/2341 1869/312/1845 1870/313/1846 
f 2371/982/2341 2389/1020/2359 2390/1021/2360 
f 2390/1021/2360 2373/984/2343 2371/982/2341 
f 2373/984/2343 2390/1021/2360 2391/1022/2361 
f 2391/1022/2361 2375/986/2345 2373/984/2343 
f 2375/986/2345 2391/1022/2361 1882/327/1858 
f 1882/327/1858 1881/324/1857 2375/986/2345 
f 1888/329/1864 1883/326/1859 1882/327/1858 
f 1882/327/1858 1880/322/1856 1888/329/1864 
f 1883/326/1859 1896/340/1872 1895/341/1871 
f 1895/341/1871 1884/325/1860 1883/326/1859 
f 1897/339/1873 1708/133/1684 1707/134/1683 
f 1707/134/1683 1894/338/1870 1897/339/1873 
f 1897/339/1873 1896/340/1872 1887/330/1863 
f 1887/330/1863 1890/332/1866 1897/339/1873 
f 1776/204/1752 1764/193/1740 1777/205/1753 
f 1777/205/1753 1780/206/1756 1776/204/1752 
f 1764/193/1740 1763/191/1739 1781/209/1757 
f 1781/209/1757 1777/205/1753 1764/193/1740 
f 1763/191/1739 1940/390/1915 1781/209/1757 
f 1941/392/1916 1781/209/1757 1940/390/1915 
f 1940/390/1915 1939/391/1914 1941/392/1916 
f 1951/411/1926 1750/176/1726 1749/177/1725 
f 1939/391/1914 1951/411/1926 1749/177/1725 
f 1939/391/1914 1749/177/1725 1941/392/1916 
f 2000/485/1975 1995/477/1970 1938/936/1913 
f 1938/936/1913 1776/484/1752 2000/485/1975 
f 1776/204/1752 1938/389/1913 1937/388/1912 
f 1937/388/1912 1765/192/1741 1776/204/1752 
f 1765/192/1741 1937/388/1912 1936/387/1911 
f 1936/387/1911 1751/179/1727 1765/192/1741 
f 1754/182/1730 1752/181/1728 1936/387/1911 
f 1936/387/1911 1755/185/1731 1754/182/1730 
f 1821/251/1797 1820/252/1796 1688/1023/1664 
f 1688/1023/1664 1631/947/1607 1821/251/1797 
f 1820/252/1796 1800/229/1776 1689/1024/1665 
f 1689/1024/1665 1688/1023/1664 1820/252/1796 
f 1800/229/1776 1761/188/1737 1690/1025/1666 
f 1690/1025/1666 1689/1024/1665 1800/229/1776 
f 1761/188/1737 1760/189/1736 1691/1026/1667 
f 1691/1026/1667 1690/1025/1666 1761/188/1737 
f 1691/1026/1667 1760/189/1736 1715/141/1691 
f 1715/141/1691 946/142/924 1691/1026/1667 
f 1709/135/1685 1712/136/1688 1900/345/1876 
f 1900/345/1876 1899/343/1875 1709/135/1685 
f 1712/136/1688 1902/346/1878 1900/345/1876 
f 1903/347/1879 1712/136/1688 1711/137/1687 
f 1929/375/1904 1717/147/1693 1857/299/1833 
f 1710/138/1686 1713/139/1689 1719/145/1695 
f 1714/140/1690 1715/141/1691 1700/128/1676 
f 1700/128/1676 1825/258/1801 1714/140/1690 
f 1874/315/1850 1873/316/1849 2389/1020/2359 
f 2389/1020/2359 1870/313/1846 1874/315/1850 
f 2389/1020/2359 1873/316/1849 1876/318/1852 
f 1876/318/1852 2390/1021/2360 2389/1020/2359 
f 2390/1021/2360 1876/318/1852 1878/320/1854 
f 1878/320/1854 2391/1022/2361 2390/1021/2360 
f 2391/1022/2361 1878/320/1854 1880/322/1856 
f 1880/322/1856 1882/327/1858 2391/1022/2361 
f 1888/329/1864 1887/330/1863 1896/340/1872 
f 1896/340/1872 1883/326/1859 1888/329/1864 
f 1890/332/1866 1889/333/1865 1708/133/1684 
f 1708/133/1684 1897/339/1873 1890/332/1866 
f 1866/309/1842 2386/1017/2356 2387/1018/2357 
f 2387/1018/2357 1853/294/1829 1866/309/1842 
f 1853/294/1829 2387/1018/2357 1889/333/1865 
f 1889/333/1865 1854/296/1830 1853/294/1829 
f 2388/1019/2358 2386/1017/2356 1866/309/1842 
f 1866/309/1842 1906/350/1882 2388/1019/2358 
f 1874/315/1850 2388/1019/2358 1906/350/1882 
f 1906/350/1882 1871/314/1847 1874/315/1850 
f 1885/328/1861 1888/329/1864 1880/322/1856 
f 1880/322/1856 1879/323/1855 1885/328/1861 
f 1890/332/1866 1887/330/1863 1886/331/1862 
f 1886/331/1862 1856/298/1832 1890/332/1866 
f 2189/746/2163 2271/838/2242 2272/839/2243 
f 2272/839/2243 2190/748/2164 2189/746/2163 
f 2288/858/2259 2287/859/2258 2176/733/2150 
f 2176/733/2150 2283/853/2254 2288/858/2259 
f 2287/859/2258 2289/861/2260 2172/729/2146 
f 2172/729/2146 2176/733/2150 2287/859/2258 
f 2289/861/2260 2290/863/2261 2173/731/2147 
f 2173/731/2147 2172/729/2146 2289/861/2260 
f 2347/954/2317 2291/865/2262 2292/866/2263 
f 2292/866/2263 2276/843/2247 2347/954/2317 
f 2292/866/2263 2293/869/2264 2273/842/2244 
f 2273/842/2244 2276/843/2247 2292/866/2263 
f 2293/869/2264 2294/871/2265 2180/737/2154 
f 2180/737/2154 2273/842/2244 2293/869/2264 
f 2294/871/2265 2295/873/2266 2181/740/2155 
f 2181/740/2155 2180/737/2154 2294/871/2265 
f 2264/994/2235 2300/885/2271 2272/839/2243 
f 2272/839/2243 2267/840/2238 2264/994/2235 
f 2271/838/2242 2301/886/2272 2253/1027/2224 
f 2253/1027/2224 2268/841/2239 2271/838/2242 
f 2301/887/2272 2290/863/2261 2230/864/2202 
f 2230/864/2202 2253/1028/2224 2301/887/2272 
f 2181/740/2155 2295/873/2266 2303/889/2274 
f 2303/889/2274 2346/952/2316 2181/740/2155 
f 2288/890/2259 2304/891/2275 2302/993/2273 
f 2302/993/2273 2284/1029/2255 2288/890/2259 
f 2291/865/2262 2303/992/2274 2302/1030/2273 
f 2302/1030/2273 2264/868/2235 2291/865/2262 
f 2188/744/2162 2300/885/2271 2304/891/2275 
f 2304/891/2275 2299/884/2270 2188/744/2162 
f 1830/263/1806 1829/264/1805 1740/167/1716 
f 1740/167/1716 1739/168/1715 1830/263/1806 
f 1911/357/1887 1909/353/1885 1908/354/1884 
f 1908/354/1884 1931/377/1906 1911/357/1887 
f 1910/352/1886 1909/353/1885 1913/355/1889 
f 1913/355/1889 1914/358/1890 1910/352/1886 
f 1922/365/1898 1915/360/1891 1913/355/1889 
f 1913/355/1889 1912/356/1888 1922/365/1898 
f 1919/361/1895 1918/362/1894 1930/376/1905 
f 1930/376/1905 1927/373/1152 1919/361/1895 
f 1916/359/1892 1915/360/1891 1921/366/1897 
f 1921/366/1897 1935/385/1910 1916/359/1892 
f 1656/974/1632 1172/369/1148 1924/370/1900 
f 1924/370/1900 2363/969/2333 1656/974/1632 
f 2360/968/2330 1925/371/1901 1829/264/1805 
f 1829/264/1805 1828/261/1804 2360/968/2330 
f 1831/262/1807 1830/263/1806 1926/372/1902 
f 1926/372/1902 2350/958/2320 1831/262/1807 
f 1734/162/1710 1737/163/1713 1919/361/1895 
f 1919/361/1895 1928/374/1903 1734/162/1710 
f 1921/366/1897 1918/362/1894 1917/363/1893 
f 1917/363/1893 1935/385/1910 1921/366/1897 
f 1189/386/1165 1182/379/1158 1908/354/1884 
f 1908/354/1884 1907/351/1883 1189/386/1165 
f 2350/958/2320 1926/372/1902 1928/374/1903 
f 1928/374/1903 1927/373/1152 2350/958/2320 
f 2363/969/2333 1924/370/1900 1925/371/1901 
f 1925/371/1901 2360/968/2330 2363/969/2333 
f 2163/720/2138 2392/1032/2362 2393/1031/2363 
f 2393/1031/2363 2150/682/2125 2163/720/2138 
f 2094/615/2069 2127/657/2102 2143/677/2118 
f 2143/677/2118 2142/674/2117 2094/615/2069 
f 2145/675/2120 2144/676/2119 2147/680/2122 
f 2147/680/2122 2146/678/2121 2145/675/2120 
f 2092/613/2067 2149/681/2124 2394/1033/2364 
f 2394/1033/2364 2087/691/2062 2092/613/2067 
f 2394/1034/2364 2395/1035/2365 2088/609/2063 
f 2088/609/2063 2087/610/2062 2394/1034/2364 
f 2395/1035/2365 2138/670/2113 2137/671/2112 
f 2137/671/2112 2088/609/2063 2395/1035/2365 
f 2139/669/2114 2392/1032/2362 2163/720/2138 
f 2163/720/2138 2136/668/2111 2139/669/2114 
f 2150/682/2125 2393/1031/2363 2126/658/2101 
f 2126/658/2101 2097/616/2072 2150/682/2125 
f 2129/659/2104 2127/657/2102 2126/658/2101 
f 2126/658/2101 2141/673/2116 2129/659/2104 
f 2139/669/2114 2138/670/2113 2135/667/2110 
f 2135/667/2110 2140/672/2115 2139/669/2114 
f 2131/661/2106 2144/676/2119 2143/677/2118 
f 2143/677/2118 2128/660/2103 2131/661/2106 
f 2396/1036/2366 2148/679/2123 2147/680/2122 
f 2147/680/2122 2130/662/2105 2396/1036/2366 
f 2133/663/2108 2149/681/2124 2148/679/2123 
f 2148/679/2123 2396/1036/2366 2133/663/2108 
f 2125/655/2100 2124/656/2099 2393/1031/2363 
f 2393/1031/2363 2392/1032/2362 2125/655/2100 
f 2127/657/2102 2129/659/2104 2128/660/2103 
f 2128/660/2103 2143/677/2118 2127/657/2102 
f 2144/676/2119 2131/661/2106 2130/662/2105 
f 2130/662/2105 2147/680/2122 2144/676/2119 
f 2149/681/2124 2133/663/2108 2132/664/2107 
f 2132/664/2107 2394/1033/2364 2149/681/2124 
f 2132/665/2107 2134/666/2109 2395/1035/2365 
f 2395/1035/2365 2394/1034/2364 2132/665/2107 
f 2134/666/2109 2135/667/2110 2138/670/2113 
f 2138/670/2113 2395/1035/2365 2134/666/2109 
f 2140/672/2115 2125/655/2100 2392/1032/2362 
f 2392/1032/2362 2139/669/2114 2140/672/2115 
f 2393/1031/2363 2124/656/2099 2141/673/2116 
f 2141/673/2116 2126/658/2101 2393/1031/2363 
f 2119/651/2094 2129/659/2104 2141/673/2116 
f 2141/673/2116 2121/652/2096 2119/651/2094 
f 2140/672/2115 2135/667/2110 2112/641/2087 
f 2112/641/2087 2113/642/2088 2140/672/2115 
f 2117/648/2092 2131/661/2106 2128/660/2103 
f 2128/660/2103 2118/649/2093 2117/648/2092 
f 2115/646/2090 2396/1036/2366 2130/662/2105 
f 2130/662/2105 2116/647/2091 2115/646/2090 
f 2114/644/2089 2133/663/2108 2396/1036/2366 
f 2396/1036/2366 2115/646/2090 2114/644/2089 
# 4482 faces

