# 3ds Max Wavefront OBJ Exporter v0.99 - (c)2007 guruware
# File Created: 24.10.2024 14:15:05

mtllib tiro_al_blanco.mtl

#
# object Mesh_0002
#

v  2.3942 2.5386 0.3496
v  2.3112 2.4327 0.6583
v  2.4893 2.0529 0.2709
v  2.1336 2.9532 0.6989
v  2.4106 1.9293 0.5020
v  2.2091 3.1049 0.3407
v  2.5132 1.6826 0.1467
v  2.0409 2.8351 1.0116
v  2.0409 2.9666 0.2681
v  2.2222 2.4839 0.2732
v  2.4301 1.5684 0.3157
v  1.7738 3.4779 0.7155
v  2.4144 1.2376 -0.0036
v  1.6862 3.3307 1.0536
v  1.8961 2.8284 0.1669
v  2.4901 1.3691 -0.1412
v  1.2767 3.8234 0.7258
v  2.0677 2.4231 0.1706
v  2.3614 1.0350 -0.4552
v  1.8608 3.6528 0.3122
v  2.3336 2.0494 0.1933
v  2.4472 1.1914 -0.5130
v  1.3655 4.0366 0.3057
v  2.1935 2.0449 0.1039
v  2.3814 1.1091 -0.9055
v  0.8163 4.0428 0.7326
v  2.0833 2.2486 -0.2116
v  2.3817 1.4221 -0.1759
v  0.8229 4.2187 0.3160
v  1.8991 2.6770 -0.2112
v  2.3364 1.2582 -0.5213
v  0.7987 4.3666 0.6361
v  2.2899 0.9591 -0.8828
v  0.7023 4.2896 1.0239
v  1.5914 3.0459 -0.2548
v  2.3136 1.1493 -1.2761
v  0.7199 3.8448 1.1243
v  1.6232 3.1791 0.1177
v  2.2076 1.0165 -1.3053
v  0.3853 3.9229 1.1596
v  1.1649 3.2877 -0.2747
v  2.2283 1.3316 -1.6953
v  1.1873 3.6601 1.0927
v  1.1838 3.4295 0.0841
v  2.2776 1.1753 -0.9016
v  1.7303 3.4155 0.2410
v  2.2132 1.2260 -1.2479
v  2.1977 1.2281 -0.9010
v  1.4966 3.1843 0.9229
v  2.1391 1.2862 -1.2354
v  1.8095 2.7447 0.8723
v  1.0482 3.4746 0.9205
v  2.0835 1.4431 -1.5435
v  2.1335 1.5298 -0.9585
v  1.9652 2.2877 0.8262
v  2.1439 1.3959 -1.6124
v  2.0517 1.6211 -1.3269
v  2.2132 2.3268 0.9388
v  2.0646 1.6560 -1.8623
v  2.0084 2.0423 -0.9998
v  2.0062 1.7151 -1.7815
v  1.9375 2.0761 -1.3911
v  2.1915 1.6288 -0.5676
v  2.3000 1.8080 0.7558
v  1.9357 1.9728 -1.9393
v  2.0655 2.1058 -0.5890
v  2.3211 1.4566 0.5124
v  1.9979 1.9413 -2.0787
v  1.8031 2.4937 -1.0327
v  1.8125 2.2763 -2.0331
v  1.7482 2.4735 -1.4398
v  2.2961 1.1084 0.1146
v  1.8770 2.1464 -1.6891
v  1.8690 2.5545 -0.6111
v  2.0481 1.5040 0.4001
v  1.9830 1.7564 -1.6175
v  2.0398 1.1958 0.0667
v  2.2151 1.7976 -0.2456
v  2.2410 0.8963 -0.3889
v  2.0293 1.8122 0.5989
v  1.5577 2.9461 -0.6193
v  2.1639 0.8329 -0.8516
v  1.5104 2.8739 -1.0600
v  1.9911 0.9933 -0.3931
v  1.0996 3.1266 -1.0551
v  1.1327 3.1962 -0.6288
v  2.0717 0.9087 -1.3326
v  2.1146 1.2211 -1.7527
v  1.4599 2.8221 -1.4611
v  0.7530 3.4106 -0.2850
v  2.1477 1.5917 -1.9660
v  1.6983 2.5196 -1.7347
v  0.7293 3.3243 -0.6200
v  2.0325 1.4851 -2.0673
v  1.4143 2.8801 -1.7276
v  0.3853 3.3551 -0.6015
v  2.0630 1.9061 -2.1934
v  1.0568 3.0836 -1.4607
v  0.3853 3.2755 -1.0184
v  1.9347 1.8239 -2.3307
v  0.3853 3.4435 -0.2772
v  1.9390 2.2932 -2.3587
v  0.7074 3.2535 -1.0355
v  0.0413 3.3243 -0.6200
v  1.8011 2.2016 -2.5031
v  0.3853 3.2319 -1.4287
v  1.7326 2.7432 -2.4729
v  1.7828 1.7587 -2.4121
v  0.0632 3.2535 -1.0355
v  1.8587 2.2917 -2.2120
v  1.8790 1.4080 -2.1548
v  -0.3622 3.1962 -0.6288
v  1.6493 2.1197 -2.5901
v  0.0922 3.2149 -1.4400
v  1.5847 2.6128 -2.6283
v  -0.3290 3.1266 -1.0551
v  1.6324 2.5871 -2.0644
v  -0.7871 2.9461 -0.6193
v  1.6798 2.6816 -2.2784
v  1.3088 2.9542 -2.6694
v  -0.8208 3.0459 -0.2548
v  1.3559 2.9683 -2.0134
v  1.4483 3.1568 -2.4912
v  -0.3944 3.2877 -0.2747
v  0.9844 3.1981 -2.6582
v  -0.8526 3.1791 0.1177
v  1.0295 3.1277 -1.6981
v  1.0764 3.4134 -2.4400
v  -0.4132 3.4295 0.0841
v  0.6511 3.3108 -2.6597
v  -0.9598 3.4155 0.2410
v  0.6784 3.2149 -1.4400
v  0.7145 3.5531 -2.4212
v  -1.1255 2.8284 0.1669
v  1.0085 3.2216 -1.9562
v  0.3853 3.5741 -2.4065
v  -1.1286 2.6770 -0.2112
v  0.6764 3.2553 -1.6795
v  0.3853 3.3322 -2.6573
v  -1.2703 2.9666 0.2681
v  1.3993 3.0790 -2.2614
v  0.5878 3.0324 -2.8403
v  -1.4516 2.4839 0.2732
v  0.8925 2.9468 -2.8184
v  -1.2971 2.4231 0.1706
v  -1.5630 2.0494 0.1933
v  -1.4385 3.1049 0.3407
v  -1.3127 2.2486 -0.2116
v  -1.6236 2.5386 0.3496
v  1.1944 2.7647 -2.7974
v  -1.4229 2.0449 0.1039
v  -1.3631 2.9532 0.6989
v  -1.4445 1.7976 -0.2456
v  -1.5407 2.4327 0.6583
v  -1.0032 3.4779 0.7155
v  1.4299 2.4936 -2.7292
v  -1.2950 2.1058 -0.5890
v  -0.9156 3.3307 1.0536
v  1.1225 2.6821 -2.5437
v  -1.0984 2.5545 -0.6111
v  -1.2703 2.8351 1.0116
v  -1.4427 2.3268 0.9388
v  -0.5061 3.8234 0.7258
v  -1.0325 2.4937 -1.0327
v  -1.6400 1.9293 0.5020
v  -1.0902 3.6528 0.3122
v  -0.7398 2.8739 -1.0600
v  -1.7187 2.0529 0.2709
v  -1.2378 2.0423 -0.9998
v  -1.7426 1.6826 0.1467
v  -1.4209 1.6288 -0.5676
v  -1.6596 1.5684 0.3157
v  -0.4957 3.7307 0.2143
v  -1.6439 1.2376 -0.0036
v  -1.5153 1.4653 -0.2025
v  -1.5505 1.4566 0.5124
v  0.0140 3.5497 0.0661
v  -1.3629 1.5298 -0.9585
v  -1.5255 1.1084 0.1146
v  0.0176 3.4106 -0.2850
v  -1.2811 1.6211 -1.3269
v  -1.4704 0.8963 -0.3889
v  -1.4803 1.3127 -0.5269
v  -1.2775 1.5040 0.4001
v  0.3853 3.5907 0.0660
v  -1.4271 1.2281 -0.9010
v  -1.2692 1.1958 0.0667
v  0.7566 3.5497 0.0661
v  -1.5070 1.1753 -0.9016
v  -1.5908 1.0350 -0.4552
v  0.7898 3.8981 0.2004
v  -1.4426 1.2260 -1.2479
v  -1.3933 0.8329 -0.8516
v  -1.5658 1.2582 -0.5213
v  -1.7195 1.3691 -0.1412
v  -1.2205 0.9933 -0.3931
v  -1.5194 0.9591 -0.8828
v  -1.6111 1.4221 -0.1759
v  -1.6766 1.1914 -0.5130
v  -1.4370 1.0165 -1.3053
v  -1.6018 1.7126 0.0832
v  -1.3011 0.9087 -1.3326
v  -1.4748 1.7370 0.0178
v  -1.3440 1.2211 -1.7527
v  -1.1540 0.9647 -0.8152
v  -1.6108 1.1091 -0.9055
v  -1.4577 1.3316 -1.6953
v  -1.5430 1.1493 -1.2761
v  -1.3771 1.5917 -1.9660
v  -1.0738 1.0386 -1.2494
v  -1.2028 1.1257 -1.8015
v  -1.3733 1.3959 -1.6124
v  -0.9903 1.2694 -1.6740
v  -1.2619 1.4851 -2.0673
v  -0.9395 1.5058 -1.9817
v  -1.3130 1.4431 -1.5435
v  -1.2924 1.9061 -2.1934
v  -1.1084 1.4080 -2.1548
v  -1.2940 1.6560 -1.8623
v  -1.1642 1.8239 -2.3307
v  -0.8495 1.7883 -2.1790
v  -1.2356 1.7151 -1.7815
v  -1.1684 2.2932 -2.3587
v  -1.0123 1.7587 -2.4121
v  -1.1651 1.9728 -1.9393
v  -1.0305 2.2016 -2.5031
v  -0.7177 2.1288 -2.3483
v  -1.2273 1.9413 -2.0787
v  -0.9621 2.7432 -2.4729
v  -0.8787 2.1197 -2.5901
v  -1.0881 2.2917 -2.2120
v  -0.8141 2.6128 -2.6283
v  -1.0419 2.2763 -2.0331
v  -0.5382 2.9542 -2.6694
v  -0.6593 2.4936 -2.7292
v  -0.9092 2.6816 -2.2784
v  -0.5647 2.4198 -2.4707
v  -0.8619 2.5871 -2.0644
v  -0.6777 3.1568 -2.4912
v  -0.5853 2.9683 -2.0134
v  -0.2138 3.1981 -2.6582
v  -0.6287 3.0790 -2.2614
v  -0.3519 2.6821 -2.5437
v  -0.1219 2.9468 -2.8184
v  -0.4238 2.7647 -2.7974
v  -0.3058 3.4134 -2.4400
v  -0.0910 2.8227 -2.5681
v  0.1195 3.3108 -2.6597
v  -0.2380 3.2216 -1.9562
v  0.0561 3.5531 -2.4212
v  -0.2817 3.3426 -2.2112
v  -0.2589 3.1277 -1.6981
v  0.1828 3.0324 -2.8403
v  0.1916 2.8875 -2.5951
v  -0.6437 2.8801 -1.7276
v  -0.2862 3.0836 -1.4607
v  0.3853 2.9219 -2.6075
v  0.0791 3.4706 -2.1953
v  0.3853 3.0542 -2.8502
v  -0.6894 2.8221 -1.4611
v  0.0956 3.3380 -1.9406
v  -0.9278 2.5196 -1.7347
v  0.3853 3.4829 -2.1852
v  -0.9776 2.4735 -1.4398
v  0.3853 3.3606 -1.9311
v  0.6915 3.4706 -2.1953
v  -1.1064 2.1464 -1.6891
v  0.6750 3.3380 -1.9406
v  -1.1669 2.0761 -1.3911
v  1.0522 3.3426 -2.2112
v  -1.2124 1.7564 -1.6175
v  0.3853 3.2682 -1.6726
v  0.0942 3.2553 -1.6795
v  -1.3686 1.2862 -1.2354
v  0.8163 4.6977 0.6239
v  0.8098 4.5665 0.3840
v  0.3853 4.6862 0.6167
v  0.7199 4.7121 1.0360
v  0.3853 4.5665 0.3615
v  0.3853 4.7121 1.0791
v  0.8053 4.4095 0.2615
v  -0.0392 4.5665 0.3840
v  0.0507 4.7121 1.0360
v  0.3853 4.3286 1.0730
v  0.3853 4.4018 0.2487
v  -0.0457 4.6977 0.6239
v  -0.0347 4.4095 0.2615
v  -0.0281 4.3666 0.6361
v  0.3853 4.2856 0.3040
v  0.0683 4.2896 1.0239
v  0.3853 3.6951 0.9088
v  -0.0457 4.0428 0.7326
v  0.6434 3.6358 0.9112
v  -0.0523 4.2187 0.3160
v  0.3853 3.9814 0.1946
v  0.0507 3.8448 1.1243
v  -0.5949 4.0366 0.3057
v  -0.0192 3.8981 0.2004
v  -0.4167 3.6601 1.0927
v  1.2663 3.7307 0.2143
v  -0.7260 3.1843 0.9229
v  -1.0389 2.7447 0.8723
v  -0.2776 3.4746 0.9205
v  -1.1946 2.2877 0.8262
v  0.1272 3.6358 0.9112
v  -1.5294 1.8080 0.7558
v  -1.2587 1.8122 0.5989
v  2.2509 1.3127 -0.5269
v  2.2859 1.4653 -0.2025
v  2.3723 1.7126 0.0832
v  2.2454 1.7370 0.0178
v  1.9734 1.1257 -1.8015
v  1.8444 1.0386 -1.2494
v  1.9246 0.9647 -0.8152
v  1.7101 1.5058 -1.9817
v  1.7609 1.2694 -1.6740
v  1.6201 1.7883 -2.1790
v  1.4883 2.1288 -2.3483
v  1.3353 2.4198 -2.4707
v  0.8616 2.8227 -2.5681
v  0.5789 2.8875 -2.5951
v  1.5474 3.4829 1.3944
v  0.9924 3.7002 1.2202
v  0.3853 3.4866 1.3873
v  0.3853 2.9671 1.7890
v  0.3853 3.7774 1.1580
v  1.9066 2.9650 1.7919
v  -0.2218 3.7002 1.2202
v  0.3853 2.3300 2.2585
v  -0.7768 3.4829 1.3944
v  2.0601 2.3266 2.2620
v  -1.1360 2.9650 1.7919
v  0.3853 1.6173 2.7905
v  -1.2895 2.3266 2.2620
v  2.0785 1.6335 2.7823
v  -1.3079 1.6335 2.7823
v  1.9132 1.3067 3.0233
v  -1.1427 1.3067 3.0233
v  0.3853 1.3045 3.0254
v  1.4860 1.0122 3.2567
v  -0.7154 1.0122 3.2567
v  0.3853 1.0063 3.2595
v  0.9381 0.8752 3.3890
v  -0.1675 0.8752 3.3890
v  0.3853 0.8366 3.4353
v  0.3853 0.7736 3.4328
v  0.3853 0.6348 3.3208
v  0.9508 0.8214 3.3757
v  0.9521 0.6802 3.2650
v  1.5096 0.9662 3.2447
v  0.3853 0.3758 2.9676
v  0.9565 0.4216 2.9209
v  1.5386 0.8344 3.1233
v  0.3853 0.0850 2.4530
v  1.9732 1.2775 2.9830
v  0.9512 0.1236 2.3949
v  2.0019 1.1601 2.8572
v  0.3853 -0.1720 1.7765
v  1.5848 0.5732 2.7765
v  2.1341 1.6011 2.7398
v  0.9618 -0.1411 1.7193
v  0.3853 -0.2761 0.9231
v  2.0261 0.9078 2.5180
v  2.1744 1.5194 2.6117
v  2.1157 2.3068 2.2147
v  0.9221 -0.2695 0.8466
v  1.6589 -0.0252 1.5064
v  2.2062 1.2852 2.2296
v  2.1603 2.2416 2.1100
v  1.9636 2.9499 1.7421
v  1.6149 -0.1804 0.6117
v  1.6211 3.4681 1.3468
v  0.9162 -0.2581 -0.1042
v  2.2061 1.9973 1.7333
v  2.0007 2.9171 1.6370
v  1.5452 -0.1731 -0.2654
v  2.2204 0.9929 1.6068
v  1.6482 3.4586 1.2428
v  2.0557 0.3222 1.1834
v  2.0414 0.5861 1.9274
v  1.0114 3.7312 1.1414
v  2.0360 0.1725 0.3024
v  1.0236 3.7284 1.0406
v  2.2174 0.7869 0.8746
v  1.6294 0.2499 2.2066
v  2.0355 2.7346 1.2801
v  2.1658 0.6880 -0.0151
v  2.2109 1.5223 0.4883
v  1.9572 0.1779 -0.5138
v  1.6512 3.3041 0.9491
v  2.0795 0.6792 -0.7771
v  1.8357 0.2669 -1.2496
v  2.1322 1.4114 -0.3202
v  1.9573 0.7209 -1.4833
v  2.0140 2.3504 0.1804
v  1.6725 0.4826 -2.0075
v  1.9590 2.2228 -0.5603
v  2.0588 2.5110 0.7714
v  2.0332 1.3761 -1.0254
v  1.4427 -0.0630 -1.0566
v  1.6107 2.9875 -0.0195
v  1.3219 0.1643 -1.8746
v  1.5495 2.8628 -0.6801
v  1.9092 1.3877 -1.6884
v  0.8317 0.0864 -1.7970
v  1.0203 3.2958 -0.0804
v  1.8789 2.1424 -1.2426
v  0.8739 -0.1574 -0.9674
v  1.0214 3.4329 0.4235
v  0.3853 3.5429 0.3903
v  1.7669 2.1127 -1.8729
v  1.6466 3.1191 0.5316
v  1.7493 1.4827 -2.3334
v  0.3853 -0.1744 -0.9404
v  1.7728 0.8743 -2.1568
v  0.3853 0.0809 -1.7621
v  0.3853 -0.2737 -0.0330
v  1.5197 1.1356 -2.7732
v  0.3853 0.4759 -2.5684
v  1.5276 1.6415 -2.9161
v  0.7404 0.4918 -2.5786
v  1.4173 0.7999 -2.6817
v  1.6235 2.1181 -2.4750
v  0.6324 0.9436 -3.0815
v  1.1490 1.2282 -3.2320
v  1.2282 1.5052 -3.3463
v  1.3921 2.7110 -1.9539
v  1.1535 0.5649 -2.6222
v  1.4176 2.1636 -3.0440
v  1.4798 2.7792 -1.3530
v  1.2881 2.6480 -2.5282
v  0.9649 3.0676 -1.3593
v  0.9312 1.0255 -3.1298
v  0.9195 2.9860 -1.9617
v  0.3853 3.1598 -1.3651
v  0.8670 2.9096 -2.5328
v  0.3853 3.0656 -1.9636
v  1.0084 3.1622 -0.6981
v  0.5830 1.1443 -3.2400
v  0.3853 3.2780 -0.7117
v  0.3853 0.9399 -3.0785
v  -0.1489 2.9860 -1.9617
v  0.3853 2.9811 -2.5307
v  -0.1943 3.0676 -1.3593
v  0.3853 3.4144 -0.1079
v  -0.0964 2.9096 -2.5328
v  -0.6215 2.7110 -1.9539
v  -0.2378 3.1622 -0.6981
v  0.7889 2.8301 -3.0993
v  -0.5175 2.6480 -2.5282
v  1.1535 2.5852 -3.0945
v  -0.2497 3.2958 -0.0804
v  -0.7092 2.7792 -1.3530
v  -0.9963 2.1127 -1.8729
v  1.0235 2.5006 -3.5146
v  -0.2508 3.4329 0.4235
v  -0.8530 2.1181 -2.4750
v  1.1822 2.1782 -3.4866
v  -0.8401 2.9875 -0.0195
v  -0.9787 1.4827 -2.3334
v  1.2282 1.8766 -3.4428
v  -0.7789 2.8628 -0.6801
v  -0.7570 1.6415 -2.9161
v  -0.6471 2.1636 -3.0440
v  -0.4576 1.8766 -3.4428
v  0.9328 1.9487 -3.5439
v  -1.1083 2.1424 -1.2426
v  0.9389 1.6979 -3.4851
v  -1.1884 2.2228 -0.5603
v  -0.3829 2.5852 -3.0945
v  0.9257 1.4392 -3.3959
v  0.3853 1.7285 -3.5040
v  -0.0183 2.8301 -3.0993
v  0.3853 1.5007 -3.4305
v  0.3853 1.9582 -3.5532
v  0.8029 1.2579 -3.3035
v  0.8909 2.1823 -3.5827
v  0.3853 2.8989 -3.0974
v  0.3853 1.3035 -3.3408
v  0.0670 2.7547 -3.5198
v  0.3853 2.1862 -3.5906
v  0.7036 2.7547 -3.5198
v  0.3853 2.8468 -3.5224
v  0.8080 2.3681 -3.5908
v  0.3853 2.5920 -3.5948
v  0.3853 1.1245 -3.2326
v  0.3853 2.3615 -3.5995
v  0.2034 2.5294 -3.5929
v  0.5672 2.5294 -3.5929
v  -0.0374 2.3681 -3.5908
v  -0.2530 2.5006 -3.5146
v  -0.1204 2.1823 -3.5827
v  -0.4116 2.1782 -3.4866
v  -0.1622 1.9487 -3.5439
v  -0.1683 1.6979 -3.4851
v  -0.4576 1.5052 -3.3463
v  -0.1551 1.4392 -3.3959
v  -0.0323 1.2579 -3.3035
v  -0.7491 1.1356 -2.7732
v  -0.3784 1.2282 -3.2320
v  0.1876 1.1443 -3.2400
v  -0.6467 0.7999 -2.6817
v  -1.0022 0.8743 -2.1568
v  -0.1606 1.0255 -3.1298
v  -1.1387 1.3877 -1.6884
v  -1.1867 0.7209 -1.4833
v  0.1382 0.9436 -3.0815
v  -0.9019 0.4826 -2.0075
v  -1.2626 1.3761 -1.0254
v  -0.3829 0.5649 -2.6222
v  0.0301 0.4918 -2.5786
v  -1.0651 0.2669 -1.2496
v  -0.0611 0.0864 -1.7970
v  -1.3089 0.6792 -0.7771
v  -0.5513 0.1643 -1.8746
v  -1.1867 0.1779 -0.5138
v  -1.3616 1.4114 -0.3202
v  -0.6721 -0.0630 -1.0566
v  -1.2434 2.3504 0.1804
v  -1.3953 0.6880 -0.0151
v  -0.1034 -0.1574 -0.9674
v  -0.7747 -0.1731 -0.2654
v  -1.4403 1.5223 0.4883
v  -1.4468 0.7869 0.8746
v  -0.8760 3.1191 0.5316
v  -1.2654 0.1725 0.3024
v  -0.1456 -0.2581 -0.1042
v  -0.2519 3.5945 0.7811
v  -0.8444 -0.1804 0.6117
v  -1.2851 0.3222 1.1834
v  -0.1515 -0.2695 0.8466
v  0.3853 3.6856 0.7304
v  -1.4498 0.9929 1.6068
v  0.3853 3.8046 0.9806
v  -0.8883 -0.0252 1.5064
v  -0.1912 -0.1411 1.7193
v  1.0225 3.5945 0.7811
v  -0.1806 0.1236 2.3949
v  0.3853 3.8090 1.0789
v  -1.2708 0.5861 1.9274
v  -0.8589 0.2499 2.2066
v  -1.2555 0.9078 2.5180
v  -1.4356 1.2852 2.2296
v  -0.8142 0.5732 2.7765
v  -0.1859 0.4216 2.9209
v  -0.2408 3.7312 1.1414
v  -1.4038 1.5194 2.6117
v  -0.7680 0.8344 3.1233
v  -0.2530 3.7284 1.0406
v  -1.3897 2.2416 2.1100
v  -1.2313 1.1601 2.8572
v  -0.8776 3.4586 1.2428
v  -1.4355 1.9973 1.7333
v  -1.2301 2.9171 1.6370
v  -1.3451 2.3068 2.2147
v  -1.3635 1.6011 2.7398
v  -0.8806 3.3041 0.9491
v  -1.2649 2.7346 1.2801
v  -1.1930 2.9499 1.7421
v  -0.8505 3.4681 1.3468
v  -1.4567 1.7114 1.1563
v  -1.2882 2.5110 0.7714
v  -1.2027 1.2775 2.9830
v  -0.7390 0.9662 3.2447
v  -0.1815 0.6802 3.2650
v  -0.1802 0.8214 3.3757
v  2.2273 1.7114 1.1563
v  0.5165 2.8600 -3.1889
v  0.5165 2.8478 -3.2604
v  0.5165 2.9787 -3.2629
v  0.5165 3.0171 -3.1883
v  0.5165 2.9408 -3.3322
v  0.5165 3.2283 -3.3121
v  0.5165 2.8736 -3.1017
v  0.5165 2.8315 -3.3200
v  0.5165 3.1773 -3.3908
v  0.5165 2.9018 -3.3977
v  0.5165 3.4616 -3.5789
v  0.5165 3.1051 -3.4935
v  0.5165 2.8143 -3.3711
v  0.5165 3.3088 -3.6765
v  0.5165 3.5542 -3.5189
v  0.5165 2.8624 -3.4594
v  0.5165 3.7070 -3.7704
v  0.5165 3.4576 -3.8515
v  0.5165 3.1484 -3.7723
v  0.5165 3.0361 -3.5856
v  0.5165 3.1961 -3.9351
v  0.5165 3.6270 -4.0282
v  0.5165 2.9717 -3.6659
v  0.5165 3.9498 -3.9677
v  0.5165 3.0447 -3.8274
v  0.5165 3.2133 -4.1013
v  0.5165 3.8262 -3.7173
v  0.5165 3.8433 -4.2340
v  0.5165 3.0851 -3.9692
v  0.5165 4.1677 -4.1923
v  0.5165 4.1030 -3.9367
v  0.5165 3.1005 -4.1161
v  0.5165 3.2002 -4.2990
v  0.5165 3.9883 -4.4955
v  0.5165 4.3602 -4.1675
v  0.5165 3.0817 -4.3017
v  0.5165 4.3492 -4.4824
v  0.5165 3.1417 -4.5010
v  0.5165 4.1052 -4.7635
v  0.5165 4.6294 -4.4706
v  0.5165 3.0414 -4.4630
v  0.5165 4.4580 -4.7655
v  0.5165 3.2217 -4.7270
v  0.5165 2.9749 -4.5939
v  0.5165 4.7468 -4.7795
v  0.5165 3.2134 -4.8426
v  0.5165 3.0500 -4.6644
v  0.5165 4.5029 -5.0414
v  0.5165 4.1294 -4.9963
v  0.5165 2.9192 -4.6796
v  0.5165 4.7495 -5.0714
v  0.5165 4.0945 -5.2372
v  0.5165 2.9835 -4.7418
v  0.5165 4.4770 -5.3084
v  0.5165 3.1503 -4.9690
v  0.5165 2.8583 -4.7702
v  0.5165 4.6917 -5.3495
v  0.5165 3.0748 -4.8183
v  0.5165 2.9181 -4.8221
v  0.5165 4.6166 -5.5491
v  0.5165 3.1113 -4.7220
v  0.5165 2.8427 -4.8931
v  0.5165 4.4044 -5.4832
v  0.5165 3.0485 -4.8045
v  0.5165 2.7900 -4.8459
v  0.5165 4.0405 -5.3892
v  0.5165 2.7480 -4.9437
v  0.5165 4.1333 -5.5156
v  0.5165 2.9786 -4.8812
v  0.5165 2.7956 -4.9570
v  0.5165 2.7275 -4.9036
v  0.5165 4.0346 -5.6298
v  0.5165 2.8880 -4.9357
v  0.5165 3.0741 -5.0535
v  0.5165 4.3227 -5.6134
v  0.5165 3.8836 -5.5419
v  0.5165 4.2061 -5.7755
v  0.5165 4.5218 -5.7217
v  0.5165 2.9913 -5.1151
v  0.5165 3.7858 -5.8626
v  0.5165 4.0548 -5.6625
v  0.5165 4.3863 -5.9101
v  0.5165 3.6201 -5.7608
v  0.5165 3.9582 -5.8316
v  0.5165 3.3346 -6.1453
v  0.5165 4.2222 -6.0644
v  0.5165 2.7673 -5.2369
v  0.5165 4.0782 -5.9375
v  0.5165 3.2026 -6.0166
v  0.5165 2.8640 -5.0575
v  0.5165 2.8668 -6.3164
v  0.5165 4.0690 -6.1846
v  0.5165 2.9311 -4.9957
v  0.5165 2.7520 -6.1508
v  0.5165 2.5198 -5.3510
v  0.5165 3.9428 -6.0715
v  0.5165 2.3710 -6.3516
v  0.5165 3.9174 -6.2478
v  0.5165 3.8391 -5.9785
v  0.5165 2.2907 -6.1847
v  0.5165 2.2568 -5.4359
v  0.5165 3.8374 -6.1623
v  0.5165 1.9640 -6.3156
v  0.5165 3.8033 -6.2691
v  0.5165 3.7584 -6.0773
v  0.5165 1.9032 -6.1612
v  0.5165 1.9566 -5.4905
v  0.5165 3.7574 -6.2173
v  0.5165 3.7040 -6.1462
v  0.5165 2.4391 -5.2723
v  0.5165 1.6529 -5.5261
v  0.5165 2.6622 -5.1723
v  0.5165 2.1910 -5.3409
v  0.5165 3.6557 -6.2028
v  0.5165 1.5161 -6.0732
v  0.5165 1.9151 -5.4043
v  0.5165 1.5571 -6.2041
v  0.5165 3.6577 -6.2425
v  0.5165 1.0942 -6.0417
v  0.5165 1.3555 -5.5531
v  0.5165 3.6934 -6.2729
v  0.5165 1.0719 -5.9336
v  0.5165 1.6209 -5.4449
v  0.5165 0.8628 -5.9104
v  0.5165 1.3267 -5.4609
v  0.5165 1.0176 -5.5584
v  0.5165 0.8508 -5.8255
v  0.5165 0.9999 -5.4728
v  0.5165 0.7306 -5.8118
v  0.5165 0.8227 -5.5602
v  0.5165 0.7347 -5.7310
v  0.5165 0.8111 -5.4787
v  0.5165 0.6314 -5.6885
v  0.5165 0.7208 -5.5637
v  0.5165 0.6838 -5.6742
v  0.5165 0.7017 -5.4899
v  0.5165 0.6749 -5.5865
v  0.5165 0.6265 -5.5340
v  0.2541 2.8143 -3.3711
v  0.2541 2.8624 -3.4594
v  0.2541 2.8315 -3.3200
v  0.2541 2.9717 -3.6659
v  0.2541 2.8478 -3.2604
v  0.2541 3.0447 -3.8274
v  0.2541 2.8600 -3.1889
v  0.2541 2.8736 -3.1017
v  0.2541 3.0851 -3.9692
v  0.2541 3.1005 -4.1161
v  0.2541 3.0817 -4.3017
v  0.2541 3.0414 -4.4630
v  0.2541 2.9749 -4.5939
v  0.2541 2.9192 -4.6796
v  0.2541 2.8583 -4.7702
v  0.2541 2.7900 -4.8459
v  0.2541 2.7275 -4.9036
v  0.2541 2.7480 -4.9437
v  0.2541 2.7956 -4.9570
v  0.2541 2.8880 -4.9357
v  0.2541 2.9786 -4.8812
v  0.2541 3.0485 -4.8045
v  0.2541 3.1113 -4.7220
v  0.2541 3.0748 -4.8183
v  0.2541 3.0103 -4.9228
v  0.5165 3.0103 -4.9228
v  0.2541 2.9311 -4.9957
v  0.2541 2.8640 -5.0575
v  0.2541 2.6622 -5.1723
v  0.2541 2.4391 -5.2723
v  0.2541 2.1910 -5.3409
v  0.2541 1.9151 -5.4043
v  0.2541 1.6209 -5.4449
v  0.2541 1.3267 -5.4609
v  0.2541 0.9999 -5.4728
v  0.2541 0.8111 -5.4787
v  0.2541 0.7017 -5.4899
v  0.2541 0.6265 -5.5340
v  0.2541 0.6314 -5.6885
v  0.2541 0.7306 -5.8118
v  0.2541 0.8628 -5.9104
v  0.2541 1.0942 -6.0417
v  0.2541 1.5571 -6.2041
v  0.2541 1.9640 -6.3156
v  0.2541 2.3710 -6.3516
v  0.2541 2.8668 -6.3164
v  0.2541 3.3346 -6.1453
v  0.2541 3.7858 -5.8626
v  0.2541 4.0346 -5.6298
v  0.2541 4.1333 -5.5156
v  0.2541 4.0548 -5.6625
v  0.2541 3.9582 -5.8316
v  0.2541 3.8391 -5.9785
v  0.2541 3.7584 -6.0773
v  0.2541 3.7040 -6.1462
v  0.2541 3.6557 -6.2028
v  0.2541 3.6577 -6.2425
v  0.2541 3.6934 -6.2729
v  0.2541 3.8033 -6.2691
v  0.2541 3.9174 -6.2478
v  0.2541 4.0690 -6.1846
v  0.2541 4.2222 -6.0644
v  0.2541 4.3863 -5.9101
v  0.2541 4.5218 -5.7217
v  0.2541 4.6166 -5.5491
v  0.2541 4.6917 -5.3495
v  0.2541 4.7495 -5.0714
v  0.2541 4.7468 -4.7795
v  0.2541 4.6294 -4.4706
v  0.2541 4.3602 -4.1675
v  0.2541 4.1030 -3.9367
v  0.2541 3.8262 -3.7173
v  0.2541 3.5542 -3.5189
v  0.2541 3.2283 -3.3121
v  0.2541 3.0171 -3.1883
v  0.2541 2.9408 -3.3322
v  0.2541 2.9787 -3.2629
v  0.2541 3.1773 -3.3908
v  0.2541 3.1051 -3.4935
v  0.2541 3.3088 -3.6765
v  0.2541 2.9018 -3.3977
v  0.2541 3.4616 -3.5789
v  0.2541 3.1484 -3.7723
v  0.2541 3.4576 -3.8515
v  0.2541 3.0361 -3.5856
v  0.2541 3.7070 -3.7704
v  0.2541 3.6270 -4.0282
v  0.2541 3.1961 -3.9351
v  0.2541 3.9498 -3.9677
v  0.2541 3.2133 -4.1013
v  0.2541 4.1677 -4.1923
v  0.2541 3.8433 -4.2340
v  0.2541 3.2002 -4.2990
v  0.2541 4.3492 -4.4824
v  0.2541 3.9883 -4.4955
v  0.2541 3.1417 -4.5010
v  0.2541 4.4580 -4.7655
v  0.2541 4.1052 -4.7635
v  0.2541 3.2217 -4.7270
v  0.2541 4.5029 -5.0414
v  0.2541 3.2134 -4.8426
v  0.2541 4.1294 -4.9963
v  0.2541 3.0500 -4.6644
v  0.2541 4.0945 -5.2372
v  0.2541 4.4770 -5.3084
v  0.2541 2.9835 -4.7418
v  0.2541 3.1503 -4.9690
v  0.2541 4.0405 -5.3892
v  0.2541 4.4044 -5.4832
v  0.2541 2.9181 -4.8221
v  0.2541 2.8427 -4.8931
v  0.2541 4.3227 -5.6134
v  0.2541 4.2061 -5.7755
v  0.2541 4.0782 -5.9375
v  0.2541 3.8836 -5.5419
v  0.2541 3.9428 -6.0715
v  0.2541 3.0741 -5.0535
v  0.2541 3.6201 -5.7608
v  0.2541 3.8374 -6.1623
v  0.2541 2.9913 -5.1151
v  0.2541 2.7673 -5.2369
v  0.2541 3.2026 -6.0166
v  0.2541 3.7574 -6.2173
v  0.2541 2.5198 -5.3510
v  0.2541 2.7520 -6.1508
v  0.2541 2.2568 -5.4359
v  0.2541 2.2907 -6.1847
v  0.2541 1.9566 -5.4905
v  0.2541 1.9032 -6.1612
v  0.2541 1.6529 -5.5261
v  0.2541 1.5161 -6.0732
v  0.2541 1.3555 -5.5531
v  0.2541 1.0719 -5.9336
v  0.2541 1.0176 -5.5584
v  0.2541 0.8508 -5.8255
v  0.2541 0.8227 -5.5602
v  0.2541 0.7347 -5.7310
v  0.2541 0.7208 -5.5637
v  0.2541 0.6838 -5.6742
v  0.2541 0.6749 -5.5865
v  -0.6006 8.7466 3.8778
v  -0.3418 8.7474 3.8158
v  -0.6216 8.8561 3.7991
v  -0.6520 8.7100 3.6621
v  -0.3584 8.8568 3.7360
v  -0.6326 8.5979 3.7333
v  -0.6505 8.9280 3.6857
v  -0.3217 8.5222 3.9353
v  -0.5639 8.5217 3.9935
v  -0.6769 8.7964 3.5662
v  -0.3830 8.9288 3.6217
v  -0.5986 8.3654 3.8371
v  -0.7091 9.0473 3.4536
v  -0.3078 8.2946 4.0285
v  -0.5551 8.5491 3.6830
v  -0.7375 8.9029 3.3247
v  -0.5332 8.2942 4.0829
v  -0.5789 8.6656 3.5965
v  -0.3047 7.9930 4.1272
v  -0.6053 8.7474 3.4941
v  -0.5851 8.2465 3.8743
v  -0.4963 7.9928 4.1739
v  -0.7450 9.1098 3.2991
v  -0.5699 8.5822 3.5135
v  -0.4829 7.8255 4.2270
v  -0.4330 9.0482 3.3876
v  -0.5437 8.4854 3.6127
v  -0.5211 7.8893 4.0481
v  -0.5221 8.3497 3.7882
v  -0.5718 8.1065 3.9079
v  -0.2913 7.8257 4.1803
v  -0.5040 8.3040 3.7448
v  -0.4940 7.7598 4.1546
v  -0.5102 8.2690 3.8244
v  -0.5872 8.1819 3.8575
v  -0.6019 8.1449 3.7946
v  -0.3024 7.7600 4.1079
v  -0.5486 7.8057 3.9344
v  -0.5047 8.2291 3.7980
v  -0.3184 7.6922 4.0547
v  -0.5100 7.6920 4.1014
v  -0.5236 8.1975 3.7621
v  -0.3570 7.8059 3.8877
v  -0.3275 7.8979 4.0117
v  -0.6095 7.9555 3.7362
v  -0.5427 8.2590 3.6955
v  -0.6615 8.0916 3.5520
v  -0.6299 8.2236 3.6958
v  -0.3841 7.9559 3.6818
v  -0.6829 8.3644 3.5063
v  -0.3454 8.1118 3.8579
v  -0.5872 8.3993 3.5380
v  -0.4193 8.0921 3.4937
v  -0.3712 8.2996 3.7125
v  -0.7133 8.2303 3.3681
v  -0.6147 8.4911 3.4345
v  -0.3992 8.4811 3.5571
v  -0.6004 8.6693 3.3943
v  -0.4545 8.2310 3.3060
v  -0.6423 8.5752 3.3274
v  -0.4180 8.5705 3.4674
v  -0.6465 8.7864 3.2132
v  -0.7375 8.3060 3.2745
v  -0.6574 8.8565 3.2858
v  -0.7075 8.4435 3.4113
v  -0.4744 8.3068 3.2115
v  -0.7321 8.5218 3.3159
v  -0.4378 8.6555 3.3735
v  -0.7614 8.3830 3.1821
v  -0.6874 8.7065 3.1497
v  -0.4940 8.3838 3.1181
v  -0.6857 8.8745 3.0457
v  -0.7828 8.6749 3.1189
v  -0.4818 8.8000 3.1660
v  -0.6993 8.9303 3.1080
v  -0.5335 8.5432 2.9311
v  -0.7384 8.9832 2.9388
v  -0.8096 8.5424 2.9970
v  -0.7240 8.9584 2.8807
v  -0.7769 8.9622 3.1540
v  -0.8124 8.7845 2.9928
v  -0.7571 9.0053 2.8578
v  -0.8212 9.0048 2.9612
v  -0.8383 8.6517 2.8756
v  -0.7545 8.9893 2.8216
v  -0.8682 8.7670 2.7490
v  -0.7871 9.1506 3.1163
v  -0.7659 8.9579 2.8178
v  -0.5622 8.6525 2.8096
v  -0.7538 8.9136 2.8692
v  -0.5158 8.8893 3.0199
v  -0.7227 8.8143 3.0023
v  -0.4688 9.1106 3.2331
v  -0.8451 8.9030 2.8537
v  -0.8816 8.8231 2.6922
v  -0.5102 9.1506 3.0538
v  -0.5921 8.7678 2.6830
v  -0.8178 9.1600 2.9819
v  -0.8542 8.9525 2.8156
v  -0.8937 8.8743 2.6413
v  -0.5518 8.9603 2.8643
v  -0.8429 9.0209 2.8670
v  -0.6051 8.8221 2.6279
v  -0.6170 8.8718 2.5780
v  -0.5921 9.0184 2.6909
v  -0.6294 8.9201 2.5256
v  -0.8586 9.0102 2.7983
v  -0.5729 8.9952 2.7738
v  -0.6153 9.0420 2.5903
v  -0.9065 8.9246 2.5873
v  -0.5715 9.1521 2.7853
v  -0.6436 8.9933 2.4664
v  -0.6040 9.1372 2.6423
v  -0.5422 9.1605 2.9139
v  -0.9197 8.9924 2.5323
v  -0.6269 9.1135 2.5422
v  -0.8908 9.0407 2.6593
v  -0.6431 9.0704 2.4707
v  -0.9192 9.0696 2.5367
v  -0.8778 9.1396 2.7186
v  -0.9012 9.1131 2.6159
v  -0.8481 9.1521 2.8489
v  1.1290 8.8568 3.7360
v  1.1123 8.7474 3.8158
v  1.3922 8.8561 3.7991
v  1.4211 8.9280 3.6857
v  1.3712 8.7466 3.8778
v  1.4226 8.7100 3.6621
v  1.1536 8.9288 3.6217
v  1.0923 8.5222 3.9353
v  1.4032 8.5979 3.7333
v  1.4797 9.0473 3.4536
v  1.3344 8.5217 3.9935
v  1.4475 8.7964 3.5662
v  1.2036 9.0482 3.3876
v  1.0784 8.2946 4.0285
v  1.3495 8.6656 3.5965
v  1.5155 9.1098 3.2991
v  1.3038 8.2942 4.0829
v  1.3692 8.3654 3.8371
v  1.5081 8.9029 3.3247
v  1.0753 7.9930 4.1272
v  1.3759 8.7474 3.4941
v  1.2394 9.1106 3.2331
v  1.2669 7.9928 4.1739
v  1.5475 8.9622 3.1540
v  1.3404 8.5822 3.5135
v  1.3424 8.1065 3.9079
v  1.5576 9.1506 3.1163
v  1.3256 8.5491 3.6830
v  1.2535 7.8255 4.2270
v  1.5918 9.0048 2.9612
v  1.2917 7.8893 4.0481
v  1.4699 8.9303 3.1080
v  1.3192 7.8057 3.9344
v  1.4279 8.8565 3.2858
v  1.5884 9.1600 2.9819
v  1.2645 7.7598 4.1546
v  1.2807 9.1506 3.0538
v  1.0619 7.8257 4.1803
v  1.3128 9.1605 2.9139
v  1.0729 7.7600 4.1079
v  1.3710 8.6693 3.3943
v  1.6187 9.1521 2.8489
v  1.0890 7.6922 4.0547
v  1.6135 9.0209 2.8670
v  1.3421 9.1521 2.7853
v  1.2806 7.6920 4.1014
v  1.4171 8.7864 3.2132
v  1.6484 9.1396 2.7186
v  1.6292 9.0102 2.7983
v  1.4563 8.8745 3.0457
v  1.5251 8.9893 2.8216
v  1.6613 9.0407 2.6593
v  1.1276 7.8059 3.8877
v  1.5090 8.9832 2.9388
v  1.6718 9.1131 2.6159
v  1.3801 7.9555 3.7362
v  1.3746 9.1372 2.6423
v  1.0981 7.8979 4.0117
v  1.3975 9.1135 2.5422
v  1.1160 8.1118 3.8579
v  1.5277 9.0053 2.8578
v  1.6898 9.0696 2.5367
v  1.4946 8.9584 2.8807
v  1.4137 9.0704 2.4707
v  1.6903 8.9924 2.5323
v  1.4142 8.9933 2.4664
v  1.1418 8.2996 3.7125
v  1.4932 8.8143 3.0023
v  1.1547 7.9559 3.6818
v  1.5244 8.9136 2.8692
v  1.5365 8.9579 2.8178
v  1.1899 8.0921 3.4937
v  1.1697 8.4811 3.5571
v  1.4320 8.0916 3.5520
v  1.3725 8.1449 3.7946
v  1.4005 8.2236 3.6958
v  1.1886 8.5705 3.4674
v  1.6248 8.9525 2.8156
v  1.2251 8.2310 3.3060
v  1.3578 8.1819 3.8575
v  1.4839 8.2303 3.3681
v  1.6643 8.8743 2.6413
v  1.2942 8.1975 3.7621
v  1.5081 8.3060 3.2745
v  1.4780 8.4435 3.4113
v  1.6771 8.9246 2.5873
v  1.2449 8.3068 3.2115
v  1.2753 8.2291 3.7980
v  1.4000 8.9201 2.5256
v  1.5320 8.3830 3.1821
v  1.3556 8.2465 3.8743
v  1.5027 8.5218 3.3159
v  1.2746 8.3040 3.7448
v  1.5534 8.6749 3.1189
v  1.2808 8.2690 3.8244
v  1.5802 8.5424 2.9970
v  1.2927 8.3497 3.7882
v  1.4579 8.7065 3.1497
v  1.5830 8.7845 2.9928
v  1.3143 8.4854 3.6127
v  1.4128 8.5752 3.3274
v  1.3578 8.3993 3.5380
v  1.3133 8.2590 3.6955
v  1.3853 8.4911 3.4345
v  1.6157 8.9030 2.8537
v  1.4535 8.3644 3.5063
v  1.6388 8.7670 2.7490
v  1.6522 8.8231 2.6922
v  1.3875 8.8718 2.5780
v  1.3757 8.8221 2.6279
v  1.3859 9.0420 2.5903
v  1.3627 8.7678 2.6830
v  1.3627 9.0184 2.6909
v  1.3434 8.9952 2.7738
v  1.3328 8.6525 2.8096
v  1.3224 8.9603 2.8643
v  1.2864 8.8893 3.0199
v  1.3041 8.5432 2.9311
v  1.6089 8.6517 2.8756
v  1.2523 8.8000 3.1660
v  1.2646 8.3838 3.1181
v  1.2084 8.6555 3.3735
v  -0.6660 3.8852 1.7251
v  -0.5946 4.0787 1.7993
v  -0.1326 4.1365 1.5075
v  -0.7908 3.7623 2.1824
v  -0.1008 4.2917 1.5799
v  -0.9225 3.4711 2.1131
v  0.3853 4.2052 1.4450
v  -0.5029 4.4669 1.9380
v  -0.8944 3.3517 2.7527
v  -0.1706 3.9854 1.4083
v  -0.6576 4.2073 2.2910
v  -1.0564 2.9353 2.6611
v  -0.7460 3.7051 1.6478
v  -0.9092 2.9623 3.2962
v  -0.7556 3.8869 2.8058
v  -1.0772 2.4363 3.2041
v  -0.2112 3.8589 1.3021
v  -0.8377 2.8343 3.5290
v  -0.7444 3.5719 3.3815
v  -0.8213 3.5833 1.5158
v  -0.9787 2.2273 3.4481
v  -0.6843 3.5066 3.5968
v  -1.0255 3.2791 2.0479
v  -0.4895 2.7206 3.8325
v  -1.1828 2.6658 2.5574
v  -0.4280 3.4320 3.8715
v  -1.2221 2.0601 3.0916
v  -0.0198 3.4043 4.0144
v  -1.1613 3.0792 1.8991
v  -0.5758 2.0699 3.7274
v  -0.3567 4.2287 3.8618
v  -0.8331 3.5266 1.4403
v  -1.0901 1.8062 3.3292
v  -0.5782 4.2900 3.5959
v  -1.1738 3.0031 1.8301
v  -1.3053 2.4481 2.3914
v  -1.3395 1.7691 2.9190
v  -0.6218 4.3399 3.4015
v  -1.1826 1.4571 3.1560
v  -1.2886 2.3266 2.2620
v  -0.6617 1.5939 3.5895
v  -1.3261 2.3593 2.2987
v  -0.7754 3.4829 1.3944
v  -0.7174 1.1568 3.4057
v  -0.2263 3.7842 1.2504
v  -0.1613 1.0286 3.5349
v  -0.2215 3.6993 1.2203
v  -0.1146 1.4861 3.7404
v  -0.1636 0.9088 3.4447
v  -1.3495 1.6580 2.8258
v  0.3853 3.7764 1.1582
v  0.3853 0.9753 3.5919
v  -1.1917 1.3477 3.0643
v  0.3853 3.8589 1.1872
v  0.3853 0.8597 3.5048
v  -1.1414 1.3067 3.0233
v  -0.1531 0.8815 3.3798
v  -0.7286 1.0405 3.3152
v  0.3853 0.8368 3.4344
v  0.3853 3.9232 1.2347
v  0.9818 3.8589 1.3021
v  0.9412 3.9854 1.4083
v  0.9969 3.7842 1.2504
v  0.3853 4.0569 1.3480
v  1.5166 3.7051 1.6478
v  0.9921 3.6993 1.2203
v  1.5919 3.5833 1.5158
v  0.9031 4.1365 1.5075
v  1.7960 3.2791 2.0479
v  1.4365 3.8852 1.7251
v  1.5460 3.4829 1.3944
v  1.9319 3.0792 1.8991
v  1.6037 3.5266 1.4403
v  1.3652 4.0787 1.7993
v  1.9534 2.6658 2.5574
v  1.5614 3.7623 2.1824
v  2.0759 2.4481 2.3914
v  1.6931 3.4711 2.1131
v  1.9927 2.0601 3.0916
v  1.9444 3.0031 1.8301
v  2.0592 2.3266 2.2620
v  2.1100 1.7691 2.9190
v  1.6650 3.3517 2.7527
v  2.0967 2.3593 2.2987
v  1.8606 1.8062 3.3292
v  1.8270 2.9353 2.6611
v  1.9531 1.4571 3.1560
v  1.6797 2.9623 3.2962
v  1.4323 1.5939 3.5895
v  2.1201 1.6580 2.8258
v  1.8477 2.4363 3.2041
v  1.3463 2.0699 3.7274
v  1.6083 2.8343 3.5290
v  1.4880 1.1568 3.4057
v  1.9622 1.3477 3.0643
v  1.4548 3.5066 3.5968
v  0.9319 1.0286 3.5349
v  1.7493 2.2273 3.4481
v  0.8852 1.4861 3.7404
v  1.9120 1.3067 3.0233
v  1.4991 1.0405 3.3152
v  0.9342 0.9088 3.4447
v  0.3853 1.4774 3.7875
v  0.8762 2.0031 3.8768
v  0.9237 0.8815 3.3798
v  0.3853 1.9868 3.9326
v  1.2601 2.7206 3.8325
v  0.8328 2.6642 3.9758
v  0.3853 2.6460 4.0170
v  0.7904 3.4043 4.0144
v  1.1986 3.4320 3.8715
v  0.3853 3.3971 4.0529
v  1.1273 4.2287 3.8618
v  0.7329 4.1974 4.0007
v  1.3487 4.2900 3.5959
v  0.3853 4.1836 4.0301
v  0.6988 4.7966 3.9732
v  1.5149 3.5719 3.3815
v  0.3853 4.7848 4.0037
v  1.0722 4.8394 3.8367
v  0.3853 5.0978 3.9966
v  1.3924 4.3399 3.4015
v  1.2789 4.9316 3.5805
v  0.6939 5.1256 3.9523
v  1.5262 3.8869 2.8058
v  1.0306 5.2017 3.8316
v  0.3853 5.3294 3.9984
v  1.4142 4.5443 2.8400
v  1.4282 4.2073 2.2910
v  0.6917 5.3584 3.9596
v  1.3101 4.9874 3.3842
v  0.3853 5.5502 4.0029
v  1.0137 5.4296 3.8390
v  1.3323 4.7642 2.3606
v  1.3371 5.1187 2.8457
v  0.6843 5.5762 3.9572
v  1.0001 5.6334 3.8434
v  1.2735 4.4669 1.9380
v  1.2732 5.4676 3.3638
v  1.2254 5.5752 3.5670
v  1.2552 5.2450 2.4183
v  1.2428 5.3600 3.5739
v  1.1902 5.7392 3.5709
v  1.2200 4.9046 2.0317
v  1.2486 5.8104 3.3359
v  0.8246 4.6268 1.7109
v  1.2101 5.9184 3.3580
v  1.2704 5.6172 2.8550
v  1.2350 6.2013 3.0867
v  1.2378 5.9689 2.8300
v  0.8714 4.2917 1.5799
v  1.2604 6.1921 2.9767
v  1.2240 5.7143 2.4562
v  1.2575 6.4848 2.9878
v  1.2721 6.5352 2.8542
v  1.1693 5.3300 2.1139
v  1.2020 6.0657 2.4740
v  1.2199 6.2536 2.7612
v  1.1169 5.7790 2.1914
v  0.3853 4.3669 1.5212
v  1.0883 6.1149 2.2445
v  1.2111 6.6299 2.6765
v  0.7452 5.8160 2.0325
v  0.3853 4.6764 1.6518
v  1.1769 6.3321 2.4933
v  0.7738 5.4026 1.9227
v  -0.0540 4.6268 1.7109
v  1.0559 6.3920 2.2927
v  0.7926 4.9964 1.8117
v  1.1379 6.7023 2.5122
v  0.7286 6.1549 2.1028
v  0.3853 5.0269 1.7602
v  1.0188 6.7662 2.3739
v  0.3853 5.8240 1.9806
v  0.7165 6.4314 2.1643
v  0.3853 5.4203 1.8764
v  0.6908 6.8130 2.2792
v  0.3853 6.1733 2.0645
v  -0.0220 4.9964 1.8117
v  0.3853 6.4521 2.1290
v  0.0419 6.1549 2.1028
v  0.3853 6.8286 2.2350
v  0.0254 5.8160 2.0325
v  -0.4494 4.9046 2.0317
v  0.6828 7.1568 2.4235
v  -0.0032 5.4026 1.9227
v  1.0006 7.1063 2.4916
v  -0.5617 4.7642 2.3606
v  -0.3987 5.3300 2.1139
v  0.9917 7.4319 2.6635
v  -0.4846 5.2450 2.4183
v  0.6789 7.4825 2.6233
v  1.1040 7.3668 2.7189
v  -0.4535 5.7143 2.4562
v  0.3853 7.1777 2.3944
v  1.1083 7.6340 2.9708
v  -0.4998 5.6172 2.8550
v  1.2314 7.5363 3.0081
v  -0.4672 5.9689 2.8300
v  0.0878 7.1568 2.4235
v  1.2176 7.2706 2.8045
v  -0.4314 6.0657 2.4740
v  0.0798 6.8130 2.2792
v  1.3406 7.4216 3.0632
v  -0.3463 5.7790 2.1914
v  1.2996 7.1626 2.8968
v  -0.3177 6.1149 2.2445
v  0.0541 6.4314 2.1643
v  1.2126 6.9556 2.7044
v  1.1181 7.0363 2.5871
v  1.2815 6.8522 2.8264
v  -0.2853 6.3920 2.2927
v  1.3001 7.0539 2.9797
v  -0.2482 6.7662 2.3739
v  1.3472 7.3230 3.1258
v  1.2739 6.7632 2.9433
v  -0.2300 7.1063 2.4916
v  1.3952 7.4968 3.3708
v  1.3872 7.5945 3.3247
v  -0.3475 7.0363 2.5871
v  1.3997 7.6623 3.4880
v  -0.2211 7.4319 2.6635
v  -0.3334 7.3668 2.7189
v  1.4019 7.6075 3.6021
v  1.2615 7.7141 3.3045
v  1.2873 7.8066 3.5472
v  -0.4470 7.2706 2.8045
v  -0.3377 7.6340 2.9708
v  1.2973 7.7750 3.6896
v  -0.4608 7.5363 3.0081
v  -0.2273 7.6983 2.9415
v  1.1281 7.8227 3.2925
v  -0.5700 7.4216 3.0632
v  0.0916 7.4825 2.6233
v  1.1491 7.9323 3.5926
v  -0.5290 7.1626 2.8968
v  1.0146 7.8872 3.2797
v  -0.5766 7.3230 3.1258
v  -0.4420 6.9556 2.7044
v  0.3853 7.4994 2.6094
v  0.9979 7.6983 2.9415
v  -0.5110 6.8522 2.8264
v  0.0925 7.7472 2.9201
v  -0.3673 6.7023 2.5122
v  0.6781 7.7472 2.9201
v  0.3853 7.7616 2.9090
v  -0.2440 7.8872 3.2797
v  -0.3575 7.8227 3.2925
v  0.0948 7.9460 3.2800
v  0.3853 7.9624 3.2763
v  0.6758 7.9460 3.2800
v  -0.3786 7.9323 3.5926
v  0.3853 8.0895 3.6045
v  -0.5167 7.8066 3.5472
v  0.0850 8.0644 3.6094
v  -0.4909 7.7141 3.3045
v  0.3853 8.0808 3.7604
v  -0.2581 8.0119 3.6074
v  -0.6291 7.6623 3.4880
v  0.0778 8.0499 3.7643
v  -0.6166 7.5945 3.3247
v  -0.6313 7.6075 3.6021
v  -0.5267 7.7750 3.6896
v  -0.2627 7.9961 3.7533
v  -0.3927 7.9067 3.7337
v  -0.6246 7.4968 3.3708
v  -0.5295 7.0539 2.9797
v  -0.5033 6.7632 2.9433
v  -0.5016 6.5352 2.8542
v  -0.4405 6.6299 2.6765
v  -0.4869 6.4848 2.9878
v  -0.4898 6.1921 2.9767
v  -0.4493 6.2536 2.7612
v  -0.4644 6.2013 3.0867
v  -0.4063 6.3321 2.4933
v  -0.4780 5.8104 3.3359
v  -0.4395 5.9184 3.3580
v  -0.4196 5.7392 3.5709
v  -0.4548 5.5752 3.5670
v  -0.5026 5.4676 3.3638
v  -0.2296 5.6334 3.8434
v  -0.5665 5.1187 2.8457
v  -0.4723 5.3600 3.5739
v  -0.2431 5.4296 3.8390
v  -0.5395 4.9874 3.3842
v  0.0863 5.5762 3.9572
v  -0.5083 4.9316 3.5805
v  0.0789 5.3584 3.9596
v  -0.6436 4.5443 2.8400
v  -0.2600 5.2017 3.8316
v  0.0767 5.1256 3.9523
v  -0.3016 4.8394 3.8367
v  0.0717 4.7966 3.9732
v  0.0377 4.1974 4.0007
v  -0.0622 2.6642 3.9758
v  -0.1056 2.0031 3.8768
v  0.0863 5.8980 3.9749
v  0.3853 5.8761 4.0180
v  -0.2127 5.9568 3.8634
v  0.0863 6.2462 4.0064
v  -0.4343 6.1188 3.5909
v  0.3853 6.2146 4.0507
v  0.6843 5.8980 3.9749
v  -0.2162 6.3064 3.8884
v  -0.4725 6.2875 3.3094
v  0.0863 6.6551 4.0589
v  0.9833 5.9568 3.8634
v  0.3853 6.6422 4.1016
v  0.6843 6.2462 4.0064
v  -0.2214 6.7182 3.9419
v  -0.5028 6.5792 3.3046
v  -0.4482 6.4390 3.6468
v  0.6843 6.6551 4.0589
v  -0.4655 6.8234 3.7372
v  0.0861 7.0478 4.1193
v  0.3853 7.0585 4.1638
v  -0.5460 6.9363 3.3339
v  0.9868 6.3064 3.8884
v  0.6844 7.0478 4.1193
v  -0.5792 7.2387 3.4334
v  0.9920 6.7182 3.9419
v  1.2188 6.4390 3.6468
v  1.2048 6.1188 3.5909
v  0.9929 7.0791 4.0010
v  0.6851 7.4215 4.1342
v  1.2361 6.8234 3.7372
v  0.9952 7.4286 4.0301
v  1.2734 6.5792 3.3046
v  -0.6108 7.4120 3.5879
v  0.6863 7.6801 4.0830
v  1.3166 6.9363 3.3339
v  0.9942 7.6588 4.0001
v  1.3497 7.2387 3.4334
v  -0.5968 7.5525 3.7670
v  1.2130 7.6218 3.9071
v  1.2400 7.4255 3.8778
v  -0.4694 7.4255 3.8778
v  1.3673 7.5525 3.7670
v  -0.4424 7.6218 3.9071
v  1.2577 7.1362 3.8247
v  1.2938 7.6964 3.8398
v  -0.5232 7.6964 3.8398
v  1.1721 7.7891 3.8786
v  -0.2246 7.4286 4.0301
v  1.3814 7.4120 3.5879
v  -0.2223 7.0791 4.0010
v  -0.4871 7.1362 3.8247
v  -0.2237 7.6588 4.0001
v  0.0842 7.6801 4.0830
v  0.0855 7.4215 4.1342
v  1.1632 7.9067 3.7337
v  0.3853 7.4329 4.1744
v  1.0161 7.8603 3.9159
v  0.3853 7.6877 4.1222
v  0.3853 7.9174 4.0018
v  0.6882 7.8968 3.9767
v  0.6928 8.0499 3.7643
v  1.0333 7.9961 3.7533
v  0.0824 7.8968 3.9767
v  -0.2455 7.8603 3.9159
v  -0.4015 7.7891 3.8786
v  1.0287 8.0119 3.6074
v  0.6856 8.0644 3.6094
v  1.2431 6.2875 3.3094
v  -1.2518 -2.1847 0.8472
v  -0.6632 -2.1763 0.7631
v  -1.0822 -2.2424 0.6158
v  -1.3564 -2.4637 0.7008
v  -0.6705 -2.2424 0.5395
v  -1.4917 -2.4637 1.1032
v  -1.1292 -2.4637 0.4832
v  -0.6489 -2.0795 1.1561
v  -1.6151 -3.0057 1.0256
v  -0.6721 -2.4637 0.3990
v  -1.3482 -2.1063 1.2425
v  -1.4434 -3.0057 0.5091
v  -1.1383 -3.0057 0.2290
v  -0.6363 -1.9664 1.4615
v  -1.6151 -3.0057 1.5336
v  -0.6721 -3.0057 0.1448
v  -1.3498 -1.9664 1.6749
v  -1.6969 -3.5008 1.5744
v  -1.1338 -3.5146 0.0941
v  -0.6309 -1.8910 1.5020
v  -1.6916 -3.5284 1.0037
v  -0.6721 -3.5146 0.0099
v  -1.3341 -1.8906 1.7152
v  -1.7099 -3.9375 1.0276
v  -1.5152 -3.5295 0.3985
v  -1.3226 -1.8101 1.6879
v  -1.4723 -3.9691 0.3843
v  -1.2242 -1.7977 1.9445
v  -1.1233 -3.9743 0.0596
v  -1.2387 -1.8903 1.9379
v  -1.7203 -3.8667 1.6388
v  -0.6721 -3.9852 -0.0246
v  -1.0728 -1.8878 2.1671
v  -1.6176 -3.9852 1.6599
v  -1.0684 -4.0897 0.1555
v  -1.2584 -1.9805 1.9423
v  -1.6057 -4.0643 1.0376
v  -0.6721 -4.1003 0.0713
v  -1.5018 -3.7532 2.2843
v  -1.3734 -4.0950 0.4118
v  -1.3805 -2.4637 1.9844
v  -1.5302 -3.4380 2.1728
v  -1.4917 -2.4637 1.5517
v  -1.3986 -3.8684 2.2587
v  -1.1491 -3.6665 2.6080
v  -1.5027 -4.0546 1.0752
v  -1.1469 -3.3883 2.4772
v  -1.4979 -3.9670 1.6619
v  -1.4782 -3.0057 2.0677
v  -1.2808 -4.0993 0.4660
v  -1.0973 -3.7927 2.5959
v  -1.1383 -3.0057 2.3479
v  -1.2813 -3.8850 2.2359
v  -1.1229 -2.4637 2.2334
v  -0.6721 -3.0057 2.4665
v  -0.6721 -3.6406 2.7253
v  -1.0074 -4.0908 0.2926
v  -0.6541 -2.4637 2.3403
v  -0.6721 -3.7662 2.7129
v  -0.6721 -4.1014 0.2084
v  -1.0791 -1.9934 2.1752
v  -0.6721 -3.3693 2.5943
v  -0.2396 -3.0057 2.3479
v  -0.6281 -2.0142 2.2580
v  -0.2310 -3.3883 2.4772
v  -0.2288 -3.6665 2.6080
v  0.0942 -3.4380 2.1728
v  -0.6183 -1.8892 2.2520
v  0.0628 -3.0057 2.0677
v  -0.2806 -3.7927 2.5959
v  -1.0600 -1.7806 2.1621
v  -0.2486 -2.4637 2.2334
v  -0.0118 -3.8684 2.2587
v  -0.6129 -1.7733 2.2463
v  0.0255 -2.4637 1.9844
v  -0.2372 -1.7872 2.1674
v  -0.2344 -2.0022 2.1763
v  -0.3486 -3.8382 2.4777
v  -0.6015 -1.4892 2.2550
v  -0.6721 -3.8171 2.5781
v  -0.2343 -1.8903 2.1695
v  -0.0374 -1.7920 1.9483
v  -1.0293 -3.8382 2.4777
v  -0.0302 -1.8903 1.9403
v  -0.0367 -1.4948 1.9690
v  -0.0190 -1.9910 1.9432
v  0.0525 -1.4813 1.7205
v  -0.2235 -1.4939 2.1800
v  0.0708 -1.8906 1.7152
v  0.0654 -1.8101 1.6879
v  0.0426 -1.5770 1.1584
v  0.0778 -1.9664 1.6749
v  -0.0494 -1.1339 2.0065
v  -0.6221 -1.8101 1.4745
v  0.0309 -1.1244 1.7646
v  0.0079 -0.7583 1.8489
v  0.0347 -1.3212 1.2047
v  0.0063 -0.7577 1.3680
v  -0.6027 -1.6058 1.0743
v  -0.0113 -0.4212 1.4948
v  -0.0584 -1.4003 0.7500
v  0.0849 -2.1063 1.2425
v  -0.0110 -0.3455 1.9671
v  -0.5897 -1.4134 0.6658
v  -0.0650 -0.7470 2.0923
v  -0.2040 -1.3108 0.5824
v  0.0001 -2.1847 0.8472
v  -0.0802 -0.2877 2.2256
v  -0.0727 -1.1936 0.7953
v  -0.2159 -0.7278 2.2717
v  -0.0833 -0.9508 0.8874
v  -0.2416 -2.2424 0.6237
v  -0.2033 -0.9081 0.7256
v  -0.2203 -1.1288 2.2043
v  -0.2051 -1.1374 0.6301
v  -0.2370 -2.4637 0.4832
v  -0.5851 -1.1154 2.2773
v  -0.5728 -0.8896 0.6507
v  0.0178 -2.4637 0.7008
v  -0.5614 -0.6960 2.3409
v  -0.5845 -1.1365 0.5465
v  0.0550 -3.0057 0.5091
v  -0.2116 -0.2434 2.3863
v  -0.2280 -3.0057 0.2290
v  -0.5350 -0.1921 2.4476
v  -0.5897 -1.3108 0.4982
v  0.0948 -3.5295 0.3985
v  -0.8821 -0.1554 2.3886
v  -0.2324 -3.5146 0.0941
v  -0.9402 -0.6836 2.2728
v  -0.5121 0.1487 2.5456
v  0.2556 -3.5284 1.0037
v  -0.8153 0.2260 2.4981
v  0.1905 -3.0057 1.0256
v  -0.4943 0.2680 2.5464
v  0.2362 -3.5008 1.5744
v  -0.2130 0.1877 2.5042
v  0.1260 -2.4637 1.1032
v  0.1809 -3.0057 1.5336
v  -0.2103 0.0728 2.4953
v  0.2850 -3.9375 1.0276
v  -0.1109 0.1054 2.3769
v  -0.0978 -0.0086 2.3550
v  0.1412 -2.4637 1.5517
v  0.2708 -3.8667 1.6388
v  -0.0398 -0.0131 2.1164
v  0.1808 -4.0643 1.0376
v  -0.0252 -0.1306 2.0668
v  0.0889 -3.9691 0.3843
v  -0.0371 -0.1344 1.6478
v  0.1681 -3.9852 1.6599
v  -0.0272 -0.2256 1.5973
v  -0.0099 -4.0950 0.4118
v  -0.1154 -0.1665 1.3587
v  -0.2429 -3.9743 0.0596
v  -0.1040 -0.2394 1.2807
v  -0.2090 -0.1737 1.2098
v  -0.2979 -4.0897 0.1555
v  -0.1003 -4.0993 0.4660
v  -0.3588 -4.0908 0.2926
v  0.0800 -4.0546 1.0752
v  0.0506 -3.9670 1.6619
v  0.0914 -3.7532 2.2843
v  -0.1148 -3.8850 2.2359
v  -1.2943 -1.5770 1.1584
v  -1.2740 -1.4736 1.7209
v  -1.1432 -1.4003 0.7500
v  -1.1745 -1.4772 1.9694
v  -1.2460 -1.3123 1.2059
v  -1.2215 -1.0982 1.7669
v  -0.9976 -1.3108 0.5824
v  -1.1263 -1.1027 2.0087
v  -1.1172 -1.1816 0.7990
v  -1.0328 -1.4748 2.1791
v  -0.9858 -1.1287 0.6341
v  -1.2040 -1.0047 1.2897
v  -0.9940 -1.1035 2.2046
v  -1.0862 -0.9156 0.8982
v  -1.0461 -0.6412 1.0239
v  -0.9659 -0.8795 0.7380
v  -1.0628 -0.6855 2.0953
v  -0.9383 -0.6274 0.8589
v  -0.9887 -0.1627 2.2291
v  -0.5554 -0.6438 0.7751
v  -0.9109 -0.3195 1.0273
v  -1.0654 -0.1911 1.9878
v  -1.0061 -0.2965 1.2124
v  -1.1494 -0.6859 1.8575
v  -0.9762 0.1414 2.1053
v  -0.5362 -0.3603 0.9434
v  -0.9044 0.2161 2.3598
v  -0.5124 -0.1887 1.0881
v  -1.1461 -0.6688 1.3913
v  -0.8848 -0.1319 1.1864
v  -0.9207 0.2649 2.1458
v  -1.0782 -0.2681 1.5486
v  -0.4946 -0.1179 1.1720
v  -0.8656 0.3457 2.3770
v  -0.9726 -0.0816 1.3670
v  -0.8630 -0.0356 1.2700
v  -0.7803 0.3549 2.5043
v  -1.0157 -0.0127 1.6801
v  -0.9315 0.0143 1.4454
v  -0.9678 0.0991 1.7354
v  -0.6721 -4.7046 0.2413
v  -0.6721 -4.7046 0.3715
v  -1.0896 -4.7046 0.3249
v  -0.2767 -4.7046 0.3249
v  -1.3609 -4.7046 0.4834
v  -0.0223 -4.7046 0.4789
v  -0.6721 -4.7046 1.0891
v  -1.6284 -4.7046 1.0883
v  0.2057 -4.7046 1.0883
v  -0.6721 -4.7046 1.8247
v  -1.6890 -4.7046 1.8266
v  0.2417 -4.7046 1.8266
v  -1.4437 -4.7046 2.4447
v  0.0355 -4.7046 2.4447
v  -0.6721 -4.7046 2.4691
v  -1.1481 -4.7046 2.7082
v  -0.2298 -4.7046 2.7082
v  -0.6721 -4.7046 2.8731
v  -0.4834 -0.0886 1.3903
v  -0.4819 -0.0217 1.6922
v  -0.4819 0.1284 2.1458
v  -0.4819 0.2115 2.3769
v  -0.6721 -4.3963 0.1449
v  -1.0622 -4.3872 0.2296
v  -0.6721 -4.6234 0.1655
v  -1.3787 -4.3834 0.4106
v  -1.0799 -4.6235 0.2492
v  -1.6258 -4.3569 1.0791
v  -1.3849 -4.6239 0.4248
v  -1.6485 -4.3097 1.7670
v  -1.6588 -4.6241 1.0862
v  -1.4266 -4.2322 2.3614
v  -1.1159 -4.1922 2.6254
v  -1.7188 -4.6239 1.8242
v  -1.4947 -4.6180 2.4483
v  -0.6721 -4.1674 2.7728
v  -1.1662 -4.6189 2.7300
v  -0.6721 -4.6176 2.8995
v  -0.2665 -4.1922 2.6254
v  -0.2116 -4.6189 2.7300
v  0.0048 -4.2322 2.3614
v  0.1877 -4.3097 1.7670
v  0.0864 -4.6180 2.4483
v  0.2715 -4.6239 1.8242
v  0.1895 -4.3569 1.0791
v  0.2361 -4.6241 1.0862
v  -0.0160 -4.3834 0.4106
v  0.0037 -4.6239 0.4248
v  -0.2963 -4.3872 0.2296
v  -0.2813 -4.6235 0.2492
v  -0.2005 -0.6826 0.8352
v  -0.1988 -0.3987 0.9919
v  -0.0929 -0.7140 0.9931
v  -0.0998 -0.4141 1.1472
v  -0.1978 -0.2394 1.1280
v  0.0229 -1.0377 1.2848
v  1.4411 -2.2424 0.5395
v  1.4338 -2.1763 0.7631
v  1.8528 -2.2424 0.6158
v  1.8998 -2.4637 0.4832
v  2.0224 -2.1847 0.8472
v  1.4426 -2.4637 0.3990
v  2.1270 -2.4637 0.7008
v  1.4195 -2.0795 1.1561
v  1.9089 -3.0057 0.2290
v  2.2139 -3.0057 0.5091
v  2.1188 -2.1063 1.2425
v  1.4426 -3.0057 0.1448
v  2.3857 -3.0057 1.0256
v  2.2623 -2.4637 1.1032
v  1.4069 -1.9664 1.4615
v  1.9044 -3.5146 0.0941
v  2.2858 -3.5295 0.3985
v  2.1204 -1.9664 1.6749
v  2.3857 -3.0057 1.5336
v  2.2623 -2.4637 1.5517
v  2.2428 -3.9691 0.3843
v  2.4674 -3.5008 1.5744
v  1.4015 -1.8910 1.5020
v  2.4805 -3.9375 1.0276
v  2.2488 -3.0057 2.0677
v  2.1511 -2.4637 1.9844
v  2.4622 -3.5284 1.0037
v  1.8935 -2.4637 2.2334
v  2.4908 -3.8667 1.6388
v  2.1047 -1.8906 1.7152
v  2.0290 -1.9805 1.9423
v  2.3882 -3.9852 1.6599
v  2.0932 -1.8101 1.6879
v  1.9089 -3.0057 2.3479
v  2.2724 -3.7532 2.2843
v  1.9948 -1.7977 1.9445
v  2.3008 -3.4380 2.1728
v  1.3927 -1.8101 1.4745
v  1.9175 -3.3883 2.4772
v  2.0649 -1.5770 1.1584
v  2.0093 -1.8903 1.9379
v  1.4247 -2.4637 2.3403
v  2.0446 -1.4736 1.7209
v  1.4426 -3.0057 2.4665
v  1.3733 -1.6058 1.0743
v  1.8497 -1.9934 2.1752
v  1.9196 -3.6665 2.6080
v  1.9138 -1.4003 0.7500
v  1.3986 -2.0142 2.2580
v  2.1692 -3.8684 2.2587
v  2.0166 -1.3123 1.2059
v  1.8434 -1.8878 2.1671
v  1.8679 -3.7927 2.5959
v  1.3603 -1.4134 0.6658
v  1.3889 -1.8892 2.2520
v  1.4426 -3.6406 2.7253
v  1.7682 -1.3108 0.5824
v  1.8306 -1.7806 2.1621
v  1.4426 -3.3693 2.5943
v  1.8878 -1.1816 0.7990
v  1.3835 -1.7733 2.2463
v  1.3603 -1.3108 0.4982
v  1.0078 -1.7872 2.1674
v  1.7564 -1.1287 0.6341
v  1.3720 -1.4892 2.2550
v  1.0016 -3.3883 2.4772
v  1.3551 -1.1365 0.5465
v  1.0049 -1.8903 2.1695
v  1.0102 -3.0057 2.3479
v  1.7364 -0.8795 0.7380
v  1.0050 -2.0022 2.1763
v  0.6764 -3.4380 2.1728
v  1.8567 -0.9156 0.8982
v  0.8079 -1.7920 1.9483
v  0.7078 -3.0057 2.0677
v  1.7089 -0.6274 0.8589
v  0.8008 -1.8903 1.9403
v  1.0192 -2.4637 2.2334
v  1.8167 -0.6412 1.0239
v  0.6998 -1.8906 1.7152
v  1.6815 -0.3195 1.0273
v  0.7895 -1.9910 1.9432
v  1.7767 -0.2965 1.2124
v  0.6928 -1.9664 1.6749
v  1.9167 -0.6688 1.3913
v  1.8488 -0.2681 1.5486
v  0.7451 -2.4637 1.9844
v  1.6554 -0.1319 1.1864
v  0.6857 -2.1063 1.2425
v  1.2830 -0.1887 1.0881
v  0.6294 -2.4637 1.5517
v  1.2652 -0.1179 1.1720
v  0.7705 -2.1847 0.8472
v  1.6336 -0.0356 1.2700
v  0.5897 -3.0057 1.5336
v  1.7431 -0.0816 1.3670
v  0.6446 -2.4637 1.1032
v  1.0122 -2.2424 0.6237
v  1.7021 0.0143 1.4454
v  0.7527 -2.4637 0.7008
v  1.7863 -0.0127 1.6801
v  1.0076 -2.4637 0.4832
v  0.5801 -3.0057 1.0256
v  0.7155 -3.0057 0.5091
v  1.8360 -0.1911 1.9878
v  0.9986 -3.0057 0.2290
v  0.5344 -3.5008 1.5744
v  1.7468 0.1414 2.1053
v  0.5150 -3.5284 1.0037
v  0.6758 -3.5295 0.3985
v  1.9200 -0.6859 1.8575
v  0.4856 -3.9375 1.0276
v  1.8334 -0.6855 2.0953
v  0.4998 -3.8667 1.6388
v  1.9921 -1.0982 1.7669
v  1.7593 -0.1627 2.2291
v  1.9746 -1.0047 1.2897
v  1.6750 0.2161 2.3598
v  0.5898 -4.0643 1.0376
v  1.6913 0.2649 2.1458
v  0.6025 -3.9852 1.6599
v  1.7384 0.0991 1.7354
v  0.6792 -3.7532 2.2843
v  1.9451 -1.4772 1.9694
v  0.7824 -3.8684 2.2587
v  1.8969 -1.1027 2.0087
v  0.9994 -3.6665 2.6080
v  1.8034 -1.4748 2.1791
v  0.7199 -3.9670 1.6619
v  1.0512 -3.7927 2.5959
v  1.7645 -1.1035 2.2046
v  0.6906 -4.0546 1.0752
v  1.7108 -0.6836 2.2728
v  0.8709 -4.0993 0.4660
v  1.3557 -1.1154 2.2773
v  0.7805 -4.0950 0.4118
v  0.6817 -3.9691 0.3843
v  1.3320 -0.6960 2.3409
v  1.0135 -3.9743 0.0596
v  1.6527 -0.1554 2.3886
v  1.0030 -3.5146 0.0941
v  1.0685 -4.0897 0.1555
v  1.3055 -0.1921 2.4476
v  1.4426 -3.9852 -0.0246
v  0.9822 -0.2434 2.3863
v  1.4426 -3.5146 0.0099
v  0.9865 -0.7278 2.2717
v  0.9909 -1.1288 2.2043
v  0.8356 -0.7470 2.0923
v  0.8508 -0.2877 2.2256
v  0.9941 -1.4939 2.1800
v  0.8200 -1.1339 2.0065
v  0.8684 -0.0086 2.3550
v  0.8073 -1.4948 1.9690
v  0.7816 -0.3455 1.9671
v  0.9809 0.0728 2.4953
v  0.7958 -0.1306 2.0668
v  0.7627 -0.7583 1.8489
v  0.8815 0.1054 2.3769
v  1.2827 0.1487 2.5456
v  0.7397 -1.1244 1.7646
v  0.8103 -0.0131 2.1164
v  0.7643 -0.7577 1.3680
v  0.9836 0.1877 2.5042
v  0.8077 -0.1344 1.6478
v  0.7818 -0.4212 1.4948
v  0.7978 -0.2256 1.5973
v  1.2649 0.2680 2.5464
v  0.8860 -0.1665 1.3587
v  1.5859 0.2260 2.4981
v  0.8704 -0.4141 1.1472
v  0.8746 -0.2394 1.2807
v  0.8635 -0.7140 0.9931
v  0.9796 -0.1737 1.2098
v  1.5509 0.3549 2.5043
v  0.7477 -1.0377 1.2848
v  0.9693 -0.3987 0.9919
v  0.9684 -0.2394 1.1280
v  1.6362 0.3457 2.3770
v  0.9711 -0.6826 0.8352
v  0.8538 -0.9508 0.8874
v  0.7358 -1.3212 1.2047
v  1.3068 -0.3603 0.9434
v  0.8433 -1.1936 0.7953
v  1.3260 -0.6438 0.7751
v  0.9739 -0.9081 0.7256
v  0.7181 -1.4813 1.7205
v  0.9757 -1.1374 0.6301
v  1.3434 -0.8896 0.6507
v  0.8290 -1.4003 0.7500
v  0.7280 -1.5770 1.1584
v  0.9746 -1.3108 0.5824
v  0.7052 -1.8101 1.6879
v  1.4426 -3.7662 2.7129
v  1.4426 -3.8171 2.5781
v  1.7998 -3.8382 2.4777
v  1.1192 -3.8382 2.4777
v  2.0519 -3.8850 2.2359
v  0.8853 -3.8850 2.2359
v  2.2685 -3.9670 1.6619
v  2.2733 -4.0546 1.0752
v  2.3763 -4.0643 1.0376
v  2.0514 -4.0993 0.4660
v  2.1440 -4.0950 0.4118
v  1.8389 -4.0897 0.1555
v  1.8939 -3.9743 0.0596
v  1.7780 -4.0908 0.2926
v  1.4426 -4.1014 0.2084
v  1.4426 -4.1003 0.0713
v  1.4426 -4.7046 0.2413
v  1.8601 -4.7046 0.3249
v  1.4426 -4.7046 0.3715
v  1.0473 -4.7046 0.3249
v  2.1314 -4.7046 0.4834
v  0.7929 -4.7046 0.4789
v  1.4426 -4.7046 1.0891
v  2.3989 -4.7046 1.0883
v  0.5649 -4.7046 1.0883
v  1.4426 -4.7046 1.8247
v  2.4596 -4.7046 1.8266
v  0.5289 -4.7046 1.8266
v  2.2143 -4.7046 2.4447
v  0.7351 -4.7046 2.4447
v  1.4426 -4.7046 2.4691
v  1.9187 -4.7046 2.7082
v  1.0003 -4.7046 2.7082
v  1.4426 -4.7046 2.8731
v  1.2540 -0.0886 1.3903
v  1.2525 -0.0217 1.6922
v  1.2525 0.1284 2.1458
v  1.2525 0.2115 2.3769
v  1.1294 -4.0908 0.2926
v  1.8505 -4.6235 0.2492
v  2.1555 -4.6239 0.4248
v  1.4426 -4.6234 0.1655
v  2.4294 -4.6241 1.0862
v  2.1493 -4.3834 0.4106
v  1.8328 -4.3872 0.2296
v  2.3964 -4.3569 1.0791
v  1.4426 -4.3963 0.1449
v  2.4894 -4.6239 1.8242
v  2.4191 -4.3097 1.7670
v  2.2652 -4.6180 2.4483
v  2.1971 -4.2322 2.3614
v  1.9368 -4.6189 2.7300
v  1.8864 -4.1922 2.6254
v  1.4426 -4.6176 2.8995
v  1.4426 -4.1674 2.7728
v  0.9822 -4.6189 2.7300
v  1.0371 -4.1922 2.6254
v  0.6842 -4.6180 2.4483
v  0.7658 -4.2322 2.3614
v  0.5829 -4.3097 1.7670
v  0.4991 -4.6239 1.8242
v  0.5811 -4.3569 1.0791
v  0.5344 -4.6241 1.0862
v  0.7668 -4.6239 0.4248
v  0.7866 -4.3834 0.4106
v  1.0669 -4.3872 0.2296
v  1.0519 -4.6235 0.2492
v  -1.2518 -2.0555 -3.6109
v  -0.6632 -2.0470 -3.6977
v  -1.1246 -2.1131 -3.8423
v  -1.3564 -2.3855 -3.8007
v  -0.6705 -2.1131 -3.9291
v  -1.4917 -2.4025 -3.3217
v  -1.1292 -2.3855 -4.0244
v  -0.6489 -1.9672 -3.2584
v  -1.6151 -3.0029 -3.4842
v  -0.6721 -2.3855 -4.1110
v  -1.3482 -1.9940 -3.1692
v  -1.4434 -2.9859 -4.0438
v  -1.1383 -2.9859 -4.3298
v  -0.6363 -1.8542 -2.9953
v  -1.6151 -3.0029 -2.9400
v  -0.6721 -2.9859 -4.4157
v  -1.3498 -1.8542 -2.7750
v  -1.6969 -3.5008 -2.9545
v  -1.1338 -3.4976 -4.5173
v  -0.6309 -1.7787 -2.9031
v  -1.6916 -3.5284 -3.6067
v  -0.6721 -3.4976 -4.6023
v  -1.3341 -1.7784 -2.6831
v  -1.7203 -3.8802 -2.9977
v  -1.5152 -3.5124 -4.2089
v  -1.3287 -1.6978 -2.6911
v  -1.7099 -3.9375 -3.7086
v  -1.4723 -3.9521 -4.3607
v  -0.6221 -1.6978 -2.9114
v  -1.6057 -4.0643 -3.6916
v  -1.1233 -3.9645 -4.6424
v  -1.2943 -1.4038 -3.0952
v  -1.6176 -3.9986 -2.9722
v  -1.3734 -4.0780 -4.3245
v  -0.6027 -1.4388 -3.1896
v  -1.5018 -3.7532 -2.3394
v  -1.0684 -4.0800 -4.5381
v  -1.1432 -1.1509 -3.5046
v  -1.2808 -4.0823 -4.2703
v  -0.5897 -1.1484 -3.5924
v  -1.3986 -3.8684 -2.3767
v  -0.6721 -3.9682 -4.7254
v  -1.5027 -4.0546 -3.6547
v  -1.1491 -3.6720 -1.9870
v  -0.6721 -4.0833 -4.6209
v  -1.4979 -3.9804 -2.9710
v  -1.5302 -3.4380 -2.3517
v  -1.0973 -3.7982 -2.0412
v  -1.2813 -3.8850 -2.4106
v  -0.6721 -3.6466 -1.8696
v  -1.4782 -3.0029 -2.4496
v  -1.0293 -3.8309 -2.1701
v  -1.1469 -3.3883 -2.0084
v  -1.4709 -2.4025 -2.8941
v  -0.6721 -3.7722 -1.9243
v  -1.1383 -3.0029 -2.1271
v  -0.6721 -3.8098 -2.0441
v  -1.1229 -2.4025 -2.2765
v  -0.6721 -3.0029 -2.0061
v  -0.2609 -3.7982 -2.0412
v  -1.3805 -2.4025 -2.5325
v  -0.6541 -2.4025 -2.1666
v  -0.3021 -3.8309 -2.1701
v  -0.2091 -3.6720 -1.9870
v  -1.2509 -1.8614 -2.4925
v  -1.0780 -1.8712 -2.2562
v  0.1150 -3.7532 -2.3394
v  -0.6268 -1.8836 -2.1727
v  0.0119 -3.8684 -2.3767
v  -0.2289 -2.4025 -2.2765
v  -1.2331 -1.7780 -2.4702
v  -0.2199 -3.0029 -2.1271
v  -1.0664 -1.7780 -2.2336
v  0.0888 -3.0029 -2.4496
v  -1.2269 -1.6992 -2.4384
v  -0.2113 -3.3883 -2.0084
v  0.0491 -2.4025 -2.5325
v  -1.2529 -1.3086 -2.5475
v  -0.6721 -3.3693 -1.8901
v  -0.0019 -1.8639 -2.4926
v  0.0975 -1.8542 -2.7750
v  -0.2140 -1.8695 -2.2545
v  -1.2400 -1.1410 -2.9944
v  0.0905 -1.7784 -2.6831
v  -1.1932 -0.7789 -2.8102
v  -1.0814 -0.6080 -3.2018
v  0.1278 -3.4380 -2.3517
v  -1.0132 -0.2332 -2.8640
v  0.1046 -1.9940 -3.1464
v  -1.1118 -0.3668 -2.5413
v  0.2730 -3.5008 -2.9545
v  -1.1980 -0.9619 -2.3744
v  0.2742 -3.8802 -2.9977
v  0.0082 -2.0555 -3.6109
v  -1.1155 -0.5544 -2.1258
v  0.1690 -2.4025 -3.3217
v  -1.0984 -1.0241 -2.1238
v  0.1715 -3.9986 -2.9722
v  0.0430 -2.3855 -3.8007
v  -1.0201 -0.6458 -1.8791
v  0.1597 -4.0643 -3.6916
v  -0.2195 -2.1131 -3.8423
v  -0.9841 -1.0634 -1.9323
v  0.2639 -3.9375 -3.7086
v  -0.2149 -2.3855 -4.0244
v  -0.9281 -0.6951 -1.7142
v  0.2677 -3.5284 -3.6067
v  0.0898 -2.9859 -4.0438
v  -0.5775 -1.0770 -1.8607
v  0.0153 -4.0780 -4.3245
v  -0.2059 -2.9859 -4.3298
v  -0.5482 -0.7289 -1.6564
v  -0.0751 -4.0823 -4.2703
v  0.1199 -3.5124 -4.2089
v  -0.5948 -1.4287 -2.0225
v  -0.2758 -4.0800 -4.5381
v  -0.1967 -1.0629 -1.9320
v  -0.2208 -3.9645 -4.6424
v  0.2116 -3.0029 -3.4842
v  -0.1910 -0.7186 -1.7255
v  0.1141 -3.9521 -4.3607
v  -0.2103 -3.4976 -4.5173
v  -0.1870 -0.4089 -1.5346
v  -0.0613 -0.3600 -1.6902
v  -0.0705 -0.0949 -1.5191
v  -0.0508 -0.6824 -1.8998
v  0.2116 -3.0029 -2.9024
v  -0.0337 -1.0292 -2.1269
v  -0.2002 -1.4184 -2.0966
v  0.0184 -0.6006 -2.1509
v  -0.0209 -1.3896 -2.3051
v  0.0423 -0.9731 -2.3947
v  0.0634 -1.3086 -2.5616
v  0.0177 -0.4103 -2.5791
v  -0.2177 -1.6979 -2.2033
v  0.0421 -0.8088 -2.8247
v  -0.0168 -1.6992 -2.4384
v  -0.0784 -0.2674 -2.8961
v  -0.2146 -1.7807 -2.2342
v  0.0565 -1.1770 -3.0103
v  -0.0826 0.0780 -2.5750
v  -0.0626 -0.6259 -3.2163
v  0.0040 -0.0363 -2.3384
v  -0.0498 -0.9667 -3.4240
v  -0.6148 -1.6976 -2.1212
v  -0.1831 -0.8702 -3.5756
v  -0.6192 -1.7881 -2.1515
v  -1.0199 -1.4184 -2.0966
v  0.0056 -0.2529 -1.9364
v  -0.1819 -1.0321 -3.6595
v  -0.0363 -1.1509 -3.5046
v  -0.1808 -0.5395 -3.3645
v  -0.0130 0.1536 -2.1868
v  -0.5701 -0.5071 -3.4380
v  -0.0880 0.2621 -2.3793
v  -0.5839 -0.8477 -3.6570
v  -0.0912 0.3173 -2.2428
v  0.0647 -1.4038 -3.0952
v  -0.5897 -1.0167 -3.7451
v  -0.0254 0.2278 -2.0636
v  -0.1856 0.3905 -2.3552
v  -0.0102 -0.0098 -1.7975
v  0.0851 -1.6978 -2.6911
v  -0.0237 0.0850 -1.7599
v  -0.0105 -1.7780 -2.4702
v  -0.0766 -0.0106 -1.4955
v  -0.1830 -0.0623 -1.3484
v  -0.1842 -0.1497 -1.3640
v  -0.5080 -0.1465 -1.2911
v  -0.4974 -0.0479 -1.2479
v  -0.5251 -0.4085 -1.4666
v  -1.0633 -1.6979 -2.2033
v  -0.8095 -0.0464 -1.3151
v  -0.8609 -0.3348 -1.4989
v  -0.7794 0.0574 -1.2631
v  -1.1517 -1.3896 -2.3051
v  -0.8654 0.0388 -1.4310
v  -0.9355 -0.2717 -1.6391
v  -0.8317 0.1373 -1.3756
v  -0.8954 0.2593 -1.6114
v  -1.0234 -0.1593 -1.8807
v  -0.9316 0.1657 -1.6712
v  -0.8846 0.4105 -1.8697
v  -1.0205 0.0250 -2.2565
v  -0.9160 0.3384 -1.9887
v  -0.8258 0.4802 -2.0175
v  -0.8523 0.4135 -2.1577
v  -0.9369 0.1376 -2.5055
v  -0.7339 0.5196 -2.1671
v  -0.7592 0.4600 -2.3032
v  -0.8432 0.1987 -2.6519
v  -0.4865 0.4821 -2.3310
v  -0.9139 -0.1692 -3.0178
v  -0.4945 0.4250 -2.4639
v  -0.5146 0.2096 -2.7506
v  -0.9625 -0.5327 -3.3584
v  -0.5450 -0.1425 -3.0979
v  -1.1191 -0.9583 -3.4184
v  -0.9861 -0.8684 -3.5741
v  -0.9976 -1.0321 -3.6595
v  -0.6721 -4.7046 -4.4445
v  -0.6721 -4.7046 -4.3160
v  -1.0896 -4.7046 -4.3897
v  -0.2546 -4.7046 -4.3897
v  -1.3609 -4.7046 -4.2328
v  0.0029 -4.7046 -4.2372
v  -0.6721 -4.7046 -3.6225
v  -1.6284 -4.7046 -3.6233
v  0.1845 -4.7046 -3.6233
v  -0.6721 -4.7046 -2.8362
v  -1.6696 -4.7046 -2.8344
v  0.2452 -4.7046 -2.8344
v  -1.4437 -4.7046 -2.2243
v  0.0592 -4.7046 -2.2243
v  -0.6721 -4.7046 -2.2002
v  -1.1481 -4.7046 -1.9642
v  -0.1832 -4.7046 -1.9642
v  -0.6721 -4.7046 -1.8015
v  -0.4909 0.4021 -2.1282
v  -0.4895 0.3186 -1.9463
v  -0.4937 0.1727 -1.6544
v  -0.5073 0.0540 -1.4111
v  -0.6721 -4.0844 -4.4976
v  -1.0074 -4.0811 -4.4423
v  -0.6721 -4.3791 -4.5580
v  -1.0662 -4.3701 -4.5021
v  -0.6721 -4.6236 -4.5254
v  -1.3621 -4.3665 -4.3223
v  -1.0799 -4.6238 -4.4701
v  -1.6098 -4.3626 -3.6462
v  -1.3849 -4.6242 -4.2961
v  -1.6334 -4.3166 -2.8545
v  -1.6588 -4.6247 -3.6298
v  -1.4113 -4.2400 -2.2903
v  -1.1208 -4.2004 -2.0275
v  -1.4947 -4.6228 -2.2224
v  -1.6994 -4.6239 -2.8395
v  -1.1662 -4.6245 -1.9438
v  -0.6721 -4.1757 -1.8804
v  -0.6721 -4.6243 -1.7762
v  -0.2192 -4.2004 -2.0275
v  -0.0851 -3.8850 -2.4106
v  -0.1651 -4.6245 -1.9438
v  0.0362 -4.2400 -2.2903
v  0.1991 -4.3166 -2.8545
v  0.1101 -4.6228 -2.2224
v  0.0723 -3.9804 -2.9710
v  0.1574 -4.3626 -3.6462
v  0.2749 -4.6239 -2.8395
v  0.0589 -4.0546 -3.6547
v  0.2150 -4.6247 -3.6298
v  -0.0025 -4.3665 -4.3223
v  0.0289 -4.6242 -4.2961
v  -0.2866 -4.3701 -4.5021
v  -0.3367 -4.0811 -4.4423
v  -0.2642 -4.6238 -4.4701
v  0.1649 -2.4025 -2.8601
v  -0.1825 0.3406 -2.4944
v  -0.1770 0.1593 -2.7036
v  -0.1765 -0.1871 -3.0358
v  1.4411 -2.1131 -3.9291
v  1.4338 -2.0470 -3.6977
v  1.8952 -2.1131 -3.8423
v  1.8998 -2.3855 -4.0244
v  2.0224 -2.0555 -3.6109
v  1.4426 -2.3855 -4.1110
v  2.1270 -2.3855 -3.8007
v  1.4195 -1.9672 -3.2584
v  1.9089 -2.9859 -4.3298
v  2.2139 -2.9859 -4.0438
v  2.1188 -1.9940 -3.1692
v  1.4426 -2.9859 -4.4157
v  2.3857 -3.0029 -3.4842
v  2.2623 -2.4025 -3.3217
v  1.4069 -1.8542 -2.9953
v  1.9044 -3.4976 -4.5173
v  2.2858 -3.5124 -4.2089
v  2.1204 -1.8542 -2.7750
v  2.3857 -3.0029 -2.9400
v  2.2415 -2.4025 -2.8941
v  2.2428 -3.9521 -4.3607
v  2.4674 -3.5008 -2.9545
v  1.4015 -1.7787 -2.9031
v  2.4805 -3.9375 -3.7086
v  2.3008 -3.4380 -2.3517
v  2.1511 -2.4025 -2.5325
v  2.4622 -3.5284 -3.6067
v  2.2488 -3.0029 -2.4496
v  1.9089 -3.0029 -2.1271
v  1.8935 -2.4025 -2.2765
v  2.4908 -3.8802 -2.9977
v  1.9175 -3.3883 -2.0084
v  2.3763 -4.0643 -3.6916
v  2.0215 -1.8614 -2.4925
v  2.2724 -3.7532 -2.3394
v  1.9196 -3.6720 -1.9870
v  2.3882 -3.9986 -2.9722
v  2.1047 -1.7784 -2.6831
v  2.1692 -3.8684 -2.3767
v  2.1440 -4.0780 -4.3245
v  1.8939 -3.9645 -4.6424
v  2.2733 -4.0546 -3.6547
v  2.0993 -1.6978 -2.6911
v  2.0514 -4.0823 -4.2703
v  1.3927 -1.6978 -2.9114
v  1.4426 -3.4976 -4.6023
v  1.8389 -4.0800 -4.5381
v  2.0649 -1.4038 -3.0952
v  2.0037 -1.7780 -2.4702
v  1.3733 -1.4388 -3.1896
v  1.4426 -3.9682 -4.7254
v  1.9974 -1.6992 -2.4384
v  1.9138 -1.1509 -3.5046
v  1.4426 -4.0833 -4.6209
v  1.8370 -1.7780 -2.2336
v  2.0235 -1.3086 -2.5475
v  1.3603 -1.1484 -3.5924
v  1.7682 -1.0321 -3.6595
v  1.8486 -1.8712 -2.2562
v  2.0106 -1.1410 -2.9944
v  1.3603 -1.0167 -3.7451
v  1.9638 -0.7789 -2.8102
v  1.8897 -0.9583 -3.4184
v  1.4247 -2.4025 -2.1666
v  1.8520 -0.6080 -3.2018
v  1.7566 -0.8684 -3.5741
v  1.7331 -0.5327 -3.3584
v  1.3545 -0.8477 -3.6570
v  1.4426 -3.0029 -2.0061
v  1.6845 -0.1692 -3.0178
v  0.9905 -3.0029 -2.1271
v  1.3406 -0.5071 -3.4380
v  1.7838 -0.2332 -2.8640
v  0.9995 -2.4025 -2.2765
v  1.4426 -3.3693 -1.8901
v  0.6818 -3.0029 -2.4496
v  1.4426 -3.6466 -1.8696
v  0.9819 -3.3883 -2.0084
v  1.8824 -0.3668 -2.5413
v  1.9686 -0.9619 -2.3744
v  1.6138 0.1987 -2.6519
v  0.6428 -3.4380 -2.3517
v  1.8861 -0.5544 -2.1258
v  1.7075 0.1376 -2.5055
v  0.5590 -3.0029 -2.9024
v  1.8690 -1.0241 -2.1238
v  0.4976 -3.5008 -2.9545
v  1.7907 -0.6458 -1.8791
v  0.5590 -3.0029 -3.4842
v  1.9223 -1.3896 -2.3051
v  1.7940 -0.1593 -1.8807
v  0.5028 -3.5284 -3.6067
v  1.7547 -1.0634 -1.9323
v  0.4964 -3.8802 -2.9977
v  1.7904 -1.4184 -2.0966
v  1.8339 -1.6979 -2.2033
v  0.6555 -3.7532 -2.3394
v  0.5067 -3.9375 -3.7086
v  0.6109 -4.0643 -3.6916
v  1.3898 -1.7881 -2.1515
v  0.6506 -3.5124 -4.2089
v  0.9797 -3.6720 -1.9870
v  1.3854 -1.6976 -2.1212
v  0.7553 -4.0780 -4.3245
v  1.0315 -3.7982 -2.0412
v  1.3653 -1.4287 -2.0225
v  0.6565 -3.9521 -4.3607
v  0.7587 -3.8684 -2.3767
v  0.9883 -1.6979 -2.2033
v  0.9914 -3.9645 -4.6424
v  0.9809 -3.4976 -4.5173
v  0.5990 -3.9986 -2.9722
v  1.3481 -1.0770 -1.8607
v  0.9764 -2.9859 -4.3298
v  1.6987 -0.6951 -1.7142
v  0.6807 -2.9859 -4.0438
v  0.7117 -4.0546 -3.6547
v  0.9855 -2.3855 -4.0244
v  0.8457 -4.0823 -4.2703
v  0.6983 -3.9804 -2.9710
v  1.3188 -0.7289 -1.6564
v  0.7276 -2.3855 -3.8007
v  0.9616 -0.7186 -1.7255
v  0.9901 -2.1131 -3.8423
v  0.8556 -3.8850 -2.4106
v  1.6315 -0.3348 -1.4989
v  0.7624 -2.0555 -3.6109
v  1.0727 -3.8309 -2.1701
v  1.7060 -0.2717 -1.6391
v  0.6016 -2.4025 -3.3217
v  1.6360 0.0388 -1.4310
v  0.6660 -1.9940 -3.1464
v  1.4426 -3.8098 -2.0441
v  1.5801 -0.0464 -1.3151
v  1.4426 -3.7722 -1.9243
v  1.5500 0.0574 -1.2631
v  1.2680 -0.0479 -1.2479
v  1.6023 0.1373 -1.3756
v  0.6731 -1.8542 -2.7750
v  1.8679 -3.7982 -2.0412
v  1.6660 0.2593 -1.6114
v  0.6057 -2.4025 -2.8601
v  1.7022 0.1657 -1.6712
v  1.6552 0.4105 -1.8697
v  2.0519 -3.8850 -2.4106
v  1.6865 0.3384 -1.9887
v  0.7215 -2.4025 -2.5325
v  1.7998 -3.8309 -2.1701
v  1.5964 0.4802 -2.0175
v  0.7724 -1.8639 -2.4926
v  2.2685 -3.9804 -2.9710
v  0.6801 -1.7784 -2.6831
v  1.6229 0.4135 -2.1577
v  1.5045 0.5196 -2.1671
v  1.7910 0.0250 -2.2565
v  0.9846 -1.8695 -2.2545
v  1.3974 -1.8836 -2.1727
v  0.7811 -1.7780 -2.4702
v  1.5298 0.4600 -2.3032
v  1.2571 0.4821 -2.3310
v  0.6855 -1.6978 -2.6911
v  1.2650 0.4250 -2.4639
v  1.2852 0.2096 -2.7506
v  0.7059 -1.4038 -3.0952
v  0.7072 -1.3086 -2.5616
v  1.3156 -0.1425 -3.0979
v  0.8069 -1.1509 -3.5046
v  0.7873 -1.6992 -2.4384
v  0.7141 -1.1770 -3.0103
v  0.9852 -1.7807 -2.2342
v  0.7285 -0.8088 -2.8247
v  0.9525 -1.0321 -3.6595
v  0.7283 -0.9731 -2.3947
v  0.8204 -0.9667 -3.4240
v  0.8332 -0.6259 -3.2163
v  0.9537 -0.8702 -3.5756
v  0.7915 -1.3896 -2.3051
v  0.9513 -0.5395 -3.3645
v  0.8042 -1.0292 -2.1269
v  0.9471 -0.1871 -3.0358
v  0.9707 -1.4184 -2.0966
v  0.9673 -1.0629 -1.9320
v  0.8490 -0.2674 -2.8961
v  0.8214 -0.6824 -1.8998
v  0.9476 0.1593 -2.7036
v  0.7521 -0.6006 -2.1509
v  0.9531 0.3406 -2.4944
v  0.8319 -0.3600 -1.6902
v  0.8532 0.0780 -2.5750
v  0.7528 -0.4103 -2.5791
v  0.9576 -0.4089 -1.5346
v  0.8586 0.2621 -2.3793
v  0.8411 -0.0949 -1.5191
v  0.7666 -0.0363 -2.3384
v  0.9548 -0.1497 -1.3640
v  1.2957 -0.4085 -1.4666
v  0.9562 0.3905 -2.3552
v  0.7836 0.1536 -2.1868
v  1.2786 -0.1465 -1.2911
v  0.7650 -0.2529 -1.9364
v  0.9535 -0.0623 -1.3484
v  0.8617 0.3173 -2.2428
v  0.7808 -0.0098 -1.7975
v  0.7960 0.2278 -2.0636
v  0.8472 -0.0106 -1.4955
v  0.7942 0.0850 -1.7599
v  1.4426 -4.7046 -4.4445
v  1.8601 -4.7046 -4.3897
v  1.4426 -4.7046 -4.3160
v  1.0252 -4.7046 -4.3897
v  2.1314 -4.7046 -4.2328
v  0.7677 -4.7046 -4.2372
v  1.4426 -4.7046 -3.6225
v  2.3989 -4.7046 -3.6233
v  0.5860 -4.7046 -3.6233
v  1.4426 -4.7046 -2.8362
v  2.4402 -4.7046 -2.8344
v  0.5254 -4.7046 -2.8344
v  2.2143 -4.7046 -2.2243
v  0.7114 -4.7046 -2.2243
v  1.4426 -4.7046 -2.2002
v  1.9187 -4.7046 -1.9642
v  0.9538 -4.7046 -1.9642
v  1.4426 -4.7046 -1.8015
v  1.2615 0.4021 -2.1282
v  1.2601 0.3186 -1.9463
v  1.2642 0.1727 -1.6544
v  1.2779 0.0540 -1.4111
v  1.7780 -4.0811 -4.4423
v  1.4426 -4.0844 -4.4976
v  1.4426 -4.3791 -4.5580
v  1.8368 -4.3701 -4.5021
v  1.4426 -4.6236 -4.5254
v  1.8505 -4.6238 -4.4701
v  2.1326 -4.3665 -4.3223
v  2.3804 -4.3626 -3.6462
v  2.1555 -4.6242 -4.2961
v  2.4040 -4.3166 -2.8545
v  2.4294 -4.6247 -3.6298
v  2.1819 -4.2400 -2.2903
v  2.4700 -4.6239 -2.8395
v  1.8913 -4.2004 -2.0275
v  2.2652 -4.6228 -2.2224
v  1.9368 -4.6245 -1.9438
v  1.4426 -4.1757 -1.8804
v  1.4426 -4.6243 -1.7762
v  0.9898 -4.2004 -2.0275
v  0.9357 -4.6245 -1.9438
v  0.7343 -4.2400 -2.2903
v  0.5715 -4.3166 -2.8545
v  0.6605 -4.6228 -2.2224
v  0.6132 -4.3626 -3.6462
v  0.4956 -4.6239 -2.8395
v  0.5556 -4.6247 -3.6298
v  0.7731 -4.3665 -4.3223
v  0.7417 -4.6242 -4.2961
v  1.0571 -4.3701 -4.5021
v  1.1073 -4.0811 -4.4423
v  1.0348 -4.6238 -4.4701
v  1.0464 -4.0800 -4.5381
v  -0.2691 5.2295 6.3049
v  -0.4005 5.2765 6.4454
v  -0.0809 5.3133 6.4856
v  -0.5278 5.2091 6.3055
v  -0.1584 5.3474 6.5999
v  -0.4466 5.0736 5.9977
v  0.1190 5.3828 6.6828
v  -0.6380 5.0928 6.0723
v  0.1848 5.3561 6.5873
v  -0.7545 4.8671 5.6325
v  0.3853 5.3960 6.7154
v  0.3853 5.3665 6.6175
v  -0.5490 4.8738 5.6054
v  -0.5843 4.6344 5.1168
v  -0.7722 4.6203 5.1163
v  -0.5708 4.4658 4.7832
v  -0.7190 4.4275 4.7487
v  -0.5674 4.3097 4.5303
v  -0.4733 4.3600 4.5714
v  -0.2640 4.2475 4.4130
v  -0.2409 4.0930 4.5444
v  -0.1751 4.3019 4.4648
v  0.0950 4.2247 4.3782
v  -0.5489 4.1507 4.6666
v  0.1389 4.2873 4.4444
v  -0.5163 4.0048 4.7820
v  0.3853 4.2098 4.3698
v  0.1021 4.0732 4.5071
v  -0.2164 3.9287 4.6818
v  0.3853 4.2745 4.4415
v  -0.4863 3.8531 4.9096
v  0.3853 4.0661 4.4948
v  0.6317 4.2873 4.4444
v  0.1177 3.8860 4.6552
v  -0.1888 3.7497 4.8236
v  0.6755 4.2247 4.3782
v  0.3853 3.8760 4.6459
v  -0.4544 3.6715 5.0436
v  0.6685 4.0732 4.5071
v  0.1341 3.7020 4.7913
v  -0.1463 3.5611 4.9644
v  0.3853 3.6792 4.7872
v  0.9457 4.3019 4.4648
v  -0.3758 3.5133 5.2015
v  0.6529 3.8860 4.6552
v  0.1524 3.4997 4.9412
v  -0.0946 3.4177 5.1096
v  1.0115 4.0930 4.5444
v  0.3853 3.4767 4.9323
v  0.9869 3.9287 4.6818
v  0.1650 3.3606 5.0872
v  0.6182 3.4997 4.9412
v  1.0346 4.2475 4.4130
v  0.3853 3.3411 5.0784
v  1.2869 4.0048 4.7820
v  0.6056 3.3606 5.0872
v  1.3380 4.3097 4.5303
v  0.8652 3.4177 5.1096
v  1.2438 4.3600 4.5714
v  1.3194 4.1507 4.6666
v  0.9168 3.5611 4.9644
v  1.2569 3.8531 4.9096
v  0.6365 3.7020 4.7913
v  0.9594 3.7497 4.8236
v  1.1464 3.5133 5.2015
v  1.3414 4.4658 4.7832
v  1.2250 3.6715 5.0436
v  1.4896 4.4275 4.7487
v  1.5428 4.6203 5.1163
v  1.3549 4.6344 5.1168
v  1.5251 4.8671 5.6325
v  1.3196 4.8738 5.6054
v  1.2172 5.0736 5.9977
v  1.4086 5.0928 6.0723
v  1.2984 5.2091 6.3055
v  1.0397 5.2295 6.3049
v  1.1711 5.2765 6.4454
v  0.8515 5.3133 6.4856
v  0.9290 5.3474 6.5999
v  0.6515 5.3828 6.6828
v  0.5858 5.3561 6.5873
v  -0.1779 5.2391 6.6704
v  -0.4074 5.1877 6.4973
v  0.0643 5.1886 6.7876
v  0.3853 5.2063 6.8189
v  0.0062 5.1984 6.8384
v  -0.5193 5.0884 6.3734
v  0.1907 5.0415 6.8562
v  0.1543 5.0434 6.8836
v  -0.4400 5.1949 6.5779
v  -0.5592 5.0799 6.4431
v  0.0743 5.0023 6.9086
v  -0.2349 5.2476 6.7344
v  -0.6150 4.9176 6.3360
v  -0.0631 5.1259 6.8843
v  -0.5919 4.9259 6.2647
v  0.0069 4.9290 6.8707
v  -0.5791 5.0296 6.5187
v  -0.6173 4.8805 6.4027
v  -0.1383 5.0222 6.8498
v  -0.2996 5.1709 6.7950
v  -0.0699 4.8741 6.7688
v  -0.4739 5.1274 6.6596
v  -0.2222 4.9306 6.6878
v  0.0650 4.8345 6.8635
v  -0.5343 4.8395 6.4853
v  0.1499 4.8496 6.9064
v  -0.2932 5.0511 6.7891
v  -0.5217 4.9386 6.5685
v  -0.1830 4.7992 6.6469
v  -0.4421 5.0136 6.6701
v  0.2058 4.8740 6.9022
v  -0.3997 4.9003 6.5873
v  0.2183 4.7016 6.8787
v  -0.0296 4.7206 6.7458
v  0.1813 4.6959 6.8770
v  0.1107 4.6985 6.8412
v  0.2384 4.7026 6.8731
v  0.2318 4.8791 6.8877
v  -0.0239 4.6068 6.7280
v  0.2066 4.5287 6.8375
v  -0.1726 4.6775 6.6221
v  0.1070 4.5521 6.8078
v  0.3853 4.7052 6.8909
v  0.3853 5.0534 6.8727
v  -0.3145 4.6956 6.5180
v  0.0772 4.2971 6.7153
v  0.3853 4.8818 6.9035
v  -0.2135 4.4006 6.5443
v  0.5388 4.8791 6.8877
v  0.2112 4.2831 6.7597
v  -0.3299 4.4863 6.4739
v  0.5322 4.7026 6.8731
v  0.1840 4.0208 6.6350
v  -0.3351 4.2403 6.4185
v  0.5648 4.8740 6.9022
v  0.3853 4.0152 6.6553
v  -0.1879 4.1273 6.5046
v  0.5523 4.7016 6.8787
v  0.3853 4.2699 6.7806
v  -0.4261 4.4037 6.3701
v  0.6207 4.8496 6.9064
v  0.3853 4.5107 6.8527
v  -0.5361 4.3059 6.1958
v  0.5893 4.6959 6.8770
v  -0.4506 4.0729 6.2522
v  0.6599 4.6985 6.8412
v  -0.3127 3.9119 6.3348
v  0.7056 4.8345 6.8635
v  0.8002 4.7206 6.7458
v  -0.0947 3.8054 6.3937
v  0.7945 4.6068 6.7280
v  0.8405 4.8741 6.7688
v  0.5640 4.5287 6.8375
v  -0.0141 4.0511 6.5757
v  0.7637 4.9290 6.8707
v  -0.0938 4.3376 6.6295
v  0.9536 4.7992 6.6469
v  0.9432 4.6775 6.6221
v  0.9089 5.0222 6.8498
v  0.9928 4.9306 6.6878
v  1.0851 4.6956 6.5180
v  0.9841 4.4006 6.5443
v  0.8337 5.1259 6.8843
v  0.8644 4.3376 6.6295
v  1.0701 5.1709 6.7950
v  0.9585 4.1273 6.5046
v  1.0638 5.0511 6.7891
v  0.6963 5.0023 6.9086
v  0.7846 4.0511 6.5757
v  1.2445 5.1274 6.6596
v  0.7644 5.1984 6.8384
v  0.8653 3.8054 6.3937
v  1.2126 5.0136 6.6701
v  1.0054 5.2476 6.7344
v  1.0832 3.9119 6.3348
v  1.2106 5.1949 6.5779
v  0.6163 5.0434 6.8836
v  1.1057 4.2403 6.4185
v  0.7063 5.1886 6.7876
v  0.9485 5.2391 6.6704
v  1.2212 4.0729 6.2522
v  0.5799 5.0415 6.8562
v  1.3067 4.3059 6.1958
v  1.3497 5.0296 6.5187
v  1.1967 4.4037 6.3701
v  1.3298 5.0799 6.4431
v  1.1005 4.4863 6.4739
v  1.1780 5.1877 6.4973
v  1.3879 4.8805 6.4027
v  1.3049 4.8395 6.4853
v  1.3856 4.9176 6.3360
v  1.2923 4.9386 6.5685
v  1.3454 4.7709 6.2924
v  1.2899 5.0884 6.3734
v  1.1702 4.9003 6.5873
v  1.3624 4.9259 6.2647
v  1.3408 4.7508 6.3402
v  1.1274 4.7900 6.5267
v  1.3470 4.7271 6.2150
v  1.2728 4.7338 6.4246
v  1.2998 4.6843 6.3444
v  1.2293 4.6838 6.4254
v  1.1841 4.6095 6.4354
v  1.2519 4.5890 6.3482
v  1.3386 4.5210 6.1893
v  0.3853 3.7542 6.4571
v  0.5866 4.0208 6.6350
v  0.1473 3.7611 6.4360
v  0.5593 4.2831 6.7597
v  0.6233 3.7611 6.4360
v  0.6934 4.2971 6.7153
v  0.6636 4.5521 6.8078
v  -0.5703 4.7508 6.3402
v  -0.5748 4.7709 6.2924
v  -0.5022 4.7338 6.4246
v  -0.3569 4.7900 6.5267
v  -0.5292 4.6843 6.3444
v  -0.5764 4.7271 6.2150
v  -0.4587 4.6838 6.4254
v  -0.4813 4.5890 6.3482
v  -0.5680 4.5210 6.1893
v  -0.4135 4.6095 6.4354
v  -0.6335 7.6408 4.4683
v  -0.6503 7.4591 4.7685
v  -0.4358 7.8584 4.6910
v  -0.4230 7.9540 4.2396
v  -0.4321 7.6887 5.0601
v  -0.2660 8.0640 4.2837
v  -0.6050 7.7836 4.1411
v  -0.6556 7.2480 4.9761
v  -0.2658 7.9818 4.7858
v  -0.8161 7.3161 4.1184
v  -0.4244 7.4871 5.3499
v  -0.2464 7.8062 5.1692
v  0.0642 8.1203 4.3187
v  -0.7755 7.4729 3.9477
v  0.0669 8.0390 4.8697
v  -0.9082 7.0725 3.6206
v  -0.2283 7.5766 5.4899
v  0.3853 8.1511 4.3367
v  -0.8689 7.2709 3.4988
v  -0.6400 7.0036 5.1955
v  0.0744 8.1147 3.9143
v  -0.8609 7.1103 3.2682
v  -0.8218 6.6567 4.6576
v  0.3853 8.1456 3.9170
v  -0.8858 6.8364 3.3235
v  -0.8315 6.9064 4.4737
v  -0.9214 6.8260 3.7651
v  -0.7647 6.2814 4.9006
v  -0.6030 6.6087 5.4520
v  -0.2635 8.0603 3.8987
v  -0.8345 5.9394 4.2472
v  -0.8435 7.1322 4.2813
v  -0.8901 6.2984 4.0397
v  -0.8019 5.7506 3.7661
v  -0.9206 6.5740 3.9013
v  -0.4013 7.9669 3.8808
v  -0.7360 5.3603 4.0517
v  -0.6427 5.2694 3.8734
v  -0.8881 6.6190 3.3834
v  -0.7164 5.6715 3.5402
v  -0.7748 5.5430 4.4961
v  -0.8549 6.0978 3.5728
v  -0.8125 6.7144 3.1357
v  -0.8829 6.3659 3.4580
v  -0.6969 5.8536 5.1477
v  -0.8039 6.4886 3.1424
v  -0.5520 6.1262 5.6699
v  -0.7589 5.9994 3.3228
v  -0.7117 5.1905 4.7478
v  -0.6828 4.9804 4.3815
v  -0.6535 5.4968 5.3191
v  -0.3548 6.3259 6.0739
v  -0.5651 5.6862 3.4629
v  -0.5246 5.7495 5.8154
v  -0.3793 6.8420 5.8519
v  -0.6224 5.9804 3.2640
v  -0.4897 5.3865 5.9277
v  -0.4122 7.2568 5.5782
v  -0.6423 6.2137 3.1204
v  -0.2938 5.5434 6.2676
v  -0.2107 7.3521 5.7210
v  -0.7853 6.2503 3.1930
v  -0.6605 6.4756 3.0337
v  -0.5984 5.1655 5.4827
v  0.0830 7.6498 5.5909
v  -0.6770 6.7332 2.9967
v  0.0939 7.4213 5.8282
v  -0.4905 6.4848 2.9878
v  -0.6455 4.8905 4.9561
v  -0.1858 6.9375 6.0012
v  -0.5105 6.7632 2.9433
v  -0.7015 7.0066 3.0245
v  -0.6345 4.6955 4.6097
v  -0.4751 6.2013 3.0867
v  -0.8192 6.9257 3.1567
v  -0.5323 4.5862 4.4140
v  -0.2166 4.5213 4.3178
v  -0.2707 4.8145 4.1026
v  0.1271 4.5182 4.2916
v  0.1129 4.7996 4.0887
v  -0.5798 4.8657 4.1886
v  0.3853 4.7986 4.0897
v  0.0902 4.9952 3.9393
v  0.3853 4.5118 4.2939
v  0.3853 4.9864 3.9507
v  -0.2918 5.0504 3.9171
v  0.3853 5.1597 3.8328
v  0.0770 5.1892 3.8113
v  -0.2812 5.2649 3.7734
v  0.3853 5.2907 3.7350
v  0.0787 5.3253 3.7150
v  -0.2464 5.3865 3.6764
v  0.3853 5.3695 3.6791
v  0.0862 5.4023 3.6580
v  -0.4235 5.7110 3.4317
v  -0.2018 5.4533 3.6252
v  -0.4635 5.9713 3.2285
v  -0.1570 6.4068 6.2270
v  -0.1401 6.0076 6.3447
v  -0.3330 5.9371 6.1874
v  0.1260 6.4732 6.3559
v  -0.1119 5.6097 6.4418
v  0.1474 6.0591 6.4731
v  0.1006 7.0076 6.1165
v  0.1647 5.6623 6.5560
v  0.3853 7.4466 5.8559
v  0.3853 5.6760 6.5891
v  0.3853 7.0266 6.1562
v  0.3853 6.0797 6.5076
v  0.3853 7.6778 5.6110
v  0.3853 6.4849 6.3923
v  0.3853 7.9061 5.2794
v  0.0785 7.8820 5.2480
v  0.3853 8.0600 4.9095
v  -0.6988 7.5893 3.7270
v  -0.5728 7.8287 3.8491
v  -0.7722 7.4190 3.4040
v  -0.7476 7.2579 3.1724
v  -0.5410 7.0539 2.9797
v  0.3853 5.4503 3.6105
v  0.0816 5.4764 3.6017
v  0.3853 5.7110 3.4317
v  0.0589 5.7110 3.4317
v  0.3853 5.9713 3.2285
v  -0.1442 5.5189 3.5758
v  0.6843 5.4023 3.6580
v  0.6889 5.4764 3.6017
v  0.0399 5.9713 3.2285
v  -0.3356 5.7110 3.4317
v  0.7117 5.7110 3.4317
v  0.9148 5.5189 3.5758
v  0.3853 6.2013 3.0867
v  0.9723 5.4533 3.6252
v  0.0263 6.2013 3.0867
v  -0.3772 5.9713 3.2285
v  1.1062 5.7110 3.4317
v  0.3853 6.4628 2.9970
v  0.7307 5.9713 3.2285
v  -0.3908 6.2013 3.0867
v  1.1478 5.9713 3.2285
v  0.0167 6.4726 2.9930
v  0.7443 6.2013 3.0867
v  -0.4085 6.4891 2.9865
v  0.3853 6.7328 2.9516
v  1.1614 6.2013 3.0867
v  0.0112 6.7435 2.9478
v  0.7539 6.4726 2.9930
v  1.2341 5.9713 3.2285
v  -0.4253 6.7584 2.9442
v  0.3853 7.0192 2.9653
v  0.7594 6.7435 2.9478
v  1.1790 6.4891 2.9865
v  1.2457 6.2013 3.0867
v  -0.4313 7.0499 2.9780
v  0.7591 7.0333 2.9711
v  0.0115 7.0333 2.9711
v  1.1959 6.7584 2.9442
v  1.2611 6.4848 2.9878
v  0.3853 7.3100 3.1074
v  0.0048 7.3100 3.1074
v  0.7658 7.3100 3.1074
v  1.2019 7.0499 2.9780
v  1.2811 6.7632 2.9433
v  -0.4552 7.3100 3.1074
v  0.3853 7.4920 3.3812
v  0.0089 7.4976 3.3852
v  1.2258 7.3100 3.1074
v  1.3116 7.0539 2.9797
v  -0.4910 7.4977 3.3758
v  0.7617 7.4976 3.3852
v  0.0279 7.6318 3.6198
v  -0.4845 7.6129 3.6076
v  1.2616 7.4977 3.3758
v  -0.4062 7.7437 3.6739
v  1.2551 7.6129 3.6076
v  0.7426 7.6318 3.6198
v  1.1768 7.7437 3.6739
v  0.3853 7.6358 3.6213
v  -0.3228 7.8386 3.7112
v  0.7278 7.7667 3.6871
v  1.0934 7.8386 3.7112
v  0.0428 7.7667 3.6871
v  0.0630 7.8632 3.7172
v  0.3853 7.7691 3.6918
v  0.7076 7.8632 3.7172
v  0.3853 7.8735 3.7208
v  -0.2103 7.9147 3.7355
v  0.9809 7.9147 3.7355
v  0.0768 7.9691 3.7474
v  0.6938 7.9691 3.7474
v  0.3853 7.9961 3.7533
v  1.4041 7.6408 4.4683
v  1.2064 7.8584 4.6910
v  1.4209 7.4591 4.7685
v  1.1936 7.9540 4.2396
v  1.2027 7.6887 5.0601
v  1.3755 7.7836 4.1411
v  1.4262 7.2480 4.9761
v  1.0364 7.9818 4.7858
v  1.5866 7.3161 4.1184
v  1.0366 8.0640 4.2837
v  1.6021 6.9064 4.4737
v  1.5461 7.4729 3.9477
v  1.1950 7.4871 5.3499
v  1.6141 7.1322 4.2813
v  1.6788 7.0725 3.6206
v  1.5924 6.6567 4.6576
v  1.6395 7.2709 3.4988
v  1.4106 7.0036 5.1955
v  1.6912 6.5740 3.9013
v  1.4694 7.5893 3.7270
v  1.5353 6.2814 4.9006
v  1.6606 6.2984 4.0397
v  1.6315 7.1103 3.2682
v  1.3736 6.6087 5.4520
v  1.5427 7.4190 3.4040
v  1.6051 5.9394 4.2472
v  1.1827 7.2568 5.5782
v  1.5454 5.5430 4.4961
v  1.5066 5.3603 4.0517
v  1.4675 5.8536 5.1477
v  1.1499 6.8420 5.8519
v  1.3433 7.8287 3.8491
v  1.4534 4.9804 4.3815
v  1.1254 6.3259 6.0739
v  1.5725 5.7506 3.7661
v  0.9276 6.4068 6.2270
v  1.4133 5.2694 3.8734
v  0.9564 6.9375 6.0012
v  1.1718 7.9669 3.8808
v  1.4870 5.6715 3.5402
v  0.9813 7.3521 5.7210
v  1.6255 6.0978 3.5728
v  1.0341 8.0603 3.8987
v  0.9988 7.5766 5.4899
v  1.5295 5.9994 3.3228
v  0.6962 8.1147 3.9143
v  1.6535 6.3659 3.4580
v  1.0170 7.8062 5.1692
v  1.3357 5.6862 3.4629
v  0.6921 7.8820 5.2480
v  1.3930 5.9804 3.2640
v  0.7064 8.1203 4.3187
v  1.4128 6.2137 3.1204
v  1.0169 5.3865 3.6764
v  1.5559 6.2503 3.1930
v  1.0518 5.2649 3.7734
v  0.7037 8.0390 4.8697
v  1.4311 6.4756 3.0337
v  1.5745 6.4886 3.1424
v  0.6919 5.3253 3.7150
v  0.6936 5.1892 3.8113
v  1.1940 5.7110 3.4317
v  1.4476 6.7332 2.9967
v  0.6803 4.9952 3.9393
v  1.5831 6.7144 3.1357
v  1.4721 7.0066 3.0245
v  1.5898 6.9257 3.1567
v  1.5182 7.2579 3.1724
v  1.6587 6.6190 3.3834
v  0.6577 4.7996 4.0887
v  1.6563 6.8364 3.3235
v  0.6435 4.5182 4.2916
v  1.6920 6.8260 3.7651
v  0.9872 4.5213 4.3178
v  1.0413 4.8145 4.1026
v  1.3029 4.5862 4.4140
v  1.4051 4.6955 4.6097
v  1.0624 5.0504 3.9171
v  1.3504 4.8657 4.1886
v  1.4161 4.8905 4.9561
v  1.4823 5.1905 4.7478
v  1.4240 5.4968 5.3191
v  1.3690 5.1655 5.4827
v  1.2603 5.3865 5.9277
v  1.2951 5.7495 5.8154
v  1.3226 6.1262 5.6699
v  1.0644 5.5434 6.2676
v  1.1036 5.9371 6.1874
v  0.8824 5.6097 6.4418
v  0.9107 6.0076 6.3447
v  0.6059 5.6623 6.5560
v  0.6232 6.0591 6.4731
v  0.6446 6.4732 6.3559
v  0.6700 7.0076 6.1165
v  0.6767 7.4213 5.8282
v  0.6876 7.6498 5.5909
v  0.2543 9.3484 4.1701
v  0.2543 9.0979 3.9715
v  0.2543 8.8580 4.5971
v  0.2543 9.0861 4.8067
v  0.2543 8.5925 4.4107
v  0.2543 9.5301 4.4178
v  0.2543 8.8422 3.8631
v  0.2543 9.6719 4.7149
v  0.2543 8.4972 4.1881
v  0.2543 9.2571 5.0265
v  0.2543 8.3416 4.2512
v  0.2543 8.5750 3.8112
v  0.2543 9.7194 4.9988
v  0.2543 8.4269 4.7840
v  0.2543 8.3708 3.7867
v  0.2543 9.3925 5.2480
v  0.2543 8.7203 4.5875
v  0.2543 9.7111 5.1419
v  0.2543 8.4409 4.8776
v  0.2543 8.2188 3.7755
v  0.2543 9.4513 5.3396
v  0.2543 8.8194 4.7897
v  0.2543 8.0984 4.5879
v  0.2543 9.6949 5.2536
v  0.2543 8.4590 5.0047
v  0.2543 8.0455 4.8343
v  0.2543 9.4958 5.4004
v  0.2543 8.8648 4.9943
v  0.2543 8.3764 5.0082
v  0.2543 9.6631 5.3390
v  0.2543 8.4671 5.1300
v  0.2543 7.9802 5.0320
v  0.2543 9.5386 5.4406
v  0.2543 8.8655 5.1704
v  0.2543 8.3019 5.2052
v  0.2543 9.6090 5.4178
v  0.2543 8.4650 5.2385
v  0.2543 7.9060 5.2090
v  0.2543 9.5666 5.4441
v  0.2543 8.8446 5.3409
v  0.2543 8.2089 5.3766
v  0.2543 8.4561 5.3550
v  0.2543 8.1035 5.5286
v  0.2543 8.7974 5.4959
v  0.2543 7.8265 5.3510
v  0.2543 8.4432 5.4800
v  0.2543 7.9840 5.6543
v  0.2543 8.7261 5.6458
v  0.2543 7.7400 5.4955
v  0.2543 8.4282 5.6278
v  0.2543 7.8612 5.7494
v  0.2543 8.6513 5.7296
v  0.2543 7.6529 5.6309
v  0.2543 8.4219 5.7186
v  0.2543 7.7382 5.8258
v  0.2543 8.5961 5.7734
v  0.2543 7.5851 5.7223
v  0.2543 8.4242 5.7645
v  0.2543 7.6872 5.8374
v  0.2543 8.5089 5.8035
v  0.2543 8.4515 5.8013
v  0.2543 7.5612 5.7590
v  0.2543 7.6435 5.8396
v  0.2543 7.5528 5.7776
v  0.2543 7.5902 5.8258
v  0.2543 7.5528 5.7987
v  0.2543 8.1168 4.2564
v  0.2543 8.0637 3.7786
v  0.5163 8.5925 4.4107
v  0.5163 9.0979 3.9715
v  0.5163 8.8580 4.5971
v  0.5163 8.8422 3.8631
v  0.5163 9.3484 4.1701
v  0.5163 8.4972 4.1881
v  0.5163 9.0861 4.8067
v  0.5163 8.5750 3.8112
v  0.5163 8.3416 4.2512
v  0.5163 9.5301 4.4178
v  0.5163 8.3708 3.7867
v  0.5163 8.4269 4.7840
v  0.5163 9.6719 4.7149
v  0.5163 8.2188 3.7755
v  0.5163 8.7203 4.5875
v  0.5163 9.2571 5.0265
v  0.5163 8.0984 4.5879
v  0.5163 8.1168 4.2564
v  0.5163 8.4409 4.8776
v  0.5163 9.7194 4.9988
v  0.5163 8.0637 3.7786
v  0.5163 8.8194 4.7897
v  0.5163 9.3925 5.2480
v  0.5163 8.0455 4.8343
v  0.5163 8.4590 5.0047
v  0.5163 9.7111 5.1419
v  0.5163 8.3764 5.0082
v  0.5163 8.8648 4.9943
v  0.5163 9.4513 5.3396
v  0.5163 7.9802 5.0320
v  0.5163 8.4671 5.1300
v  0.5163 9.6949 5.2536
v  0.5163 8.3019 5.2052
v  0.5163 8.8655 5.1704
v  0.5163 9.4958 5.4004
v  0.5163 7.9060 5.2090
v  0.5163 8.4650 5.2385
v  0.5163 9.6631 5.3390
v  0.5163 8.2089 5.3766
v  0.5163 8.8446 5.3409
v  0.5163 9.5386 5.4406
v  0.5163 8.1035 5.5286
v  0.5163 8.4561 5.3550
v  0.5163 9.6090 5.4178
v  0.5163 7.8265 5.3510
v  0.5163 8.7974 5.4959
v  0.5163 9.5666 5.4441
v  0.5163 7.9840 5.6543
v  0.5163 8.4432 5.4800
v  0.5163 7.7400 5.4955
v  0.5163 8.7261 5.6458
v  0.5163 7.8612 5.7494
v  0.5163 8.4282 5.6278
v  0.5163 7.6529 5.6309
v  0.5163 8.6513 5.7296
v  0.5163 7.7382 5.8258
v  0.5163 8.4219 5.7186
v  0.5163 7.5851 5.7223
v  0.5163 8.5961 5.7734
v  0.5163 7.6872 5.8374
v  0.5163 8.4242 5.7645
v  0.5163 7.5612 5.7590
v  0.5163 8.5089 5.8035
v  0.5163 8.4515 5.8013
v  0.5163 7.6435 5.8396
v  0.5163 7.5528 5.7776
v  0.5163 7.5902 5.8258
v  0.5163 7.5528 5.7987
v  0.2543 8.3769 3.3235
v  0.2543 8.2650 3.3889
v  0.2543 8.3260 3.4898
v  0.2543 8.2832 3.1708
v  0.2543 8.2223 3.6342
v  0.2543 8.3990 3.1011
v  0.2543 8.1531 3.4467
v  0.2543 8.2428 2.9330
v  0.2543 8.1258 3.2232
v  0.2543 8.1403 3.7059
v  0.2543 8.3641 2.8633
v  0.2543 8.0544 2.9912
v  0.2543 8.0303 3.5035
v  0.2543 8.1248 2.6694
v  0.2543 7.9421 3.2828
v  0.2543 8.0637 3.7562
v  0.2543 8.3041 2.5553
v  0.2543 7.9398 2.4793
v  0.2543 7.8306 3.0822
v  0.2543 8.1900 2.2829
v  0.2543 7.9156 2.7641
v  0.2543 8.0487 2.0388
v  0.2543 7.7360 2.9001
v  0.2543 7.7111 2.3259
v  0.2543 7.7697 2.6251
v  0.2543 7.9169 1.8695
v  0.2543 7.6143 2.7720
v  0.2543 7.5267 2.2168
v  0.2543 7.5618 2.4787
v  0.2543 7.4215 1.9309
v  0.2543 7.4245 2.6162
v  0.2543 7.7507 1.7047
v  0.2543 7.4008 2.3557
v  0.2543 7.3767 1.7382
v  0.2543 7.4049 2.1126
v  0.2543 7.2613 2.5119
v  0.2543 7.5979 1.5949
v  0.2543 7.2668 2.2744
v  0.2543 7.4920 1.5362
v  0.2543 7.2417 1.9495
v  0.2543 7.1333 2.4417
v  0.2543 7.3659 1.6142
v  0.2543 7.0762 2.1544
v  0.2543 7.3922 1.5083
v  0.2543 7.3645 1.5283
v  0.2543 7.0344 1.7884
v  0.2543 6.9753 2.3658
v  0.2543 6.8704 2.0293
v  0.2543 6.7771 2.2859
v  0.2543 6.8020 1.6377
v  0.2543 6.5639 2.2210
v  0.2543 6.6315 1.9103
v  0.2543 6.5882 1.5237
v  0.2543 6.3147 2.1485
v  0.2543 6.3685 1.8134
v  0.2543 6.4525 1.4622
v  0.2543 6.1961 2.1199
v  0.2543 6.2737 1.7093
v  0.2543 6.2488 1.7615
v  0.2543 6.2175 1.5817
v  0.2543 5.9870 2.0792
v  0.2543 6.3334 1.4278
v  0.2543 6.0351 1.6964
v  0.2543 6.2165 1.4330
v  0.2543 6.1904 1.4684
v  0.2543 5.6809 2.0067
v  0.2543 5.7339 1.6166
v  0.2543 5.3819 1.9155
v  0.2543 5.4229 1.5498
v  0.2543 5.0744 1.7769
v  0.2543 5.1248 1.4875
v  0.2543 4.7967 1.6124
v  0.2543 4.9031 1.4216
v  0.2543 4.8318 1.4002
v  0.2543 4.7077 1.5498
v  0.2543 4.7286 1.4109
v  0.2543 4.6598 1.4711
v  0.5163 8.2223 3.6342
v  0.5163 8.2650 3.3889
v  0.5163 8.3260 3.4898
v  0.5163 8.1531 3.4467
v  0.5163 8.3769 3.3235
v  0.5163 8.1403 3.7059
v  0.5163 8.2832 3.1708
v  0.5163 8.0303 3.5035
v  0.5163 8.1258 3.2232
v  0.5163 8.3990 3.1011
v  0.5163 8.0637 3.7562
v  0.5163 7.9421 3.2828
v  0.5163 8.2428 2.9330
v  0.5163 8.0544 2.9912
v  0.5163 8.3641 2.8633
v  0.5163 7.8306 3.0822
v  0.5163 8.1248 2.6694
v  0.5163 7.9156 2.7641
v  0.5163 8.3041 2.5553
v  0.5163 7.7360 2.9001
v  0.5163 7.9398 2.4793
v  0.5163 7.7697 2.6251
v  0.5163 8.1900 2.2829
v  0.5163 7.6143 2.7720
v  0.5163 8.0487 2.0388
v  0.5163 7.7111 2.3259
v  0.5163 7.5618 2.4787
v  0.5163 7.9169 1.8695
v  0.5163 7.4245 2.6162
v  0.5163 7.5267 2.2168
v  0.5163 7.4008 2.3557
v  0.5163 7.4215 1.9309
v  0.5163 7.2613 2.5119
v  0.5163 7.4049 2.1126
v  0.5163 7.7507 1.7047
v  0.5163 7.2668 2.2744
v  0.5163 7.3767 1.7382
v  0.5163 7.1333 2.4417
v  0.5163 7.2417 1.9495
v  0.5163 7.5979 1.5949
v  0.5163 7.0762 2.1544
v  0.5163 7.4920 1.5362
v  0.5163 6.9753 2.3658
v  0.5163 7.0344 1.7884
v  0.5163 7.3659 1.6142
v  0.5163 6.7771 2.2859
v  0.5163 6.8704 2.0293
v  0.5163 7.3922 1.5083
v  0.5163 7.3645 1.5283
v  0.5163 6.8020 1.6377
v  0.5163 6.5639 2.2210
v  0.5163 6.6315 1.9103
v  0.5163 6.5882 1.5237
v  0.5163 6.3147 2.1485
v  0.5163 6.3685 1.8134
v  0.5163 6.4525 1.4622
v  0.5163 6.1961 2.1199
v  0.5163 6.2737 1.7093
v  0.5163 6.2488 1.7615
v  0.5163 6.2175 1.5817
v  0.5163 5.9870 2.0792
v  0.5163 6.3334 1.4278
v  0.5163 6.0351 1.6964
v  0.5163 6.2165 1.4330
v  0.5163 6.1904 1.4684
v  0.5163 5.6809 2.0067
v  0.5163 5.7339 1.6166
v  0.5163 5.3819 1.9155
v  0.5163 5.4229 1.5498
v  0.5163 5.0744 1.7769
v  0.5163 5.1248 1.4875
v  0.5163 4.7967 1.6124
v  0.5163 4.9031 1.4216
v  0.5163 4.8318 1.4002
v  0.5163 4.7077 1.5498
v  0.5163 4.7286 1.4109
v  0.5163 4.6598 1.4711
# 3293 vertices

vn 0.8889 0.2656 -0.3732
vn 0.9180 0.1814 0.3526
vn 0.9446 0.2003 -0.2600
vn 0.8375 0.3985 0.3738
vn 0.9335 -0.0361 0.3569
vn 0.8259 0.4015 -0.3958
vn 0.9431 0.1688 -0.2866
vn 0.3715 0.0928 0.9238
vn 0.3746 0.1551 -0.9141
vn 0.3388 0.2148 -0.9160
vn 0.4134 0.2021 -0.8879
vn 0.9086 -0.2504 0.3342
vn 0.6510 0.6284 0.4257
vn 0.8692 -0.4386 0.2282
vn 0.3040 0.2172 0.9276
vn 0.6886 0.3700 -0.6236
vn 0.9664 0.1438 -0.2132
vn 0.9284 -0.2862 0.2369
vn 0.4574 0.7604 0.4610
vn 0.7573 0.3331 -0.5617
vn 0.8242 -0.5638 0.0532
vn 0.6722 0.6303 -0.3884
vn 0.4558 0.3014 -0.8375
vn 0.9839 -0.1134 -0.1385
vn 0.4589 0.8083 -0.3690
vn 0.7871 0.3250 -0.5243
vn 0.9710 0.1494 -0.1869
vn 0.7509 0.5395 0.3809
vn 0.9261 0.3444 -0.1537
vn 0.4858 0.6862 -0.5415
vn 0.5860 0.4243 -0.6904
vn 0.8444 0.4969 -0.2003
vn 0.5092 0.7809 -0.3619
vn 0.5126 0.8190 -0.2577
vn 0.9915 0.0235 0.1276
vn 0.7613 -0.6368 -0.1220
vn 0.6830 0.0858 0.7253
vn 0.6376 0.7190 -0.2765
vn 0.9827 0.0967 -0.1580
vn 0.2237 -0.1022 0.9693
vn 0.5290 0.5231 -0.6682
vn 0.7000 -0.6370 -0.3227
vn 0.0562 -0.2257 0.9726
vn 0.4212 0.8592 -0.2906
vn 0.9782 0.0378 -0.2044
vn 0.1723 0.2178 0.9607
vn 0.3136 0.6379 -0.7033
vn 0.5413 0.8310 -0.1282
vn 0.2852 0.2239 -0.9320
vn 0.6310 0.7664 0.1204
vn 0.8040 0.5768 -0.1444
vn -0.2987 -0.4117 0.8610
vn 0.8450 0.5341 0.0275
vn -0.3705 -0.3448 0.8625
vn -0.2657 -0.5606 0.7843
vn 0.8728 0.4743 0.1150
vn 0.9654 0.1977 -0.1703
vn -0.3820 -0.3191 0.8673
vn -0.4323 -0.2350 0.8706
vn 0.7400 0.6230 0.2537
vn 0.9643 0.2346 -0.1226
vn 0.4133 -0.1103 0.9039
vn 0.8199 0.4812 0.3103
vn 0.9371 0.3075 -0.1654
vn 0.9062 0.3824 0.1803
vn 0.9395 0.3169 -0.1301
vn 0.9629 0.1974 -0.1839
vn 0.3675 -0.4001 0.8396
vn 0.9102 0.3806 0.1634
vn 0.9303 0.3196 -0.1801
vn 0.3549 -0.5996 0.7173
vn 0.8401 0.4450 0.3102
vn 0.8511 0.4970 -0.1693
vn 0.8807 0.4571 0.1239
vn 0.8494 0.5169 -0.1063
vn 0.2914 -0.8106 0.5079
vn 0.9332 0.3555 -0.0519
vn 0.8466 0.4910 -0.2055
vn -0.3863 -0.6083 0.6934
vn 0.9613 0.2737 -0.0324
vn -0.3571 -0.7736 0.5234
vn 0.9641 0.2282 -0.1357
vn 0.2578 -0.9382 0.2310
vn -0.4372 -0.4839 0.7581
vn 0.6468 0.7292 -0.2236
vn 0.1408 -0.9894 -0.0349
vn 0.6567 0.7318 -0.1820
vn -0.3686 -0.8840 0.2874
vn 0.4121 0.8963 -0.1638
vn 0.3961 0.8911 -0.2216
vn 0.0563 -0.9503 -0.3061
vn 0.6633 -0.5479 -0.5098
vn 0.6751 0.7344 -0.0695
vn 0.1804 0.9320 -0.3144
vn 0.2744 0.8893 -0.3658
vn 0.9786 0.1006 -0.1796
vn 0.8418 0.5382 -0.0419
vn 0.1822 0.9587 -0.2186
vn 0.6893 -0.3898 -0.6107
vn 0.6829 0.7284 0.0555
vn 0.0000 0.9744 -0.2249
vn 0.9641 0.1670 -0.2065
vn 0.4419 0.8970 -0.0094
vn 0.0000 0.9897 -0.1434
vn 0.6614 -0.2190 -0.7173
vn 0.0000 0.9458 -0.3247
vn 0.9367 0.2902 -0.1959
vn 0.1830 0.9725 -0.1444
vn -0.1822 0.9587 -0.2186
vn 0.6246 -0.0276 -0.7805
vn 0.0000 0.9998 0.0200
vn 0.8508 0.4502 -0.2711
vn -0.0989 -0.5315 -0.8413
vn -0.1830 0.9725 -0.1444
vn 0.8164 0.4523 0.3590
vn -0.0763 -0.7006 -0.7095
vn -0.3961 0.8911 -0.2216
vn -0.0866 -0.4164 -0.9051
vn -0.1949 0.9805 0.0234
vn 0.5525 0.1708 -0.8158
vn -0.4121 0.8963 -0.1638
vn 0.8292 0.5286 0.1815
vn -0.6468 0.7292 -0.2236
vn 0.7876 0.4857 0.3792
vn 0.4111 0.3822 -0.8276
vn -0.6376 0.7190 -0.2765
vn 0.6900 0.6751 0.2610
vn 0.6764 0.6834 -0.2747
vn -0.3863 0.8688 -0.3098
vn 0.2548 0.5413 -0.8013
vn -0.5290 0.5231 -0.6682
vn 0.4561 0.8708 0.1834
vn 0.4471 0.8652 -0.2269
vn -0.3136 0.6379 -0.7033
vn 0.1188 0.6091 -0.7842
vn -0.2852 0.2239 -0.9320
vn 0.1949 0.9805 0.0234
vn 0.1974 0.9568 -0.2137
vn -0.6886 0.3700 -0.6236
vn 0.4576 0.8144 0.3567
vn 0.0000 0.9831 -0.1831
vn -0.8444 0.4969 -0.2003
vn 0.2012 0.9508 0.2355
vn 0.0000 0.6422 -0.7665
vn -0.3746 0.1551 -0.9141
vn 0.6759 0.6344 0.3751
vn 0.0032 -0.2005 -0.9797
vn -0.4134 0.2021 -0.8879
vn -0.0195 -0.2170 -0.9760
vn -0.7573 0.3331 -0.5617
vn -0.4558 0.3014 -0.8375
vn -0.8259 0.4015 -0.3958
vn -0.9261 0.3444 -0.1537
vn -0.8889 0.2656 -0.3732
vn -0.0551 -0.2544 -0.9655
vn -0.7871 0.3250 -0.5243
vn -0.8375 0.3985 0.3738
vn -0.9641 0.2282 -0.1357
vn -0.9180 0.1814 0.3526
vn -0.6510 0.6284 0.4257
vn -0.0884 -0.3533 -0.9313
vn -0.9303 0.3196 -0.1801
vn -0.3698 0.2729 0.8881
vn -0.5407 -0.7399 -0.4003
vn -0.8466 0.4910 -0.2055
vn -0.3715 0.0928 0.9238
vn -0.4133 -0.1103 0.9039
vn -0.4574 0.7604 0.4610
vn -0.8511 0.4970 -0.1693
vn -0.9335 -0.0361 0.3569
vn -0.6722 0.6303 -0.3884
vn -0.6567 0.7318 -0.1820
vn -0.9232 0.2078 -0.3233
vn -0.9371 0.3075 -0.1654
vn -0.9613 0.1294 -0.2432
vn -0.9629 0.1974 -0.1839
vn -0.9086 -0.2504 0.3342
vn -0.1753 0.2815 -0.9434
vn -0.8692 -0.4386 0.2282
vn -0.7520 0.5159 -0.4104
vn -0.3549 -0.5996 0.7173
vn -0.1465 0.6813 -0.7172
vn -0.9654 0.1977 -0.1703
vn -0.2914 -0.8106 0.5079
vn -0.1804 0.9320 -0.3144
vn -0.9643 0.2346 -0.1226
vn -0.2578 -0.9382 0.2310
vn -0.7962 0.5333 -0.2857
vn 0.3863 -0.6083 0.6934
vn 0.0000 0.6683 -0.7439
vn -0.8040 0.5768 -0.1444
vn 0.3571 -0.7736 0.5234
vn 0.1465 0.6813 -0.7172
vn -0.5413 0.8310 -0.1282
vn -0.8242 -0.5638 0.0532
vn 0.0954 0.3265 -0.9404
vn -0.6310 0.7664 0.1204
vn -0.1408 -0.9894 -0.0349
vn -0.5104 0.7900 -0.3398
vn -0.9664 0.1438 -0.2132
vn 0.3686 -0.8840 0.2874
vn -0.7613 -0.6368 -0.1220
vn -0.4858 0.6862 -0.5415
vn -0.9655 0.1718 -0.1957
vn -0.7000 -0.6370 -0.3227
vn -0.4594 0.4611 -0.7592
vn -0.0563 -0.9503 -0.3061
vn -0.7844 0.3776 -0.4921
vn -0.6633 -0.5479 -0.5098
vn 0.4810 -0.8758 0.0409
vn -0.9710 0.1494 -0.1869
vn -0.9782 0.0378 -0.2044
vn -0.9827 0.0967 -0.1580
vn -0.9786 0.1006 -0.1796
vn 0.5486 -0.8213 -0.1568
vn 0.0281 -0.8395 -0.5426
vn -0.7400 0.6230 0.2537
vn 0.6558 -0.6815 -0.3249
vn -0.6893 -0.3898 -0.6107
vn 0.7135 -0.5875 -0.3818
vn -0.8728 0.4743 0.1150
vn -0.9641 0.1670 -0.2065
vn 0.0763 -0.7006 -0.7095
vn -0.8199 0.4812 0.3103
vn -0.6614 -0.2190 -0.7173
vn 0.7332 -0.5174 -0.4413
vn -0.9062 0.3824 0.1803
vn -0.9367 0.2902 -0.1959
vn 0.0989 -0.5315 -0.8413
vn -0.9102 0.3806 0.1634
vn -0.6246 -0.0276 -0.7805
vn 0.7177 -0.5285 -0.4535
vn -0.8401 0.4450 0.3102
vn -0.8508 0.4502 -0.2711
vn 0.0866 -0.4164 -0.9051
vn -0.8164 0.4523 0.3590
vn -0.5525 0.1708 -0.8158
vn -0.8807 0.4571 0.1239
vn -0.4111 0.3822 -0.8276
vn 0.0884 -0.3533 -0.9313
vn -0.7876 0.4857 0.3792
vn 0.6802 -0.5967 -0.4258
vn -0.8292 0.5286 0.1815
vn -0.6764 0.6834 -0.2747
vn -0.6900 0.6751 0.2610
vn -0.2548 0.5413 -0.8013
vn -0.6759 0.6344 0.3751
vn 0.5407 -0.7399 -0.4003
vn 0.0195 -0.2170 -0.9760
vn 0.0551 -0.2544 -0.9655
vn -0.4471 0.8652 -0.2269
vn 0.3066 -0.8445 -0.4392
vn -0.1188 0.6091 -0.7842
vn -0.4576 0.8144 0.3567
vn -0.1974 0.9568 -0.2137
vn -0.4685 0.7981 0.3788
vn -0.4561 0.8708 0.1834
vn -0.0032 -0.2005 -0.9797
vn 0.1525 -0.8560 -0.4940
vn -0.6829 0.7284 0.0555
vn -0.4419 0.8970 -0.0094
vn 0.0000 -0.8666 -0.4990
vn -0.1891 0.8919 0.4108
vn 0.0000 -0.1780 -0.9840
vn -0.6751 0.7344 -0.0695
vn -0.1993 0.9040 0.3782
vn -0.8418 0.5382 -0.0419
vn 0.0000 0.9095 0.4157
vn -0.8494 0.5169 -0.1063
vn 0.0000 0.9261 0.3774
vn 0.1891 0.8919 0.4108
vn -0.9332 0.3555 -0.0519
vn 0.1993 0.9040 0.3782
vn -0.9395 0.3169 -0.1301
vn 0.4685 0.7981 0.3788
vn -0.9613 0.2737 -0.0324
vn 0.0000 0.9692 0.2464
vn -0.2012 0.9508 0.2355
vn -0.8450 0.5341 0.0275
vn 0.7018 0.7028 -0.1167
vn 0.6845 0.5554 -0.4722
vn 0.0000 0.9671 -0.2544
vn 0.5457 0.6000 0.5850
vn 0.0000 0.7632 -0.6461
vn 0.0000 0.9984 -0.0558
vn 0.6147 0.1518 -0.7741
vn -0.6845 0.5554 -0.4722
vn -0.5457 0.6000 0.5850
vn 0.1571 0.0824 0.9841
vn 0.0000 0.0712 -0.9975
vn -0.7018 0.7028 -0.1167
vn 0.1276 -0.0156 0.9917
vn -0.6147 0.1518 -0.7741
vn -0.9915 0.0235 0.1276
vn 0.0000 -0.0637 -0.9980
vn -0.6830 0.0858 0.7253
vn -0.1298 -0.7084 0.6937
vn -0.7509 0.5395 0.3809
vn -0.1571 0.0824 0.9841
vn -0.2147 -0.6577 0.7221
vn -0.5860 0.4243 -0.6904
vn -0.0562 -0.2257 0.9726
vn -0.1276 -0.0156 0.9917
vn 0.0000 0.3256 -0.9455
vn -0.2237 -0.1022 0.9693
vn -0.4589 0.8083 -0.3690
vn 0.1298 -0.7084 0.6937
vn -0.0954 0.3265 -0.9404
vn -0.1723 0.2178 0.9607
vn 0.1753 0.2815 -0.9434
vn 0.2987 -0.4117 0.8610
vn 0.3394 -0.3425 0.8761
vn 0.2657 -0.5606 0.7843
vn 0.4107 -0.2839 0.8665
vn 0.3812 -0.3456 0.8575
vn 0.3820 -0.3191 0.8673
vn 0.2147 -0.6577 0.7221
vn -0.3675 -0.4001 0.8396
vn 0.4372 -0.4839 0.7581
vn 0.7962 0.5333 -0.2857
vn 0.7520 0.5159 -0.4104
vn 0.4594 0.4611 -0.7592
vn 0.7844 0.3776 -0.4921
vn -0.0281 -0.8395 -0.5426
vn -0.5486 -0.8213 -0.1568
vn -0.4810 -0.8758 0.0409
vn -0.7135 -0.5875 -0.3818
vn -0.6558 -0.6815 -0.3249
vn -0.7332 -0.5174 -0.4413
vn -0.7177 -0.5285 -0.4535
vn -0.6802 -0.5967 -0.4258
vn -0.3066 -0.8445 -0.4392
vn -0.1525 -0.8560 -0.4940
vn -0.0015 0.6115 0.7913
vn -0.0026 0.6208 0.7840
vn 0.0000 0.6158 0.7879
vn 0.0000 0.6020 0.7985
vn 0.0000 0.6192 0.7852
vn -0.0006 0.5989 0.8009
vn 0.0026 0.6208 0.7840
vn 0.0000 0.5956 0.8033
vn 0.0015 0.6115 0.7913
vn -0.0010 0.5965 0.8026
vn 0.0006 0.5989 0.8009
vn 0.0000 0.5992 0.8006
vn 0.0010 0.5965 0.8026
vn -0.0019 0.5977 0.8017
vn 0.0019 0.5977 0.8017
vn -0.0011 0.6020 0.7985
vn 0.0011 0.6020 0.7985
vn 0.0000 0.6095 0.7928
vn -0.0002 0.6302 0.7764
vn 0.0002 0.6302 0.7764
vn 0.0000 0.6679 0.7443
vn -0.0005 0.7014 0.7127
vn 0.0005 0.7014 0.7127
vn 0.0000 0.7193 0.6947
vn 0.1155 -0.3624 0.9248
vn 0.1268 -0.7156 0.6869
vn 0.2200 -0.4112 0.8846
vn 0.1879 -0.1865 0.9643
vn 0.2271 -0.6967 0.6804
vn 0.0863 -0.0406 0.9954
vn 0.4545 -0.3145 0.8334
vn 0.1139 -0.8325 0.5421
vn 0.3601 -0.0602 0.9310
vn 0.2157 -0.8146 0.5383
vn 0.5032 -0.5992 0.6228
vn 0.5683 0.0405 0.8218
vn 0.1050 -0.8990 0.4252
vn 0.7419 -0.1190 0.6599
vn 0.1924 -0.8845 0.4250
vn 0.8173 -0.3770 0.4358
vn 0.6834 0.3218 0.6553
vn 0.0798 -0.9653 0.2486
vn 0.5066 -0.7002 0.5031
vn 0.8615 0.1598 0.4820
vn 0.1552 -0.9544 0.2550
vn 0.6581 0.5000 0.5629
vn 0.0297 -0.9969 0.0729
vn 0.8322 -0.4461 0.3293
vn 0.9725 -0.0520 0.2269
vn 0.8257 0.3990 0.3987
vn 0.0926 -0.9930 0.0737
vn 0.5952 0.6330 0.4950
vn 0.4903 -0.8419 0.2254
vn 0.9833 -0.1305 0.1269
vn 0.9699 0.2085 0.1262
vn 0.7608 0.5606 0.3270
vn 0.4205 -0.9057 0.0536
vn 0.5519 0.7994 0.2376
vn 0.0704 -0.9955 -0.0630
vn 0.9932 0.1157 0.0087
vn 0.9074 0.4191 0.0327
vn 0.3756 -0.9216 -0.0981
vn 0.9848 -0.1569 0.0745
vn 0.6642 0.7358 -0.1320
vn 0.8504 -0.5133 0.1154
vn 0.8467 -0.4780 0.2339
vn 0.2174 0.9585 0.1845
vn 0.8319 -0.5547 -0.0175
vn 0.2957 0.9269 -0.2313
vn 0.9873 -0.1588 0.0050
vn 0.5067 -0.7700 0.3877
vn 0.9361 0.3370 -0.1012
vn 0.9855 -0.1487 -0.0822
vn 0.9934 0.0836 -0.0785
vn 0.8028 -0.5788 -0.1429
vn 0.6923 0.6516 -0.3100
vn 0.9752 -0.1601 -0.1526
vn 0.7572 -0.6023 -0.2530
vn 0.9887 0.0889 -0.1210
vn 0.9512 -0.1926 -0.2412
vn 0.9294 0.3393 -0.1449
vn 0.7061 -0.5743 -0.4143
vn 0.9296 0.3396 -0.1434
vn 0.9337 0.3329 -0.1322
vn 0.9837 0.0824 -0.1597
vn 0.3469 -0.9086 -0.2324
vn 0.6885 0.6971 -0.2000
vn 0.3140 -0.8628 -0.3962
vn 0.6875 0.7042 -0.1773
vn 0.9749 0.0633 -0.2132
vn 0.0404 -0.9292 -0.3673
vn 0.3338 0.9149 -0.2270
vn 0.9297 0.3294 -0.1647
vn 0.0685 -0.9760 -0.2067
vn 0.3296 0.8882 -0.3201
vn 0.0000 0.9451 -0.3268
vn 0.9251 0.3232 -0.1993
vn 0.6926 0.6735 -0.2582
vn 0.9518 0.0226 -0.3057
vn 0.0203 -0.9790 -0.2028
vn 0.9011 -0.2173 -0.3753
vn -0.0120 -0.9326 -0.3606
vn 0.0190 -0.9983 -0.0547
vn 0.8152 -0.2626 -0.5163
vn 0.0117 -0.8251 -0.5649
vn 0.9009 -0.0264 -0.4332
vn 0.0502 -0.8171 -0.5744
vn 0.6022 -0.5348 -0.5927
vn 0.9123 0.3141 -0.2627
vn 0.0360 -0.6843 -0.7283
vn 0.3944 -0.5234 -0.7553
vn 0.5629 -0.3008 -0.7698
vn 0.6905 0.6987 -0.1873
vn 0.2728 -0.7506 -0.6018
vn 0.8811 0.2897 -0.3738
vn 0.6902 0.7035 -0.1691
vn 0.6942 0.6858 -0.2185
vn 0.3310 0.9302 -0.1586
vn 0.1621 -0.6466 -0.7454
vn 0.3332 0.9296 -0.1578
vn 0.0000 0.9864 -0.1644
vn 0.3454 0.9228 -0.1706
vn 0.0000 0.9885 -0.1511
vn 0.3406 0.9225 -0.1815
vn 0.0289 -0.5715 -0.8201
vn 0.0000 0.9812 -0.1929
vn 0.0090 -0.6869 -0.7267
vn -0.3332 0.9296 -0.1578
vn 0.0000 0.9887 -0.1500
vn -0.3310 0.9302 -0.1586
vn 0.0000 0.9723 -0.2337
vn -0.3454 0.9228 -0.1706
vn -0.6905 0.6987 -0.1873
vn -0.3406 0.9225 -0.1815
vn 0.3709 0.9035 -0.2150
vn -0.6942 0.6858 -0.2185
vn 0.6994 0.6500 -0.2973
vn -0.3338 0.9149 -0.2270
vn -0.6902 0.7035 -0.1691
vn -0.9251 0.3232 -0.1993
vn 0.5692 0.4410 -0.6939
vn -0.3296 0.8882 -0.3201
vn -0.9123 0.3141 -0.2627
vn 0.6592 0.1439 -0.7381
vn -0.6885 0.6971 -0.2000
vn -0.9518 0.0226 -0.3057
vn 0.6303 -0.0928 -0.7708
vn -0.6875 0.7042 -0.1773
vn -0.9009 -0.0264 -0.4332
vn -0.8811 0.2897 -0.3738
vn -0.6303 -0.0928 -0.7708
vn 0.1624 -0.1689 -0.9722
vn -0.9297 0.3294 -0.1647
vn 0.1441 -0.2692 -0.9522
vn -0.9296 0.3396 -0.1434
vn -0.6994 0.6500 -0.2973
vn 0.1191 -0.4086 -0.9049
vn 0.0154 -0.2593 -0.9657
vn -0.3709 0.9035 -0.2150
vn 0.0217 -0.3661 -0.9303
vn 0.0136 -0.1853 -0.9826
vn 0.0644 -0.5154 -0.8545
vn 0.1727 -0.0499 -0.9837
vn 0.0000 0.9874 -0.1581
vn 0.0287 -0.4616 -0.8866
vn -0.3283 0.6822 -0.6534
vn 0.0170 -0.1043 -0.9944
vn 0.3283 0.6822 -0.6534
vn 0.0000 0.7945 -0.6072
vn 0.1433 0.0846 -0.9861
vn -0.0627 0.1688 -0.9837
vn 0.0281 -0.5844 -0.8110
vn 0.0203 -0.0164 -0.9997
vn 0.0627 0.1688 -0.9837
vn -0.0770 0.1377 -0.9875
vn 0.0770 0.1377 -0.9875
vn -0.1433 0.0846 -0.9861
vn -0.0203 -0.0164 -0.9997
vn -0.5692 0.4410 -0.6939
vn -0.0170 -0.1043 -0.9944
vn -0.1727 -0.0499 -0.9837
vn -0.0136 -0.1853 -0.9826
vn -0.6592 0.1439 -0.7381
vn -0.1624 -0.1689 -0.9722
vn -0.0154 -0.2593 -0.9657
vn -0.1441 -0.2692 -0.9522
vn -0.0217 -0.3661 -0.9303
vn -0.5629 -0.3008 -0.7698
vn -0.1191 -0.4086 -0.9049
vn -0.0644 -0.5154 -0.8545
vn -0.8152 -0.2626 -0.5163
vn -0.0287 -0.4616 -0.8866
vn -0.3944 -0.5234 -0.7553
vn -0.0289 -0.5715 -0.8201
vn -0.6022 -0.5348 -0.5927
vn -0.9011 -0.2173 -0.3753
vn -0.0281 -0.5844 -0.8110
vn -0.1621 -0.6466 -0.7454
vn -0.9749 0.0633 -0.2132
vn -0.0090 -0.6869 -0.7267
vn -0.9512 -0.1926 -0.2412
vn -0.0360 -0.6843 -0.7283
vn -0.7061 -0.5743 -0.4143
vn -0.0117 -0.8251 -0.5649
vn -0.9837 0.0824 -0.1597
vn -0.2728 -0.7506 -0.6018
vn -0.0502 -0.8171 -0.5744
vn -0.7572 -0.6023 -0.2530
vn -0.0404 -0.9292 -0.3673
vn -0.9752 -0.1601 -0.1526
vn -0.3140 -0.8628 -0.3962
vn -0.8028 -0.5788 -0.1429
vn -0.9887 0.0889 -0.1210
vn -0.3469 -0.9086 -0.2324
vn -0.9294 0.3393 -0.1449
vn -0.9855 -0.1487 -0.0822
vn -0.0685 -0.9760 -0.2067
vn -0.3756 -0.9216 -0.0981
vn -0.9934 0.0836 -0.0785
vn 0.0120 -0.9326 -0.3606
vn -0.9873 -0.1588 0.0050
vn -0.6926 0.6735 -0.2582
vn -0.0203 -0.9790 -0.2028
vn -0.8319 -0.5547 -0.0175
vn -0.0704 -0.9955 -0.0630
vn -0.3202 0.8545 -0.4090
vn -0.4205 -0.9057 0.0536
vn -0.0190 -0.9983 -0.0547
vn -0.8504 -0.5133 0.1154
vn -0.0926 -0.9930 0.0737
vn 0.0000 0.9129 -0.4082
vn -0.9848 -0.1569 0.0745
vn -0.0297 -0.9969 0.0729
vn 0.0000 0.9673 -0.2536
vn -0.4903 -0.8419 0.2254
vn -0.1552 -0.9544 0.2550
vn 0.3202 0.8545 -0.4090
vn -0.0798 -0.9653 0.2486
vn -0.1924 -0.8845 0.4250
vn 0.0000 0.9882 0.1533
vn -0.8467 -0.4780 0.2339
vn -0.5067 -0.7700 0.3877
vn 0.0000 0.9282 0.3722
vn -0.8322 -0.4461 0.3293
vn -0.9833 -0.1305 0.1269
vn -0.5066 -0.7002 0.5031
vn 0.1523 0.9066 0.3935
vn -0.2157 -0.8146 0.5383
vn -0.2174 0.9585 0.1845
vn -0.9725 -0.0520 0.2269
vn -0.5032 -0.5992 0.6228
vn -0.2957 0.9269 -0.2313
vn -0.9699 0.2085 0.1262
vn -0.8173 -0.3770 0.4358
vn -0.6642 0.7358 -0.1320
vn -0.9932 0.1157 0.0087
vn -0.9074 0.4191 0.0327
vn -0.8257 0.3990 0.3987
vn -0.8615 0.1598 0.4820
vn -0.6923 0.6516 -0.3100
vn -0.9361 0.3370 -0.1012
vn -0.7608 0.5606 0.3270
vn -0.5519 0.7994 0.2376
vn -0.9960 0.0861 -0.0255
vn -0.5952 0.6330 0.4950
vn -0.9337 0.3329 -0.1322
vn -0.6581 0.5000 0.5629
vn -0.3826 0.8601 0.3374
vn -0.6834 0.3218 0.6553
vn -0.1523 0.9066 0.3935
vn -0.7419 -0.1190 0.6599
vn -0.5683 0.0405 0.8218
vn -0.4545 -0.3145 0.8334
vn -0.3601 -0.0603 0.9309
vn -0.2271 -0.6967 0.6804
vn -0.2200 -0.4112 0.8846
vn -0.1879 -0.1865 0.9643
vn -0.1139 -0.8325 0.5421
vn -0.1155 -0.3624 0.9248
vn -0.1050 -0.8990 0.4252
vn -0.1268 -0.7156 0.6869
vn -0.0863 -0.0406 0.9954
vn 0.9960 0.0861 -0.0255
vn 0.3826 0.8601 0.3374
vn 1.0000 0.0000 -0.0000
vn 0.0000 -0.9962 -0.0868
vn 0.0000 -0.9566 0.2913
vn 0.0000 -0.8811 -0.4730
vn 0.0000 -0.9764 0.2158
vn 0.0000 -0.8980 -0.4401
vn 0.0000 -0.9869 0.1613
vn 0.0000 -0.9390 -0.3439
vn 0.0000 -0.9879 0.1548
vn 0.0000 -0.9818 -0.1898
vn 0.0000 -1.0000 -0.0018
vn 0.0000 -0.9851 0.1720
vn 0.0000 -0.9367 0.3501
vn 0.0000 -0.8661 0.4999
vn 0.0000 -0.8343 0.5513
vn 0.0000 -0.7883 0.6153
vn 0.0000 -0.7110 0.7031
vn 0.0000 -0.9845 0.1751
vn 0.0000 -0.6327 -0.7744
vn 0.0000 -0.0229 -0.9997
vn 0.0000 0.3748 -0.9271
vn 0.0000 0.6338 -0.7735
vn 0.0000 0.7679 -0.6406
vn 0.0000 -0.4855 -0.8742
vn 0.0000 -0.8970 0.4421
vn 0.0000 -0.7713 0.6364
vn 0.0000 -0.6773 0.7357
vn 0.0000 -0.5897 0.8076
vn 0.0000 -0.4522 0.8919
vn 0.0000 -0.3388 0.9408
vn 0.0000 -0.2454 0.9694
vn 0.0000 -0.1805 0.9836
vn 0.0000 -0.0956 0.9954
vn 0.0000 -0.0452 0.9990
vn 0.0000 -0.0338 0.9994
vn 0.0000 -0.0666 0.9978
vn 0.0000 -0.3112 0.9503
vn 0.0000 -0.8756 0.4830
vn 0.0000 -0.9378 -0.3472
vn 0.0000 -0.6940 -0.7200
vn 0.0000 -0.5467 -0.8373
vn 0.0000 -0.4140 -0.9103
vn 0.0000 -0.2978 -0.9546
vn 0.0000 -0.1769 -0.9842
vn 0.0000 -0.0087 -1.0000
vn 0.0000 0.2092 -0.9779
vn 0.0000 0.4397 -0.8982
vn 0.0000 0.6099 -0.7925
vn 0.0000 0.7210 -0.6930
vn 0.0000 -0.5658 -0.8245
vn 0.0000 -0.8753 0.4836
vn 0.0000 -0.8253 0.5647
vn 0.0000 -0.7756 0.6313
vn 0.0000 -0.7795 0.6264
vn 0.0000 -0.7729 0.6345
vn 0.0000 -0.9466 0.3225
vn 0.0000 -0.8970 -0.4420
vn 0.0000 -0.3289 -0.9444
vn 0.0000 0.1092 -0.9940
vn 0.0000 0.2856 -0.9583
vn 0.0000 0.5057 -0.8627
vn 0.0000 0.6519 -0.7583
vn 0.0000 0.7518 -0.6593
vn 0.0000 0.8458 -0.5336
vn 0.0000 0.9085 -0.4178
vn 0.0000 0.9603 -0.2788
vn 0.0000 0.9952 -0.0977
vn 0.0000 0.9827 0.1851
vn 0.0000 0.8553 0.5182
vn 0.0000 0.7089 0.7053
vn 0.0000 0.6448 0.7643
vn 0.0000 0.6054 0.7959
vn 0.0000 0.5629 0.8265
vn 0.0000 0.5208 0.8537
vn 0.0000 0.5110 0.8596
vn 0.0000 0.5165 0.8563
vn -1.0000 0.0000 -0.0000
vn -0.5334 0.3722 0.7596
vn 0.1951 0.5376 0.8203
vn -0.5355 0.5407 0.6487
vn -0.9534 -0.2886 -0.0876
vn 0.1549 0.7393 0.6554
vn -0.9494 -0.2638 -0.1705
vn -0.6021 0.6175 0.5062
vn 0.2101 0.4290 0.8785
vn -0.5232 0.2859 0.8028
vn -0.9360 -0.3519 0.0114
vn 0.1106 0.8745 0.4723
vn -0.9241 -0.2593 -0.2805
vn -0.6183 0.6464 0.4470
vn 0.2194 0.3450 0.9126
vn -0.8781 -0.3502 -0.3261
vn -0.8921 -0.4512 0.0230
vn -0.5182 0.2215 0.8261
vn -0.8923 -0.4014 -0.2065
vn 0.2245 0.3086 0.9243
vn -0.8705 -0.4864 -0.0757
vn -0.9678 -0.0140 -0.2513
vn -0.5269 0.1937 0.8276
vn -0.6276 0.6901 0.3603
vn -0.9757 -0.0313 0.2167
vn -0.4221 -0.2160 0.8804
vn 0.0919 0.9137 0.3959
vn -0.9796 -0.0413 0.1964
vn -0.9704 -0.0321 0.2393
vn -0.8126 -0.3669 -0.4529
vn -0.9668 -0.0423 0.2519
vn 0.2248 0.3111 0.9234
vn -0.9849 -0.0114 0.1726
vn -0.5717 -0.4918 0.6567
vn -0.8028 -0.0486 -0.5943
vn -0.9745 0.2137 -0.0681
vn 0.1592 -0.7431 0.6500
vn -0.9221 0.3022 0.2419
vn 0.1722 -0.6895 0.7035
vn -0.7643 -0.6056 -0.2215
vn -0.9057 0.3550 -0.2316
vn 0.5871 -0.8092 -0.0216
vn -0.5446 -0.7971 0.2609
vn -0.6818 0.6715 0.2904
vn 0.5798 -0.6136 -0.5360
vn 0.9797 -0.0183 -0.1996
vn -0.7732 -0.5952 -0.2188
vn -0.6195 0.4728 0.6266
vn -0.7718 -0.5941 -0.2266
vn 0.9716 0.0122 -0.2361
vn -0.7418 0.3910 0.5448
vn 0.6053 -0.5935 -0.5304
vn 0.9800 0.0316 -0.1964
vn -0.8058 0.3340 0.4890
vn 0.9823 -0.0337 -0.1845
vn -0.7225 0.4196 0.5495
vn 0.5978 -0.5893 -0.5434
vn 0.9800 -0.0190 -0.1979
vn -0.7766 -0.5804 -0.2451
vn 0.9819 -0.0285 -0.1871
vn -0.7464 0.4059 0.5273
vn 0.9788 -0.0120 -0.2044
vn 0.9833 -0.0195 -0.1811
vn -0.9716 -0.0311 0.2345
vn 0.5941 -0.5754 -0.5622
vn -0.7426 0.4276 0.5154
vn 0.9775 -0.0049 -0.2108
vn -0.9734 -0.0429 0.2249
vn -0.7819 -0.5656 -0.2622
vn 0.9785 -0.0107 -0.2059
vn -0.8159 -0.5743 -0.0668
vn -0.8079 0.3371 0.4834
vn 0.9773 -0.0045 -0.2119
vn 0.5911 -0.5606 -0.5800
vn -0.8019 0.3520 0.4828
vn 0.9773 -0.0042 -0.2117
vn 0.9776 -0.0046 -0.2104
vn -0.7838 -0.5591 -0.2704
vn -0.7174 0.4673 0.5167
vn 0.5891 -0.5538 -0.5884
vn 0.9765 0.0004 -0.2155
vn -0.9713 -0.0433 0.2339
vn -0.7921 0.3722 0.4837
vn 0.9763 0.0015 -0.2164
vn -0.7510 -0.6582 -0.0522
vn 0.5870 -0.5394 -0.6037
vn -0.6389 -0.7620 -0.1056
vn -0.7889 -0.5449 -0.2841
vn -0.9487 -0.0968 0.3011
vn -0.8634 -0.5028 0.0410
vn -0.7477 0.4162 0.5175
vn -0.4967 -0.8569 0.1377
vn -0.8038 -0.5938 0.0356
vn -0.7920 -0.5338 -0.2962
vn -0.5848 -0.4085 0.7008
vn -0.7920 -0.5253 -0.3112
vn -0.6540 0.7126 0.2539
vn -0.3877 0.3105 0.8679
vn 0.5838 -0.5285 -0.6163
vn -0.5229 0.5938 0.6116
vn 0.9749 0.0074 -0.2227
vn -0.6454 0.5328 0.5473
vn 0.0648 0.9570 0.2828
vn -0.7199 0.4016 0.5661
vn -0.7978 -0.5111 -0.3198
vn 0.0309 0.9900 0.1376
vn 0.5769 -0.5204 -0.6296
vn -0.6782 0.7175 0.1592
vn -0.7097 0.2259 0.6673
vn -0.8009 -0.5141 -0.3070
vn 0.9748 0.0075 -0.2231
vn -0.7852 -0.5868 0.1977
vn 0.5783 -0.5071 -0.6391
vn 0.5854 -0.5114 -0.6291
vn 0.9747 0.0071 -0.2236
vn 0.5560 -0.4994 -0.6644
vn -0.8922 -0.1381 0.4300
vn 0.9747 0.0074 -0.2235
vn 0.9745 0.0067 -0.2243
vn -0.7908 -0.5019 -0.3504
vn 0.9748 0.0076 -0.2228
vn 0.7204 -0.3468 -0.6006
vn 0.9747 0.0070 -0.2234
vn 0.9749 0.0080 -0.2227
vn -0.7832 -0.2460 -0.5710
vn 0.9745 0.0063 -0.2244
vn -0.9745 -0.0067 0.2243
vn 0.9744 0.0063 -0.2248
vn 0.9749 0.0080 -0.2226
vn -0.7518 0.4190 -0.5091
vn -0.7027 0.7106 0.0361
vn -0.7276 0.6787 -0.0995
vn -0.2001 0.5193 -0.8309
vn 0.9748 0.0077 -0.2228
vn -0.0920 0.9292 -0.3580
vn -0.2323 0.0562 -0.9710
vn -0.0398 0.9859 -0.1628
vn -0.0169 0.9967 -0.0795
vn -0.7006 0.7059 0.1042
vn 0.0000 1.0000 0.0026
vn 0.9800 -0.0193 -0.1979
vn -0.1549 0.7393 0.6554
vn -0.1951 0.5376 0.8203
vn 0.5355 0.5407 0.6487
vn 0.6021 0.6175 0.5062
vn 0.5334 0.3722 0.7596
vn 0.9534 -0.2886 -0.0876
vn -0.1106 0.8745 0.4723
vn -0.2101 0.4290 0.8785
vn 0.9494 -0.2638 -0.1705
vn 0.6183 0.6464 0.4470
vn 0.5232 0.2859 0.8028
vn 0.9360 -0.3519 0.0114
vn -0.0919 0.9137 0.3959
vn -0.2194 0.3450 0.9126
vn 0.8923 -0.4014 -0.2065
vn 0.6276 0.6901 0.3603
vn 0.5182 0.2215 0.8261
vn 0.9241 -0.2593 -0.2805
vn 0.8921 -0.4512 0.0230
vn -0.2245 0.3086 0.9243
vn 0.8705 -0.4864 -0.0757
vn -0.0648 0.9570 0.2828
vn 0.5269 0.1937 0.8276
vn 0.8634 -0.5028 0.0410
vn 0.9757 -0.0313 0.2168
vn 0.9668 -0.0423 0.2519
vn 0.6540 0.7126 0.2539
vn 0.8781 -0.3502 -0.3261
vn 0.4221 -0.2160 0.8804
vn 0.8038 -0.5938 0.0356
vn 0.9704 -0.0321 0.2393
vn 0.7510 -0.6582 -0.0522
vn 0.7643 -0.6056 -0.2215
vn 0.8159 -0.5743 -0.0668
vn 0.6782 0.7174 0.1592
vn 0.5717 -0.4918 0.6567
vn -0.0309 0.9900 0.1376
vn -0.1592 -0.7431 0.6500
vn -0.1722 -0.6895 0.7035
vn 0.9716 -0.0311 0.2345
vn 0.7007 0.7059 0.1042
vn -0.5871 -0.8092 -0.0216
vn 0.7852 -0.5868 0.1977
vn 0.0169 0.9967 -0.0795
vn 0.5446 -0.7971 0.2609
vn 0.9734 -0.0429 0.2249
vn 0.7027 0.7106 0.0361
vn 0.8922 -0.1381 0.4300
vn 0.9713 -0.0433 0.2339
vn 0.5848 -0.4085 0.7008
vn 0.9745 -0.0067 0.2243
vn -0.5798 -0.6136 -0.5360
vn 0.6389 -0.7620 -0.1056
vn 0.7276 0.6787 -0.0995
vn 0.7732 -0.5952 -0.2188
vn 0.0398 0.9859 -0.1628
vn -0.9797 -0.0183 -0.1996
vn 0.0920 0.9292 -0.3580
vn -0.9823 -0.0337 -0.1845
vn 0.4967 -0.8569 0.1377
vn 0.7518 0.4190 -0.5091
vn -0.9833 -0.0195 -0.1811
vn 0.9487 -0.0968 0.3011
vn 0.2001 0.5192 -0.8309
vn -0.9800 0.0316 -0.1964
vn 0.7832 -0.2460 -0.5710
vn -0.9716 0.0122 -0.2361
vn -0.9819 -0.0285 -0.1871
vn 0.2323 0.0562 -0.9710
vn -0.9800 -0.0190 -0.1979
vn 0.6454 0.5328 0.5473
vn -0.6053 -0.5935 -0.5304
vn 0.5229 0.5938 0.6116
vn -0.9800 -0.0193 -0.1979
vn 0.3877 0.3105 0.8679
vn -0.5978 -0.5893 -0.5434
vn -0.9788 -0.0120 -0.2044
vn 0.7718 -0.5941 -0.2266
vn 0.9221 0.3022 0.2419
vn -0.9785 -0.0108 -0.2059
vn 0.7418 0.3910 0.5448
vn -0.9775 -0.0049 -0.2107
vn 0.7097 0.2259 0.6673
vn -0.5941 -0.5754 -0.5622
vn 0.9016 0.3481 -0.2567
vn 0.7766 -0.5804 -0.2451
vn 0.8009 -0.5141 -0.3070
vn 0.6818 0.6715 0.2904
vn 0.7819 -0.5656 -0.2622
vn 0.8079 0.3371 0.4834
vn 0.7908 -0.5019 -0.3504
vn -0.5911 -0.5606 -0.5800
vn 0.9057 0.3550 -0.2316
vn -0.5560 -0.4994 -0.6644
vn 0.7838 -0.5591 -0.2704
vn 0.9544 -0.0120 -0.2982
vn -0.7204 -0.3468 -0.6006
vn 0.8019 0.3520 0.4828
vn 0.9849 -0.0113 0.1727
vn 0.7921 0.3722 0.4837
vn 0.8028 -0.0486 -0.5943
vn 0.7889 -0.5449 -0.2841
vn 0.8126 -0.3669 -0.4529
vn 0.7174 0.4673 0.5167
vn 0.7477 0.4162 0.5175
vn 0.9796 -0.0414 0.1964
vn 0.7426 0.4276 0.5154
vn 0.7225 0.4196 0.5495
vn 0.6195 0.4728 0.6266
vn 0.7464 0.4059 0.5273
vn 0.9683 -0.0322 0.2475
vn 0.7199 0.4016 0.5661
vn 0.8058 0.3340 0.4890
vn 0.7919 -0.5253 -0.3112
vn 0.7978 -0.5112 -0.3198
vn -0.5854 -0.5114 -0.6291
vn -0.5783 -0.5071 -0.6390
vn -0.9745 0.0067 -0.2243
vn -0.5769 -0.5204 -0.6296
vn -0.9747 0.0071 -0.2236
vn -0.9744 0.0063 -0.2248
vn -0.9747 0.0074 -0.2235
vn -0.5838 -0.5285 -0.6163
vn -0.9745 0.0063 -0.2244
vn -0.9748 0.0076 -0.2228
vn -0.9748 0.0075 -0.2231
vn -0.9747 0.0070 -0.2235
vn -0.9749 0.0074 -0.2227
vn -0.9749 0.0080 -0.2227
vn -0.5870 -0.5394 -0.6037
vn 0.7920 -0.5338 -0.2962
vn -0.9763 0.0015 -0.2164
vn -0.9749 0.0080 -0.2226
vn -0.9748 0.0077 -0.2228
vn -0.9765 0.0004 -0.2155
vn -0.5891 -0.5538 -0.5884
vn -0.9776 -0.0046 -0.2104
vn -0.9773 -0.0041 -0.2117
vn -0.9773 -0.0045 -0.2119
vn -0.2248 0.3111 0.9234
vn -0.7568 0.4904 -0.4322
vn -0.7635 0.4157 -0.4942
vn -0.3507 0.5132 -0.7834
vn -0.9325 0.3564 -0.0578
vn -0.3470 0.4184 -0.8394
vn -0.9019 0.4313 0.0223
vn 0.0000 0.4886 -0.8725
vn -0.7822 0.2963 -0.5481
vn -0.9489 0.2915 0.1213
vn -0.3533 0.6174 -0.7028
vn -0.9597 0.2456 -0.1365
vn -0.9236 0.3343 0.1874
vn -0.7444 0.6017 -0.2894
vn -0.9308 0.2316 0.2829
vn -0.9765 0.2102 0.0473
vn -0.9049 0.2246 0.3617
vn -0.3449 0.6325 -0.6936
vn -0.7984 0.1167 0.5908
vn -0.9569 0.1859 0.2233
vn -0.7158 0.6401 -0.2792
vn -0.7399 0.0433 0.6714
vn -0.8426 0.1283 0.5230
vn -0.8758 0.4726 0.0981
vn -0.4844 -0.0331 0.8742
vn -0.9122 0.3381 0.2313
vn -0.5293 0.0389 0.8475
vn -0.9011 0.1675 0.4001
vn -0.2129 -0.0026 0.9771
vn -0.9198 0.3921 -0.0128
vn -0.4474 -0.1290 0.8850
vn -0.5562 0.0759 0.8275
vn -0.7051 0.3699 -0.6050
vn -0.7268 -0.0753 0.6827
vn -0.8773 0.1170 0.4654
vn -0.9147 0.0820 -0.3957
vn -0.9576 0.2508 0.1418
vn -0.7631 -0.1285 -0.6334
vn -0.9553 0.0205 0.2951
vn -0.9758 0.1375 0.1703
vn -0.7729 -0.2525 0.5821
vn -0.7879 -0.2958 -0.5402
vn -0.4419 -0.2423 0.8637
vn -0.9622 -0.0663 -0.2641
vn -0.5228 0.1804 -0.8331
vn -0.4600 -0.4159 0.7845
vn -0.3104 0.4634 -0.8300
vn -0.2242 -0.4841 0.8458
vn -0.7509 -0.5003 -0.4311
vn -0.2731 0.3076 -0.9115
vn -0.2069 -0.3098 0.9280
vn -0.2237 -0.7765 0.5890
vn -0.9426 -0.3149 -0.1110
vn 0.0000 0.3311 -0.9436
vn -0.1281 -0.4932 0.8605
vn -0.8063 -0.5613 0.1865
vn 0.0000 0.4729 -0.8811
vn -0.1315 -0.8014 0.5835
vn -0.6592 -0.7504 -0.0482
vn -0.1996 -0.9151 0.3503
vn -0.4933 -0.6969 0.5205
vn -0.4647 -0.8338 0.2979
vn -0.1095 -0.9452 0.3076
vn 0.0000 0.6234 -0.7819
vn 0.3449 0.6325 -0.6936
vn 0.3533 0.6174 -0.7028
vn 0.3104 0.4634 -0.8300
vn 0.0000 0.5999 -0.8001
vn 0.7444 0.6017 -0.2894
vn 0.2731 0.3076 -0.9115
vn 0.7158 0.6401 -0.2792
vn 0.3507 0.5132 -0.7834
vn 0.8758 0.4726 0.0981
vn 0.7568 0.4904 -0.4322
vn 0.5228 0.1804 -0.8331
vn 0.9198 0.3921 -0.0128
vn 0.7051 0.3699 -0.6050
vn 0.7635 0.4157 -0.4942
vn 0.9122 0.3381 0.2313
vn 0.9325 0.3564 -0.0578
vn 0.9576 0.2508 0.1418
vn 0.7631 -0.1285 -0.6334
vn 0.9019 0.4313 0.0223
vn 0.9011 0.1675 0.4001
vn 0.9147 0.0820 -0.3957
vn 0.7879 -0.2958 -0.5402
vn 0.9553 0.0205 0.2951
vn 0.9489 0.2915 0.1213
vn 0.9622 -0.0663 -0.2641
vn 0.7268 -0.0753 0.6827
vn 0.9236 0.3343 0.1874
vn 0.7729 -0.2525 0.5821
vn 0.7509 -0.5003 -0.4311
vn 0.9308 0.2316 0.2829
vn 0.4419 -0.2423 0.8637
vn 0.9426 -0.3149 -0.1110
vn 0.9049 0.2246 0.3617
vn 0.4474 -0.1290 0.8850
vn 0.7984 0.1167 0.5908
vn 0.4600 -0.4159 0.7845
vn 0.8063 -0.5613 0.1865
vn 0.8426 0.1283 0.5230
vn 0.2242 -0.4841 0.8458
vn 0.7399 0.0433 0.6714
vn 0.2069 -0.3098 0.9280
vn 0.6592 -0.7504 -0.0482
vn 0.4933 -0.6969 0.5205
vn 0.1281 -0.4932 0.8605
vn 0.4647 -0.8338 0.2979
vn 0.2237 -0.7765 0.5890
vn 0.1000 -0.3116 0.9449
vn 0.1315 -0.8014 0.5835
vn 0.2196 -0.1906 0.9568
vn 0.1996 -0.9151 0.3503
vn 0.1095 -0.9452 0.3076
vn 0.1134 -0.2042 0.9723
vn 0.4844 -0.0331 0.8742
vn 0.2130 -0.0835 0.9735
vn 0.0951 -0.0875 0.9916
vn 0.2129 -0.0026 0.9771
vn 0.5293 0.0389 0.8475
vn 0.0934 -0.0115 0.9956
vn 0.5562 0.0759 0.8275
vn 0.2081 0.0440 0.9771
vn 0.8773 0.1170 0.4654
vn 0.0830 0.0361 0.9959
vn 0.2197 0.0567 0.9739
vn 0.9569 0.1859 0.2233
vn 0.0933 0.0359 0.9950
vn 0.5666 0.0827 0.8198
vn 0.1289 0.0198 0.9915
vn 0.9758 0.1375 0.1703
vn 0.8942 0.1031 0.4356
vn 0.2378 0.0208 0.9711
vn 0.9765 0.2102 0.0473
vn 0.5652 0.0423 0.8239
vn 0.1325 -0.0183 0.9910
vn 0.9884 0.1519 -0.0001
vn 0.9597 0.2456 -0.1365
vn 0.2424 -0.0070 0.9702
vn 0.9856 0.1059 0.1321
vn 0.1361 -0.0063 0.9907
vn 0.5764 0.0251 0.8168
vn 0.9682 0.1727 -0.1811
vn 0.9906 0.1322 -0.0348
vn 0.2538 0.0156 0.9671
vn 0.6062 0.0403 0.7943
vn 0.7822 0.2963 -0.5481
vn 0.9897 0.0884 0.1129
vn 0.8993 0.1121 0.4227
vn 0.9733 0.1341 -0.1860
vn 0.8982 0.0795 0.4323
vn 0.8869 0.1893 0.4215
vn 0.7815 0.2214 -0.5833
vn 0.9726 0.1511 0.1768
vn 0.3406 0.3249 -0.8823
vn 0.9079 0.2559 0.3321
vn 0.9940 0.1003 -0.0437
vn 0.9681 0.1118 0.2245
vn 0.9967 0.0357 -0.0735
vn 0.3470 0.4184 -0.8394
vn 0.9999 -0.0036 0.0111
vn 0.9733 0.0925 -0.2102
vn 0.9929 -0.0104 0.1187
vn 0.9894 -0.0498 -0.1364
vn 0.7740 0.1930 -0.6030
vn 0.9625 0.0936 -0.2547
vn 0.9842 -0.0084 -0.1766
vn 0.7195 0.1822 -0.6702
vn 0.0000 0.4058 -0.9140
vn 0.6816 0.1809 -0.7090
vn 0.9361 0.0123 -0.3516
vn 0.2698 0.2308 -0.9349
vn 0.0000 0.3360 -0.9419
vn 0.9403 0.0980 -0.3260
vn 0.2920 0.2584 -0.9208
vn -0.3406 0.3249 -0.8823
vn 0.6429 0.2006 -0.7392
vn 0.3149 0.2678 -0.9106
vn 0.8573 0.1363 -0.4965
vn 0.2524 0.2160 -0.9432
vn 0.0000 0.2856 -0.9584
vn 0.5613 0.2603 -0.7856
vn 0.0000 0.2360 -0.9718
vn 0.2376 0.2498 -0.9387
vn 0.0000 0.2707 -0.9627
vn 0.2169 0.3289 -0.9191
vn 0.0000 0.2286 -0.9735
vn -0.3149 0.2678 -0.9106
vn 0.0000 0.2561 -0.9666
vn -0.2524 0.2160 -0.9432
vn 0.0000 0.3368 -0.9416
vn -0.2698 0.2308 -0.9349
vn -0.7815 0.2214 -0.5833
vn 0.1819 0.4482 -0.8752
vn -0.2920 0.2584 -0.9208
vn 0.4845 0.3606 -0.7970
vn -0.9682 0.1727 -0.1811
vn -0.7740 0.1930 -0.6030
vn 0.3982 0.5569 -0.7289
vn -0.9733 0.1341 -0.1860
vn 0.1351 0.6374 -0.7586
vn 0.6596 0.4128 -0.6282
vn -0.9733 0.0925 -0.2102
vn 0.0000 0.4781 -0.8783
vn 0.5759 0.6309 -0.5199
vn -0.9940 0.1003 -0.0437
vn 0.6785 0.5238 -0.5150
vn -0.9967 0.0357 -0.0735
vn -0.1819 0.4482 -0.8752
vn 0.7783 0.2695 -0.5671
vn -0.9625 0.0936 -0.2547
vn -0.2169 0.3289 -0.9191
vn 0.8970 0.2252 -0.3805
vn -0.7195 0.1822 -0.6702
vn 0.9349 0.0558 -0.3504
vn -0.6816 0.1809 -0.7090
vn -0.2376 0.2498 -0.9387
vn 0.8586 0.1065 -0.5014
vn 0.7606 0.2262 -0.6085
vn 0.9688 -0.0174 -0.2473
vn -0.6429 0.2006 -0.7392
vn 0.9946 -0.0688 -0.0780
vn -0.5613 0.2603 -0.7856
vn 0.9850 -0.0490 -0.1652
vn 0.9981 -0.0479 0.0386
vn -0.4845 0.3606 -0.7970
vn 0.9923 0.0053 -0.1239
vn 0.8905 0.3543 -0.2855
vn -0.7606 0.2262 -0.6085
vn 0.9098 0.4090 -0.0706
vn -0.3982 0.5569 -0.7289
vn -0.6596 0.4128 -0.6282
vn 0.9322 0.3475 0.1009
vn 0.6382 0.6668 -0.3849
vn 0.7221 0.6844 -0.1014
vn -0.7783 0.2695 -0.5671
vn -0.5759 0.6309 -0.5199
vn 0.7787 0.6232 0.0725
vn -0.6785 0.5238 -0.5150
vn -0.3465 0.7503 -0.5630
vn 0.5449 0.7449 -0.3851
vn -0.8970 0.2252 -0.3805
vn -0.1351 0.6374 -0.7586
vn 0.5969 0.7941 -0.1143
vn -0.9349 0.0558 -0.3504
vn 0.3256 0.8522 -0.4097
vn -0.9850 -0.0490 -0.1652
vn -0.8586 0.1065 -0.5014
vn 0.0000 0.6584 -0.7526
vn 0.3465 0.7503 -0.5630
vn -0.9688 -0.0174 -0.2473
vn -0.1110 0.8117 -0.5734
vn -0.8573 0.1363 -0.4965
vn 0.1110 0.8117 -0.5734
vn 0.0000 0.8191 -0.5737
vn -0.3256 0.8522 -0.4097
vn -0.5449 0.7449 -0.3851
vn -0.1064 0.9039 -0.4143
vn 0.0000 0.9071 -0.4208
vn 0.1064 0.9039 -0.4143
vn -0.5969 0.7941 -0.1143
vn -0.0788 0.9855 -0.1501
vn -0.7221 0.6844 -0.1014
vn -0.1195 0.9844 -0.1295
vn 0.0788 0.9855 -0.1501
vn -0.6382 0.6668 -0.3849
vn -0.0871 0.9940 0.0657
vn -0.3458 0.9303 -0.1221
vn -0.9098 0.4090 -0.0706
vn -0.1267 0.9879 0.0892
vn -0.8905 0.3543 -0.2855
vn -0.9322 0.3475 0.1009
vn -0.7787 0.6232 0.0725
vn -0.3692 0.9246 0.0935
vn -0.6445 0.7610 0.0738
vn -0.9923 0.0053 -0.1239
vn -0.9946 -0.0688 -0.0780
vn -0.9981 -0.0479 0.0386
vn -0.9894 -0.0498 -0.1364
vn -0.9361 0.0123 -0.3516
vn -0.9929 -0.0104 0.1187
vn -0.9999 -0.0036 0.0111
vn -0.9842 -0.0084 -0.1766
vn -0.9681 0.1118 0.2245
vn -0.9403 0.0980 -0.3260
vn -0.9726 0.1511 0.1768
vn -0.9079 0.2559 0.3321
vn -0.8869 0.1893 0.4215
vn -0.8993 0.1121 0.4227
vn -0.9897 0.0884 0.1129
vn -0.6062 0.0403 0.7943
vn -0.9906 0.1322 -0.0348
vn -0.8982 0.0795 0.4323
vn -0.5764 0.0251 0.8168
vn -0.9856 0.1059 0.1321
vn -0.2538 0.0156 0.9671
vn -0.8942 0.1031 0.4356
vn -0.2424 -0.0070 0.9702
vn -0.9884 0.1519 -0.0001
vn -0.5652 0.0423 0.8239
vn -0.2378 0.0208 0.9711
vn -0.1325 -0.0183 0.9910
vn -0.5666 0.0827 0.8198
vn -0.1289 0.0198 0.9915
vn -0.1361 -0.0063 0.9907
vn -0.2197 0.0567 0.9739
vn -0.2081 0.0440 0.9771
vn -0.0933 0.0359 0.9950
vn -0.0830 0.0361 0.9959
vn -0.0934 -0.0115 0.9956
vn -0.0951 -0.0875 0.9916
vn -0.2130 -0.0835 0.9735
vn -0.1134 -0.2042 0.9723
vn -0.2196 -0.1906 0.9568
vn -0.1000 -0.3116 0.9449
vn 0.0000 -0.6201 -0.7845
vn 0.0000 -0.6163 -0.7875
vn -0.0026 -0.6219 -0.7831
vn 0.0026 -0.6219 -0.7831
vn -0.0015 -0.6117 -0.7911
vn 0.0015 -0.6117 -0.7911
vn 0.0000 -0.6020 -0.7985
vn -0.0006 -0.5989 -0.8009
vn 0.0006 -0.5989 -0.8009
vn 0.0000 -0.5956 -0.8033
vn -0.0010 -0.5965 -0.8026
vn 0.0010 -0.5965 -0.8026
vn 0.0000 -0.5992 -0.8006
vn -0.0019 -0.5977 -0.8017
vn 0.0019 -0.5977 -0.8017
vn -0.0011 -0.6020 -0.7985
vn 0.0011 -0.6020 -0.7985
vn 0.0000 -0.6095 -0.7928
vn -0.0002 -0.6285 -0.7778
vn 0.0002 -0.6285 -0.7778
vn 0.0000 -0.6665 -0.7455
vn 0.0001 -0.6939 -0.7200
vn -0.0001 -0.6939 -0.7200
vn 0.0000 -0.7180 -0.6960
vn -0.2428 -0.0507 0.9688
vn -0.2546 -0.0688 0.9646
vn -0.5858 -0.0229 0.8101
vn 0.0000 -0.0726 0.9974
vn -0.6014 -0.0507 0.7973
vn 0.0000 -0.0464 0.9989
vn -0.9018 -0.0355 0.4307
vn -0.2664 -0.1011 0.9585
vn 0.2428 -0.0507 0.9688
vn -0.9301 -0.0770 0.3591
vn 0.0000 -0.1048 0.9945
vn 0.2546 -0.0688 0.9646
vn -0.9964 -0.0631 0.0558
vn -0.5883 -0.0988 0.8026
vn 0.5858 -0.0229 0.8101
vn -0.9952 -0.0865 0.0454
vn -0.2637 -0.1353 0.9551
vn 0.6014 -0.0507 0.7973
vn -0.9964 -0.0845 -0.0036
vn 0.0000 -0.1367 0.9906
vn 0.2664 -0.1011 0.9585
vn -0.9966 -0.0791 -0.0217
vn -0.5443 -0.1397 0.8272
vn -0.9938 -0.1011 0.0463
vn -0.9066 -0.1144 0.4062
vn 0.2637 -0.1353 0.9551
vn -0.9948 -0.0858 -0.0544
vn -0.8657 -0.1641 0.4729
vn -0.2565 -0.0956 0.9618
vn 0.0000 -0.0898 0.9960
vn -0.9915 -0.1246 0.0383
vn 0.5883 -0.0988 0.8026
vn 0.2565 -0.0956 0.9618
vn -0.9834 -0.1740 0.0504
vn 0.5443 -0.1397 0.8272
vn -0.9914 -0.1031 -0.0805
vn 0.9066 -0.1144 0.4062
vn 0.9301 -0.0770 0.3591
vn 0.4750 -0.1254 0.8710
vn -0.9885 -0.1376 -0.0624
vn 0.2322 0.0687 0.9702
vn 0.8657 -0.1641 0.4729
vn -0.9868 -0.1606 -0.0194
vn 0.3994 0.0118 0.9167
vn 0.9938 -0.1011 0.0463
vn -0.9665 -0.1955 0.1665
vn 0.2020 0.3106 0.9288
vn 0.9915 -0.1246 0.0383
vn -0.9804 0.0701 0.1841
vn 0.3202 0.2357 0.9175
vn 0.9948 -0.0858 -0.0544
vn 0.9834 -0.1740 0.0504
vn -0.8905 -0.0402 0.4531
vn 0.5307 0.0929 0.8425
vn 0.9914 -0.1031 -0.0805
vn -0.7923 0.5088 0.3367
vn 0.6947 -0.1045 0.7117
vn 0.9885 -0.1376 -0.0624
vn -0.6947 -0.1045 0.7117
vn 0.8905 -0.0402 0.4531
vn 0.9868 -0.1606 -0.0194
vn -0.5307 0.0929 0.8425
vn 0.8093 -0.1652 0.5637
vn 0.7399 0.3424 0.5791
vn -0.7399 0.3424 0.5791
vn 0.5204 0.5023 0.6905
vn -0.3994 0.0118 0.9167
vn 0.9665 -0.1955 0.1665
vn -0.4750 -0.1254 0.8710
vn 0.9804 0.0701 0.1841
vn -0.8093 -0.1652 0.5637
vn -0.3202 0.2357 0.9175
vn 0.7923 0.5088 0.3367
vn -0.2020 0.3106 0.9288
vn -0.2322 0.0687 0.9702
vn 0.5819 0.6321 0.5117
vn 0.0000 0.0871 0.9962
vn 0.3118 0.5693 0.7607
vn 0.0000 0.3340 0.9426
vn 0.0000 0.6564 0.7544
vn 0.1652 0.6276 0.7608
vn 0.1314 0.7992 0.5865
vn 0.0000 0.8283 0.5603
vn -0.1314 0.7992 0.5865
vn 0.3236 0.7091 0.6265
vn -0.1652 0.6276 0.7608
vn -0.3118 0.5693 0.7607
vn -0.3236 0.7091 0.6265
vn -0.5204 0.5023 0.6905
vn -0.5819 0.6321 0.5117
vn 0.3458 0.9303 -0.1221
vn 0.3692 0.9246 0.0935
vn 0.6445 0.7610 0.0738
vn 0.1195 0.9844 -0.1295
vn 0.1267 0.9879 0.0892
vn 0.0871 0.9940 0.0657
vn 0.9952 -0.0865 0.0454
vn 0.9964 -0.0631 0.0558
vn 0.9964 -0.0845 -0.0036
vn 0.9018 -0.0355 0.4307
vn 0.9966 -0.0791 -0.0217
vn -0.4925 0.7909 -0.3632
vn -0.0504 0.9642 -0.2604
vn -0.2911 0.7553 -0.5872
vn -0.7793 0.4001 -0.4823
vn -0.1142 0.7778 -0.6180
vn -0.9294 0.3323 -0.1605
vn -0.4153 0.4578 -0.7861
vn -0.0655 0.9569 -0.2831
vn -0.9667 0.1972 -0.1631
vn -0.1588 0.4733 -0.8665
vn -0.6126 0.7553 -0.2330
vn -0.8121 0.2594 -0.5227
vn -0.4138 0.3164 -0.8536
vn -0.1710 0.7791 -0.6032
vn -0.9739 0.1938 0.1182
vn -0.1679 0.3334 -0.9277
vn -0.8263 0.5360 -0.1730
vn -0.9858 0.1219 0.1153
vn -0.4172 0.1348 -0.8988
vn -0.2880 0.0904 -0.9533
vn -0.9831 0.0959 -0.1556
vn -0.1776 0.1606 -0.9709
vn -0.9423 0.2024 -0.2667
vn -0.9364 -0.3263 -0.1292
vn -0.8252 0.0819 -0.5588
vn -0.9439 -0.2085 -0.2560
vn -0.7850 -0.3347 -0.5213
vn -0.8691 0.1058 0.4833
vn -0.4198 -0.3156 -0.8510
vn -0.8576 0.1497 0.4920
vn -0.9409 -0.2902 0.1747
vn -0.1902 -0.2987 -0.9352
vn -0.5353 0.0964 0.8391
vn -0.3917 -0.8958 0.2100
vn -0.1940 -0.8918 -0.4088
vn -0.8446 0.2071 0.4937
vn -0.4369 -0.8995 -0.0068
vn -0.1223 -0.8769 -0.4649
vn -0.7691 -0.2457 0.5900
vn -0.4148 -0.8661 -0.2791
vn -0.8415 0.2312 0.4882
vn -0.8353 0.1751 0.5211
vn -0.9628 0.2508 0.1004
vn -0.3798 -0.8253 0.4178
vn -0.4960 0.0504 0.8669
vn 0.0578 -0.9919 0.1134
vn -0.4555 0.3262 0.8283
vn 0.1326 -0.9808 0.1434
vn -0.8331 0.2176 0.5085
vn -0.0298 -0.9995 -0.0063
vn -0.3168 -0.6332 0.7062
vn -0.4411 0.2502 0.8619
vn -0.0928 -0.9651 0.2449
vn -0.4756 0.1980 0.8571
vn 0.0067 0.2805 0.9598
vn 0.0093 0.1683 0.9857
vn -0.0052 -1.0000 -0.0057
vn 0.0193 0.1928 0.9810
vn 0.0080 -0.5536 0.8327
vn -0.0289 -0.9996 -0.0052
vn -0.5217 0.1372 0.8420
vn 0.0088 0.3842 0.9232
vn 0.4799 0.2382 0.8444
vn 0.0183 0.1091 0.9939
vn 0.4941 0.3237 0.8069
vn 0.5232 0.0426 0.8512
vn 0.8627 0.1769 0.4738
vn 0.0128 0.0486 0.9987
vn 0.8602 0.1582 0.4848
vn 0.3375 -0.6342 0.6957
vn -0.5354 0.0586 0.8426
vn 0.4677 0.1494 0.8712
vn 0.3984 -0.8274 0.3957
vn 0.0125 0.0062 0.9999
vn 0.8558 0.1059 0.5063
vn 0.4942 -0.0105 0.8693
vn 0.4865 0.0824 0.8698
vn 0.0770 -0.9453 0.3169
vn 0.0109 -0.0467 0.9989
vn 0.0020 -0.9367 0.3502
vn 0.5012 0.0433 0.8642
vn 0.8463 0.0019 0.5327
vn -0.0764 -0.9445 0.3195
vn 0.8395 0.0637 0.5396
vn 0.8620 -0.0288 0.5062
vn 0.8444 0.1037 0.5256
vn 0.9862 0.0257 0.1638
vn 0.5015 -0.0597 0.8631
vn 0.9598 0.1042 -0.2605
vn 0.9295 -0.2829 -0.2364
vn 0.7572 -0.5544 -0.3453
vn 0.8764 0.4473 -0.1786
vn 0.8725 -0.0428 0.4868
vn 0.2040 -0.6847 -0.6997
vn 0.9878 0.0300 0.1526
vn 0.2900 0.0869 -0.9531
vn 0.9895 0.0147 0.1439
vn 0.9899 0.0710 -0.1225
vn 0.9871 0.0990 -0.1256
vn 0.0947 -0.8963 -0.4332
vn 0.1664 0.7844 -0.5976
vn 0.9838 0.1243 -0.1295
vn 0.6970 -0.4590 -0.5510
vn 0.7036 0.6737 -0.2261
vn 0.9923 0.0121 0.1235
vn 0.1012 -0.8728 -0.4775
vn 0.0609 0.9568 -0.2844
vn 0.8764 -0.0860 0.4739
vn 0.4395 -0.2870 -0.8512
vn 0.5930 0.6951 -0.4064
vn 0.8766 -0.1258 0.4645
vn 0.8972 0.1665 -0.4090
vn 0.0492 0.9624 -0.2671
vn 0.4938 -0.1771 0.8513
vn 0.9024 0.1915 -0.3861
vn 0.2801 0.7368 -0.6153
vn 0.5355 0.3458 -0.7705
vn 0.1223 0.7686 -0.6279
vn 0.5036 -0.1049 0.8575
vn 0.5275 0.2773 -0.8031
vn 0.4007 0.4359 -0.8059
vn 0.0052 -0.1064 0.9943
vn 0.2007 0.4010 -0.8938
vn 0.8060 0.2876 -0.5174
vn -0.0046 -0.1817 0.9833
vn 0.2042 0.3115 -0.9280
vn 0.8400 0.2117 -0.4996
vn 0.4605 -0.2551 0.8502
vn 0.4395 0.3075 -0.8439
vn -0.0308 -0.2476 0.9684
vn 0.2002 -0.3441 -0.9174
vn 0.8486 0.0898 -0.5214
vn -0.5642 -0.1257 0.8160
vn 0.4477 0.1384 -0.8834
vn -0.5452 -0.0937 0.8330
vn -0.0337 -0.1383 0.9898
vn 0.9884 0.0948 -0.1184
vn 0.1668 0.4716 -0.8659
vn -0.5523 -0.0060 0.8336
vn 0.9840 0.1309 -0.1210
vn -0.0176 -0.0073 0.9998
vn 0.9866 0.1147 0.1160
vn 0.1761 0.3327 -0.9264
vn 0.3895 -0.0550 0.9194
vn 0.9785 0.1467 -0.1450
vn 0.9880 0.1055 0.1127
vn 0.4571 -0.1644 0.8741
vn 0.9471 -0.3074 -0.0926
vn 0.8479 -0.0042 0.5301
vn 0.8691 -0.0893 0.4866
vn 0.9909 0.0850 0.1045
vn 0.9455 -0.2766 0.1720
vn 0.9848 0.0582 0.1636
vn 0.4352 -0.9002 0.0160
vn 0.9920 0.0364 0.1209
vn 0.8181 -0.3120 -0.4831
vn 0.9805 0.1655 -0.1059
vn 0.3783 -0.9027 0.2053
vn 0.9741 0.1753 -0.1427
vn 0.4271 -0.8658 -0.2607
vn 0.8464 0.4373 -0.3039
vn 0.4342 -0.3159 -0.8436
vn 0.8408 0.4060 -0.3580
vn 0.4948 0.7036 -0.5100
vn 0.2039 -0.8909 -0.4059
vn 0.2000 -0.2984 -0.9333
vn 0.1863 0.1602 -0.9693
vn 0.1298 -0.8749 -0.4666
vn 0.0320 -0.9995 -0.0039
vn 0.0307 -0.9995 -0.0049
vn 0.0054 -1.0000 -0.0057
vn -0.0597 -0.9920 0.1113
vn -0.1352 -0.9802 0.1446
vn 0.8056 -0.2361 0.5433
vn 0.1048 -0.9668 0.2330
vn -0.1950 -0.6910 -0.6960
vn -0.7958 -0.4798 -0.3693
vn -0.9748 0.1243 0.1852
vn -0.0897 -0.8938 -0.4395
vn -0.6922 -0.4375 -0.5740
vn -0.8783 0.0761 0.4721
vn -0.9748 0.1813 -0.1300
vn -0.0970 -0.8719 -0.4801
vn -0.9764 0.1218 0.1786
vn -0.4463 -0.2716 -0.8527
vn -0.8858 0.0566 0.4606
vn -0.8843 0.2230 -0.4102
vn -0.1910 -0.3270 -0.9255
vn -0.5483 0.0029 0.8363
vn -0.5243 0.3146 -0.7913
vn -0.9746 0.1867 -0.1239
vn -0.5526 -0.0326 0.8328
vn -0.1931 0.3286 -0.9245
vn -0.8822 0.2715 -0.3848
vn -0.1861 0.4211 -0.8877
vn -0.8810 0.2959 -0.3692
vn -0.5215 0.3908 -0.7584
vn -0.8906 0.0327 0.4535
vn -0.5124 0.4376 -0.7389
vn -0.9067 0.0497 0.4187
vn -0.1713 0.4792 -0.8609
vn -0.4885 0.5270 -0.6954
vn -0.9759 0.1634 0.1446
vn -0.8643 0.3564 -0.3551
vn -0.9770 0.1238 0.1734
vn -0.9507 0.2973 0.0878
vn -0.1282 0.5706 -0.8111
vn -0.9155 0.1533 0.3718
vn -0.0774 0.7065 -0.7035
vn -0.9707 0.2071 -0.1219
vn -0.4331 0.6246 -0.6499
vn -0.9264 0.3662 0.0872
vn -0.9627 0.2455 -0.1136
vn -0.0512 0.7498 -0.6597
vn -0.8916 0.2209 0.3953
vn -0.8072 0.4797 -0.3439
vn -0.4579 0.6514 -0.6051
vn -0.5043 0.0953 0.8582
vn -0.9199 0.3709 -0.1274
vn -0.7772 0.5587 -0.2896
vn -0.8896 0.4408 -0.1196
vn 0.0000 -1.0000 -0.0000
vn 0.2029 0.9535 -0.2228
vn 0.1909 0.9645 -0.1824
vn 0.1925 0.9642 -0.1825
vn 0.2138 0.9443 -0.2503
vn 0.1943 0.9709 -0.1402
vn 0.2275 0.9250 -0.3044
vn 0.1957 0.9678 -0.1583
vn 0.2666 0.9053 -0.3307
vn 0.2028 0.9630 -0.1776
vn 0.2746 0.8828 -0.3812
vn 0.2209 0.9534 -0.2054
vn 0.2988 0.8962 -0.3280
vn 0.2536 0.9197 -0.2998
vn 0.2789 0.9083 -0.3119
vn 0.2616 0.9010 -0.3461
vn 0.3169 0.9067 -0.2782
vn 0.2468 0.9026 -0.3528
vn 0.2745 0.9180 -0.2862
vn -0.2322 0.2049 -0.9508
vn -0.2182 0.0634 -0.9739
vn -0.3654 0.2493 -0.8968
vn -0.3588 0.1082 -0.9271
vn -0.7109 0.3455 -0.6125
vn -0.1905 -0.3832 -0.9038
vn -0.7497 0.1669 -0.6404
vn -0.3238 -0.3571 -0.8762
vn -0.9500 0.2357 -0.2049
vn -0.1479 -0.6734 -0.7243
vn -0.7166 -0.2921 -0.6333
vn -0.9091 0.3677 -0.1958
vn -0.2995 -0.6327 -0.7141
vn -0.9009 0.4232 0.0962
vn -0.6620 -0.5556 -0.5031
vn -0.9390 0.3238 0.1158
vn -0.9673 -0.1161 -0.2254
vn -0.7582 0.4627 0.4594
vn -0.9063 -0.3496 -0.2375
vn -0.7815 0.3670 0.5045
vn -0.9275 -0.3483 0.1357
vn -0.4887 0.3554 0.7968
vn -0.9896 -0.0542 0.1334
vn -0.4792 0.4455 0.7563
vn -0.8224 -0.0929 0.5612
vn 0.0129 0.3691 0.9293
vn -0.5041 -0.0256 0.8632
vn -0.7097 -0.4343 0.5547
vn 0.0139 0.4858 0.8740
vn -0.4743 -0.3088 0.8244
vn 0.5082 0.4394 0.7407
vn 0.0108 -0.0105 0.9999
vn 0.5245 0.3506 0.7759
vn 0.0120 -0.2904 0.9568
vn 0.8040 0.4230 0.4179
vn 0.5374 -0.0236 0.8430
vn 0.5062 -0.3102 0.8047
vn 0.8129 0.3516 0.4642
vn 0.7350 -0.4455 0.5111
vn 0.9402 0.3249 0.1024
vn 0.8506 -0.0866 0.5187
vn 0.9178 0.3880 0.0847
vn 0.9291 -0.3491 0.1220
vn 0.9921 -0.0379 0.1194
vn 0.9561 0.2456 -0.1599
vn 0.9159 -0.3518 -0.1931
vn 0.9309 0.3355 -0.1442
vn 0.9787 -0.0921 -0.1833
vn 0.7523 0.3265 -0.5722
vn 0.6862 -0.5413 -0.4859
vn 0.7752 0.1726 -0.6077
vn 0.7510 -0.2615 -0.6064
vn 0.3850 0.1098 -0.9164
vn 0.3103 -0.6377 -0.7050
vn 0.3792 0.2576 -0.8888
vn 0.3453 -0.3569 -0.8680
vn 0.2275 0.0649 -0.9716
vn 0.1544 -0.6735 -0.7229
vn 0.2476 0.2041 -0.9471
vn 0.1980 -0.3822 -0.9026
vn 0.5415 0.3874 -0.7461
vn 0.5272 0.4734 -0.7056
vn 0.9027 0.2074 -0.3769
vn 0.1852 0.5499 -0.8144
vn 0.8898 0.2632 -0.3728
vn 0.1981 0.4593 -0.8659
vn 0.5107 0.6136 -0.6023
vn 0.1934 0.6746 -0.7124
vn 0.2061 0.7369 -0.6438
vn 0.9887 0.0868 -0.1223
vn 0.1142 0.7778 -0.6180
vn 0.0504 0.9642 -0.2604
vn 0.2911 0.7553 -0.5872
vn 0.4153 0.4578 -0.7861
vn 0.4925 0.7909 -0.3632
vn 0.1588 0.4733 -0.8665
vn 0.7793 0.4001 -0.4823
vn 0.0655 0.9569 -0.2831
vn 0.4138 0.3164 -0.8536
vn 0.8121 0.2594 -0.5227
vn 0.6126 0.7553 -0.2330
vn 0.1679 0.3334 -0.9277
vn 0.9667 0.1972 -0.1631
vn 0.9294 0.3323 -0.1605
vn 0.1710 0.7791 -0.6032
vn 0.4172 0.1348 -0.8988
vn 0.8252 0.0819 -0.5588
vn 0.8263 0.5360 -0.1730
vn 0.9739 0.1938 0.1182
vn 0.9628 0.2508 0.1004
vn 0.7850 -0.3347 -0.5213
vn 0.9858 0.1219 0.1153
vn 0.2880 0.0904 -0.9533
vn 0.9364 -0.3263 -0.1292
vn 0.8331 0.2176 0.5085
vn 0.8415 0.2312 0.4882
vn 0.9831 0.0959 -0.1556
vn 0.4756 0.1980 0.8571
vn 0.9409 -0.2902 0.1747
vn 0.9423 0.2025 -0.2667
vn 0.8446 0.2071 0.4937
vn 0.3917 -0.8958 0.2100
vn 0.9439 -0.2085 -0.2560
vn 0.4411 0.2502 0.8619
vn 0.7691 -0.2457 0.5900
vn 0.8691 0.1057 0.4833
vn 0.8353 0.1751 0.5211
vn 0.1950 -0.6910 -0.6960
vn 0.4555 0.3262 0.8283
vn 0.7958 -0.4798 -0.3693
vn 0.8576 0.1497 0.4920
vn -0.0193 0.1928 0.9810
vn 0.9748 0.1243 0.1852
vn -0.0067 0.2805 0.9598
vn 0.0897 -0.8938 -0.4395
vn 0.5217 0.1372 0.8420
vn 0.4960 0.0504 0.8669
vn 0.6922 -0.4375 -0.5740
vn -0.0183 0.1091 0.9939
vn 0.3798 -0.8253 0.4178
vn 0.9748 0.1813 -0.1300
vn 0.5353 0.0964 0.8391
vn 0.3168 -0.6332 0.7062
vn 0.0970 -0.8719 -0.4801
vn -0.0128 0.0486 0.9987
vn -0.0093 0.1683 0.9857
vn 0.4463 -0.2716 -0.8527
vn 0.5354 0.0586 0.8426
vn -0.0088 0.3842 0.9232
vn 0.8843 0.2230 -0.4102
vn -0.0125 0.0062 0.9999
vn 0.1910 -0.3270 -0.9255
vn -0.4942 -0.0105 0.8693
vn 0.5243 0.3146 -0.7913
vn -0.0109 -0.0467 0.9989
vn -0.4941 0.3237 0.8069
vn 0.1931 0.3286 -0.9245
vn -0.5012 0.0433 0.8642
vn -0.4799 0.2382 0.8444
vn 0.5215 0.3908 -0.7584
vn -0.4865 0.0824 0.8698
vn -0.8627 0.1769 0.4738
vn 0.8822 0.2715 -0.3848
vn -0.8463 0.0019 0.5327
vn -0.8602 0.1582 0.4848
vn 0.5124 0.4376 -0.7389
vn -0.8395 0.0637 0.5396
vn -0.4677 0.1494 0.8712
vn 0.8810 0.2959 -0.3692
vn -0.9598 0.1042 -0.2605
vn 0.4885 0.5270 -0.6954
vn -0.8444 0.1037 0.5256
vn 0.8643 0.3564 -0.3551
vn -0.8764 0.4473 -0.1786
vn 0.9707 0.2071 -0.1219
vn -0.2900 0.0869 -0.9531
vn 0.9627 0.2455 -0.1136
vn -0.1664 0.7844 -0.5976
vn -0.8558 0.1059 0.5063
vn 0.4331 0.6246 -0.6499
vn -0.7036 0.6737 -0.2261
vn 0.0774 0.7065 -0.7035
vn -0.9909 0.0850 0.1045
vn -0.0609 0.9568 -0.2844
vn 0.0512 0.7498 -0.6597
vn -0.5930 0.6951 -0.4064
vn 0.4579 0.6514 -0.6051
vn -0.9880 0.1055 0.1127
vn -0.0492 0.9624 -0.2671
vn 0.8072 0.4797 -0.3439
vn -0.9785 0.1467 -0.1450
vn -0.2801 0.7368 -0.6153
vn 0.7772 0.5587 -0.2896
vn -0.8060 0.2876 -0.5174
vn 0.9199 0.3709 -0.1274
vn -0.1223 0.7686 -0.6279
vn -0.4007 0.4359 -0.8059
vn -0.9840 0.1309 -0.1210
vn -0.8400 0.2117 -0.4996
vn -0.1668 0.4716 -0.8659
vn 0.9759 0.1634 0.1446
vn -0.4395 0.3075 -0.8439
vn -0.9866 0.1147 0.1160
vn 0.9507 0.2973 0.0878
vn -0.9884 0.0948 -0.1184
vn -0.8486 0.0898 -0.5214
vn 0.9770 0.1238 0.1734
vn -0.9471 -0.3074 -0.0926
vn 0.8906 0.0327 0.4535
vn -0.9455 -0.2766 0.1720
vn 0.9764 0.1218 0.1786
vn 0.9067 0.0497 0.4187
vn 0.9746 0.1867 -0.1239
vn 0.9155 0.1533 0.3718
vn -0.4352 -0.9002 0.0160
vn 0.9264 0.3662 0.0872
vn -0.3783 -0.9026 0.2053
vn 0.8896 0.4408 -0.1196
vn -0.8056 -0.2361 0.5433
vn 0.8783 0.0761 0.4721
vn -0.3984 -0.8274 0.3957
vn 0.8858 0.0566 0.4606
vn -0.5232 0.0426 0.8512
vn 0.5483 0.0029 0.8363
vn 0.1352 -0.9802 0.1446
vn -0.3375 -0.6342 0.6957
vn 0.5526 -0.0326 0.8328
vn 0.0597 -0.9920 0.1113
vn 0.5453 -0.0937 0.8330
vn -0.0320 -0.9995 -0.0039
vn -0.0052 -0.1064 0.9943
vn -0.4271 -0.8658 -0.2607
vn -0.8181 -0.3120 -0.4831
vn 0.0046 -0.1817 0.9833
vn -0.4342 -0.3159 -0.8436
vn 0.5642 -0.1257 0.8160
vn -0.4477 0.1384 -0.8834
vn -0.2039 -0.8909 -0.4059
vn 0.0308 -0.2476 0.9684
vn -0.2000 -0.2984 -0.9333
vn -0.4605 -0.2551 0.8502
vn -0.1863 0.1602 -0.9693
vn -0.4938 -0.1771 0.8513
vn -0.1761 0.3327 -0.9264
vn -0.5036 -0.1049 0.8575
vn -0.8764 -0.0860 0.4739
vn -0.8766 -0.1258 0.4645
vn -0.5015 -0.0597 0.8631
vn -0.8725 -0.0428 0.4868
vn -0.8691 -0.0893 0.4866
vn -0.8620 -0.0288 0.5062
vn -0.9923 0.0121 0.1235
vn -0.4571 -0.1644 0.8741
vn -0.9920 0.0364 0.1209
vn -0.9895 0.0147 0.1439
vn -0.8479 -0.0042 0.5301
vn 0.0337 -0.1383 0.9898
vn -0.9878 0.0300 0.1526
vn -0.9848 0.0582 0.1636
vn -0.9871 0.0990 -0.1256
vn -0.3895 -0.0550 0.9194
vn -0.9805 0.1655 -0.1059
vn -0.9838 0.1243 -0.1295
vn -0.9741 0.1753 -0.1427
vn 0.0176 -0.0073 0.9998
vn -0.8464 0.4373 -0.3039
vn 0.5523 -0.0060 0.8336
vn -0.8898 0.2632 -0.3728
vn -0.8408 0.4060 -0.3580
vn -0.9027 0.2074 -0.3769
vn -0.4948 0.7036 -0.5100
vn 0.5043 0.0953 0.8582
vn -0.9887 0.0868 -0.1223
vn -0.5272 0.4734 -0.7056
vn -0.5107 0.6136 -0.6023
vn 0.8916 0.2209 0.3953
vn -0.5415 0.3874 -0.7461
vn -0.2061 0.7369 -0.6438
vn -0.9024 0.1915 -0.3861
vn -0.1934 0.6746 -0.7124
vn -0.9899 0.0710 -0.1225
vn -0.1852 0.5499 -0.8144
vn -0.8972 0.1665 -0.4090
vn -0.1981 0.4593 -0.8659
vn -0.5355 0.3458 -0.7705
vn -0.9862 0.0257 0.1638
vn -0.5275 0.2773 -0.8031
vn -0.2007 0.4010 -0.8938
vn -0.6970 -0.4590 -0.5510
vn -0.7573 -0.5544 -0.3453
vn -0.2042 0.3115 -0.9280
vn -0.0947 -0.8963 -0.4332
vn -0.4395 -0.2870 -0.8512
vn -0.9295 -0.2829 -0.2364
vn -0.2002 -0.3441 -0.9174
vn -0.2040 -0.6847 -0.6997
vn -0.1012 -0.8728 -0.4775
vn -0.0080 -0.5536 0.8327
vn -0.0020 -0.9367 0.3502
vn 0.0764 -0.9445 0.3195
vn -0.0770 -0.9453 0.3169
vn 0.0928 -0.9651 0.2449
vn -0.1048 -0.9668 0.2330
vn -0.1326 -0.9808 0.1434
vn -0.0578 -0.9919 0.1134
vn 0.4369 -0.8995 -0.0068
vn 0.0298 -0.9995 -0.0063
vn 0.4148 -0.8661 -0.2791
vn 0.1940 -0.8918 -0.4088
vn 0.4198 -0.3156 -0.8510
vn 0.0052 -1.0000 -0.0057
vn 0.1902 -0.2987 -0.9352
vn 0.0289 -0.9996 -0.0052
vn 0.1776 0.1606 -0.9709
vn 0.1223 -0.8769 -0.4649
vn -0.1943 0.9709 -0.1402
vn -0.1909 0.9645 -0.1824
vn -0.1925 0.9642 -0.1825
vn -0.1957 0.9678 -0.1583
vn -0.2029 0.9535 -0.2228
vn -0.2028 0.9630 -0.1776
vn -0.2138 0.9443 -0.2503
vn -0.2275 0.9250 -0.3044
vn -0.2209 0.9534 -0.2054
vn -0.2666 0.9053 -0.3307
vn -0.2536 0.9197 -0.2998
vn -0.2746 0.8828 -0.3812
vn -0.2616 0.9010 -0.3461
vn -0.2988 0.8962 -0.3280
vn -0.2789 0.9083 -0.3119
vn -0.2468 0.9026 -0.3528
vn -0.3169 0.9067 -0.2782
vn -0.2745 0.9180 -0.2862
vn 0.1713 0.4792 -0.8609
vn 0.1282 0.5706 -0.8111
vn 0.1861 0.4211 -0.8877
vn -0.1298 -0.8749 -0.4666
vn -0.0307 -0.9995 -0.0049
vn -0.0054 -1.0000 -0.0057
vn 0.3238 -0.3571 -0.8762
vn 0.7166 -0.2921 -0.6333
vn 0.2995 -0.6327 -0.7141
vn 0.1479 -0.6734 -0.7243
vn 0.6620 -0.5556 -0.5031
vn 0.1905 -0.3832 -0.9038
vn 0.9673 -0.1161 -0.2254
vn 0.7497 0.1669 -0.6404
vn 0.3588 0.1082 -0.9271
vn 0.9063 -0.3496 -0.2375
vn 0.9500 0.2357 -0.2049
vn 0.2182 0.0634 -0.9739
vn 0.9275 -0.3483 0.1357
vn 0.7109 0.3455 -0.6125
vn 0.3654 0.2493 -0.8968
vn 0.2322 0.2049 -0.9508
vn 0.9896 -0.0542 0.1334
vn 0.9390 0.3238 0.1158
vn 0.9091 0.3677 -0.1958
vn 0.8224 -0.0929 0.5612
vn 0.9009 0.4232 0.0962
vn 0.7815 0.3670 0.5045
vn 0.7097 -0.4343 0.5547
vn 0.7582 0.4627 0.4594
vn 0.5041 -0.0256 0.8632
vn 0.4887 0.3554 0.7968
vn 0.4743 -0.3088 0.8244
vn 0.4792 0.4455 0.7563
vn -0.0108 -0.0105 0.9999
vn -0.0129 0.3691 0.9293
vn -0.0120 -0.2904 0.9568
vn -0.0139 0.4858 0.8740
vn -0.5062 -0.3102 0.8047
vn -0.5082 0.4394 0.7407
vn -0.5374 -0.0236 0.8430
vn -0.5245 0.3506 0.7759
vn -0.7350 -0.4455 0.5111
vn -0.8040 0.4230 0.4179
vn -0.8506 -0.0866 0.5187
vn -0.8129 0.3516 0.4642
vn -0.9291 -0.3491 0.1220
vn -0.9402 0.3249 0.1024
vn -0.9921 -0.0379 0.1194
vn -0.9178 0.3880 0.0847
vn -0.9159 -0.3518 -0.1931
vn -0.9561 0.2456 -0.1599
vn -0.9787 -0.0921 -0.1833
vn -0.9309 0.3355 -0.1442
vn -0.6862 -0.5413 -0.4859
vn -0.7523 0.3265 -0.5722
vn -0.7510 -0.2615 -0.6064
vn -0.7752 0.1726 -0.6077
vn -0.3103 -0.6377 -0.7050
vn -0.3850 0.1098 -0.9164
vn -0.3453 -0.3569 -0.8680
vn -0.3792 0.2576 -0.8888
vn -0.1544 -0.6735 -0.7229
vn -0.2275 0.0649 -0.9716
vn -0.1980 -0.3822 -0.9026
vn -0.2476 0.2041 -0.9471
vn -0.5215 0.7966 -0.3058
vn -0.0469 0.9725 -0.2281
vn -0.3439 0.7464 -0.5697
vn -0.8063 0.3814 -0.4521
vn -0.1154 0.7869 -0.6062
vn -0.9461 0.3044 -0.1108
vn -0.4129 0.4646 -0.7834
vn -0.0655 0.9592 -0.2749
vn -0.9686 0.2040 -0.1418
vn -0.1606 0.4965 -0.8531
vn -0.6484 0.7304 -0.2145
vn -0.8151 0.2902 -0.5014
vn -0.4137 0.3692 -0.8322
vn -0.1354 0.8649 -0.4834
vn -0.9735 0.1861 0.1331
vn -0.1668 0.3903 -0.9054
vn -0.7839 0.6011 -0.1558
vn -0.9862 0.0887 0.1399
vn -0.4044 0.2706 -0.8736
vn -0.2720 0.3997 -0.8754
vn -0.9808 0.1294 -0.1460
vn -0.1726 0.2927 -0.9405
vn -0.9690 0.1791 -0.1702
vn -0.9373 -0.3064 0.1660
vn -0.8259 0.1889 -0.5313
vn -0.9530 -0.1591 -0.2578
vn -0.9400 -0.3029 -0.1572
vn -0.7792 -0.2538 -0.5731
vn -0.2313 -0.4842 -0.8438
vn -0.4281 -0.9033 -0.0285
vn -0.3890 -0.2530 -0.8858
vn -0.8167 -0.3743 -0.4393
vn -0.3883 -0.8989 0.2031
vn -0.4031 -0.8660 -0.2960
vn -0.1147 -0.7735 -0.6233
vn -0.7688 -0.3523 0.5337
vn -0.1658 -0.9045 -0.3930
vn -0.7060 -0.3349 -0.6240
vn -0.0304 -0.9995 -0.0104
vn -0.0986 -0.7765 -0.6224
vn -0.3578 -0.8436 0.4004
vn -0.1854 -0.2295 -0.9555
vn 0.0684 -0.9942 0.0824
vn -0.4621 -0.2183 0.8595
vn -0.1014 -0.8886 -0.4474
vn 0.1344 -0.9812 0.1385
vn -0.8531 0.0820 0.5153
vn -0.2608 -0.7586 0.5971
vn -0.0662 -0.9708 0.2305
vn 0.0035 -0.1603 0.9871
vn -0.8444 0.2087 0.4934
vn -0.0209 -0.9717 0.2352
vn -0.4648 0.1705 0.8689
vn -0.9668 0.2221 0.1261
vn 0.0027 -0.7020 0.7122
vn -0.4702 0.2511 0.8461
vn 0.0003 -0.9578 0.2876
vn -0.5029 0.1389 0.8531
vn 0.0016 0.2806 0.9598
vn 0.2600 -0.7609 0.5945
vn -0.8604 0.1790 0.4772
vn 0.0137 0.1284 0.9916
vn 0.0349 -0.9705 0.2387
vn 0.4804 -0.2082 0.8520
vn -0.8653 0.0759 0.4955
vn -0.5553 -0.0473 0.8303
vn 0.8066 -0.3442 0.4806
vn 0.0125 -0.1107 0.9938
vn 0.3877 -0.8492 0.3586
vn 0.4911 0.0954 0.8658
vn -0.8694 -0.0296 0.4932
vn 0.4979 0.2417 0.8329
vn -0.5355 -0.2122 0.8174
vn 0.8595 0.1616 0.4850
vn -0.8776 -0.0604 0.4756
vn 0.4937 0.1679 0.8533
vn 0.8449 0.0752 0.5297
vn -0.9745 0.0840 0.2082
vn 0.0035 0.1886 0.9821
vn 0.8483 -0.0347 0.5284
vn 0.8184 0.5516 -0.1612
vn 0.5099 -0.1193 0.8520
vn -0.9771 0.1966 -0.0810
vn 0.9765 0.1206 -0.1785
vn -0.9771 0.2027 -0.0653
vn 0.2674 0.4082 -0.8729
vn -0.8920 0.3426 -0.2949
vn 0.8714 0.0841 0.4833
vn 0.1350 0.8615 -0.4895
vn -0.8857 0.3948 -0.2444
vn 0.7122 0.6697 -0.2104
vn -0.9683 0.2448 -0.0485
vn 0.9924 0.0465 0.1136
vn 0.0653 0.9603 -0.2711
vn -0.9765 0.0584 0.2076
vn 0.9293 -0.3406 0.1429
vn 0.5796 0.7304 -0.3614
vn -0.9735 0.0759 0.2158
vn 0.9804 0.1543 -0.1225
vn -0.9012 -0.0849 0.4251
vn 0.3709 -0.9081 0.1943
vn 0.8116 0.3116 -0.4942
vn -0.9104 -0.0684 0.4081
vn 0.4166 -0.9091 0.0028
vn 0.2837 0.7477 -0.6004
vn -0.5826 -0.3144 0.7495
vn 0.9399 -0.3235 -0.1090
vn 0.3954 0.4605 -0.7947
vn -0.5936 -0.3316 0.7333
vn 0.9902 0.0722 -0.1195
vn 0.8454 0.2393 -0.4776
vn 0.0029 -0.4633 0.8862
vn 0.4292 -0.8628 -0.2671
vn 0.4291 0.3595 -0.8286
vn -0.0004 -0.5072 0.8618
vn 0.0331 -0.9994 -0.0073
vn 0.8586 0.1724 -0.4829
vn 0.0084 -0.3830 0.9237
vn 0.1712 -0.9036 -0.3927
vn 0.5010 -0.4095 0.7625
vn 0.3975 -0.2533 -0.8820
vn 0.9859 0.1241 -0.1119
vn 0.5047 -0.4516 0.7358
vn 0.8236 -0.2424 -0.5129
vn 0.4290 0.2734 -0.8609
vn 0.5155 -0.4578 0.7243
vn 0.1726 0.2927 -0.9405
vn 0.8986 -0.2147 0.3826
vn 0.9123 -0.1341 0.3868
vn 0.8876 -0.2272 0.4007
vn 0.9861 0.0992 0.1336
vn 0.1668 0.3903 -0.9054
vn 0.1607 0.4957 -0.8535
vn 0.8843 -0.2013 0.4213
vn 0.4990 -0.3498 0.7928
vn 0.9912 -0.0342 0.1282
vn 0.1174 0.7799 -0.6148
vn 0.8724 -0.1863 0.4518
vn 0.9904 -0.0189 0.1371
vn 0.0447 0.9711 -0.2344
vn 0.9888 -0.0166 0.1484
vn 0.9879 0.1184 -0.1005
vn 0.4837 -0.3120 0.8177
vn 0.9898 0.1083 -0.0923
vn 0.8505 -0.1562 0.5023
vn 0.9127 0.2862 -0.2915
vn 0.5052 -0.2386 0.8294
vn 0.9917 0.0846 -0.0965
vn 0.8993 0.3161 -0.3023
vn 0.9071 0.2660 -0.3262
vn 0.9834 0.1430 -0.1120
vn 0.9032 0.2352 -0.3591
vn 0.0088 -0.3320 0.9433
vn 0.5338 0.4261 -0.7304
vn 0.0112 -0.2707 0.9626
vn -0.5593 -0.2578 0.7878
vn 0.9920 -0.0240 0.1239
vn 0.4430 -0.1270 -0.8875
vn 0.7067 -0.3611 -0.6084
vn 0.5399 0.5114 -0.6686
vn 0.9713 0.2227 -0.0839
vn 0.0982 -0.7784 -0.6201
vn 0.1963 0.5920 -0.7817
vn 0.8629 0.4409 -0.2469
vn 0.1178 -0.7776 -0.6176
vn 0.1993 0.4849 -0.8516
vn 0.8675 0.4675 -0.1701
vn 0.7785 -0.4606 -0.4264
vn 0.1962 -0.1697 -0.9658
vn 0.9791 0.2023 -0.0212
vn 0.2370 -0.4826 -0.8431
vn 0.5384 0.7916 -0.2889
vn 0.9912 0.0307 0.1289
vn 0.9388 -0.2233 -0.2621
vn 0.9873 0.0815 0.1363
vn 0.8436 -0.0895 0.5294
vn 0.9221 -0.0411 0.3847
vn 0.5655 -0.1758 0.8058
vn 0.5275 -0.3274 0.7839
vn 0.0025 -0.4699 0.8827
vn 0.0131 -0.4042 0.9146
vn -0.0112 -0.5309 0.8474
vn -0.5509 -0.2349 0.8008
vn -0.6341 -0.2627 0.7273
vn -0.6173 -0.3310 0.7137
vn -0.6258 -0.1930 0.7557
vn -0.8864 -0.0441 0.4608
vn -0.9292 0.0333 0.3680
vn -0.9213 -0.0380 0.3869
vn -0.9157 0.0932 0.3909
vn -0.9478 0.2129 0.2372
vn -0.9690 0.1112 0.2207
vn -0.9623 0.1708 0.2119
vn -0.9320 0.3609 0.0329
vn -0.9546 0.2967 -0.0279
vn -0.9253 0.3787 -0.0208
vn -0.7975 0.5889 -0.1308
vn -0.7928 0.5809 -0.1846
vn -0.8602 0.4618 -0.2166
vn -0.4940 0.8243 -0.2767
vn -0.4567 0.8066 -0.3753
vn -0.5413 0.6840 -0.4890
vn -0.1137 0.9159 -0.3849
vn -0.5512 0.6238 -0.5541
vn -0.1814 0.8448 -0.5035
vn -0.2088 0.7447 -0.6339
vn -0.5340 0.5508 -0.6415
vn -0.1980 0.6886 -0.6976
vn -0.8943 0.2828 -0.3468
vn -0.1947 0.6082 -0.7695
vn -0.5324 0.4524 -0.7155
vn -0.1986 0.4977 -0.8443
vn -0.4545 -0.1133 -0.8835
vn -0.1977 -0.1482 -0.9690
vn 0.3097 0.8323 0.4597
vn 0.3210 0.8681 0.3786
vn 0.3449 0.8471 0.4043
vn 0.2886 0.8624 0.4160
vn 0.3244 0.8774 0.3534
vn 0.2681 0.8336 0.4829
vn 0.2905 0.8924 0.3454
vn 0.2504 0.8665 0.4318
vn 0.2785 0.8928 0.3541
vn 0.2338 0.8609 0.4519
vn 0.2693 0.8848 0.3803
vn 0.2547 0.8637 0.4348
vn 0.2607 0.8791 0.3990
vn 0.2433 0.8504 0.4664
vn 0.2338 0.8793 0.4150
vn 0.2712 0.8347 0.4794
vn 0.2153 0.8545 0.4727
vn 0.2397 0.8299 0.5038
vn -0.0113 -0.9999 -0.0089
vn -0.0064 -0.9999 -0.0079
vn -0.1576 0.1984 -0.9674
vn -0.1461 0.0377 -0.9886
vn -0.3220 0.2471 -0.9139
vn -0.3366 0.0789 -0.9383
vn -0.7296 0.3142 -0.6074
vn -0.1245 -0.4266 -0.8958
vn -0.7520 0.1513 -0.6416
vn -0.2930 -0.3924 -0.8719
vn -0.9295 0.3203 -0.1829
vn -0.0949 -0.7023 -0.7055
vn -0.9511 0.2372 -0.1979
vn -0.2685 -0.6644 -0.6974
vn -0.9128 0.3965 0.0985
vn -0.7205 -0.2935 -0.6283
vn -0.9418 0.3071 0.1370
vn -0.6548 -0.5752 -0.4903
vn -0.7711 0.4325 0.4673
vn -0.9715 -0.1005 -0.2148
vn -0.7869 0.3447 0.5118
vn -0.9066 -0.3629 -0.2155
vn -0.5013 0.3222 0.8031
vn -0.8284 -0.1015 0.5509
vn -0.9897 -0.0625 0.1291
vn -0.4952 0.4112 0.7653
vn -0.5041 -0.0457 0.8624
vn -0.9283 -0.3447 0.1392
vn -0.0022 0.3201 0.9474
vn -0.7058 -0.4472 0.5494
vn -0.0031 -0.0362 0.9993
vn -0.0056 0.4085 0.9127
vn -0.4680 -0.3154 0.8255
vn 0.5254 0.4028 0.7495
vn -0.0041 -0.3002 0.9539
vn 0.5242 0.3216 0.7885
vn 0.5047 -0.3180 0.8026
vn 0.8195 0.4066 0.4038
vn 0.5383 -0.0458 0.8415
vn 0.8322 0.3252 0.4490
vn 0.7417 -0.4645 0.4838
vn 0.9497 0.3005 0.0881
vn 0.8651 -0.1153 0.4882
vn 0.9304 0.3633 0.0493
vn 0.9321 -0.3488 0.0975
vn 0.9578 0.2447 -0.1508
vn 0.9948 -0.0501 0.0890
vn 0.9449 0.2987 -0.1336
vn 0.9166 -0.3629 -0.1676
vn 0.9818 -0.0832 -0.1709
vn 0.7823 0.2964 -0.5478
vn 0.7045 -0.5513 -0.4469
vn 0.7889 0.1587 -0.5937
vn 0.7686 -0.2631 -0.5831
vn 0.3425 0.0798 -0.9361
vn 0.2772 -0.6610 -0.6973
vn 0.3359 0.2403 -0.9107
vn 0.3034 -0.3849 -0.8717
vn 0.1484 0.0368 -0.9882
vn 0.0949 -0.7023 -0.7055
vn 0.1576 0.1984 -0.9674
vn 0.1256 -0.4258 -0.8961
vn 0.9827 0.0857 0.1641
vn 0.5202 0.7321 -0.4398
vn 0.1990 0.8537 -0.4813
vn 0.2383 0.8872 -0.3952
vn 0.5620 0.6015 -0.5677
vn 0.1885 0.7221 -0.6656
vn 0.5666 0.5684 -0.5966
vn 0.1992 0.6716 -0.7137
vn 0.1854 -0.2295 -0.9555
vn 0.1014 -0.8886 -0.4474
vn 0.0064 -0.9999 -0.0079
vn 0.0113 -0.9999 -0.0089
vn -0.0717 -0.9943 0.0792
vn -0.1631 -0.9764 0.1418
vn 0.0827 -0.9675 0.2389
vn 0.1154 0.7869 -0.6062
vn 0.0469 0.9725 -0.2281
vn 0.3439 0.7464 -0.5697
vn 0.4129 0.4646 -0.7834
vn 0.5215 0.7966 -0.3058
vn 0.1606 0.4965 -0.8531
vn 0.8063 0.3814 -0.4521
vn 0.0655 0.9592 -0.2749
vn 0.4137 0.3692 -0.8322
vn 0.8151 0.2902 -0.5014
vn 0.6484 0.7304 -0.2145
vn 0.9686 0.2040 -0.1418
vn 0.9461 0.3044 -0.1108
vn 0.1354 0.8649 -0.4834
vn 0.4044 0.2706 -0.8736
vn 0.8259 0.1889 -0.5313
vn 0.7839 0.6011 -0.1558
vn 0.9735 0.1861 0.1331
vn 0.9668 0.2221 0.1261
vn 0.7792 -0.2538 -0.5731
vn 0.9862 0.0887 0.1399
vn 0.2720 0.3997 -0.8754
vn 0.9400 -0.3029 -0.1572
vn 0.8531 0.0820 0.5153
vn 0.8604 0.1790 0.4772
vn 0.9808 0.1294 -0.1460
vn 0.8444 0.2087 0.4934
vn 0.4702 0.2511 0.8461
vn 0.5029 0.1389 0.8531
vn 0.9373 -0.3064 0.1660
vn 0.4648 0.1705 0.8689
vn 0.4281 -0.9033 -0.0285
vn 0.8653 0.0759 0.4955
vn 0.7688 -0.3523 0.5337
vn 0.4621 -0.2183 0.8595
vn 0.3883 -0.8989 0.2031
vn 0.9690 0.1791 -0.1702
vn 0.3578 -0.8436 0.4004
vn 0.4031 -0.8660 -0.2960
vn 0.3890 -0.2530 -0.8858
vn -0.0684 -0.9942 0.0824
vn 0.9530 -0.1591 -0.2578
vn 0.0304 -0.9995 -0.0104
vn 0.2313 -0.4842 -0.8438
vn 0.1658 -0.9045 -0.3930
vn 0.8167 -0.3743 -0.4393
vn 0.8694 -0.0296 0.4932
vn 0.1147 -0.7735 -0.6233
vn 0.8776 -0.0604 0.4756
vn 0.7060 -0.3349 -0.6240
vn 0.5355 -0.2122 0.8174
vn 0.9745 0.0840 0.2082
vn 0.0986 -0.7765 -0.6224
vn 0.4545 -0.1133 -0.8835
vn 0.5553 -0.0473 0.8303
vn 0.9771 0.1966 -0.0810
vn 0.1977 -0.1482 -0.9690
vn 0.9771 0.2027 -0.0653
vn 0.8943 0.2828 -0.3468
vn -0.0137 0.1284 0.9916
vn 0.8920 0.3426 -0.2949
vn 0.5324 0.4524 -0.7155
vn 0.5340 0.5508 -0.6415
vn 0.1986 0.4977 -0.8443
vn -0.0016 0.2806 0.9598
vn 0.5512 0.6238 -0.5541
vn -0.4979 0.2417 0.8329
vn 0.1947 0.6082 -0.7695
vn 0.8857 0.3948 -0.2444
vn -0.4911 0.0954 0.8658
vn -0.0035 0.1886 0.9821
vn -0.8595 0.1616 0.4850
vn -0.0035 -0.1603 0.9871
vn -0.4937 0.1679 0.8533
vn 0.9683 0.2448 -0.0485
vn 0.9765 0.0584 0.2076
vn 0.5413 0.6840 -0.4890
vn -0.8714 0.0841 0.4833
vn 0.9735 0.0759 0.2158
vn 0.8602 0.4618 -0.2166
vn -0.9861 0.0992 0.1336
vn 0.9012 -0.0849 0.4251
vn -0.9924 0.0465 0.1136
vn 0.9104 -0.0684 0.4081
vn -0.9859 0.1241 -0.1119
vn 0.8864 -0.0441 0.4608
vn 0.9690 0.1111 0.2207
vn -0.9902 0.0722 -0.1195
vn 0.5826 -0.3144 0.7495
vn -0.9293 -0.3406 0.1429
vn 0.5593 -0.2578 0.7878
vn 0.5509 -0.2349 0.8008
vn -0.8066 -0.3442 0.4806
vn -0.9399 -0.3235 -0.1090
vn -0.4166 -0.9091 0.0028
vn -0.0112 -0.2707 0.9626
vn -0.8586 0.1724 -0.4829
vn -0.4804 -0.2082 0.8520
vn -0.0088 -0.3320 0.9433
vn -0.4292 -0.8628 -0.2671
vn -0.2600 -0.7609 0.5945
vn -0.0084 -0.3830 0.9237
vn -0.8236 -0.2424 -0.5128
vn -0.3877 -0.8492 0.3586
vn -0.4837 -0.3120 0.8177
vn -0.3975 -0.2533 -0.8820
vn -0.4290 0.2734 -0.8609
vn -0.3709 -0.9081 0.1943
vn -0.0029 -0.4633 0.8862
vn -0.4291 0.3595 -0.8286
vn 0.5936 -0.3316 0.7333
vn -0.8454 0.2393 -0.4776
vn 0.0717 -0.9943 0.0792
vn -0.3954 0.4605 -0.7947
vn -0.0331 -0.9994 -0.0073
vn 0.1631 -0.9764 0.1418
vn 0.0004 -0.5072 0.8618
vn -0.8116 0.3116 -0.4942
vn -0.5047 -0.4516 0.7358
vn -0.1607 0.4957 -0.8535
vn -0.2837 0.7477 -0.6004
vn -0.0827 -0.9675 0.2389
vn 0.6173 -0.3310 0.7137
vn -0.5796 0.7304 -0.3614
vn -0.0349 -0.9705 0.2387
vn 0.9213 -0.0380 0.3869
vn -0.0447 0.9711 -0.2344
vn -0.9804 0.1543 -0.1225
vn 0.9292 0.0333 0.3680
vn -0.7122 0.6697 -0.2104
vn -0.0003 -0.9578 0.2876
vn 0.6341 -0.2627 0.7273
vn -0.0653 0.9603 -0.2711
vn -0.0027 -0.7020 0.7122
vn 0.6258 -0.1930 0.7557
vn -0.1350 0.8615 -0.4895
vn -0.0131 -0.4042 0.9146
vn 0.9157 0.0932 0.3909
vn -0.8184 0.5516 -0.1612
vn 0.2608 -0.7586 0.5971
vn 0.9478 0.2129 0.2372
vn -0.9827 0.0857 0.1641
vn 0.9623 0.1708 0.2119
vn 0.9320 0.3609 0.0329
vn 0.0662 -0.9708 0.2305
vn 0.9253 0.3787 -0.0208
vn -0.8449 0.0752 0.5297
vn 0.0209 -0.9717 0.2352
vn 0.7975 0.5889 -0.1308
vn -0.8483 -0.0347 0.5284
vn -0.1344 -0.9812 0.1385
vn -0.9765 0.1206 -0.1785
vn 0.7928 0.5809 -0.1846
vn 0.4940 0.8243 -0.2767
vn 0.9546 0.2967 -0.0279
vn -0.5099 -0.1193 0.8520
vn -0.0125 -0.1107 0.9938
vn -0.8436 -0.0895 0.5294
vn 0.4567 0.8066 -0.3753
vn 0.1137 0.9159 -0.3849
vn -0.9388 -0.2233 -0.2621
vn -0.2674 0.4082 -0.8729
vn 0.1814 0.8448 -0.5035
vn -0.2370 -0.4826 -0.8431
vn 0.2088 0.7447 -0.6339
vn -0.7785 -0.4606 -0.4264
vn -0.1178 -0.7776 -0.6176
vn -0.9888 -0.0166 0.1484
vn 0.1980 0.6886 -0.6976
vn -0.7067 -0.3611 -0.6084
vn -0.8505 -0.1562 0.5023
vn -0.9917 0.0846 -0.0965
vn -0.0982 -0.7784 -0.6201
vn -0.5052 -0.2386 0.8294
vn -0.9898 0.1083 -0.0923
vn -0.4430 -0.1270 -0.8875
vn -0.9904 -0.0189 0.1371
vn -0.9032 0.2352 -0.3591
vn -0.9071 0.2660 -0.3262
vn -0.1962 -0.1697 -0.9658
vn -0.1993 0.4849 -0.8516
vn -0.5338 0.4261 -0.7304
vn -0.8724 -0.1863 0.4518
vn -0.5399 0.5114 -0.6686
vn -0.1963 0.5920 -0.7817
vn -0.8843 -0.2013 0.4213
vn -0.5666 0.5684 -0.5966
vn -0.4990 -0.3498 0.7928
vn -0.1992 0.6716 -0.7137
vn -0.5010 -0.4095 0.7625
vn -0.1885 0.7221 -0.6656
vn -0.9127 0.2862 -0.2915
vn -0.8876 -0.2272 0.4007
vn -0.5620 0.6015 -0.5677
vn -0.9912 -0.0342 0.1282
vn -0.5202 0.7321 -0.4398
vn -0.8986 -0.2147 0.3826
vn -0.8993 0.3161 -0.3023
vn -0.9879 0.1184 -0.1005
vn -0.5155 -0.4578 0.7243
vn -0.8629 0.4409 -0.2469
vn -0.9123 -0.1341 0.3868
vn -0.9834 0.1430 -0.1120
vn -0.5275 -0.3274 0.7839
vn 0.0112 -0.5309 0.8474
vn -0.5384 0.7916 -0.2889
vn -0.9713 0.2227 -0.0839
vn -0.1990 0.8537 -0.4813
vn -0.0025 -0.4699 0.8827
vn -0.9920 -0.0240 0.1239
vn -0.2383 0.8872 -0.3952
vn -0.5655 -0.1758 0.8058
vn -0.8675 0.4675 -0.1701
vn -0.9912 0.0307 0.1289
vn -0.9791 0.2023 -0.0212
vn -0.9221 -0.0411 0.3847
vn -0.9873 0.0815 0.1363
vn -0.3244 0.8774 0.3534
vn -0.3210 0.8681 0.3786
vn -0.3449 0.8471 0.4043
vn -0.2905 0.8924 0.3454
vn -0.3097 0.8323 0.4597
vn -0.2785 0.8928 0.3541
vn -0.2886 0.8624 0.4160
vn -0.2681 0.8336 0.4829
vn -0.2693 0.8848 0.3803
vn -0.2504 0.8665 0.4318
vn -0.2607 0.8791 0.3990
vn -0.2338 0.8609 0.4519
vn -0.2338 0.8793 0.4150
vn -0.2547 0.8637 0.4348
vn -0.2433 0.8504 0.4664
vn -0.2153 0.8545 0.4727
vn -0.2712 0.8347 0.4794
vn -0.2397 0.8299 0.5038
vn 0.3220 0.2471 -0.9139
vn 0.1461 0.0377 -0.9886
vn 0.3366 0.0789 -0.9383
vn 0.1245 -0.4266 -0.8958
vn 0.7296 0.3142 -0.6074
vn 0.2930 -0.3924 -0.8719
vn 0.7520 0.1512 -0.6416
vn 0.9295 0.3203 -0.1829
vn 0.2685 -0.6644 -0.6974
vn 0.9511 0.2372 -0.1979
vn 0.7205 -0.2935 -0.6283
vn 0.9128 0.3965 0.0985
vn 0.6548 -0.5752 -0.4903
vn 0.9418 0.3071 0.1370
vn 0.9715 -0.1005 -0.2148
vn 0.7711 0.4325 0.4673
vn 0.9065 -0.3630 -0.2155
vn 0.7869 0.3447 0.5118
vn 0.9897 -0.0625 0.1291
vn 0.5013 0.3222 0.8031
vn 0.9283 -0.3447 0.1392
vn 0.8284 -0.1015 0.5509
vn 0.4952 0.4112 0.7653
vn 0.5041 -0.0457 0.8624
vn 0.7058 -0.4472 0.5494
vn 0.0022 0.3201 0.9474
vn 0.4680 -0.3154 0.8255
vn 0.0056 0.4085 0.9127
vn 0.0031 -0.0362 0.9993
vn -0.5254 0.4028 0.7495
vn 0.0041 -0.3002 0.9539
vn -0.5242 0.3216 0.7885
vn -0.5047 -0.3180 0.8026
vn -0.8195 0.4066 0.4038
vn -0.5383 -0.0458 0.8415
vn -0.8322 0.3252 0.4490
vn -0.7417 -0.4645 0.4838
vn -0.9497 0.3005 0.0881
vn -0.8651 -0.1153 0.4882
vn -0.9304 0.3633 0.0493
vn -0.9321 -0.3488 0.0975
vn -0.9578 0.2447 -0.1508
vn -0.9948 -0.0501 0.0890
vn -0.9449 0.2987 -0.1336
vn -0.9166 -0.3629 -0.1676
vn -0.9818 -0.0832 -0.1709
vn -0.7823 0.2964 -0.5478
vn -0.7045 -0.5513 -0.4469
vn -0.7889 0.1587 -0.5937
vn -0.7686 -0.2631 -0.5831
vn -0.3425 0.0798 -0.9361
vn -0.2772 -0.6610 -0.6973
vn -0.3359 0.2403 -0.9107
vn -0.3034 -0.3849 -0.8717
vn -0.1484 0.0368 -0.9882
vn -0.1256 -0.4258 -0.8961
vn -0.1174 0.7799 -0.6148
vn -0.1712 -0.9036 -0.3927
vn -0.0677 0.9201 -0.3858
vn -0.0682 0.9280 -0.3662
vn -0.0492 0.9453 -0.3223
vn -0.0726 0.9111 -0.4058
vn -0.0505 0.9472 -0.3167
vn -0.0772 0.9007 -0.4275
vn -0.0290 0.9566 -0.2900
vn -0.0762 0.9008 -0.4275
vn -0.0239 0.9579 -0.2860
vn -0.0836 0.8972 -0.4337
vn -0.0085 0.9584 -0.2851
vn -0.0061 0.9574 -0.2886
vn -0.0866 0.8969 -0.4337
vn -0.0681 0.8951 -0.4406
vn -0.0722 0.8935 -0.4432
vn -0.1135 0.8618 -0.4944
vn -0.1062 0.8601 -0.4989
vn -0.3395 0.3591 -0.8694
vn -0.1541 0.7854 -0.5995
vn -0.2348 0.0366 -0.9713
vn -0.2549 -0.6443 -0.7211
vn -0.0413 0.7264 -0.6860
vn -0.0612 0.0490 -0.9969
vn -0.3862 -0.6248 -0.6785
vn 0.0082 0.7269 -0.6867
vn -0.3855 -0.6304 -0.6738
vn 0.0000 0.0354 -0.9994
vn -0.0893 -0.6384 -0.7645
vn -0.2664 -0.6328 -0.7270
vn 0.0000 0.7425 -0.6698
vn -0.3993 -0.6092 -0.6852
vn 0.0000 -0.6398 -0.7686
vn -0.0082 0.7269 -0.6867
vn -0.1000 -0.6131 -0.7836
vn -0.2854 -0.6133 -0.7365
vn 0.0612 0.0490 -0.9969
vn 0.0000 -0.6061 -0.7954
vn -0.4047 -0.6553 -0.6379
vn 0.0893 -0.6384 -0.7645
vn -0.1173 -0.5977 -0.7931
vn -0.3006 -0.6744 -0.6744
vn 0.0000 -0.5874 -0.8093
vn 0.0413 0.7264 -0.6860
vn -0.4109 -0.7308 -0.5451
vn 0.1000 -0.6131 -0.7836
vn -0.1425 -0.6628 -0.7351
vn -0.2986 -0.7266 -0.6188
vn 0.2549 -0.6443 -0.7211
vn 0.0000 -0.6621 -0.7494
vn 0.2664 -0.6328 -0.7270
vn -0.1504 -0.7234 -0.6739
vn 0.1425 -0.6628 -0.7351
vn 0.2348 0.0366 -0.9713
vn 0.0000 -0.7328 -0.6805
vn 0.3855 -0.6304 -0.6738
vn 0.1504 -0.7234 -0.6739
vn 0.3395 0.3591 -0.8694
vn 0.2986 -0.7266 -0.6188
vn 0.1541 0.7854 -0.5995
vn 0.3862 -0.6248 -0.6785
vn 0.3006 -0.6744 -0.6744
vn 0.3993 -0.6092 -0.6852
vn 0.1173 -0.5977 -0.7931
vn 0.2854 -0.6133 -0.7365
vn 0.4109 -0.7308 -0.5451
vn 0.1135 0.8618 -0.4944
vn 0.4047 -0.6553 -0.6379
vn 0.1062 0.8601 -0.4989
vn 0.0722 0.8935 -0.4432
vn 0.0681 0.8951 -0.4406
vn 0.0836 0.8972 -0.4337
vn 0.0866 0.8969 -0.4337
vn 0.0772 0.9007 -0.4275
vn 0.0762 0.9008 -0.4275
vn 0.0726 0.9111 -0.4058
vn 0.0677 0.9201 -0.3858
vn 0.0682 0.9280 -0.3662
vn 0.0492 0.9453 -0.3223
vn 0.0505 0.9472 -0.3167
vn 0.0290 0.9566 -0.2900
vn 0.0239 0.9579 -0.2860
vn 0.0085 0.9584 -0.2851
vn 0.0061 0.9574 -0.2886
vn -0.2171 0.8982 0.3822
vn -0.4429 0.5360 0.7187
vn -0.6125 0.7538 0.2380
vn -0.1930 0.5078 0.8396
vn -0.6770 0.4097 0.6114
vn 0.1014 0.7002 0.7067
vn -0.7979 0.2831 0.5322
vn -0.1136 0.4115 0.9043
vn 0.1927 0.8047 0.5616
vn -0.8076 0.5893 -0.0217
vn 0.1981 0.3759 0.9052
vn -0.1300 0.4750 0.8703
vn 0.3824 0.4236 0.8212
vn -0.4937 0.8679 0.0542
vn -0.7900 0.6030 -0.1110
vn -0.0636 0.0740 0.9952
vn -0.1613 0.9446 0.2859
vn -0.9748 0.1499 -0.1651
vn -0.1473 0.2831 0.9477
vn -0.9619 0.1403 -0.2347
vn -0.4263 -0.3305 0.8421
vn -0.9214 0.1771 0.3458
vn -0.9525 -0.1782 0.2470
vn -0.3967 -0.3444 0.8509
vn -0.4697 0.4064 0.7837
vn -0.5687 -0.4229 0.7055
vn -0.7443 0.3499 0.5688
vn -0.4302 -0.5518 0.7145
vn -0.4867 -0.3145 0.8150
vn -0.5859 -0.4798 0.6531
vn -0.1327 -0.1560 0.9788
vn -0.4562 -0.3747 0.8072
vn -0.6251 -0.3951 0.6732
vn -0.5467 -0.3211 0.7733
vn -0.5463 -0.3764 0.7483
vn 0.3088 0.0504 0.9498
vn -0.3444 -0.5767 0.7408
vn 0.1451 -0.1895 0.9711
vn -0.5986 -0.2193 0.7705
vn -0.2188 -0.2278 0.9488
vn -0.4984 -0.2303 0.8358
vn 0.0746 -0.1569 0.9848
vn 0.1742 0.0908 0.9805
vn -0.5828 -0.1632 0.7960
vn -0.2062 -0.2613 0.9430
vn -0.6039 -0.1669 0.7794
vn -0.4590 -0.2339 0.8571
vn 0.0000 -0.1352 0.9908
vn -0.0995 0.2534 0.9622
vn -0.5533 -0.2172 0.8042
vn -0.4072 -0.2954 0.8643
vn 0.0000 0.0541 0.9985
vn -0.6053 -0.1501 0.7817
vn -0.1742 0.0908 0.9805
vn -0.2234 -0.3502 0.9097
vn -0.6093 -0.1566 0.7773
vn -0.0746 -0.1569 0.9848
vn -0.2081 -0.4928 0.8449
vn -0.6637 -0.1875 0.7242
vn -0.3088 0.0504 0.9498
vn 0.0000 -0.5175 0.8557
vn -0.5393 -0.2823 0.7934
vn -0.1451 -0.1895 0.9711
vn 0.0000 -0.3668 0.9303
vn -0.7406 -0.1787 0.6477
vn 0.1327 -0.1560 0.9788
vn 0.0000 -0.2453 0.9694
vn -0.7820 -0.1419 0.6070
vn 0.2188 -0.2278 0.9488
vn -0.7155 -0.1776 0.6757
vn 0.4984 -0.2303 0.8358
vn -0.5480 -0.3145 0.7751
vn 0.4867 -0.3145 0.8150
vn 0.5986 -0.2193 0.7705
vn -0.3531 -0.4637 0.8126
vn 0.5828 -0.1632 0.7960
vn 0.5687 -0.4229 0.7055
vn 0.2062 -0.2613 0.9430
vn -0.3945 -0.4126 0.8211
vn 0.4263 -0.3305 0.8421
vn -0.5484 -0.2005 0.8118
vn 0.5467 -0.3211 0.7733
vn 0.6039 -0.1669 0.7794
vn 0.3967 -0.3444 0.8509
vn 0.4302 -0.5518 0.7145
vn 0.5533 -0.2172 0.8042
vn 0.6053 -0.1501 0.7817
vn 0.1473 0.2831 0.9477
vn 0.5484 -0.2005 0.8118
vn 0.4697 0.4064 0.7837
vn 0.5393 -0.2823 0.7934
vn 0.4562 -0.3747 0.8072
vn 0.0636 0.0740 0.9952
vn 0.3945 -0.4126 0.8211
vn 0.7443 0.3499 0.5688
vn -0.1927 0.8047 0.5616
vn 0.3531 -0.4637 0.8126
vn 0.5463 -0.3764 0.7483
vn 0.1613 0.9446 0.2859
vn 0.5480 -0.3145 0.7751
vn 0.4937 0.8679 0.0542
vn -0.3824 0.4236 0.8212
vn 0.6637 -0.1875 0.7242
vn -0.1014 0.7002 0.7067
vn 0.2171 0.8982 0.3822
vn 0.7155 -0.1776 0.6757
vn -0.1981 0.3759 0.9052
vn 0.7820 -0.1419 0.6070
vn 0.9214 0.1771 0.3458
vn 0.1930 0.5078 0.8396
vn 0.7406 -0.1787 0.6477
vn 0.7900 0.6030 -0.1110
vn 0.1136 0.4115 0.9043
vn 0.6093 -0.1566 0.7773
vn 0.6125 0.7538 0.2380
vn 0.0995 0.2534 0.9622
vn 0.9525 -0.1782 0.2470
vn 0.5859 -0.4798 0.6531
vn 0.9748 0.1499 -0.1651
vn 0.6251 -0.3951 0.6732
vn 0.9627 -0.2700 0.0172
vn 0.8076 0.5893 -0.0217
vn 0.3444 -0.5767 0.7408
vn 0.9619 0.1403 -0.2347
vn 0.8658 -0.4741 0.1601
vn 0.4463 -0.4465 0.7755
vn 0.7979 0.2831 0.5322
vn 0.9361 -0.2250 0.2703
vn 0.5860 -0.4936 0.6426
vn 0.6770 0.4097 0.6114
vn 0.8219 -0.4367 0.3657
vn 0.4429 0.5360 0.7187
vn 0.5875 -0.3597 0.7249
vn 0.6338 -0.2072 0.7452
vn 0.8037 -0.2331 0.5475
vn 0.1300 0.4750 0.8703
vn 0.8345 -0.1248 0.5367
vn 0.0000 -0.6020 0.7985
vn 0.2081 -0.4928 0.8449
vn -0.1849 -0.5670 0.8027
vn 0.2234 -0.3502 0.9097
vn 0.1849 -0.5670 0.8027
vn 0.4072 -0.2954 0.8643
vn 0.4590 -0.2339 0.8571
vn -0.8658 -0.4741 0.1601
vn -0.9627 -0.2700 0.0172
vn -0.5860 -0.4936 0.6426
vn -0.4463 -0.4465 0.7755
vn -0.8219 -0.4367 0.3657
vn -0.9361 -0.2250 0.2703
vn -0.5875 -0.3597 0.7249
vn -0.8037 -0.2331 0.5475
vn -0.8345 -0.1248 0.5367
vn -0.6338 -0.2072 0.7452
vn -0.8659 0.4718 0.1661
vn -0.9018 0.3560 0.2451
vn -0.7346 0.6465 0.2057
vn -0.6575 0.7494 0.0784
vn -0.7605 0.5520 0.3421
vn -0.3886 0.9185 0.0734
vn -0.8019 0.5914 0.0847
vn -0.9242 0.2558 0.2836
vn -0.4442 0.8562 0.2638
vn -0.9508 0.2898 0.1091
vn -0.7721 0.4670 0.4310
vn -0.4731 0.7566 0.4513
vn -0.1398 0.9878 0.0683
vn -0.9146 0.4020 0.0447
vn -0.1720 0.9456 0.2763
vn -0.9921 0.1253 -0.0021
vn -0.4976 0.6521 0.5720
vn -0.0959 0.9929 0.0710
vn -0.9384 0.3265 -0.1129
vn -0.9315 0.1713 0.3210
vn -0.1230 0.9709 -0.2056
vn -0.9111 0.2035 -0.3585
vn -0.9803 0.0388 0.1937
vn -0.0942 0.9756 -0.1981
vn -0.9741 -0.0035 -0.2261
vn -0.9783 0.0995 0.1816
vn -0.0907 0.9181 -0.3859
vn -0.9990 0.0405 0.0184
vn -0.9779 -0.0151 0.2085
vn -0.1131 0.9107 -0.3973
vn -0.9361 0.1001 0.3371
vn -0.3437 0.9190 -0.1933
vn -0.9914 -0.1131 0.0659
vn -0.9715 0.1819 0.1520
vn -0.9937 -0.0905 0.0656
vn -0.9604 -0.2465 -0.1298
vn -0.9982 -0.0324 0.0503
vn -0.5740 0.8009 -0.1708
vn -0.9516 -0.2664 -0.1535
vn -0.6266 -0.5367 -0.5651
vn -0.9809 -0.0539 -0.1871
vn -0.6585 -0.5248 -0.5394
vn -0.9911 -0.1150 0.0664
vn -0.9698 -0.1965 -0.1443
vn -0.8373 -0.0370 -0.5456
vn -0.9782 -0.1261 -0.1650
vn -0.9786 -0.0285 0.2039
vn -0.8099 -0.1156 -0.5751
vn -0.9398 0.0528 0.3377
vn -0.7207 -0.4225 -0.5496
vn -0.9881 -0.1248 0.0903
vn -0.9562 -0.2622 -0.1303
vn -0.9796 -0.0453 0.1957
vn -0.7953 0.1648 0.5834
vn -0.2084 -0.6300 -0.7481
vn -0.9350 0.0344 0.3530
vn -0.7921 0.2526 0.5556
vn -0.2979 -0.5535 -0.7777
vn -0.9242 -0.0084 0.3818
vn -0.7835 0.3594 0.5070
vn -0.3449 -0.4098 -0.8445
vn -0.7950 0.0335 0.6057
vn -0.5190 0.5269 0.6730
vn -0.7656 -0.2897 -0.5744
vn -0.8005 0.0086 0.5993
vn -0.4281 -0.2121 -0.8785
vn -0.9254 -0.0384 0.3770
vn -0.9764 -0.0765 0.2021
vn -0.9765 -0.0813 0.1995
vn -0.2414 0.7474 0.6190
vn -0.5114 -0.0584 -0.8573
vn -0.9812 -0.1605 0.1070
vn -0.2576 0.6198 0.7413
vn -0.2456 -0.2438 -0.9382
vn -0.9820 -0.1521 0.1120
vn -0.5505 0.3831 0.7418
vn -0.2934 -0.0407 -0.9551
vn -0.9522 -0.3002 -0.0569
vn -0.5523 0.1913 -0.8114
vn -0.9536 -0.2866 -0.0919
vn -0.2139 -0.4286 -0.8778
vn -0.8463 0.0585 -0.5295
vn -0.6636 -0.5344 -0.5236
vn -0.6712 -0.5285 -0.5198
vn -0.2111 -0.5895 -0.7797
vn -0.2131 -0.5684 -0.7946
vn -0.1869 -0.6144 -0.7665
vn -0.0378 -0.5701 -0.8207
vn -0.0253 -0.5972 -0.8017
vn -0.6508 -0.5337 -0.5400
vn -0.0500 -0.5462 -0.8362
vn -0.0008 -0.5889 -0.8082
vn -0.0155 -0.5837 -0.8118
vn -0.0139 -0.5603 -0.8282
vn 0.0107 -0.5821 -0.8131
vn -0.0373 -0.5278 -0.8485
vn -0.1612 -0.5898 -0.7913
vn 0.0055 -0.5765 -0.8171
vn -0.0178 -0.5659 -0.8243
vn -0.1178 -0.5866 -0.8012
vn -0.0080 -0.5858 -0.8104
vn -0.0176 -0.5879 -0.8087
vn -0.0658 -0.6129 -0.7874
vn -0.0115 -0.5815 -0.8135
vn -0.0111 -0.5941 -0.8043
vn -0.0840 -0.6038 -0.7927
vn -0.0128 -0.6026 -0.7979
vn -0.2101 -0.5722 -0.7928
vn -0.5532 0.2571 0.7924
vn -0.5456 0.1849 0.8174
vn -0.7977 0.0975 0.5951
vn -0.2986 0.3105 0.9025
vn -0.5510 0.1025 0.8282
vn -0.2966 0.2181 0.9298
vn -0.2891 0.4671 0.8356
vn -0.2820 0.1363 0.9497
vn -0.1316 0.6484 0.7498
vn -0.2696 0.0874 0.9590
vn -0.1558 0.1443 0.9772
vn -0.1516 0.4881 0.8595
vn -0.5516 0.0644 0.8316
vn -0.1595 0.2342 0.9590
vn -0.1166 0.7703 0.6269
vn -0.1484 0.3307 0.9320
vn -0.1532 0.0905 0.9840
vn -0.1155 0.8717 0.4762
vn -0.2158 0.8549 0.4719
vn -0.0986 0.9552 0.2790
vn -0.8114 0.5637 -0.1544
vn -0.7220 0.6698 -0.1737
vn -0.7248 0.6007 -0.3373
vn -0.6336 0.4684 -0.6158
vn -0.6576 0.6961 -0.2881
vn -0.6621 0.6415 -0.3874
vn -0.4816 0.7389 -0.4713
vn -0.5334 0.7636 -0.3638
vn -0.3363 0.2647 -0.9038
vn -0.4094 0.5574 -0.7223
vn -0.3409 0.8591 -0.3816
vn 0.0000 -0.6055 -0.7959
vn -0.0203 -0.5942 -0.8041
vn 0.0000 -0.5958 -0.8031
vn -0.0240 -0.6094 -0.7925
vn -0.0022 -0.6031 -0.7976
vn 0.0000 -0.6475 -0.7621
vn 0.0000 -0.5709 -0.8210
vn -0.0081 -0.5969 -0.8023
vn 0.0240 -0.6094 -0.7925
vn 0.0203 -0.5942 -0.8041
vn -0.0001 -0.6079 -0.7940
vn 0.0022 -0.6031 -0.7976
vn 0.0081 -0.5969 -0.8023
vn -0.0071 -0.5974 -0.8019
vn 0.0000 -0.4273 -0.9041
vn 0.0000 -0.6099 -0.7924
vn 0.0071 -0.5974 -0.8019
vn 0.0002 -0.4280 -0.9038
vn 0.0001 -0.6079 -0.7940
vn 0.0000 -0.5685 -0.8227
vn 0.0000 -0.2479 -0.9688
vn 0.0003 -0.4291 -0.9033
vn 0.0041 -0.2470 -0.9690
vn 0.0002 -0.4264 -0.9045
vn -0.0002 -0.4280 -0.9038
vn 0.0004 -0.2414 -0.9704
vn 0.0000 -0.0610 -0.9981
vn -0.0017 -0.2433 -0.9699
vn -0.0003 -0.4291 -0.9033
vn 0.0051 -0.0452 -0.9990
vn -0.0041 -0.2470 -0.9690
vn 0.0038 -0.0250 -0.9997
vn 0.0000 0.2503 -0.9682
vn -0.0051 -0.0452 -0.9990
vn -0.0004 -0.2414 -0.9704
vn 0.0064 -0.0078 -0.9999
vn -0.0002 -0.4264 -0.9045
vn -0.0033 0.2858 -0.9583
vn 0.0014 0.2686 -0.9633
vn -0.0014 0.2686 -0.9633
vn -0.0038 -0.0250 -0.9997
vn 0.0017 -0.2433 -0.9699
vn 0.0000 0.6594 -0.7518
vn 0.0013 0.6582 -0.7529
vn -0.0013 0.6582 -0.7529
vn 0.0033 0.2858 -0.9583
vn -0.0064 -0.0078 -0.9999
vn -0.0174 0.6480 -0.7615
vn 0.0000 0.8466 -0.5322
vn 0.0014 0.8508 -0.5255
vn 0.0174 0.6480 -0.7615
vn 0.0146 0.3070 -0.9516
vn 0.0083 0.8611 -0.5083
vn -0.0014 0.8508 -0.5255
vn -0.0037 0.6832 -0.7302
vn 0.0007 0.7061 -0.7081
vn 0.0317 0.6963 -0.7171
vn -0.0317 0.6963 -0.7171
vn -0.0083 0.8611 -0.5083
vn -0.0010 0.4059 -0.9139
vn -0.0146 0.3070 -0.9516
vn -0.0007 0.7061 -0.7081
vn 0.0014 0.7623 -0.6472
vn -0.0128 0.8642 -0.5030
vn 0.0128 0.8642 -0.5030
vn -0.0014 0.7623 -0.6472
vn -0.0074 0.4137 -0.9104
vn 0.0037 0.6832 -0.7302
vn 0.0074 0.4137 -0.9104
vn 0.0010 0.4059 -0.9139
vn -0.0194 0.3110 -0.9502
vn 0.0000 0.6845 -0.7290
vn 0.0194 0.3110 -0.9502
vn 0.0072 0.3217 -0.9468
vn -0.0029 0.3759 -0.9267
vn -0.0072 0.3217 -0.9468
vn 0.0029 0.3759 -0.9267
vn -0.0008 0.2860 -0.9582
vn 0.0000 0.3718 -0.9283
vn 0.0008 0.2860 -0.9582
vn 0.0049 0.2365 -0.9716
vn 0.0000 0.2639 -0.9645
vn 0.0087 0.2606 -0.9654
vn -0.0087 0.2606 -0.9654
vn -0.0010 0.1948 -0.9808
vn -0.0015 0.2377 -0.9713
vn -0.0049 0.2365 -0.9716
vn 0.0015 0.2377 -0.9713
vn 0.0000 0.1755 -0.9845
vn 0.0010 0.1948 -0.9808
vn 0.0000 0.0828 -0.9966
vn 0.8659 0.4718 0.1661
vn 0.7346 0.6465 0.2057
vn 0.9018 0.3560 0.2451
vn 0.6575 0.7494 0.0784
vn 0.7605 0.5520 0.3421
vn 0.8019 0.5914 0.0847
vn 0.9242 0.2558 0.2836
vn 0.4442 0.8562 0.2638
vn 0.9508 0.2898 0.1091
vn 0.3886 0.9185 0.0734
vn 0.9783 0.0995 0.1816
vn 0.9146 0.4020 0.0447
vn 0.7721 0.4670 0.4310
vn 0.9715 0.1819 0.1520
vn 0.9921 0.1253 -0.0021
vn 0.9803 0.0388 0.1937
vn 0.9384 0.3265 -0.1129
vn 0.9315 0.1713 0.3210
vn 0.9982 -0.0324 0.0503
vn 0.8114 0.5637 -0.1544
vn 0.9779 -0.0151 0.2085
vn 0.9937 -0.0905 0.0656
vn 0.9111 0.2035 -0.3585
vn 0.9361 0.1001 0.3371
vn 0.7248 0.6007 -0.3373
vn 0.9914 -0.1131 0.0659
vn 0.7835 0.3594 0.5070
vn 0.6576 0.6961 -0.2881
vn 0.9911 -0.1150 0.0664
vn 0.6621 0.6415 -0.3874
vn 0.9516 -0.2664 -0.1535
vn 0.9786 -0.0285 0.2039
vn 0.7921 0.2526 0.5556
vn 0.7220 0.6698 -0.1737
vn 0.9562 -0.2622 -0.1303
vn 0.7953 0.1648 0.5834
vn 0.9604 -0.2465 -0.1298
vn 0.5532 0.2571 0.7924
vn 0.5334 0.7636 -0.3638
vn 0.6266 -0.5367 -0.5651
vn 0.5505 0.3831 0.7418
vn 0.5740 0.8009 -0.1708
vn 0.6585 -0.5248 -0.5394
vn 0.5190 0.5269 0.6730
vn 0.3409 0.8591 -0.3816
vn 0.9698 -0.1965 -0.1443
vn 0.3437 0.9190 -0.1933
vn 0.4976 0.6521 0.5720
vn 0.1131 0.9107 -0.3973
vn 0.7207 -0.4225 -0.5496
vn 0.1230 0.9709 -0.2056
vn 0.9782 -0.1261 -0.1650
vn 0.4731 0.7566 0.4513
vn 0.0907 0.9181 -0.3859
vn 0.2084 -0.6300 -0.7481
vn 0.2158 0.8549 0.4719
vn 0.0942 0.9756 -0.1981
vn 0.2979 -0.5535 -0.7777
vn 0.1398 0.9878 0.0683
vn 0.3449 -0.4098 -0.8445
vn 0.0658 -0.6129 -0.7874
vn 0.0959 0.9929 0.0710
vn 0.7656 -0.2897 -0.5744
vn 0.1178 -0.5866 -0.8012
vn 0.1720 0.9456 0.2763
vn 0.4281 -0.2121 -0.8785
vn 0.8099 -0.1156 -0.5751
vn 0.2139 -0.4286 -0.8778
vn 0.0176 -0.5879 -0.8087
vn 0.0986 0.9552 0.2790
vn 0.0178 -0.5659 -0.8243
vn 0.0128 -0.6026 -0.7979
vn 0.2101 -0.5722 -0.7928
vn 0.0080 -0.5858 -0.8104
vn 0.2456 -0.2438 -0.9382
vn 0.0840 -0.6038 -0.7927
vn -0.0055 -0.5765 -0.8171
vn 0.5114 -0.0584 -0.8573
vn 0.0155 -0.5837 -0.8118
vn 0.8373 -0.0370 -0.5456
vn 0.2934 -0.0407 -0.9551
vn 0.0115 -0.5815 -0.8135
vn -0.0107 -0.5821 -0.8131
vn 0.5523 0.1913 -0.8114
vn 0.0111 -0.5941 -0.8043
vn 0.3363 0.2647 -0.9038
vn 0.8463 0.0585 -0.5295
vn 0.6336 0.4684 -0.6158
vn 0.9809 -0.0539 -0.1871
vn 0.0253 -0.5972 -0.8017
vn 0.4094 0.5574 -0.7223
vn 0.9741 -0.0035 -0.2261
vn 0.0008 -0.5889 -0.8082
vn 0.0378 -0.5701 -0.8207
vn 0.0139 -0.5603 -0.8282
vn 0.0500 -0.5462 -0.8362
vn 0.9990 0.0405 0.0184
vn 0.2131 -0.5684 -0.7946
vn 0.0373 -0.5278 -0.8485
vn 0.2111 -0.5895 -0.7797
vn 0.6636 -0.5344 -0.5236
vn 0.1869 -0.6144 -0.7665
vn 0.6712 -0.5285 -0.5198
vn 0.9536 -0.2866 -0.0919
vn 0.1612 -0.5898 -0.7913
vn 0.6508 -0.5337 -0.5400
vn 0.9522 -0.3002 -0.0569
vn 0.9820 -0.1521 0.1120
vn 0.9881 -0.1248 0.0903
vn 0.9812 -0.1605 0.1070
vn 0.9796 -0.0453 0.1957
vn 0.9764 -0.0765 0.2021
vn 0.9765 -0.0813 0.1995
vn 0.9242 -0.0084 0.3818
vn 0.9254 -0.0384 0.3770
vn 0.9350 0.0344 0.3530
vn 0.8005 0.0086 0.5993
vn 0.9398 0.0528 0.3377
vn 0.7950 0.0335 0.6057
vn 0.5516 0.0644 0.8316
vn 0.7977 0.0975 0.5951
vn 0.5510 0.1025 0.8282
vn 0.2696 0.0874 0.9590
vn 0.5456 0.1849 0.8174
vn 0.2820 0.1363 0.9497
vn 0.1532 0.0905 0.9840
vn 0.2966 0.2181 0.9298
vn 0.1558 0.1443 0.9772
vn 0.2986 0.3105 0.9025
vn 0.1595 0.2342 0.9590
vn 0.1484 0.3307 0.9320
vn 0.2891 0.4671 0.8356
vn 0.1516 0.4881 0.8595
vn 0.2576 0.6198 0.7413
vn 0.1316 0.6484 0.7498
vn 0.1166 0.7703 0.6269
vn 0.2414 0.7474 0.6190
vn 0.1155 0.8717 0.4762
vn 0.4816 0.7389 -0.4713
vn 0.0000 0.9324 0.3613
vn 0.0000 0.9783 0.2072
vn 0.0000 0.8329 0.5535
vn 0.0000 0.9983 0.0590
vn 0.0000 0.6860 0.7276
vn 0.0000 0.9938 -0.1109
vn 0.0000 0.4808 0.8768
vn 0.0000 0.9437 -0.3308
vn 0.0000 0.1470 0.9891
vn 0.0000 0.8572 -0.5149
vn 0.0000 -0.4668 0.8844
vn 0.0000 0.7119 0.7023
vn 0.0000 -0.9414 0.3372
vn 0.0000 -0.6270 0.7790
vn 0.0000 -1.0000 -0.0098
vn 0.0000 -0.7355 0.6775
vn 0.0000 -0.9964 -0.0852
vn 0.0000 -0.8225 0.5687
vn 0.0000 -0.9948 -0.1015
vn 0.0000 -0.8474 0.5309
vn 0.0000 -0.9960 -0.0893
vn 0.0000 -0.8247 0.5656
vn 0.0000 -0.9989 -0.0478
vn 0.0000 -0.7489 0.6627
vn 0.0000 -0.9997 0.0224
vn 0.0000 -0.4261 0.9047
vn 0.0000 -0.9947 0.1026
vn 0.0000 0.2123 0.9772
vn 0.0000 -0.9895 0.1448
vn 0.0000 0.6903 0.7235
vn 0.0000 -0.0360 0.9994
vn 0.0000 0.8877 0.4605
vn 0.0000 0.9578 0.2873
vn 0.0000 0.9689 0.2474
vn 0.0000 0.9092 0.4163
vn 0.0000 0.9949 0.1009
vn 0.0000 0.8516 0.5243
vn 0.0000 0.9985 -0.0541
vn 0.0000 0.7754 0.6315
vn 0.0000 0.9537 -0.3008
vn 0.0000 0.6706 0.7418
vn 0.0000 0.8582 -0.5134
vn 0.0000 0.5709 0.8210
vn 0.0000 0.7202 -0.6938
vn 0.0000 0.3801 0.9249
vn 0.0000 0.5104 -0.8599
vn 0.0000 0.1364 0.9907
vn 0.0000 0.2920 -0.9564
vn 0.0000 -0.1020 0.9948
vn 0.0000 0.1550 -0.9879
vn 0.0000 -0.4259 0.9048
vn 0.0000 0.0963 -0.9953
vn 0.0000 -0.8905 0.4550
vn 0.0000 0.0269 -0.9996
vn 0.0000 -0.9773 -0.2117
vn 0.0000 -0.0196 -0.9998
vn 0.0000 -0.8768 -0.4809
vn 0.0000 -0.8211 -0.5707
vn 0.0000 -0.8032 -0.5957
vn 0.0000 -0.8497 -0.5273
vn 0.0000 -0.8410 -0.5411
vn 0.0000 -0.8654 -0.5012
vn 0.0000 -0.8988 -0.4383
vn 0.0000 -0.9366 -0.3503
vn 0.0000 -0.9650 -0.2621
vn 0.0000 -0.9911 -0.1330
vn 0.0000 -0.9996 0.0275
vn 0.0000 -0.9939 0.1103
vn 0.0000 0.9997 -0.0232
vn 0.0000 0.9858 -0.1681
vn 0.0000 0.9805 0.1967
vn 0.0000 0.9569 -0.2904
vn 0.0000 0.8961 0.4438
vn 0.0000 0.8957 -0.4447
vn 0.0000 0.7403 0.6723
vn 0.0000 0.8292 -0.5589
vn 0.0000 0.6050 0.7962
vn 0.0000 0.7482 -0.6634
vn 0.0000 0.5485 0.8361
vn 0.0000 0.6460 -0.7634
vn 0.0000 0.5350 -0.8448
vn 0.0000 0.3796 -0.9252
vn 0.0000 -0.1746 -0.9846
vn 0.0000 -0.8937 -0.4488
vn 0.0000 -0.9987 0.0517
vn 0.0000 -0.9876 0.1571
vn 0.0000 -0.9581 0.2865
vn 0.0000 -0.5711 -0.8209
vn 0.0000 0.6790 -0.7342
vn 0.0000 0.6616 -0.7498
vn 0.0000 0.5793 -0.8151
vn 0.0000 0.5076 -0.8616
vn 0.0000 0.4420 -0.8970
vn 0.0000 0.3463 -0.9381
vn 0.0000 0.1182 -0.9930
vn 0.0000 -0.4715 -0.8819
vn 0.0000 -0.9802 -0.1980
vn 0.0000 -0.9477 0.3191
vn 0.0000 -0.8383 0.5452
vn 0.0000 -0.8135 -0.5815
vn 0.0000 0.3452 -0.9385
vn 0.0000 0.2738 -0.9618
vn 0.0000 0.2331 -0.9724
vn 0.0000 0.2074 -0.9783
vn 0.0000 0.2449 -0.9696
vn 0.0000 0.2861 -0.9582
vn 0.0000 0.0943 -0.9955
vn 0.0000 -0.3994 -0.9168
vn 0.0000 -0.9884 -0.1521
vn 0.0000 -0.7303 0.6832
vn 0.0000 -0.5430 0.8397
vn 0.0000 -0.5097 0.8604
vn 0.0000 -0.9674 0.2531
vn 0.0000 -0.9914 0.1312
vn 0.0000 -0.9032 0.4293
vn 0.0000 -0.8808 0.4734
vn 0.0000 -0.8141 0.5807
vn 0.0000 -0.6810 0.7323
vn 0.0000 -0.5875 0.8092
vn 0.0000 -0.5100 0.8602
vn 0.0000 -0.4572 0.8894
vn 0.0000 -0.4038 0.9149
vn 0.0000 -0.3328 0.9430
vn 0.0000 -0.2853 0.9584
vn 0.0000 -0.2569 0.9664
vn 0.0000 -0.2128 0.9771
vn 0.0000 -0.2109 0.9775
vn 0.0000 -0.2612 0.9653
vn 0.0000 -0.3520 0.9360
vn 0.0000 -0.4109 0.9117
# 3371 vertex normals

vt 0.7935 0.0957 0.0000
vt 0.7808 0.0854 0.0000
vt 0.8066 0.0747 0.0000
vt 0.7681 0.1094 0.0000
vt 0.7974 0.0649 0.0000
vt 0.7822 0.1211 0.0000
vt 0.8193 0.0596 0.0000
vt 0.7544 0.0996 0.0000
vt 0.7925 0.1226 0.0000
vt 0.8022 0.0996 0.0000
vt 0.8125 0.0503 0.0000
vt 0.7549 0.1357 0.0000
vt 0.8345 0.0386 0.0000
vt 0.7397 0.1260 0.0000
vt 0.8037 0.1240 0.0000
vt 0.8394 0.0488 0.0000
vt 0.7412 0.1611 0.0000
vt 0.8110 0.1025 0.0000
vt 0.8623 0.0352 0.0000
vt 0.7715 0.1470 0.0000
vt 0.8135 0.0801 0.0000
vt 0.8618 0.0459 0.0000
vt 0.7607 0.1724 0.0000
vt 0.8203 0.0845 0.0000
vt 0.8833 0.0488 0.0000
vt 0.7285 0.1836 0.0000
vt 0.8320 0.1006 0.0000
vt 0.8418 0.0552 0.0000
vt 0.7480 0.2002 0.0000
vt 0.8252 0.1235 0.0000
vt 0.8618 0.0527 0.0000
vt 0.7251 0.1992 0.0000
vt 0.8862 0.0396 0.0000
vt 0.7119 0.1934 0.0000
vt 0.8203 0.1494 0.0000
vt 0.9014 0.0576 0.0000
vt 0.7085 0.1714 0.0000
vt 0.7983 0.1475 0.0000
vt 0.9072 0.0508 0.0000
vt 0.6895 0.1792 0.0000
vt 0.8169 0.1772 0.0000
vt 0.9194 0.0737 0.0000
vt 0.7236 0.1509 0.0000
vt 0.7944 0.1758 0.0000
vt 0.8818 0.0552 0.0000
vt 0.7837 0.1479 0.0000
vt 0.8984 0.0635 0.0000
vt 0.8813 0.0601 0.0000
vt 0.7271 0.1196 0.0000
vt 0.8965 0.0679 0.0000
vt 0.7412 0.0928 0.0000
vt 0.7109 0.1436 0.0000
vt 0.9092 0.0801 0.0000
vt 0.8794 0.0762 0.0000
vt 0.7559 0.0674 0.0000
vt 0.9136 0.0776 0.0000
vt 0.8965 0.0864 0.0000
vt 0.7681 0.0762 0.0000
vt 0.9229 0.0938 0.0000
vt 0.8745 0.1030 0.0000
vt 0.9175 0.0967 0.0000
vt 0.8936 0.1104 0.0000
vt 0.8589 0.0747 0.0000
vt 0.7861 0.0547 0.0000
vt 0.9224 0.1118 0.0000
vt 0.8530 0.0996 0.0000
vt 0.8037 0.0405 0.0000
vt 0.9302 0.1108 0.0000
vt 0.8701 0.1289 0.0000
vt 0.9238 0.1289 0.0000
vt 0.8916 0.1338 0.0000
vt 0.8301 0.0278 0.0000
vt 0.9082 0.1182 0.0000
vt 0.8472 0.1245 0.0000
vt 0.7964 0.0239 0.0000
vt 0.9092 0.0972 0.0000
vt 0.8267 0.0107 0.0000
vt 0.8408 0.0776 0.0000
vt 0.8623 0.0234 0.0000
vt 0.7754 0.0405 0.0000
vt 0.8418 0.1514 0.0000
vt 0.8892 0.0298 0.0000
vt 0.8662 0.1553 0.0000
vt 0.8638 0.0054 0.0000
vt 0.8628 0.1821 0.0000
vt 0.8379 0.1797 0.0000
vt 0.9136 0.0435 0.0000
vt 0.9263 0.0688 0.0000
vt 0.8887 0.1582 0.0000
vt 0.8145 0.2026 0.0000
vt 0.9297 0.0908 0.0000
vt 0.9063 0.1401 0.0000
vt 0.8354 0.2041 0.0000
vt 0.9385 0.0869 0.0000
vt 0.9028 0.1641 0.0000
vt 0.8335 0.2251 0.0000
vt 0.9370 0.1094 0.0000
vt 0.8862 0.1851 0.0000
vt 0.8589 0.2251 0.0000
vt 0.9473 0.1079 0.0000
vt 0.8130 0.2251 0.0000
vt 0.9409 0.1304 0.0000
vt 0.8604 0.2061 0.0000
vt 0.8354 0.2456 0.0000
vt 0.9517 0.1294 0.0000
vt 0.8828 0.2251 0.0000
vt 0.9424 0.1538 0.0000
vt 0.9565 0.1064 0.0000
vt 0.8604 0.2437 0.0000
vt 0.9331 0.1304 0.0000
vt 0.9478 0.0840 0.0000
vt 0.8379 0.2705 0.0000
vt 0.9619 0.1284 0.0000
vt 0.8838 0.2417 0.0000
vt 0.9541 0.1533 0.0000
vt 0.8628 0.2676 0.0000
vt 0.9224 0.1470 0.0000
vt 0.8418 0.2983 0.0000
vt 0.9331 0.1514 0.0000
vt 0.9541 0.1748 0.0000
vt 0.8203 0.3003 0.0000
vt 0.9170 0.1704 0.0000
vt 0.9404 0.1758 0.0000
vt 0.8169 0.2725 0.0000
vt 0.9517 0.1948 0.0000
vt 0.7983 0.3022 0.0000
vt 0.8994 0.1885 0.0000
vt 0.9375 0.1948 0.0000
vt 0.7944 0.2739 0.0000
vt 0.9512 0.2119 0.0000
vt 0.7837 0.3018 0.0000
vt 0.8838 0.2080 0.0000
vt 0.9360 0.2109 0.0000
vt 0.8037 0.3257 0.0000
vt 0.9131 0.1924 0.0000
vt 0.9355 0.2251 0.0000
vt 0.8252 0.3262 0.0000
vt 0.8975 0.2090 0.0000
vt 0.9512 0.2251 0.0000
vt 0.7925 0.3271 0.0000
vt 0.9297 0.1738 0.0000
vt 0.9692 0.2124 0.0000
vt 0.8022 0.3501 0.0000
vt 0.9683 0.1938 0.0000
vt 0.8110 0.3472 0.0000
vt 0.8135 0.3701 0.0000
vt 0.7822 0.3286 0.0000
vt 0.8320 0.3496 0.0000
vt 0.7935 0.3540 0.0000
vt 0.9668 0.1733 0.0000
vt 0.8203 0.3652 0.0000
vt 0.7681 0.3403 0.0000
vt 0.8408 0.3721 0.0000
vt 0.7808 0.3643 0.0000
vt 0.7549 0.3140 0.0000
vt 0.9658 0.1533 0.0000
vt 0.8530 0.3501 0.0000
vt 0.7397 0.3237 0.0000
vt 0.9834 0.1694 0.0000
vt 0.8472 0.3252 0.0000
vt 0.7544 0.3501 0.0000
vt 0.7681 0.3735 0.0000
vt 0.7412 0.2886 0.0000
vt 0.8701 0.3208 0.0000
vt 0.7974 0.3848 0.0000
vt 0.7715 0.3027 0.0000
vt 0.8662 0.2949 0.0000
vt 0.8066 0.3750 0.0000
vt 0.8745 0.3467 0.0000
vt 0.8193 0.3901 0.0000
vt 0.8589 0.3750 0.0000
vt 0.8125 0.3994 0.0000
vt 0.7764 0.2749 0.0000
vt 0.8345 0.4111 0.0000
vt 0.8433 0.3892 0.0000
vt 0.8037 0.4092 0.0000
vt 0.7915 0.2476 0.0000
vt 0.8794 0.3735 0.0000
vt 0.8301 0.4219 0.0000
vt 0.8145 0.2471 0.0000
vt 0.8965 0.3633 0.0000
vt 0.8623 0.4263 0.0000
vt 0.8618 0.3916 0.0000
vt 0.7964 0.4258 0.0000
vt 0.7900 0.2251 0.0000
vt 0.8813 0.3896 0.0000
vt 0.8267 0.4390 0.0000
vt 0.7915 0.2021 0.0000
vt 0.8818 0.3945 0.0000
vt 0.8623 0.4146 0.0000
vt 0.7690 0.2017 0.0000
vt 0.8984 0.3862 0.0000
vt 0.8892 0.4199 0.0000
vt 0.8618 0.3970 0.0000
vt 0.8394 0.4009 0.0000
vt 0.8638 0.4443 0.0000
vt 0.8862 0.4102 0.0000
vt 0.8418 0.3945 0.0000
vt 0.8618 0.4043 0.0000
vt 0.9072 0.3994 0.0000
vt 0.8242 0.3838 0.0000
vt 0.9136 0.4063 0.0000
vt 0.8291 0.3784 0.0000
vt 0.9263 0.3809 0.0000
vt 0.8960 0.4360 0.0000
vt 0.8833 0.4009 0.0000
vt 0.9194 0.3760 0.0000
vt 0.9014 0.3921 0.0000
vt 0.9297 0.3589 0.0000
vt 0.9238 0.4194 0.0000
vt 0.9341 0.3862 0.0000
vt 0.9136 0.3721 0.0000
vt 0.9473 0.3970 0.0000
vt 0.9385 0.3628 0.0000
vt 0.9609 0.3735 0.0000
vt 0.9092 0.3696 0.0000
vt 0.9370 0.3408 0.0000
vt 0.9478 0.3657 0.0000
vt 0.9229 0.3560 0.0000
vt 0.9473 0.3418 0.0000
vt 0.9712 0.3516 0.0000
vt 0.9175 0.3530 0.0000
vt 0.9409 0.3198 0.0000
vt 0.9565 0.3433 0.0000
vt 0.9224 0.3379 0.0000
vt 0.9517 0.3203 0.0000
vt 0.9780 0.3257 0.0000
vt 0.9302 0.3389 0.0000
vt 0.9424 0.2959 0.0000
vt 0.9619 0.3213 0.0000
vt 0.9331 0.3193 0.0000
vt 0.9541 0.2964 0.0000
vt 0.9238 0.3208 0.0000
vt 0.9541 0.2749 0.0000
vt 0.9658 0.2969 0.0000
vt 0.9331 0.2983 0.0000
vt 0.9814 0.3032 0.0000
vt 0.9224 0.3027 0.0000
vt 0.9404 0.2739 0.0000
vt 0.9170 0.2793 0.0000
vt 0.9517 0.2549 0.0000
vt 0.9297 0.2759 0.0000
vt 0.9834 0.2803 0.0000
vt 0.9683 0.2559 0.0000
vt 0.9668 0.2764 0.0000
vt 0.9375 0.2549 0.0000
vt 0.9858 0.2598 0.0000
vt 0.9512 0.2378 0.0000
vt 0.9131 0.2573 0.0000
vt 0.9360 0.2388 0.0000
vt 0.9268 0.2559 0.0000
vt 0.8994 0.2612 0.0000
vt 0.9692 0.2373 0.0000
vt 0.9873 0.2402 0.0000
vt 0.9028 0.2856 0.0000
vt 0.8862 0.2646 0.0000
vt 0.9873 0.2251 0.0000
vt 0.9253 0.2388 0.0000
vt 0.9692 0.2251 0.0000
vt 0.8887 0.2915 0.0000
vt 0.9116 0.2397 0.0000
vt 0.9063 0.3096 0.0000
vt 0.9248 0.2251 0.0000
vt 0.8916 0.3159 0.0000
vt 0.9111 0.2251 0.0000
vt 0.9253 0.2109 0.0000
vt 0.9082 0.3315 0.0000
vt 0.9116 0.2100 0.0000
vt 0.8936 0.3394 0.0000
vt 0.9268 0.1938 0.0000
vt 0.9092 0.3525 0.0000
vt 0.8965 0.2251 0.0000
vt 0.8975 0.2407 0.0000
vt 0.8965 0.3818 0.0000
vt 0.7173 0.2080 0.0000
vt 0.7349 0.2104 0.0000
vt 0.7173 0.2251 0.0000
vt 0.7021 0.2085 0.0000
vt 0.7363 0.2251 0.0000
vt 0.7017 0.2251 0.0000
vt 0.7417 0.2070 0.0000
vt 0.7349 0.2393 0.0000
vt 0.7021 0.2412 0.0000
vt 0.6895 0.1963 0.0000
vt 0.7441 0.2251 0.0000
vt 0.7173 0.2417 0.0000
vt 0.6860 0.2109 0.0000
vt 0.7417 0.2427 0.0000
vt 0.7251 0.2505 0.0000
vt 0.7495 0.2251 0.0000
vt 0.7119 0.2563 0.0000
vt 0.6870 0.1665 0.0000
vt 0.7285 0.2661 0.0000
vt 0.6895 0.2539 0.0000
vt 0.6978 0.1611 0.0000
vt 0.7480 0.2495 0.0000
vt 0.6895 0.2705 0.0000
vt 0.6860 0.2388 0.0000
vt 0.7661 0.2251 0.0000
vt 0.7085 0.2783 0.0000
vt 0.7607 0.2773 0.0000
vt 0.6870 0.2832 0.0000
vt 0.7690 0.2480 0.0000
vt 0.7236 0.2988 0.0000
vt 0.7764 0.1748 0.0000
vt 0.7271 0.3301 0.0000
vt 0.7412 0.3569 0.0000
vt 0.7109 0.3062 0.0000
vt 0.7559 0.3823 0.0000
vt 0.6978 0.2891 0.0000
vt 0.7861 0.3955 0.0000
vt 0.7754 0.4092 0.0000
vt 0.8618 0.0581 0.0000
vt 0.8433 0.0605 0.0000
vt 0.8242 0.0659 0.0000
vt 0.8291 0.0713 0.0000
vt 0.9341 0.0635 0.0000
vt 0.9238 0.0303 0.0000
vt 0.8960 0.0137 0.0000
vt 0.9609 0.0762 0.0000
vt 0.9473 0.0527 0.0000
vt 0.9712 0.0981 0.0000
vt 0.9780 0.1240 0.0000
vt 0.9814 0.1465 0.0000
vt 0.9858 0.1899 0.0000
vt 0.9873 0.2095 0.0000
vt 0.0632 0.9861 0.0000
vt 0.0579 0.9760 0.0000
vt 0.0630 0.9649 0.0000
vt 0.0755 0.9649 0.0000
vt 0.0553 0.9649 0.0000
vt 0.0758 0.9940 0.0000
vt 0.0579 0.9538 0.0000
vt 0.0910 0.9649 0.0000
vt 0.0632 0.9436 0.0000
vt 0.0914 0.9968 0.0000
vt 0.0758 0.9358 0.0000
vt 0.1085 0.9649 0.0000
vt 0.0914 0.9330 0.0000
vt 0.1063 0.9957 0.0000
vt 0.1063 0.9340 0.0000
vt 0.1141 0.9926 0.0000
vt 0.1141 0.9371 0.0000
vt 0.1155 0.9649 0.0000
vt 0.1210 0.9850 0.0000
vt 0.1210 0.9447 0.0000
vt 0.1224 0.9649 0.0000
vt 0.1252 0.9744 0.0000
vt 0.1252 0.9553 0.0000
vt 0.1268 0.9649 0.0000
vt 0.4976 0.4111 0.0000
vt 0.5059 0.4121 0.0000
vt 0.4976 0.4351 0.0000
vt 0.4917 0.4351 0.0000
vt 0.5059 0.4365 0.0000
vt 0.4917 0.4106 0.0000
vt 0.4976 0.4614 0.0000
vt 0.5254 0.4155 0.0000
vt 0.4917 0.4609 0.0000
vt 0.5239 0.4399 0.0000
vt 0.5059 0.4624 0.0000
vt 0.4917 0.4834 0.0000
vt 0.5508 0.4233 0.0000
vt 0.4976 0.4839 0.0000
vt 0.5488 0.4463 0.0000
vt 0.5059 0.4849 0.0000
vt 0.4917 0.4971 0.0000
vt 0.5825 0.4365 0.0000
vt 0.5234 0.4658 0.0000
vt 0.4976 0.4990 0.0000
vt 0.5776 0.4575 0.0000
vt 0.4917 0.5256 0.0000
vt 0.6196 0.4541 0.0000
vt 0.5234 0.4878 0.0000
vt 0.5059 0.5005 0.0000
vt 0.4976 0.5273 0.0000
vt 0.6128 0.4731 0.0000
vt 0.4917 0.5681 0.0000
vt 0.5767 0.4839 0.0000
vt 0.5239 0.5054 0.0000
vt 0.5059 0.5305 0.0000
vt 0.4976 0.5691 0.0000
vt 0.6089 0.4990 0.0000
vt 0.4976 0.6182 0.0000
vt 0.6470 0.4937 0.0000
vt 0.5244 0.5376 0.0000
vt 0.5059 0.5728 0.0000
vt 0.6387 0.5156 0.0000
vt 0.5508 0.5144 0.0000
vt 0.5059 0.6191 0.0000
vt 0.5781 0.5056 0.0000
vt 0.5493 0.4946 0.0000
vt 0.4976 0.6577 0.0000
vt 0.6094 0.5208 0.0000
vt 0.5059 0.6589 0.0000
vt 0.5786 0.5266 0.0000
vt 0.5488 0.4731 0.0000
vt 0.5239 0.5791 0.0000
vt 0.6104 0.5430 0.0000
vt 0.5781 0.5581 0.0000
vt 0.6367 0.5364 0.0000
vt 0.5225 0.6211 0.0000
vt 0.6372 0.5571 0.0000
vt 0.6611 0.5518 0.0000
vt 0.6094 0.5725 0.0000
vt 0.6616 0.5706 0.0000
vt 0.5742 0.5962 0.0000
vt 0.6846 0.5698 0.0000
vt 0.6055 0.6077 0.0000
vt 0.5483 0.5864 0.0000
vt 0.6357 0.5850 0.0000
vt 0.6655 0.5327 0.0000
vt 0.5708 0.6331 0.0000
vt 0.6909 0.5527 0.0000
vt 0.6006 0.6414 0.0000
vt 0.6602 0.5967 0.0000
vt 0.7041 0.5381 0.0000
vt 0.5674 0.6667 0.0000
vt 0.6333 0.6169 0.0000
vt 0.6772 0.5139 0.0000
vt 0.5415 0.6636 0.0000
vt 0.5400 0.7012 0.0000
vt 0.6582 0.6262 0.0000
vt 0.5444 0.6252 0.0000
vt 0.6836 0.6101 0.0000
vt 0.6895 0.4980 0.0000
vt 0.6846 0.5862 0.0000
vt 0.7183 0.5251 0.0000
vt 0.6558 0.4751 0.0000
vt 0.7065 0.6047 0.0000
vt 0.7422 0.5557 0.0000
vt 0.7051 0.6250 0.0000
vt 0.7285 0.5642 0.0000
vt 0.7085 0.5903 0.0000
vt 0.6816 0.6355 0.0000
vt 0.7480 0.5933 0.0000
vt 0.7310 0.6143 0.0000
vt 0.7290 0.6270 0.0000
vt 0.6553 0.6548 0.0000
vt 0.7144 0.5750 0.0000
vt 0.7046 0.6460 0.0000
vt 0.6299 0.6487 0.0000
vt 0.6797 0.6604 0.0000
vt 0.6270 0.6746 0.0000
vt 0.7354 0.6016 0.0000
vt 0.6533 0.6777 0.0000
vt 0.6260 0.7012 0.0000
vt 0.6782 0.6807 0.0000
vt 0.6528 0.7012 0.0000
vt 0.5967 0.6702 0.0000
vt 0.7563 0.6128 0.0000
vt 0.5957 0.7012 0.0000
vt 0.7603 0.5884 0.0000
vt 0.6533 0.7246 0.0000
vt 0.6782 0.7012 0.0000
vt 0.6270 0.7278 0.0000
vt 0.5659 0.7012 0.0000
vt 0.6782 0.7217 0.0000
vt 0.6553 0.7473 0.0000
vt 0.5967 0.7322 0.0000
vt 0.7041 0.6833 0.0000
vt 0.6797 0.7419 0.0000
vt 0.7036 0.6655 0.0000
vt 0.5674 0.7356 0.0000
vt 0.6299 0.7535 0.0000
vt 0.6582 0.7760 0.0000
vt 0.7231 0.6714 0.0000
vt 0.5415 0.7388 0.0000
vt 0.6816 0.7667 0.0000
vt 0.7251 0.6570 0.0000
vt 0.5708 0.7694 0.0000
vt 0.6836 0.7921 0.0000
vt 0.7275 0.6426 0.0000
vt 0.6006 0.7610 0.0000
vt 0.7051 0.7773 0.0000
vt 0.7046 0.7561 0.0000
vt 0.7275 0.7595 0.0000
vt 0.7412 0.6528 0.0000
vt 0.6333 0.7853 0.0000
vt 0.7432 0.6414 0.0000
vt 0.6055 0.7947 0.0000
vt 0.7036 0.7368 0.0000
vt 0.7456 0.6304 0.0000
vt 0.7681 0.6477 0.0000
vt 0.7041 0.7188 0.0000
vt 0.7690 0.6343 0.0000
vt 0.7646 0.6643 0.0000
vt 0.7500 0.6211 0.0000
vt 0.7388 0.6643 0.0000
vt 0.7051 0.7012 0.0000
vt 0.7681 0.6233 0.0000
vt 0.7231 0.7168 0.0000
vt 0.7568 0.6760 0.0000
vt 0.7231 0.6855 0.0000
vt 0.7280 0.7012 0.0000
vt 0.7368 0.6736 0.0000
vt 0.7402 0.7095 0.0000
vt 0.7666 0.6135 0.0000
vt 0.7500 0.6848 0.0000
vt 0.7402 0.6929 0.0000
vt 0.7363 0.7190 0.0000
vt 0.7363 0.6833 0.0000
vt 0.7368 0.7288 0.0000
vt 0.7500 0.7175 0.0000
vt 0.7231 0.7310 0.0000
vt 0.7568 0.7263 0.0000
vt 0.7388 0.7380 0.0000
vt 0.7646 0.7380 0.0000
vt 0.7251 0.7454 0.0000
vt 0.7412 0.7495 0.0000
vt 0.7681 0.7544 0.0000
vt 0.7432 0.7609 0.0000
vt 0.7690 0.7681 0.0000
vt 0.7290 0.7753 0.0000
vt 0.7456 0.7717 0.0000
vt 0.7500 0.7810 0.0000
vt 0.7065 0.7975 0.0000
vt 0.7681 0.7789 0.0000
vt 0.7310 0.7880 0.0000
vt 0.7563 0.7893 0.0000
vt 0.7085 0.8119 0.0000
vt 0.6846 0.8159 0.0000
vt 0.7666 0.7887 0.0000
vt 0.7354 0.8007 0.0000
vt 0.6602 0.8055 0.0000
vt 0.7603 0.8140 0.0000
vt 0.6616 0.8315 0.0000
vt 0.7480 0.8088 0.0000
vt 0.6846 0.8325 0.0000
vt 0.7422 0.8466 0.0000
vt 0.6357 0.8173 0.0000
vt 0.7144 0.8273 0.0000
vt 0.7285 0.8379 0.0000
vt 0.6611 0.8506 0.0000
vt 0.7041 0.8641 0.0000
vt 0.6372 0.8450 0.0000
vt 0.6909 0.8494 0.0000
vt 0.6367 0.8658 0.0000
vt 0.6094 0.8297 0.0000
vt 0.6655 0.8695 0.0000
vt 0.5742 0.8060 0.0000
vt 0.6104 0.8593 0.0000
vt 0.6772 0.8883 0.0000
vt 0.6387 0.8867 0.0000
vt 0.5781 0.8441 0.0000
vt 0.7183 0.8771 0.0000
vt 0.5786 0.8757 0.0000
vt 0.5444 0.7771 0.0000
vt 0.6895 0.9041 0.0000
vt 0.6094 0.8815 0.0000
vt 0.6470 0.9088 0.0000
vt 0.5210 0.7412 0.0000
vt 0.6089 0.9034 0.0000
vt 0.6558 0.9271 0.0000
vt 0.5781 0.8965 0.0000
vt 0.6128 0.9293 0.0000
vt 0.5210 0.7012 0.0000
vt 0.5508 0.8879 0.0000
vt 0.6196 0.9481 0.0000
vt 0.5059 0.7012 0.0000
vt 0.5767 0.9183 0.0000
vt 0.5776 0.9447 0.0000
vt 0.5210 0.6611 0.0000
vt 0.5825 0.9660 0.0000
vt 0.5488 0.9561 0.0000
vt 0.4976 0.7012 0.0000
vt 0.5493 0.9078 0.0000
vt 0.5488 0.9291 0.0000
vt 0.4917 0.7012 0.0000
vt 0.5234 0.9148 0.0000
vt 0.5239 0.8969 0.0000
vt 0.5234 0.9365 0.0000
vt 0.4917 0.6567 0.0000
vt 0.5239 0.9625 0.0000
vt 0.4976 0.7449 0.0000
vt 0.5059 0.9017 0.0000
vt 0.5059 0.9398 0.0000
vt 0.5059 0.7437 0.0000
vt 0.5059 0.8718 0.0000
vt 0.5059 0.9177 0.0000
vt 0.5059 0.7831 0.0000
vt 0.5244 0.8647 0.0000
vt 0.5059 0.8296 0.0000
vt 0.4976 0.8751 0.0000
vt 0.4976 0.9036 0.0000
vt 0.5225 0.7811 0.0000
vt 0.5239 0.8234 0.0000
vt 0.4976 0.8331 0.0000
vt 0.4976 0.7842 0.0000
vt 0.5508 0.8555 0.0000
vt 0.4917 0.8342 0.0000
vt 0.5483 0.8159 0.0000
vt 0.4917 0.8768 0.0000
vt 0.4917 0.7853 0.0000
vt 0.4917 0.9052 0.0000
vt 0.4917 0.7456 0.0000
vt 0.4976 0.9187 0.0000
vt 0.4917 0.9191 0.0000
vt 0.4976 0.9411 0.0000
vt 0.4917 0.9415 0.0000
vt 0.5059 0.9657 0.0000
vt 0.4976 0.9672 0.0000
vt 0.4917 0.9676 0.0000
vt 0.5254 0.9868 0.0000
vt 0.4976 0.9911 0.0000
vt 0.5508 0.9792 0.0000
vt 0.5059 0.9902 0.0000
vt 0.4917 0.9917 0.0000
vt 0.5508 0.5469 0.0000
vt 0.4917 0.6172 0.0000
vt 0.3867 0.2583 0.0000
vt 0.3884 0.2612 0.0000
vt 0.3833 0.2637 0.0000
vt 0.3804 0.2612 0.0000
vt 0.3860 0.2656 0.0000
vt 0.3738 0.2700 0.0000
vt 0.3848 0.2554 0.0000
vt 0.3901 0.2632 0.0000
vt 0.3772 0.2725 0.0000
vt 0.3887 0.2676 0.0000
vt 0.3689 0.2852 0.0000
vt 0.3821 0.2754 0.0000
vt 0.3918 0.2651 0.0000
vt 0.3770 0.2861 0.0000
vt 0.3640 0.2842 0.0000
vt 0.3914 0.2695 0.0000
vt 0.3623 0.2969 0.0000
vt 0.3738 0.2959 0.0000
vt 0.3850 0.2876 0.0000
vt 0.3865 0.2778 0.0000
vt 0.3860 0.2949 0.0000
vt 0.3699 0.3062 0.0000
vt 0.3904 0.2798 0.0000
vt 0.3557 0.3096 0.0000
vt 0.3904 0.2881 0.0000
vt 0.3882 0.3022 0.0000
vt 0.3564 0.2969 0.0000
vt 0.3647 0.3184 0.0000
vt 0.3911 0.2944 0.0000
vt 0.3506 0.3223 0.0000
vt 0.3489 0.3110 0.0000
vt 0.3931 0.3008 0.0000
vt 0.3921 0.3101 0.0000
vt 0.3633 0.3315 0.0000
vt 0.3423 0.3247 0.0000
vt 0.3970 0.3081 0.0000
vt 0.3484 0.3374 0.0000
vt 0.3982 0.3174 0.0000
vt 0.3633 0.3447 0.0000
vt 0.3367 0.3418 0.0000
vt 0.4016 0.3140 0.0000
vt 0.3489 0.3511 0.0000
vt 0.3987 0.3276 0.0000
vt 0.4065 0.3179 0.0000
vt 0.3372 0.3564 0.0000
vt 0.4011 0.3325 0.0000
vt 0.4048 0.3223 0.0000
vt 0.3518 0.3633 0.0000
vt 0.3662 0.3545 0.0000
vt 0.4104 0.3208 0.0000
vt 0.3423 0.3687 0.0000
vt 0.3721 0.3638 0.0000
vt 0.4087 0.3242 0.0000
vt 0.3574 0.3735 0.0000
vt 0.4060 0.3364 0.0000
vt 0.4143 0.3228 0.0000
vt 0.3494 0.3789 0.0000
vt 0.4065 0.3291 0.0000
vt 0.4128 0.3262 0.0000
vt 0.3560 0.3857 0.0000
vt 0.4033 0.3257 0.0000
vt 0.4172 0.3281 0.0000
vt 0.3635 0.3794 0.0000
vt 0.4072 0.3281 0.0000
vt 0.4182 0.3247 0.0000
vt 0.3767 0.3691 0.0000
vt 0.4221 0.3291 0.0000
vt 0.3752 0.3760 0.0000
vt 0.4114 0.3301 0.0000
vt 0.4207 0.3306 0.0000
vt 0.4221 0.3262 0.0000
vt 0.3813 0.3789 0.0000
vt 0.4163 0.3311 0.0000
vt 0.4106 0.3384 0.0000
vt 0.3691 0.3833 0.0000
vt 0.3860 0.3726 0.0000
vt 0.3767 0.3877 0.0000
vt 0.3630 0.3911 0.0000
vt 0.4150 0.3398 0.0000
vt 0.3955 0.3843 0.0000
vt 0.3811 0.3809 0.0000
vt 0.3718 0.3965 0.0000
vt 0.4006 0.3770 0.0000
vt 0.3879 0.3857 0.0000
vt 0.4219 0.3877 0.0000
vt 0.3811 0.3999 0.0000
vt 0.4263 0.3408 0.0000
vt 0.3848 0.3926 0.0000
vt 0.4250 0.3804 0.0000
vt 0.4192 0.3350 0.0000
vt 0.4453 0.3862 0.0000
vt 0.3896 0.4023 0.0000
vt 0.4153 0.3335 0.0000
vt 0.4470 0.3774 0.0000
vt 0.4414 0.3408 0.0000
vt 0.3928 0.3955 0.0000
vt 0.4663 0.3789 0.0000
vt 0.3975 0.4033 0.0000
vt 0.3953 0.3896 0.0000
vt 0.4666 0.3711 0.0000
vt 0.4548 0.3398 0.0000
vt 0.3997 0.3970 0.0000
vt 0.4846 0.3696 0.0000
vt 0.4011 0.4033 0.0000
vt 0.4014 0.3916 0.0000
vt 0.4844 0.3623 0.0000
vt 0.4680 0.3364 0.0000
vt 0.4031 0.3979 0.0000
vt 0.4045 0.3936 0.0000
vt 0.4434 0.3364 0.0000
vt 0.4834 0.3320 0.0000
vt 0.4294 0.3364 0.0000
vt 0.4558 0.3345 0.0000
vt 0.4070 0.3965 0.0000
vt 0.5005 0.3506 0.0000
vt 0.4683 0.3325 0.0000
vt 0.5015 0.3564 0.0000
vt 0.4067 0.3994 0.0000
vt 0.5176 0.3423 0.0000
vt 0.4983 0.3267 0.0000
vt 0.4050 0.4023 0.0000
vt 0.5166 0.3374 0.0000
vt 0.4834 0.3281 0.0000
vt 0.5249 0.3330 0.0000
vt 0.4980 0.3223 0.0000
vt 0.5122 0.3213 0.0000
vt 0.5239 0.3291 0.0000
vt 0.5112 0.3174 0.0000
vt 0.5283 0.3267 0.0000
vt 0.5200 0.3179 0.0000
vt 0.5269 0.3232 0.0000
vt 0.5190 0.3140 0.0000
vt 0.5303 0.3198 0.0000
vt 0.5244 0.3159 0.0000
vt 0.5278 0.3198 0.0000
vt 0.5239 0.3125 0.0000
vt 0.5269 0.3164 0.0000
vt 0.5278 0.3130 0.0000
vt 0.7710 0.0034 0.0000
vt 0.7734 0.0034 0.0000
vt 0.7710 0.0181 0.0000
vt 0.7661 0.0181 0.0000
vt 0.7734 0.0181 0.0000
vt 0.7661 0.0034 0.0000
vt 0.7764 0.0034 0.0000
vt 0.7549 0.0181 0.0000
vt 0.7764 0.0181 0.0000
vt 0.7549 0.0034 0.0000
vt 0.7798 0.0034 0.0000
vt 0.7466 0.0181 0.0000
vt 0.7798 0.0181 0.0000
vt 0.7466 0.0034 0.0000
vt 0.7837 0.0034 0.0000
vt 0.7837 0.0181 0.0000
vt 0.7397 0.0181 0.0000
vt 0.7397 0.0034 0.0000
vt 0.7329 0.0181 0.0000
vt 0.7329 0.0034 0.0000
vt 0.7241 0.0181 0.0000
vt 0.7241 0.0034 0.0000
vt 0.7163 0.0181 0.0000
vt 0.7163 0.0034 0.0000
vt 0.7095 0.0181 0.0000
vt 0.7095 0.0034 0.0000
vt 0.7046 0.0181 0.0000
vt 0.7046 0.0034 0.0000
vt 0.6997 0.0181 0.0000
vt 0.6997 0.0034 0.0000
vt 0.6948 0.0181 0.0000
vt 0.6948 0.0034 0.0000
vt 0.6904 0.0181 0.0000
vt 0.6904 0.0034 0.0000
vt 0.6875 0.0181 0.0000
vt 0.6875 0.0034 0.0000
vt 0.6851 0.0181 0.0000
vt 0.6851 0.0034 0.0000
vt 0.6802 0.0181 0.0000
vt 0.6802 0.0034 0.0000
vt 0.6748 0.0181 0.0000
vt 0.6748 0.0034 0.0000
vt 0.6699 0.0181 0.0000
vt 0.6699 0.0034 0.0000
vt 0.6646 0.0181 0.0000
vt 0.6646 0.0034 0.0000
vt 0.6597 0.0181 0.0000
vt 0.6597 0.0034 0.0000
vt 0.6538 0.0181 0.0000
vt 0.6538 0.0034 0.0000
vt 0.6484 0.0181 0.0000
vt 0.6484 0.0034 0.0000
vt 0.6436 0.0181 0.0000
vt 0.6436 0.0034 0.0000
vt 0.6318 0.0181 0.0000
vt 0.6318 0.0034 0.0000
vt 0.6167 0.0181 0.0000
vt 0.6167 0.0034 0.0000
vt 0.6021 0.0181 0.0000
vt 0.6021 0.0034 0.0000
vt 0.5879 0.0181 0.0000
vt 0.5879 0.0034 0.0000
vt 0.5698 0.0181 0.0000
vt 0.5698 0.0034 0.0000
vt 0.5522 0.0181 0.0000
vt 0.5522 0.0034 0.0000
vt 0.5356 0.0181 0.0000
vt 0.5356 0.0034 0.0000
vt 0.5264 0.0181 0.0000
vt 0.5264 0.0034 0.0000
vt 0.5205 0.0181 0.0000
vt 0.5205 0.0034 0.0000
vt 0.5161 0.0181 0.0000
vt 0.5161 0.0034 0.0000
vt 0.5083 0.0181 0.0000
vt 0.5083 0.0034 0.0000
vt 0.5005 0.0181 0.0000
vt 0.5005 0.0034 0.0000
vt 0.4919 0.0181 0.0000
vt 0.4919 0.0034 0.0000
vt 0.4783 0.0181 0.0000
vt 0.4783 0.0034 0.0000
vt 0.4531 0.0181 0.0000
vt 0.4531 0.0034 0.0000
vt 0.4285 0.0181 0.0000
vt 0.4285 0.0034 0.0000
vt 0.4045 0.0181 0.0000
vt 0.4045 0.0034 0.0000
vt 0.3789 0.0181 0.0000
vt 0.3789 0.0034 0.0000
vt 0.3518 0.0181 0.0000
vt 0.3518 0.0034 0.0000
vt 0.3213 0.0181 0.0000
vt 0.3213 0.0034 0.0000
vt 0.3037 0.0181 0.0000
vt 0.3037 0.0034 0.0000
vt 0.2959 0.0181 0.0000
vt 0.2959 0.0034 0.0000
vt 0.2874 0.0181 0.0000
vt 0.2874 0.0034 0.0000
vt 0.2773 0.0181 0.0000
vt 0.2773 0.0034 0.0000
vt 0.2678 0.0181 0.0000
vt 0.2678 0.0034 0.0000
vt 0.2603 0.0181 0.0000
vt 0.2603 0.0034 0.0000
vt 0.2563 0.0181 0.0000
vt 0.2563 0.0034 0.0000
vt 0.2522 0.0181 0.0000
vt 0.2522 0.0034 0.0000
vt 0.2488 0.0181 0.0000
vt 0.2488 0.0034 0.0000
vt 0.2444 0.0181 0.0000
vt 0.2444 0.0034 0.0000
vt 0.2399 0.0181 0.0000
vt 0.2399 0.0034 0.0000
vt 0.2355 0.0181 0.0000
vt 0.2355 0.0034 0.0000
vt 0.2262 0.0181 0.0000
vt 0.2262 0.0034 0.0000
vt 0.2161 0.0181 0.0000
vt 0.2161 0.0034 0.0000
vt 0.2042 0.0181 0.0000
vt 0.2042 0.0034 0.0000
vt 0.1921 0.0181 0.0000
vt 0.1921 0.0034 0.0000
vt 0.1818 0.0181 0.0000
vt 0.1818 0.0034 0.0000
vt 0.1705 0.0181 0.0000
vt 0.1705 0.0034 0.0000
vt 0.1556 0.0181 0.0000
vt 0.1556 0.0034 0.0000
vt 0.1401 0.0181 0.0000
vt 0.1401 0.0034 0.0000
vt 0.1227 0.0181 0.0000
vt 0.1227 0.0034 0.0000
vt 0.1013 0.0181 0.0000
vt 0.1013 0.0034 0.0000
vt 0.0829 0.0181 0.0000
vt 0.0829 0.0034 0.0000
vt 0.0641 0.0181 0.0000
vt 0.0641 0.0034 0.0000
vt 0.0463 0.0181 0.0000
vt 0.0463 0.0034 0.0000
vt 0.0258 0.0181 0.0000
vt 0.0258 0.0034 0.0000
vt 0.0128 0.0181 0.0000
vt 0.0128 0.0034 0.0000
vt 0.0039 0.0181 0.0000
vt 0.0039 0.0034 0.0000
vt 0.4109 0.3320 0.0000
vt 0.3774 0.4136 0.0000
vt 0.3823 0.4121 0.0000
vt 0.3789 0.4170 0.0000
vt 0.3691 0.4209 0.0000
vt 0.3848 0.4146 0.0000
vt 0.3674 0.4155 0.0000
vt 0.3706 0.4248 0.0000
vt 0.3806 0.4102 0.0000
vt 0.3806 0.4204 0.0000
vt 0.3555 0.4185 0.0000
vt 0.3760 0.4106 0.0000
vt 0.3875 0.4175 0.0000
vt 0.3550 0.4263 0.0000
vt 0.3792 0.4082 0.0000
vt 0.3562 0.4102 0.0000
vt 0.3547 0.4312 0.0000
vt 0.3748 0.4077 0.0000
vt 0.3452 0.4189 0.0000
vt 0.3657 0.4106 0.0000
vt 0.3418 0.4302 0.0000
vt 0.3645 0.4063 0.0000
vt 0.3345 0.4209 0.0000
vt 0.3406 0.4360 0.0000
vt 0.3567 0.4048 0.0000
vt 0.3489 0.4072 0.0000
vt 0.3284 0.4341 0.0000
vt 0.3425 0.4038 0.0000
vt 0.3254 0.4404 0.0000
vt 0.3506 0.4023 0.0000
vt 0.3145 0.4360 0.0000
vt 0.3213 0.4233 0.0000
vt 0.3105 0.4438 0.0000
vt 0.3447 0.3994 0.0000
vt 0.3357 0.3984 0.0000
vt 0.2993 0.4351 0.0000
vt 0.3081 0.4219 0.0000
vt 0.2925 0.4458 0.0000
vt 0.3386 0.3940 0.0000
vt 0.3298 0.3906 0.0000
vt 0.2861 0.4316 0.0000
vt 0.2954 0.4189 0.0000
vt 0.2783 0.4419 0.0000
vt 0.3337 0.3882 0.0000
vt 0.3196 0.3877 0.0000
vt 0.2751 0.4263 0.0000
vt 0.3308 0.3823 0.0000
vt 0.3157 0.3848 0.0000
vt 0.2676 0.4346 0.0000
vt 0.2864 0.4141 0.0000
vt 0.3262 0.3833 0.0000
vt 0.3291 0.3784 0.0000
vt 0.2786 0.4063 0.0000
vt 0.3225 0.3843 0.0000
vt 0.2661 0.4185 0.0000
vt 0.3252 0.3789 0.0000
vt 0.2590 0.4253 0.0000
vt 0.3276 0.3740 0.0000
vt 0.3125 0.3789 0.0000
vt 0.2537 0.4175 0.0000
vt 0.3213 0.3799 0.0000
vt 0.3201 0.3804 0.0000
vt 0.2744 0.4004 0.0000
vt 0.2615 0.4111 0.0000
vt 0.3240 0.3745 0.0000
vt 0.2500 0.4092 0.0000
vt 0.2673 0.4009 0.0000
vt 0.3232 0.3701 0.0000
vt 0.3203 0.3750 0.0000
vt 0.2590 0.4048 0.0000
vt 0.3269 0.3696 0.0000
vt 0.3201 0.3701 0.0000
vt 0.2561 0.3965 0.0000
vt 0.2466 0.3994 0.0000
vt 0.3235 0.3647 0.0000
vt 0.2642 0.3940 0.0000
vt 0.3215 0.3662 0.0000
vt 0.3259 0.3652 0.0000
vt 0.2452 0.3896 0.0000
vt 0.2605 0.3862 0.0000
vt 0.2659 0.3940 0.0000
vt 0.2534 0.3877 0.0000
vt 0.2729 0.3911 0.0000
vt 0.2449 0.3809 0.0000
vt 0.2522 0.3794 0.0000
vt 0.2639 0.3789 0.0000
vt 0.3115 0.3740 0.0000
vt 0.2583 0.3779 0.0000
vt 0.2455 0.3730 0.0000
vt 0.2717 0.3755 0.0000
vt 0.2522 0.3721 0.0000
vt 0.3115 0.3696 0.0000
vt 0.3179 0.3750 0.0000
vt 0.2576 0.3716 0.0000
vt 0.3127 0.3584 0.0000
vt 0.3174 0.3706 0.0000
vt 0.2566 0.3682 0.0000
vt 0.2739 0.3511 0.0000
vt 0.2522 0.3687 0.0000
vt 0.2465 0.3696 0.0000
vt 0.3169 0.3662 0.0000
vt 0.2544 0.3652 0.0000
vt 0.3157 0.3438 0.0000
vt 0.3179 0.3560 0.0000
vt 0.2479 0.3657 0.0000
vt 0.2515 0.3647 0.0000
vt 0.2813 0.3301 0.0000
vt 0.3208 0.3428 0.0000
vt 0.2722 0.3301 0.0000
vt 0.3201 0.3306 0.0000
vt 0.2659 0.3525 0.0000
vt 0.2920 0.3125 0.0000
vt 0.3252 0.3306 0.0000
vt 0.2837 0.3110 0.0000
vt 0.3257 0.3184 0.0000
vt 0.2971 0.2954 0.0000
vt 0.3042 0.2969 0.0000
vt 0.3298 0.3188 0.0000
vt 0.3337 0.3042 0.0000
vt 0.3132 0.2817 0.0000
vt 0.3191 0.2832 0.0000
vt 0.3374 0.3052 0.0000
vt 0.3418 0.2910 0.0000
vt 0.3308 0.2686 0.0000
vt 0.3354 0.2705 0.0000
vt 0.3459 0.2920 0.0000
vt 0.3503 0.2783 0.0000
vt 0.3416 0.2637 0.0000
vt 0.3450 0.2656 0.0000
vt 0.3540 0.2798 0.0000
vt 0.3486 0.2617 0.0000
vt 0.3555 0.2715 0.0000
vt 0.3516 0.2637 0.0000
vt 0.3586 0.2729 0.0000
vt 0.3557 0.2612 0.0000
vt 0.3579 0.2676 0.0000
vt 0.3547 0.2632 0.0000
vt 0.3611 0.2686 0.0000
vt 0.3582 0.2651 0.0000
vt 0.3613 0.2646 0.0000
vt 0.7612 0.8956 0.0000
vt 0.7578 0.8813 0.0000
vt 0.7681 0.8945 0.0000
vt 0.7686 0.9043 0.0000
vt 0.7671 0.8799 0.0000
vt 0.7617 0.9061 0.0000
vt 0.7744 0.8949 0.0000
vt 0.7437 0.8864 0.0000
vt 0.7485 0.8997 0.0000
vt 0.7754 0.9039 0.0000
vt 0.7759 0.8800 0.0000
vt 0.7500 0.9115 0.0000
vt 0.7881 0.8972 0.0000
vt 0.7295 0.8934 0.0000
vt 0.7622 0.9113 0.0000
vt 0.7891 0.9069 0.0000
vt 0.7363 0.9058 0.0000
vt 0.7690 0.9096 0.0000
vt 0.7129 0.9049 0.0000
vt 0.7759 0.9096 0.0000
vt 0.7441 0.9158 0.0000
vt 0.7192 0.9159 0.0000
vt 0.7959 0.8995 0.0000
vt 0.7695 0.9153 0.0000
vt 0.7090 0.9230 0.0000
vt 0.7910 0.8822 0.0000
vt 0.7627 0.9159 0.0000
vt 0.7217 0.9260 0.0000
vt 0.7520 0.9154 0.0000
vt 0.7373 0.9213 0.0000
vt 0.7026 0.9110 0.0000
vt 0.7520 0.9183 0.0000
vt 0.7124 0.9290 0.0000
vt 0.7485 0.9174 0.0000
vt 0.7432 0.9197 0.0000
vt 0.6992 0.9338 0.0000
vt 0.7446 0.9243 0.0000
vt 0.7041 0.9389 0.0000
vt 0.7246 0.9340 0.0000
vt 0.7485 0.9192 0.0000
vt 0.7095 0.9426 0.0000
vt 0.7139 0.9324 0.0000
vt 0.7485 0.9211 0.0000
vt 0.7227 0.9455 0.0000
vt 0.7178 0.9542 0.0000
vt 0.7397 0.9350 0.0000
vt 0.7524 0.9216 0.0000
vt 0.7529 0.9363 0.0000
vt 0.7075 0.9483 0.0000
vt 0.7515 0.9258 0.0000
vt 0.7378 0.9484 0.0000
vt 0.7046 0.9542 0.0000
vt 0.7642 0.9271 0.0000
vt 0.7329 0.9619 0.0000
vt 0.7632 0.9218 0.0000
vt 0.7515 0.9501 0.0000
vt 0.7466 0.9673 0.0000
vt 0.7656 0.9370 0.0000
vt 0.7290 0.9776 0.0000
vt 0.7700 0.9218 0.0000
vt 0.7607 0.9712 0.0000
vt 0.7139 0.9635 0.0000
vt 0.7773 0.9157 0.0000
vt 0.7646 0.9511 0.0000
vt 0.7773 0.9219 0.0000
vt 0.7681 0.9724 0.0000
vt 0.7886 0.9167 0.0000
vt 0.7720 0.9371 0.0000
vt 0.7563 0.9941 0.0000
vt 0.7876 0.9117 0.0000
vt 0.7705 0.9271 0.0000
vt 0.7646 0.9967 0.0000
vt 0.7715 0.9514 0.0000
vt 0.7769 0.9271 0.0000
vt 0.7734 0.9960 0.0000
vt 0.7759 0.9731 0.0000
vt 0.7783 0.9370 0.0000
vt 0.7891 0.9221 0.0000
vt 0.7783 0.9516 0.0000
vt 0.7900 0.9928 0.0000
vt 0.7979 0.9182 0.0000
vt 0.7900 0.9272 0.0000
vt 0.7915 0.9719 0.0000
vt 0.7974 0.9142 0.0000
vt 0.7925 0.9515 0.0000
vt 0.8052 0.9172 0.0000
vt 0.7915 0.9363 0.0000
vt 0.8062 0.9195 0.0000
vt 0.7979 0.9097 0.0000
vt 0.7988 0.9265 0.0000
vt 0.8081 0.9188 0.0000
vt 0.8071 0.9139 0.0000
vt 0.8003 0.9355 0.0000
vt 0.8086 0.9199 0.0000
vt 0.8101 0.9341 0.0000
vt 0.8047 0.9035 0.0000
vt 0.8086 0.9209 0.0000
vt 0.8018 0.9510 0.0000
vt 0.8062 0.9215 0.0000
vt 0.8018 0.9699 0.0000
vt 0.7983 0.9221 0.0000
vt 0.8013 0.8851 0.0000
vt 0.8086 0.9250 0.0000
vt 0.8149 0.9333 0.0000
vt 0.8115 0.8895 0.0000
vt 0.8115 0.9499 0.0000
vt 0.8110 0.9073 0.0000
vt 0.8115 0.9233 0.0000
vt 0.8193 0.9324 0.0000
vt 0.8120 0.9662 0.0000
vt 0.8115 0.9168 0.0000
vt 0.8164 0.9493 0.0000
vt 0.8208 0.9487 0.0000
vt 0.8228 0.9603 0.0000
vt 0.8247 0.9478 0.0000
vt 0.8140 0.9205 0.0000
vt 0.8179 0.9635 0.0000
vt 0.8281 0.9559 0.0000
vt 0.8247 0.9317 0.0000
vt 0.8247 0.9714 0.0000
vt 0.8306 0.9466 0.0000
vt 0.8311 0.9628 0.0000
vt 0.8188 0.9780 0.0000
vt 0.8306 0.9305 0.0000
vt 0.8335 0.9561 0.0000
vt 0.8228 0.9236 0.0000
vt 0.8340 0.9505 0.0000
vt 0.8110 0.9838 0.0000
vt 0.8311 0.9257 0.0000
vt 0.8228 0.9170 0.0000
vt 0.8281 0.9214 0.0000
vt 0.8418 0.9142 0.0000
vt 0.8003 0.9895 0.0000
vt 0.8384 0.9101 0.0000
vt 0.8447 0.9179 0.0000
vt 0.8335 0.9052 0.0000
vt 0.8267 0.8991 0.0000
vt 0.8164 0.9119 0.0000
vt 0.8198 0.8941 0.0000
vt 0.7422 0.9866 0.0000
vt 0.9287 0.8799 0.0000
vt 0.9375 0.8813 0.0000
vt 0.9277 0.8946 0.0000
vt 0.9214 0.8950 0.0000
vt 0.9341 0.8957 0.0000
vt 0.9272 0.9044 0.0000
vt 0.9199 0.8801 0.0000
vt 0.9521 0.8865 0.0000
vt 0.9341 0.9062 0.0000
vt 0.9077 0.8973 0.0000
vt 0.9468 0.8998 0.0000
vt 0.9204 0.9041 0.0000
vt 0.9048 0.8823 0.0000
vt 0.9663 0.8935 0.0000
vt 0.9268 0.9097 0.0000
vt 0.8994 0.8997 0.0000
vt 0.9595 0.9059 0.0000
vt 0.9458 0.9116 0.0000
vt 0.9067 0.9070 0.0000
vt 0.9829 0.9050 0.0000
vt 0.9199 0.9097 0.0000
vt 0.8945 0.8852 0.0000
vt 0.9766 0.9160 0.0000
vt 0.8979 0.9099 0.0000
vt 0.9263 0.9155 0.0000
vt 0.9585 0.9214 0.0000
vt 0.8911 0.9036 0.0000
vt 0.9336 0.9114 0.0000
vt 0.9868 0.9232 0.0000
vt 0.8887 0.9140 0.0000
vt 0.9741 0.9260 0.0000
vt 0.8984 0.9144 0.0000
vt 0.9712 0.9341 0.0000
vt 0.9077 0.9119 0.0000
vt 0.8848 0.9073 0.0000
vt 0.9834 0.9290 0.0000
vt 0.8843 0.8896 0.0000
vt 0.9966 0.9338 0.0000
vt 0.8760 0.8942 0.0000
vt 0.9917 0.9390 0.0000
vt 0.9185 0.9158 0.0000
vt 0.8794 0.9120 0.0000
vt 0.9863 0.9427 0.0000
vt 0.8843 0.9169 0.0000
vt 0.8691 0.8992 0.0000
vt 0.9814 0.9326 0.0000
vt 0.9072 0.9168 0.0000
vt 0.8726 0.9171 0.0000
vt 0.8818 0.9205 0.0000
vt 0.8979 0.9183 0.0000
vt 0.8872 0.9200 0.0000
vt 0.8730 0.9237 0.0000
vt 0.9731 0.9456 0.0000
vt 0.8906 0.9172 0.0000
vt 0.8677 0.9216 0.0000
vt 0.9561 0.9351 0.0000
vt 0.8623 0.9053 0.0000
vt 0.9780 0.9543 0.0000
vt 0.8574 0.9102 0.0000
vt 0.9629 0.9620 0.0000
vt 0.8877 0.9188 0.0000
vt 0.8647 0.9258 0.0000
vt 0.9819 0.9637 0.0000
vt 0.8896 0.9196 0.0000
vt 0.8540 0.9143 0.0000
vt 0.9907 0.9543 0.0000
vt 0.8652 0.9307 0.0000
vt 0.9883 0.9484 0.0000
vt 0.9668 0.9777 0.0000
vt 0.8511 0.9180 0.0000
vt 0.9492 0.9674 0.0000
vt 0.8975 0.9221 0.0000
vt 0.9575 0.9485 0.0000
vt 0.8896 0.9216 0.0000
vt 0.9536 0.9867 0.0000
vt 0.8872 0.9210 0.0000
vt 0.9443 0.9502 0.0000
vt 0.9351 0.9713 0.0000
vt 0.9429 0.9364 0.0000
vt 0.9512 0.9244 0.0000
vt 0.9395 0.9942 0.0000
vt 0.9438 0.9260 0.0000
vt 0.9272 0.9725 0.0000
vt 0.8843 0.9234 0.0000
vt 0.9312 0.9512 0.0000
vt 0.9526 0.9198 0.0000
vt 0.9302 0.9371 0.0000
vt 0.8765 0.9326 0.0000
vt 0.9473 0.9212 0.0000
vt 0.9238 0.9372 0.0000
vt 0.9253 0.9272 0.0000
vt 0.8711 0.9318 0.0000
vt 0.9243 0.9515 0.0000
vt 0.9473 0.9193 0.0000
vt 0.8711 0.9479 0.0000
vt 0.9175 0.9371 0.0000
vt 0.9512 0.9159 0.0000
vt 0.8652 0.9467 0.0000
vt 0.9185 0.9272 0.0000
vt 0.9438 0.9183 0.0000
vt 0.9053 0.9273 0.0000
vt 0.9473 0.9175 0.0000
vt 0.9043 0.9365 0.0000
vt 0.9438 0.9155 0.0000
vt 0.9067 0.9222 0.0000
vt 0.8970 0.9266 0.0000
vt 0.9331 0.9160 0.0000
vt 0.9185 0.9219 0.0000
vt 0.9326 0.9219 0.0000
vt 0.9434 0.9217 0.0000
vt 0.9253 0.9219 0.0000
vt 0.8872 0.9251 0.0000
vt 0.9316 0.9272 0.0000
vt 0.8857 0.9343 0.0000
vt 0.8809 0.9334 0.0000
vt 0.8750 0.9488 0.0000
vt 0.8794 0.9494 0.0000
vt 0.8677 0.9560 0.0000
vt 0.8838 0.9500 0.0000
vt 0.8730 0.9604 0.0000
vt 0.8618 0.9506 0.0000
vt 0.8779 0.9636 0.0000
vt 0.8940 0.9511 0.0000
vt 0.8623 0.9563 0.0000
vt 0.8706 0.9715 0.0000
vt 0.8833 0.9663 0.0000
vt 0.8647 0.9629 0.0000
vt 0.8940 0.9700 0.0000
vt 0.8770 0.9781 0.0000
vt 0.9033 0.9516 0.0000
vt 0.8955 0.9357 0.0000
vt 0.9043 0.9720 0.0000
vt 0.8848 0.9839 0.0000
vt 0.8955 0.9896 0.0000
vt 0.9058 0.9929 0.0000
vt 0.9175 0.9517 0.0000
vt 0.9199 0.9732 0.0000
vt 0.9224 0.9961 0.0000
vt 0.9312 0.9968 0.0000
vt 0.9932 0.9111 0.0000
vt 0.4380 0.7842 0.0000
vt 0.4202 0.7792 0.0000
vt 0.4343 0.7402 0.0000
vt 0.4194 0.8154 0.0000
vt 0.4170 0.7378 0.0000
vt 0.4395 0.8247 0.0000
vt 0.4326 0.7012 0.0000
vt 0.3835 0.7719 0.0000
vt 0.4150 0.8578 0.0000
vt 0.4526 0.7427 0.0000
vt 0.3855 0.8040 0.0000
vt 0.4387 0.8682 0.0000
vt 0.4541 0.7889 0.0000
vt 0.4136 0.8926 0.0000
vt 0.3831 0.8429 0.0000
vt 0.4392 0.9015 0.0000
vt 0.4695 0.7446 0.0000
vt 0.4114 0.9061 0.0000
vt 0.3794 0.8807 0.0000
vt 0.4695 0.7898 0.0000
vt 0.4387 0.9157 0.0000
vt 0.3755 0.8931 0.0000
vt 0.4526 0.8306 0.0000
vt 0.4023 0.9278 0.0000
vt 0.4546 0.8737 0.0000
vt 0.3667 0.9123 0.0000
vt 0.4561 0.9056 0.0000
vt 0.3550 0.9326 0.0000
vt 0.4695 0.8344 0.0000
vt 0.4316 0.9374 0.0000
vt 0.3225 0.8936 0.0000
vt 0.4775 0.7887 0.0000
vt 0.4558 0.9192 0.0000
vt 0.3301 0.8737 0.0000
vt 0.4775 0.8350 0.0000
vt 0.4695 0.8762 0.0000
vt 0.4834 0.8342 0.0000
vt 0.4695 0.9061 0.0000
vt 0.3333 0.8615 0.0000
vt 0.4695 0.9193 0.0000
vt 0.4834 0.8768 0.0000
vt 0.4521 0.9406 0.0000
vt 0.4775 0.8768 0.0000
vt 0.4834 0.7853 0.0000
vt 0.4695 0.9420 0.0000
vt 0.4775 0.7456 0.0000
vt 0.4695 0.9668 0.0000
vt 0.4834 0.9052 0.0000
vt 0.4834 0.7456 0.0000
vt 0.4475 0.9653 0.0000
vt 0.4775 0.9673 0.0000
vt 0.4775 0.9058 0.0000
vt 0.4834 0.7012 0.0000
vt 0.4695 0.9916 0.0000
vt 0.4775 0.9186 0.0000
vt 0.4775 0.7012 0.0000
vt 0.4775 0.9919 0.0000
vt 0.4834 0.9191 0.0000
vt 0.4834 0.9676 0.0000
vt 0.4775 0.9417 0.0000
vt 0.4834 0.9415 0.0000
vt 0.4834 0.9917 0.0000
vt 0.4695 0.7012 0.0000
vt 0.4695 0.6580 0.0000
vt 0.4526 0.6599 0.0000
vt 0.4775 0.6570 0.0000
vt 0.4509 0.7012 0.0000
vt 0.4541 0.6135 0.0000
vt 0.4834 0.6570 0.0000
vt 0.4695 0.6125 0.0000
vt 0.4343 0.6621 0.0000
vt 0.4526 0.5720 0.0000
vt 0.4380 0.6184 0.0000
vt 0.4834 0.6172 0.0000
vt 0.4695 0.5681 0.0000
vt 0.4775 0.6138 0.0000
vt 0.4202 0.6233 0.0000
vt 0.4546 0.5288 0.0000
vt 0.4194 0.5872 0.0000
vt 0.4695 0.5261 0.0000
vt 0.4834 0.5684 0.0000
vt 0.4395 0.5779 0.0000
vt 0.4561 0.4971 0.0000
vt 0.4775 0.5676 0.0000
vt 0.4834 0.5256 0.0000
vt 0.4695 0.4966 0.0000
vt 0.4150 0.5447 0.0000
vt 0.4775 0.5256 0.0000
vt 0.4558 0.4834 0.0000
vt 0.4387 0.5344 0.0000
vt 0.4695 0.4834 0.0000
vt 0.4834 0.4976 0.0000
vt 0.4136 0.5098 0.0000
vt 0.4521 0.4619 0.0000
vt 0.4775 0.4966 0.0000
vt 0.4392 0.5010 0.0000
vt 0.4316 0.4653 0.0000
vt 0.4114 0.4966 0.0000
vt 0.4695 0.4604 0.0000
vt 0.4775 0.4839 0.0000
vt 0.3755 0.5093 0.0000
vt 0.4695 0.4355 0.0000
vt 0.4387 0.4868 0.0000
vt 0.4475 0.4370 0.0000
vt 0.4834 0.4834 0.0000
vt 0.4775 0.4609 0.0000
vt 0.4695 0.4106 0.0000
vt 0.4834 0.4609 0.0000
vt 0.4775 0.4351 0.0000
vt 0.4412 0.4141 0.0000
vt 0.4775 0.4106 0.0000
vt 0.4243 0.4434 0.0000
vt 0.4834 0.4351 0.0000
vt 0.4834 0.4106 0.0000
vt 0.4165 0.4199 0.0000
vt 0.4023 0.4746 0.0000
vt 0.3936 0.4536 0.0000
vt 0.3853 0.4321 0.0000
vt 0.3550 0.4697 0.0000
vt 0.3667 0.4902 0.0000
vt 0.3435 0.4512 0.0000
vt 0.3225 0.5088 0.0000
vt 0.3120 0.4873 0.0000
vt 0.3301 0.5288 0.0000
vt 0.3030 0.4702 0.0000
vt 0.2773 0.4995 0.0000
vt 0.3794 0.5217 0.0000
vt 0.2732 0.4819 0.0000
vt 0.2834 0.5217 0.0000
vt 0.2546 0.4897 0.0000
vt 0.3333 0.5410 0.0000
vt 0.2881 0.5474 0.0000
vt 0.2578 0.5061 0.0000
vt 0.3831 0.5596 0.0000
vt 0.2612 0.5298 0.0000
vt 0.2423 0.4937 0.0000
vt 0.3394 0.5776 0.0000
vt 0.3855 0.5984 0.0000
vt 0.2423 0.5088 0.0000
vt 0.2903 0.5613 0.0000
vt 0.2351 0.4932 0.0000
vt 0.2462 0.5332 0.0000
vt 0.3423 0.6125 0.0000
vt 0.2966 0.5925 0.0000
vt 0.2345 0.5090 0.0000
vt 0.2327 0.5349 0.0000
vt 0.3835 0.6306 0.0000
vt 0.2576 0.5759 0.0000
vt 0.2434 0.5657 0.0000
vt 0.3032 0.6230 0.0000
vt 0.2593 0.5581 0.0000
vt 0.2294 0.5720 0.0000
vt 0.3445 0.6382 0.0000
vt 0.2332 0.5930 0.0000
vt 0.3823 0.6687 0.0000
vt 0.2235 0.5979 0.0000
vt 0.2639 0.6096 0.0000
vt 0.2167 0.6155 0.0000
vt 0.2419 0.6223 0.0000
vt 0.4170 0.6646 0.0000
vt 0.2219 0.6213 0.0000
vt 0.2710 0.6353 0.0000
vt 0.2042 0.6316 0.0000
vt 0.2075 0.6382 0.0000
vt 0.3079 0.6453 0.0000
vt 0.2484 0.6440 0.0000
vt 0.2271 0.6345 0.0000
vt 0.2754 0.6533 0.0000
vt 0.4143 0.7012 0.0000
vt 0.2527 0.6589 0.0000
vt 0.2101 0.6492 0.0000
vt 0.2793 0.6787 0.0000
vt 0.3813 0.7012 0.0000
vt 0.2322 0.6501 0.0000
vt 0.3103 0.6750 0.0000
vt 0.3823 0.7339 0.0000
vt 0.2354 0.6636 0.0000
vt 0.3469 0.6724 0.0000
vt 0.2124 0.6592 0.0000
vt 0.2559 0.6814 0.0000
vt 0.3472 0.7012 0.0000
vt 0.2137 0.6689 0.0000
vt 0.2808 0.7012 0.0000
vt 0.2383 0.6833 0.0000
vt 0.3118 0.7012 0.0000
vt 0.2152 0.6860 0.0000
vt 0.2563 0.7012 0.0000
vt 0.3469 0.7300 0.0000
vt 0.2385 0.7012 0.0000
vt 0.2559 0.7212 0.0000
vt 0.2161 0.7012 0.0000
vt 0.2793 0.7239 0.0000
vt 0.3445 0.7642 0.0000
vt 0.1954 0.6873 0.0000
vt 0.3103 0.7273 0.0000
vt 0.1949 0.6721 0.0000
vt 0.3423 0.7899 0.0000
vt 0.3079 0.7573 0.0000
vt 0.1769 0.6738 0.0000
vt 0.3032 0.7793 0.0000
vt 0.1758 0.6877 0.0000
vt 0.1779 0.6677 0.0000
vt 0.2710 0.7673 0.0000
vt 0.1954 0.7012 0.0000
vt 0.1594 0.6670 0.0000
vt 0.2639 0.7927 0.0000
vt 0.1622 0.6606 0.0000
vt 0.2419 0.7802 0.0000
vt 0.1954 0.7151 0.0000
vt 0.1792 0.6602 0.0000
vt 0.2484 0.7584 0.0000
vt 0.2152 0.7166 0.0000
vt 0.1653 0.6541 0.0000
vt 0.2754 0.7490 0.0000
vt 0.1808 0.6528 0.0000
vt 0.2527 0.7437 0.0000
vt 0.2383 0.7192 0.0000
vt 0.1947 0.6560 0.0000
vt 0.1951 0.6641 0.0000
vt 0.1946 0.6470 0.0000
vt 0.2354 0.7390 0.0000
vt 0.1831 0.6465 0.0000
vt 0.2137 0.7336 0.0000
vt 0.1680 0.6497 0.0000
vt 0.1936 0.6392 0.0000
vt 0.1949 0.7305 0.0000
vt 0.1501 0.6462 0.0000
vt 0.1481 0.6499 0.0000
vt 0.1951 0.7383 0.0000
vt 0.1392 0.6462 0.0000
vt 0.1769 0.7288 0.0000
vt 0.1779 0.7349 0.0000
vt 0.1361 0.6404 0.0000
vt 0.1439 0.6560 0.0000
vt 0.1304 0.6509 0.0000
vt 0.1792 0.7422 0.0000
vt 0.1594 0.7356 0.0000
vt 0.1244 0.6462 0.0000
vt 0.1622 0.7419 0.0000
vt 0.1577 0.7302 0.0000
vt 0.1398 0.6624 0.0000
vt 0.1653 0.7485 0.0000
vt 0.1758 0.7146 0.0000
vt 0.1224 0.6558 0.0000
vt 0.1808 0.7498 0.0000
vt 0.1372 0.6675 0.0000
vt 0.1680 0.7528 0.0000
vt 0.1947 0.7466 0.0000
vt 0.1754 0.7012 0.0000
vt 0.1577 0.6724 0.0000
vt 0.1946 0.7554 0.0000
vt 0.1550 0.7156 0.0000
vt 0.2124 0.7434 0.0000
vt 0.1550 0.6868 0.0000
vt 0.1544 0.7012 0.0000
vt 0.1372 0.7349 0.0000
vt 0.1398 0.7402 0.0000
vt 0.1317 0.7192 0.0000
vt 0.1293 0.7012 0.0000
vt 0.1317 0.6831 0.0000
vt 0.1224 0.7468 0.0000
vt 0.1070 0.7141 0.0000
vt 0.1304 0.7517 0.0000
vt 0.1103 0.7300 0.0000
vt 0.1070 0.6885 0.0000
vt 0.1439 0.7463 0.0000
vt 0.0900 0.7268 0.0000
vt 0.1178 0.7424 0.0000
vt 0.1392 0.7562 0.0000
vt 0.1000 0.7368 0.0000
vt 0.1481 0.7524 0.0000
vt 0.1361 0.7621 0.0000
vt 0.1244 0.7562 0.0000
vt 0.1100 0.7466 0.0000
vt 0.1155 0.7510 0.0000
vt 0.1501 0.7562 0.0000
vt 0.1831 0.7559 0.0000
vt 0.1936 0.7634 0.0000
vt 0.2075 0.7642 0.0000
vt 0.2101 0.7534 0.0000
vt 0.2042 0.7710 0.0000
vt 0.2219 0.7813 0.0000
vt 0.2271 0.7679 0.0000
vt 0.2167 0.7871 0.0000
vt 0.2322 0.7522 0.0000
vt 0.2332 0.8096 0.0000
vt 0.2235 0.8044 0.0000
vt 0.2294 0.8304 0.0000
vt 0.2434 0.8368 0.0000
vt 0.2576 0.8267 0.0000
vt 0.2327 0.8676 0.0000
vt 0.2966 0.8099 0.0000
vt 0.2593 0.8444 0.0000
vt 0.2462 0.8693 0.0000
vt 0.2903 0.8412 0.0000
vt 0.2345 0.8933 0.0000
vt 0.2881 0.8550 0.0000
vt 0.2423 0.8936 0.0000
vt 0.3394 0.8247 0.0000
vt 0.2612 0.8726 0.0000
vt 0.2578 0.8962 0.0000
vt 0.2423 0.9088 0.0000
vt 0.2834 0.8807 0.0000
vt 0.2546 0.9127 0.0000
vt 0.2351 0.9092 0.0000
vt 0.2773 0.9032 0.0000
vt 0.3120 0.9153 0.0000
vt 0.2732 0.9204 0.0000
vt 0.3030 0.9326 0.0000
vt 0.3435 0.9512 0.0000
vt 0.3853 0.9704 0.0000
vt 0.3936 0.9488 0.0000
vt 0.4165 0.9824 0.0000
vt 0.4243 0.9591 0.0000
vt 0.4412 0.9883 0.0000
vt 0.2915 0.9607 0.0000
vt 0.2834 0.9607 0.0000
vt 0.2888 0.9491 0.0000
vt 0.2888 0.9724 0.0000
vt 0.2832 0.9384 0.0000
vt 0.2832 0.9830 0.0000
vt 0.2703 0.9607 0.0000
vt 0.2700 0.9302 0.0000
vt 0.2700 0.9913 0.0000
vt 0.2539 0.9607 0.0000
vt 0.2537 0.9272 0.0000
vt 0.2537 0.9942 0.0000
vt 0.2357 0.9607 0.0000
vt 0.2380 0.9283 0.0000
vt 0.2380 0.9931 0.0000
vt 0.2297 0.9316 0.0000
vt 0.2297 0.9898 0.0000
vt 0.2284 0.9607 0.0000
vt 0.2225 0.9396 0.0000
vt 0.2225 0.9818 0.0000
vt 0.2211 0.9607 0.0000
vt 0.2183 0.9507 0.0000
vt 0.2183 0.9707 0.0000
vt 0.2164 0.9607 0.0000
vt 0.6577 0.9418 0.0000
vt 0.6577 0.9491 0.0000
vt 0.6504 0.9431 0.0000
vt 0.6646 0.9486 0.0000
vt 0.6504 0.9503 0.0000
vt 0.6646 0.9412 0.0000
vt 0.6426 0.9452 0.0000
vt 0.6577 0.9568 0.0000
vt 0.6714 0.9418 0.0000
vt 0.6426 0.9537 0.0000
vt 0.6646 0.9562 0.0000
vt 0.6714 0.9491 0.0000
vt 0.6377 0.9489 0.0000
vt 0.6509 0.9581 0.0000
vt 0.6787 0.9431 0.0000
vt 0.6362 0.9569 0.0000
vt 0.6582 0.9658 0.0000
vt 0.6787 0.9503 0.0000
vt 0.6313 0.9546 0.0000
vt 0.6646 0.9655 0.0000
vt 0.6714 0.9568 0.0000
vt 0.6284 0.9606 0.0000
vt 0.6509 0.9672 0.0000
vt 0.6353 0.9633 0.0000
vt 0.6431 0.9609 0.0000
vt 0.6709 0.9658 0.0000
vt 0.6270 0.9666 0.0000
vt 0.6440 0.9695 0.0000
vt 0.6587 0.9740 0.0000
vt 0.6646 0.9742 0.0000
vt 0.6353 0.9713 0.0000
vt 0.6782 0.9582 0.0000
vt 0.6704 0.9741 0.0000
vt 0.6367 0.9781 0.0000
vt 0.6782 0.9672 0.0000
vt 0.6274 0.9731 0.0000
vt 0.6860 0.9609 0.0000
vt 0.6865 0.9537 0.0000
vt 0.6772 0.9749 0.0000
vt 0.6299 0.9793 0.0000
vt 0.6704 0.9815 0.0000
vt 0.6851 0.9695 0.0000
vt 0.6353 0.9837 0.0000
vt 0.6768 0.9819 0.0000
vt 0.6938 0.9634 0.0000
vt 0.6396 0.9822 0.0000
vt 0.6704 0.9866 0.0000
vt 0.6938 0.9713 0.0000
vt 0.6396 0.9868 0.0000
vt 0.6768 0.9865 0.0000
vt 0.7021 0.9666 0.0000
vt 0.6924 0.9781 0.0000
vt 0.6436 0.9852 0.0000
vt 0.6816 0.9861 0.0000
vt 0.7017 0.9731 0.0000
vt 0.6431 0.9905 0.0000
vt 0.6826 0.9822 0.0000
vt 0.6992 0.9793 0.0000
vt 0.6465 0.9822 0.0000
vt 0.6855 0.9852 0.0000
vt 0.6938 0.9837 0.0000
vt 0.6475 0.9861 0.0000
vt 0.6836 0.9763 0.0000
vt 0.6836 0.9877 0.0000
vt 0.6455 0.9877 0.0000
vt 0.6812 0.9895 0.0000
vt 0.6523 0.9819 0.0000
vt 0.6895 0.9822 0.0000
vt 0.6519 0.9749 0.0000
vt 0.6895 0.9868 0.0000
vt 0.6455 0.9763 0.0000
vt 0.6523 0.9865 0.0000
vt 0.6860 0.9905 0.0000
vt 0.6587 0.9866 0.0000
vt 0.6587 0.9815 0.0000
vt 0.6821 0.9933 0.0000
vt 0.6646 0.9816 0.0000
vt 0.6777 0.9908 0.0000
vt 0.6646 0.9866 0.0000
vt 0.6646 0.9917 0.0000
vt 0.6709 0.9915 0.0000
vt 0.6714 0.9970 0.0000
vt 0.6646 0.9979 0.0000
vt 0.6577 0.9970 0.0000
vt 0.6792 0.9952 0.0000
vt 0.6582 0.9915 0.0000
vt 0.6514 0.9908 0.0000
vt 0.6499 0.9952 0.0000
vt 0.6479 0.9895 0.0000
vt 0.6470 0.9933 0.0000
vt 0.1178 0.6599 0.0000
vt 0.1100 0.6560 0.0000
vt 0.1155 0.6516 0.0000
vt 0.1103 0.6726 0.0000
vt 0.1000 0.6655 0.0000
vt 0.0900 0.6758 0.0000
vt 0.6929 0.9569 0.0000
vt 0.6914 0.9489 0.0000
vt 0.6978 0.9546 0.0000
vt 0.6865 0.9452 0.0000
vt 0.7007 0.9606 0.0000
vt 0.0753 0.1675 0.0000
vt 0.0604 0.1802 0.0000
vt 0.0632 0.1611 0.0000
vt 0.0715 0.1489 0.0000
vt 0.0486 0.1729 0.0000
vt 0.0897 0.1489 0.0000
vt 0.0572 0.1514 0.0000
vt 0.0759 0.1870 0.0000
vt 0.0833 0.1235 0.0000
vt 0.0386 0.1616 0.0000
vt 0.0930 0.1724 0.0000
vt 0.0605 0.1255 0.0000
vt 0.0432 0.1294 0.0000
vt 0.0872 0.1934 0.0000
vt 0.1120 0.1226 0.0000
vt 0.0248 0.1377 0.0000
vt 0.1190 0.1846 0.0000
vt 0.1111 0.0933 0.0000
vt 0.0334 0.1040 0.0000
vt 0.0896 0.1958 0.0000
vt 0.0788 0.0952 0.0000
vt 0.0148 0.1118 0.0000
vt 0.1215 0.1914 0.0000
vt 0.0759 0.0728 0.0000
vt 0.0529 0.0981 0.0000
vt 0.1216 0.1978 0.0000
vt 0.0472 0.0742 0.0000
vt 0.1418 0.1968 0.0000
vt 0.0273 0.0771 0.0000
vt 0.1403 0.1899 0.0000
vt 0.1100 0.0728 0.0000
vt 0.0085 0.0796 0.0000
vt 0.1606 0.1890 0.0000
vt 0.1102 0.0659 0.0000
vt 0.0257 0.0688 0.0000
vt 0.1395 0.1831 0.0000
vt 0.0743 0.0654 0.0000
vt 0.0075 0.0684 0.0000
vt 0.1432 0.0747 0.0000
vt 0.0447 0.0664 0.0000
vt 0.1394 0.1523 0.0000
vt 0.1401 0.0923 0.0000
vt 0.1149 0.1519 0.0000
vt 0.1423 0.0674 0.0000
vt 0.1660 0.0757 0.0000
vt 0.0746 0.0596 0.0000
vt 0.1642 0.0918 0.0000
vt 0.1111 0.0596 0.0000
vt 0.1392 0.1206 0.0000
vt 0.0432 0.0596 0.0000
vt 0.1671 0.0693 0.0000
vt 0.1628 0.1196 0.0000
vt 0.1420 0.0596 0.0000
vt 0.1619 0.1523 0.0000
vt 0.1862 0.1182 0.0000
vt 0.1862 0.0752 0.0000
vt 0.0247 0.0596 0.0000
vt 0.1862 0.1514 0.0000
vt 0.1862 0.0693 0.0000
vt 0.0078 0.0596 0.0000
vt 0.1604 0.1816 0.0000
vt 0.1862 0.0913 0.0000
vt 0.2096 0.1196 0.0000
vt 0.1862 0.1802 0.0000
vt 0.2086 0.0918 0.0000
vt 0.2070 0.0757 0.0000
vt 0.2328 0.0923 0.0000
vt 0.1862 0.1880 0.0000
vt 0.2332 0.1206 0.0000
vt 0.2062 0.0693 0.0000
vt 0.1613 0.1958 0.0000
vt 0.2102 0.1523 0.0000
vt 0.2308 0.0674 0.0000
vt 0.1862 0.1958 0.0000
vt 0.2325 0.1523 0.0000
vt 0.2109 0.1958 0.0000
vt 0.2117 0.1816 0.0000
vt 0.2075 0.0596 0.0000
vt 0.1862 0.2139 0.0000
vt 0.1862 0.0596 0.0000
vt 0.2114 0.1890 0.0000
vt 0.2301 0.1968 0.0000
vt 0.1658 0.0596 0.0000
vt 0.2316 0.1899 0.0000
vt 0.2256 0.2163 0.0000
vt 0.2323 0.1831 0.0000
vt 0.2405 0.2192 0.0000
vt 0.2090 0.2153 0.0000
vt 0.2499 0.1914 0.0000
vt 0.2499 0.1978 0.0000
vt 0.2659 0.2241 0.0000
vt 0.2522 0.1846 0.0000
vt 0.2207 0.2402 0.0000
vt 0.2783 0.1987 0.0000
vt 0.2340 0.2422 0.0000
vt 0.2791 0.1958 0.0000
vt 0.2281 0.2651 0.0000
vt 0.2615 0.2349 0.0000
vt 0.2505 0.2656 0.0000
vt 0.2869 0.2134 0.0000
vt 0.2805 0.1934 0.0000
vt 0.2438 0.2852 0.0000
vt 0.2791 0.2344 0.0000
vt 0.2771 0.1724 0.0000
vt 0.2225 0.2871 0.0000
vt 0.3013 0.2266 0.0000
vt 0.2908 0.1870 0.0000
vt 0.2157 0.2651 0.0000
vt 0.2861 0.2368 0.0000
vt 0.2942 0.1675 0.0000
vt 0.2109 0.2881 0.0000
vt 0.2766 0.2417 0.0000
vt 0.3049 0.1802 0.0000
vt 0.2041 0.2651 0.0000
vt 0.2725 0.2529 0.0000
vt 0.3062 0.1611 0.0000
vt 0.2800 0.2529 0.0000
vt 0.3208 0.1729 0.0000
vt 0.2067 0.2397 0.0000
vt 0.2839 0.2427 0.0000
vt 0.3132 0.1514 0.0000
vt 0.1862 0.2383 0.0000
vt 0.2949 0.2515 0.0000
vt 0.2991 0.1489 0.0000
vt 0.1862 0.2642 0.0000
vt 0.2983 0.2427 0.0000
vt 0.3115 0.1255 0.0000
vt 0.2018 0.2886 0.0000
vt 0.3291 0.1294 0.0000
vt 0.1862 0.2871 0.0000
vt 0.3025 0.2319 0.0000
vt 0.3203 0.0981 0.0000
vt 0.1715 0.2886 0.0000
vt 0.3406 0.1040 0.0000
vt 0.1689 0.2651 0.0000
vt 0.1862 0.3013 0.0000
vt 0.2939 0.0952 0.0000
vt 0.3318 0.1616 0.0000
vt 0.1732 0.3013 0.0000
vt 0.2886 0.1235 0.0000
vt 0.1862 0.3047 0.0000
vt 0.2617 0.0933 0.0000
vt 0.3481 0.1377 0.0000
vt 0.1996 0.3047 0.0000
vt 0.2813 0.1489 0.0000
vt 0.2600 0.1226 0.0000
vt 0.2002 0.3013 0.0000
vt 0.2974 0.0728 0.0000
vt 0.2080 0.3047 0.0000
vt 0.2080 0.3013 0.0000
vt 0.2563 0.1519 0.0000
vt 0.2629 0.0728 0.0000
vt 0.2178 0.3047 0.0000
vt 0.2991 0.0654 0.0000
vt 0.2190 0.3013 0.0000
vt 0.3262 0.0742 0.0000
vt 0.2347 0.3047 0.0000
vt 0.2629 0.0659 0.0000
vt 0.2377 0.3013 0.0000
vt 0.3289 0.0664 0.0000
vt 0.2505 0.3047 0.0000
vt 0.3472 0.0771 0.0000
vt 0.2539 0.3013 0.0000
vt 0.2612 0.3047 0.0000
vt 0.3484 0.0688 0.0000
vt 0.3682 0.0796 0.0000
vt 0.3604 0.1118 0.0000
vt 0.3691 0.0684 0.0000
vt 0.3301 0.0596 0.0000
vt 0.3687 0.0596 0.0000
vt 0.3486 0.0596 0.0000
vt 0.2988 0.0596 0.0000
vt 0.2622 0.0596 0.0000
vt 0.2300 0.0747 0.0000
vt 0.2314 0.0596 0.0000
vt 0.0912 0.1987 0.0000
vt 0.1066 0.2241 0.0000
vt 0.1317 0.2192 0.0000
vt 0.0857 0.2134 0.0000
vt 0.0945 0.2344 0.0000
vt 0.1467 0.2163 0.0000
vt 0.1114 0.2349 0.0000
vt 0.0746 0.2266 0.0000
vt 0.1387 0.2422 0.0000
vt 0.0880 0.2368 0.0000
vt 0.1519 0.2402 0.0000
vt 0.0968 0.2417 0.0000
vt 0.0730 0.2319 0.0000
vt 0.1633 0.2153 0.0000
vt 0.0897 0.2427 0.0000
vt 0.1171 0.2495 0.0000
vt 0.1660 0.2397 0.0000
vt 0.0752 0.2427 0.0000
vt 0.1010 0.2529 0.0000
vt 0.0787 0.2515 0.0000
vt 0.1058 0.2656 0.0000
vt 0.0933 0.2529 0.0000
vt 0.1572 0.2651 0.0000
vt 0.0978 0.2646 0.0000
vt 0.1624 0.2881 0.0000
vt 0.0828 0.2632 0.0000
vt 0.1041 0.2813 0.0000
vt 0.1506 0.2871 0.0000
vt 0.1123 0.2832 0.0000
vt 0.1448 0.2651 0.0000
vt 0.1544 0.3013 0.0000
vt 0.0904 0.2832 0.0000
vt 0.1654 0.3013 0.0000
vt 0.0956 0.3013 0.0000
vt 0.1225 0.2656 0.0000
vt 0.1099 0.3013 0.0000
vt 0.1556 0.3047 0.0000
vt 0.1295 0.2852 0.0000
vt 0.0970 0.3047 0.0000
vt 0.1654 0.3047 0.0000
vt 0.1194 0.3013 0.0000
vt 0.1121 0.3047 0.0000
vt 0.1737 0.3047 0.0000
vt 0.1356 0.3013 0.0000
vt 0.1229 0.3047 0.0000
vt 0.1387 0.3047 0.0000
vt 0.0413 0.6523 0.0000
vt 0.0413 0.6572 0.0000
vt 0.0563 0.6555 0.0000
vt 0.0264 0.6555 0.0000
vt 0.0651 0.6604 0.0000
vt 0.0176 0.6602 0.0000
vt 0.0413 0.6807 0.0000
vt 0.0746 0.6807 0.0000
vt 0.0080 0.6807 0.0000
vt 0.0413 0.7139 0.0000
vt 0.0768 0.7139 0.0000
vt 0.0058 0.7139 0.0000
vt 0.0681 0.7371 0.0000
vt 0.0146 0.7371 0.0000
vt 0.0413 0.7378 0.0000
vt 0.0583 0.7468 0.0000
vt 0.0243 0.7468 0.0000
vt 0.0413 0.7531 0.0000
vt 0.0631 0.2080 0.0000
vt 0.0363 0.2070 0.0000
vt 0.0540 0.1958 0.0000
vt 0.0363 0.2285 0.0000
vt 0.0363 0.1919 0.0000
vt 0.0687 0.2285 0.0000
vt 0.0187 0.1958 0.0000
vt 0.0363 0.2617 0.0000
vt 0.0095 0.2080 0.0000
vt 0.0679 0.2612 0.0000
vt 0.0039 0.2285 0.0000
vt 0.0630 0.2783 0.0000
vt 0.0047 0.2612 0.0000
vt 0.0363 0.2783 0.0000
vt 0.0096 0.2783 0.0000
vt 0.0558 0.2876 0.0000
vt 0.0169 0.2876 0.0000
vt 0.0363 0.2910 0.0000
vt 0.9883 0.4980 0.0000
vt 0.9897 0.4985 0.0000
vt 0.9810 0.5105 0.0000
vt 0.9824 0.5122 0.0000
vt 0.9751 0.5212 0.0000
vt 0.9922 0.5000 0.0000
vt 0.9771 0.5232 0.0000
vt 0.9844 0.5149 0.0000
vt 0.9634 0.5466 0.0000
vt 0.9956 0.5024 0.0000
vt 0.9800 0.5261 0.0000
vt 0.9600 0.5435 0.0000
vt 0.9878 0.5181 0.0000
vt 0.9365 0.5667 0.0000
vt 0.9824 0.5293 0.0000
vt 0.9404 0.5737 0.0000
vt 0.9688 0.5510 0.0000
vt 0.9150 0.5803 0.0000
vt 0.9717 0.5530 0.0000
vt 0.9189 0.5894 0.0000
vt 0.9497 0.5847 0.0000
vt 0.9043 0.5964 0.0000
vt 0.9468 0.5823 0.0000
vt 0.9009 0.5862 0.0000
vt 0.9253 0.6016 0.0000
vt 0.8853 0.6013 0.0000
vt 0.9092 0.6104 0.0000
vt 0.9272 0.6052 0.0000
vt 0.8838 0.5903 0.0000
vt 0.9106 0.6140 0.0000
vt 0.8657 0.5903 0.0000
vt 0.8872 0.6165 0.0000
vt 0.8652 0.6013 0.0000
vt 0.8877 0.6201 0.0000
vt 0.8491 0.5876 0.0000
vt 0.8638 0.6167 0.0000
vt 0.8638 0.6208 0.0000
vt 0.8481 0.5984 0.0000
vt 0.8442 0.6174 0.0000
vt 0.8203 0.5884 0.0000
vt 0.8452 0.6130 0.0000
vt 0.8223 0.5798 0.0000
vt 0.8145 0.6033 0.0000
vt 0.8164 0.5999 0.0000
vt 0.7871 0.5669 0.0000
vt 0.7803 0.5764 0.0000
vt 0.7896 0.5623 0.0000
vt 0.7827 0.5735 0.0000
vt 0.7661 0.5435 0.0000
vt 0.7607 0.5544 0.0000
vt 0.7646 0.5464 0.0000
vt 0.7627 0.5505 0.0000
vt 0.7549 0.5366 0.0000
vt 0.7515 0.5449 0.0000
vt 0.7554 0.5342 0.0000
vt 0.7539 0.5403 0.0000
vt 0.7417 0.5249 0.0000
vt 0.7368 0.5317 0.0000
vt 0.7432 0.5239 0.0000
vt 0.7397 0.5276 0.0000
vt 0.2754 0.2646 0.0000
vt 0.2690 0.2813 0.0000
vt 0.2676 0.2656 0.0000
vt 0.2827 0.2832 0.0000
vt 0.2610 0.2832 0.0000
vt 0.2903 0.2632 0.0000
vt 0.2634 0.3013 0.0000
vt 0.2778 0.3013 0.0000
vt 0.2769 0.3047 0.0000
vt 0.2559 0.2495 0.0000
vt 0.1863 0.1514 0.0000
vt 0.1863 0.1182 0.0000
vt 0.0710 0.3364 0.0000
vt 0.0550 0.3398 0.0000
vt 0.0710 0.3413 0.0000
vt 0.0871 0.3398 0.0000
vt 0.0455 0.3447 0.0000
vt 0.0965 0.3447 0.0000
vt 0.0710 0.3657 0.0000
vt 0.0377 0.3657 0.0000
vt 0.1044 0.3657 0.0000
vt 0.0710 0.3989 0.0000
vt 0.0355 0.3989 0.0000
vt 0.1066 0.3989 0.0000
vt 0.0443 0.4224 0.0000
vt 0.0978 0.4224 0.0000
vt 0.0710 0.4233 0.0000
vt 0.0540 0.4321 0.0000
vt 0.0881 0.4321 0.0000
vt 0.0710 0.4385 0.0000
vt 0.7466 0.4424 0.0000
vt 0.7529 0.4531 0.0000
vt 0.7441 0.4458 0.0000
vt 0.7339 0.4316 0.0000
vt 0.7505 0.4565 0.0000
vt 0.7368 0.4287 0.0000
vt 0.7671 0.4761 0.0000
vt 0.7549 0.4497 0.0000
vt 0.7485 0.4395 0.0000
vt 0.7642 0.4785 0.0000
vt 0.7720 0.4712 0.0000
vt 0.7393 0.4268 0.0000
vt 0.7905 0.5068 0.0000
vt 0.7568 0.4473 0.0000
vt 0.7495 0.4375 0.0000
vt 0.7407 0.4258 0.0000
vt 0.7930 0.5042 0.0000
vt 0.7979 0.4946 0.0000
vt 0.7749 0.4673 0.0000
vt 0.8164 0.5205 0.0000
vt 0.8008 0.4873 0.0000
vt 0.8213 0.5076 0.0000
vt 0.8149 0.5244 0.0000
vt 0.8242 0.4980 0.0000
vt 0.8335 0.5269 0.0000
vt 0.8369 0.5125 0.0000
vt 0.8330 0.5308 0.0000
vt 0.8389 0.5020 0.0000
vt 0.8564 0.5303 0.0000
vt 0.8564 0.5149 0.0000
vt 0.8564 0.5339 0.0000
vt 0.8564 0.5037 0.0000
vt 0.8804 0.5313 0.0000
vt 0.8740 0.5015 0.0000
vt 0.8794 0.5273 0.0000
vt 0.8765 0.5125 0.0000
vt 0.8994 0.5256 0.0000
vt 0.8901 0.4971 0.0000
vt 0.8979 0.5215 0.0000
vt 0.8926 0.5071 0.0000
vt 0.9268 0.5076 0.0000
vt 0.9189 0.4937 0.0000
vt 0.9243 0.5044 0.0000
vt 0.9160 0.4854 0.0000
vt 0.9575 0.4766 0.0000
vt 0.9492 0.4683 0.0000
vt 0.9541 0.4741 0.0000
vt 0.9458 0.4639 0.0000
vt 0.9736 0.4521 0.0000
vt 0.9673 0.4424 0.0000
vt 0.9712 0.4487 0.0000
vt 0.9688 0.4448 0.0000
vt 0.9814 0.4414 0.0000
vt 0.9771 0.4336 0.0000
vt 0.9785 0.4375 0.0000
vt 0.9761 0.4316 0.0000
vt 0.9941 0.4268 0.0000
vt 0.9888 0.4204 0.0000
vt 0.9912 0.4229 0.0000
vt 0.9873 0.4194 0.0000
vt 0.4346 0.1602 0.0000
vt 0.4175 0.1782 0.0000
vt 0.4231 0.1587 0.0000
vt 0.4287 0.1450 0.0000
vt 0.4031 0.1724 0.0000
vt 0.4502 0.1460 0.0000
vt 0.4150 0.1470 0.0000
vt 0.4373 0.1875 0.0000
vt 0.4446 0.1177 0.0000
vt 0.3943 0.1538 0.0000
vt 0.4541 0.1670 0.0000
vt 0.4204 0.1187 0.0000
vt 0.4043 0.1216 0.0000
vt 0.4490 0.1914 0.0000
vt 0.4697 0.1177 0.0000
vt 0.3848 0.1270 0.0000
vt 0.4709 0.1821 0.0000
vt 0.4712 0.0898 0.0000
vt 0.3950 0.0952 0.0000
vt 0.4502 0.1948 0.0000
vt 0.4387 0.0908 0.0000
vt 0.3782 0.1001 0.0000
vt 0.4739 0.1890 0.0000
vt 0.4668 0.0723 0.0000
vt 0.4131 0.0923 0.0000
vt 0.4734 0.1948 0.0000
vt 0.4360 0.0713 0.0000
vt 0.4094 0.0718 0.0000
vt 0.4502 0.1978 0.0000
vt 0.4358 0.0649 0.0000
vt 0.3921 0.0732 0.0000
vt 0.4583 0.2144 0.0000
vt 0.4678 0.0659 0.0000
vt 0.4087 0.0654 0.0000
vt 0.4421 0.2061 0.0000
vt 0.4954 0.0752 0.0000
vt 0.3921 0.0674 0.0000
vt 0.4414 0.2241 0.0000
vt 0.4084 0.0596 0.0000
vt 0.4204 0.2158 0.0000
vt 0.4954 0.0679 0.0000
vt 0.3745 0.0747 0.0000
vt 0.4370 0.0596 0.0000
vt 0.5166 0.0767 0.0000
vt 0.3745 0.0684 0.0000
vt 0.4692 0.0596 0.0000
vt 0.4978 0.0903 0.0000
vt 0.5176 0.0703 0.0000
vt 0.4958 0.0596 0.0000
vt 0.5381 0.0767 0.0000
vt 0.4929 0.1167 0.0000
vt 0.5161 0.0596 0.0000
vt 0.5186 0.0908 0.0000
vt 0.4714 0.1484 0.0000
vt 0.5381 0.0703 0.0000
vt 0.5146 0.1162 0.0000
vt 0.5381 0.0596 0.0000
vt 0.5132 0.1528 0.0000
vt 0.5381 0.1162 0.0000
vt 0.5591 0.0703 0.0000
vt 0.4915 0.1514 0.0000
vt 0.5381 0.1523 0.0000
vt 0.5605 0.0596 0.0000
vt 0.5601 0.0767 0.0000
vt 0.4910 0.1851 0.0000
vt 0.5107 0.1865 0.0000
vt 0.5815 0.0752 0.0000
vt 0.5381 0.1855 0.0000
vt 0.5815 0.0679 0.0000
vt 0.5635 0.1528 0.0000
vt 0.4917 0.1904 0.0000
vt 0.5620 0.1162 0.0000
vt 0.5112 0.1924 0.0000
vt 0.5840 0.1167 0.0000
vt 0.4932 0.1958 0.0000
vt 0.5581 0.0908 0.0000
vt 0.5854 0.1514 0.0000
vt 0.4832 0.2183 0.0000
vt 0.5381 0.0908 0.0000
vt 0.5859 0.1851 0.0000
vt 0.6060 0.1821 0.0000
vt 0.5654 0.1865 0.0000
vt 0.4609 0.2236 0.0000
vt 0.6030 0.1890 0.0000
vt 0.4656 0.2407 0.0000
vt 0.6265 0.1948 0.0000
vt 0.4475 0.2441 0.0000
vt 0.5791 0.0903 0.0000
vt 0.6279 0.1914 0.0000
vt 0.4558 0.2632 0.0000
vt 0.6226 0.1670 0.0000
vt 0.4719 0.2627 0.0000
vt 0.6055 0.0898 0.0000
vt 0.6392 0.1875 0.0000
vt 0.4905 0.2388 0.0000
vt 0.6099 0.0723 0.0000
vt 0.6421 0.1602 0.0000
vt 0.4971 0.2627 0.0000
vt 0.6265 0.1460 0.0000
vt 0.5044 0.2402 0.0000
vt 0.6089 0.0659 0.0000
vt 0.6479 0.1450 0.0000
vt 0.5103 0.2632 0.0000
vt 0.6411 0.0649 0.0000
vt 0.6538 0.1587 0.0000
vt 0.5176 0.2417 0.0000
vt 0.6406 0.0713 0.0000
vt 0.6616 0.1470 0.0000
vt 0.5205 0.2642 0.0000
vt 0.6382 0.0908 0.0000
vt 0.6563 0.1187 0.0000
vt 0.5381 0.2402 0.0000
vt 0.6680 0.0654 0.0000
vt 0.6724 0.1216 0.0000
vt 0.5381 0.2632 0.0000
vt 0.6685 0.0596 0.0000
vt 0.6636 0.0923 0.0000
vt 0.5381 0.2163 0.0000
vt 0.6846 0.0674 0.0000
vt 0.5591 0.2417 0.0000
vt 0.6846 0.0732 0.0000
vt 0.6318 0.1177 0.0000
vt 0.5557 0.2642 0.0000
vt 0.6670 0.0718 0.0000
vt 0.6816 0.0952 0.0000
vt 0.5522 0.2822 0.0000
vt 0.6987 0.1001 0.0000
vt 0.5625 0.2827 0.0000
vt 0.5586 0.2983 0.0000
vt 0.5664 0.2632 0.0000
vt 0.6069 0.1177 0.0000
vt 0.6919 0.1270 0.0000
vt 0.6826 0.1538 0.0000
vt 0.5718 0.2402 0.0000
vt 0.5620 0.2173 0.0000
vt 0.5796 0.2627 0.0000
vt 0.6738 0.1724 0.0000
vt 0.5771 0.2163 0.0000
vt 0.5864 0.2388 0.0000
vt 0.6592 0.1782 0.0000
vt 0.5933 0.2183 0.0000
vt 0.6050 0.2627 0.0000
vt 0.5645 0.1982 0.0000
vt 0.6108 0.2407 0.0000
vt 0.5835 0.1958 0.0000
vt 0.6211 0.2632 0.0000
vt 0.5654 0.1924 0.0000
vt 0.6157 0.2236 0.0000
vt 0.6128 0.2837 0.0000
vt 0.6294 0.2441 0.0000
vt 0.6001 0.2847 0.0000
vt 0.6343 0.2295 0.0000
vt 0.5381 0.1978 0.0000
vt 0.6426 0.2314 0.0000
vt 0.5381 0.1919 0.0000
vt 0.5146 0.2173 0.0000
vt 0.5747 0.2832 0.0000
vt 0.6440 0.2261 0.0000
vt 0.6353 0.2241 0.0000
vt 0.6372 0.2456 0.0000
vt 0.5962 0.2983 0.0000
vt 0.6563 0.2158 0.0000
vt 0.6519 0.2485 0.0000
vt 0.6074 0.2983 0.0000
vt 0.6348 0.2061 0.0000
vt 0.6611 0.2319 0.0000
vt 0.6055 0.3027 0.0000
vt 0.6187 0.2144 0.0000
vt 0.6660 0.2217 0.0000
vt 0.5942 0.3027 0.0000
vt 0.6265 0.1978 0.0000
vt 0.6138 0.3027 0.0000
vt 0.5713 0.2983 0.0000
vt 0.6035 0.1948 0.0000
vt 0.5703 0.3027 0.0000
vt 0.5850 0.1904 0.0000
vt 0.5586 0.3027 0.0000
vt 0.5498 0.3027 0.0000
vt 0.5498 0.2983 0.0000
vt 0.5381 0.2983 0.0000
vt 0.5381 0.3027 0.0000
vt 0.5381 0.2822 0.0000
vt 0.5122 0.1982 0.0000
vt 0.5269 0.2983 0.0000
vt 0.5244 0.2822 0.0000
vt 0.5269 0.3027 0.0000
vt 0.4995 0.2163 0.0000
vt 0.5181 0.2983 0.0000
vt 0.5142 0.2827 0.0000
vt 0.5181 0.3027 0.0000
vt 0.5063 0.3027 0.0000
vt 0.5020 0.2832 0.0000
vt 0.5054 0.2983 0.0000
vt 0.4827 0.3027 0.0000
vt 0.4768 0.2847 0.0000
vt 0.4805 0.2983 0.0000
vt 0.4712 0.3027 0.0000
vt 0.4695 0.2983 0.0000
vt 0.4639 0.2837 0.0000
vt 0.4629 0.3027 0.0000
vt 0.4624 0.2983 0.0000
vt 0.4556 0.2832 0.0000
vt 0.4473 0.3027 0.0000
vt 0.4478 0.2637 0.0000
vt 0.4456 0.2983 0.0000
vt 0.4397 0.2827 0.0000
vt 0.4395 0.2456 0.0000
vt 0.4329 0.2671 0.0000
vt 0.4426 0.2295 0.0000
vt 0.4246 0.2485 0.0000
vt 0.4341 0.2314 0.0000
vt 0.4158 0.2319 0.0000
vt 0.4329 0.2261 0.0000
vt 0.4109 0.2217 0.0000
vt 0.3926 0.1846 0.0000
vt 0.3679 0.1836 0.0000
vt 0.3862 0.1753 0.0000
vt 0.3679 0.1968 0.0000
vt 0.3679 0.1694 0.0000
vt 0.3962 0.1958 0.0000
vt 0.3496 0.1753 0.0000
vt 0.3679 0.2202 0.0000
vt 0.3433 0.1846 0.0000
vt 0.3965 0.2178 0.0000
vt 0.3396 0.1958 0.0000
vt 0.3926 0.2358 0.0000
vt 0.3394 0.2178 0.0000
vt 0.3679 0.2363 0.0000
vt 0.3433 0.2358 0.0000
vt 0.3826 0.2451 0.0000
vt 0.3533 0.2451 0.0000
vt 0.3679 0.2500 0.0000
vt 0.3755 0.0596 0.0000
vt 0.3936 0.0596 0.0000
vt 0.9858 0.4570 0.0000
vt 0.9873 0.4575 0.0000
vt 0.9785 0.4697 0.0000
vt 0.9800 0.4717 0.0000
vt 0.9727 0.4805 0.0000
vt 0.9897 0.4590 0.0000
vt 0.9751 0.4824 0.0000
vt 0.9819 0.4741 0.0000
vt 0.9575 0.5037 0.0000
vt 0.9937 0.4619 0.0000
vt 0.9609 0.5071 0.0000
vt 0.9854 0.4775 0.0000
vt 0.9341 0.5271 0.0000
vt 0.9775 0.4854 0.0000
vt 0.9380 0.5342 0.0000
vt 0.9800 0.4888 0.0000
vt 0.9126 0.5405 0.0000
vt 0.9658 0.5115 0.0000
vt 0.9165 0.5500 0.0000
vt 0.9692 0.5134 0.0000
vt 0.9019 0.5571 0.0000
vt 0.9229 0.5620 0.0000
vt 0.9443 0.5427 0.0000
vt 0.8984 0.5464 0.0000
vt 0.9067 0.5706 0.0000
vt 0.9468 0.5452 0.0000
vt 0.8828 0.5620 0.0000
vt 0.9248 0.5657 0.0000
vt 0.8848 0.5769 0.0000
vt 0.8813 0.5505 0.0000
vt 0.9082 0.5742 0.0000
vt 0.8633 0.5505 0.0000
vt 0.8853 0.5806 0.0000
vt 0.8623 0.5620 0.0000
vt 0.8608 0.5811 0.0000
vt 0.8467 0.5481 0.0000
vt 0.8613 0.5771 0.0000
vt 0.8452 0.5591 0.0000
vt 0.8413 0.5779 0.0000
vt 0.8179 0.5491 0.0000
vt 0.8423 0.5735 0.0000
vt 0.8193 0.5400 0.0000
vt 0.8115 0.5637 0.0000
vt 0.7842 0.5273 0.0000
vt 0.8135 0.5603 0.0000
vt 0.7866 0.5227 0.0000
vt 0.7773 0.5369 0.0000
vt 0.7798 0.5339 0.0000
vt 0.7622 0.5024 0.0000
vt 0.7573 0.5134 0.0000
vt 0.7607 0.5054 0.0000
vt 0.7588 0.5093 0.0000
vt 0.7515 0.4956 0.0000
vt 0.7480 0.5039 0.0000
vt 0.7520 0.4932 0.0000
vt 0.7500 0.4995 0.0000
vt 0.7383 0.4844 0.0000
vt 0.7334 0.4912 0.0000
vt 0.7393 0.4829 0.0000
vt 0.7358 0.4868 0.0000
vt 0.6050 0.1484 0.0000
vt 0.6143 0.2983 0.0000
vt 0.6313 0.2983 0.0000
vt 0.6294 0.3027 0.0000
vt 0.6211 0.2832 0.0000
vt 0.6372 0.2827 0.0000
vt 0.6289 0.2637 0.0000
vt 0.6440 0.2671 0.0000
vt 0.7021 0.0747 0.0000
vt 0.7021 0.0684 0.0000
vt 0.6831 0.0596 0.0000
vt 0.7012 0.0596 0.0000
vt 0.6396 0.0596 0.0000
vt 0.6074 0.0596 0.0000
vt 0.5811 0.0596 0.0000
vt 0.7393 0.3853 0.0000
vt 0.7480 0.3965 0.0000
vt 0.7378 0.3857 0.0000
vt 0.7471 0.3984 0.0000
vt 0.7354 0.3877 0.0000
vt 0.7554 0.4063 0.0000
vt 0.7451 0.4014 0.0000
vt 0.7534 0.4087 0.0000
vt 0.7324 0.3906 0.0000
vt 0.7739 0.4277 0.0000
vt 0.7427 0.4053 0.0000
vt 0.7705 0.4316 0.0000
vt 0.7515 0.4121 0.0000
vt 0.7998 0.4478 0.0000
vt 0.7490 0.4155 0.0000
vt 0.7969 0.4556 0.0000
vt 0.7661 0.4365 0.0000
vt 0.8228 0.4585 0.0000
vt 0.7632 0.4390 0.0000
vt 0.8203 0.4683 0.0000
vt 0.7920 0.4648 0.0000
vt 0.8359 0.4731 0.0000
vt 0.7896 0.4673 0.0000
vt 0.8154 0.4810 0.0000
vt 0.8379 0.4624 0.0000
vt 0.8325 0.4873 0.0000
vt 0.8140 0.4849 0.0000
vt 0.8555 0.4756 0.0000
vt 0.8320 0.4912 0.0000
vt 0.8555 0.4644 0.0000
vt 0.8555 0.4907 0.0000
vt 0.8730 0.4619 0.0000
vt 0.8555 0.4946 0.0000
vt 0.8755 0.4731 0.0000
vt 0.8794 0.4917 0.0000
vt 0.8892 0.4570 0.0000
vt 0.8784 0.4878 0.0000
vt 0.8921 0.4678 0.0000
vt 0.8984 0.4858 0.0000
vt 0.9180 0.4541 0.0000
vt 0.8970 0.4819 0.0000
vt 0.9150 0.4458 0.0000
vt 0.9258 0.4678 0.0000
vt 0.9487 0.4282 0.0000
vt 0.9233 0.4648 0.0000
vt 0.9453 0.4238 0.0000
vt 0.9565 0.4370 0.0000
vt 0.9536 0.4341 0.0000
vt 0.9668 0.4009 0.0000
vt 0.9731 0.4111 0.0000
vt 0.9688 0.4033 0.0000
vt 0.9712 0.4072 0.0000
vt 0.9771 0.3926 0.0000
vt 0.9810 0.4004 0.0000
vt 0.9761 0.3906 0.0000
vt 0.9785 0.3965 0.0000
vt 0.9883 0.3794 0.0000
vt 0.9941 0.3857 0.0000
vt 0.9868 0.3784 0.0000
vt 0.9907 0.3818 0.0000
vt 0.0374 0.4438 0.0000
vt 0.0317 0.4561 0.0000
vt 0.0271 0.4385 0.0000
vt 0.0406 0.4595 0.0000
vt 0.0224 0.4443 0.0000
vt 0.0538 0.4482 0.0000
vt 0.0138 0.4331 0.0000
vt 0.0546 0.4624 0.0000
vt 0.0177 0.4277 0.0000
vt 0.0790 0.4580 0.0000
vt 0.0076 0.4204 0.0000
vt 0.0128 0.4189 0.0000
vt 0.0764 0.4463 0.0000
vt 0.1021 0.4409 0.0000
vt 0.1053 0.4497 0.0000
vt 0.1190 0.4346 0.0000
vt 0.1237 0.4409 0.0000
vt 0.1345 0.4297 0.0000
vt 0.1288 0.4263 0.0000
vt 0.1346 0.4141 0.0000
vt 0.1444 0.4136 0.0000
vt 0.1305 0.4111 0.0000
vt 0.1346 0.3979 0.0000
vt 0.1433 0.4292 0.0000
vt 0.1300 0.3960 0.0000
vt 0.1544 0.4287 0.0000
vt 0.1344 0.3833 0.0000
vt 0.1445 0.3975 0.0000
vt 0.1554 0.4126 0.0000
vt 0.1292 0.3833 0.0000
vt 0.1656 0.4272 0.0000
vt 0.1444 0.3833 0.0000
vt 0.1300 0.3706 0.0000
vt 0.1570 0.3965 0.0000
vt 0.1677 0.4116 0.0000
vt 0.1346 0.3691 0.0000
vt 0.1571 0.3833 0.0000
vt 0.1772 0.4263 0.0000
vt 0.1445 0.3696 0.0000
vt 0.1691 0.3960 0.0000
vt 0.1804 0.4102 0.0000
vt 0.1700 0.3833 0.0000
vt 0.1305 0.3560 0.0000
vt 0.1897 0.4238 0.0000
vt 0.1570 0.3701 0.0000
vt 0.1826 0.3950 0.0000
vt 0.1921 0.4082 0.0000
vt 0.1444 0.3530 0.0000
vt 0.1832 0.3833 0.0000
vt 0.1554 0.3540 0.0000
vt 0.1938 0.3945 0.0000
vt 0.1826 0.3716 0.0000
vt 0.1346 0.3525 0.0000
vt 0.1936 0.3833 0.0000
vt 0.1544 0.3379 0.0000
vt 0.1938 0.3721 0.0000
vt 0.1345 0.3374 0.0000
vt 0.1921 0.3584 0.0000
vt 0.1288 0.3403 0.0000
vt 0.1433 0.3374 0.0000
vt 0.1804 0.3569 0.0000
vt 0.1656 0.3394 0.0000
vt 0.1691 0.3711 0.0000
vt 0.1677 0.3550 0.0000
vt 0.1897 0.3428 0.0000
vt 0.1190 0.3325 0.0000
vt 0.1772 0.3408 0.0000
vt 0.1237 0.3262 0.0000
vt 0.1053 0.3174 0.0000
vt 0.1021 0.3262 0.0000
vt 0.0790 0.3091 0.0000
vt 0.0764 0.3208 0.0000
vt 0.0538 0.3188 0.0000
vt 0.0546 0.3042 0.0000
vt 0.0406 0.3076 0.0000
vt 0.0374 0.3232 0.0000
vt 0.0317 0.3110 0.0000
vt 0.0271 0.3281 0.0000
vt 0.0224 0.3223 0.0000
vt 0.0138 0.3340 0.0000
vt 0.0177 0.3394 0.0000
vt 0.0076 0.3462 0.0000
vt 0.0128 0.3481 0.0000
vt 0.5889 0.4170 0.0000
vt 0.5854 0.4282 0.0000
vt 0.5698 0.4131 0.0000
vt 0.6060 0.4287 0.0000
vt 0.5664 0.4224 0.0000
vt 0.6084 0.4116 0.0000
vt 0.5498 0.4106 0.0000
vt 0.6338 0.4141 0.0000
vt 0.6055 0.4087 0.0000
vt 0.5566 0.4014 0.0000
vt 0.6211 0.4009 0.0000
vt 0.6313 0.4287 0.0000
vt 0.6182 0.3999 0.0000
vt 0.5747 0.4077 0.0000
vt 0.5635 0.3984 0.0000
vt 0.6138 0.3960 0.0000
vt 0.5894 0.4111 0.0000
vt 0.5601 0.3828 0.0000
vt 0.6035 0.4023 0.0000
vt 0.5547 0.3813 0.0000
vt 0.6104 0.3906 0.0000
vt 0.5693 0.3940 0.0000
vt 0.5654 0.3813 0.0000
vt 0.6006 0.3960 0.0000
vt 0.5898 0.4038 0.0000
vt 0.6045 0.3848 0.0000
vt 0.5781 0.4014 0.0000
vt 0.5942 0.3867 0.0000
vt 0.6147 0.3843 0.0000
vt 0.5732 0.3799 0.0000
vt 0.6206 0.3862 0.0000
vt 0.5913 0.3970 0.0000
vt 0.5757 0.3882 0.0000
vt 0.5967 0.3779 0.0000
vt 0.5815 0.3936 0.0000
vt 0.6240 0.3882 0.0000
vt 0.5830 0.3843 0.0000
vt 0.6260 0.3765 0.0000
vt 0.6084 0.3750 0.0000
vt 0.6235 0.3760 0.0000
vt 0.6187 0.3755 0.0000
vt 0.6270 0.3765 0.0000
vt 0.6255 0.3887 0.0000
vt 0.6099 0.3677 0.0000
vt 0.6255 0.3657 0.0000
vt 0.5981 0.3696 0.0000
vt 0.6196 0.3662 0.0000
vt 0.6362 0.3755 0.0000
vt 0.6357 0.4023 0.0000
vt 0.5879 0.3691 0.0000
vt 0.6182 0.3496 0.0000
vt 0.6362 0.3887 0.0000
vt 0.5977 0.3511 0.0000
vt 0.6470 0.3887 0.0000
vt 0.6265 0.3501 0.0000
vt 0.5889 0.3545 0.0000
vt 0.6455 0.3765 0.0000
vt 0.6250 0.3311 0.0000
vt 0.5903 0.3384 0.0000
vt 0.6489 0.3882 0.0000
vt 0.6362 0.3301 0.0000
vt 0.6016 0.3340 0.0000
vt 0.6470 0.3765 0.0000
vt 0.6362 0.3516 0.0000
vt 0.5825 0.3462 0.0000
vt 0.6523 0.3862 0.0000
vt 0.6362 0.3657 0.0000
vt 0.5737 0.3354 0.0000
vt 0.6494 0.3760 0.0000
vt 0.5820 0.3252 0.0000
vt 0.6543 0.3755 0.0000
vt 0.5928 0.3164 0.0000
vt 0.6577 0.3843 0.0000
vt 0.6646 0.3750 0.0000
vt 0.6089 0.3125 0.0000
vt 0.6631 0.3677 0.0000
vt 0.6680 0.3848 0.0000
vt 0.6470 0.3657 0.0000
vt 0.6133 0.3315 0.0000
vt 0.6626 0.3906 0.0000
vt 0.6069 0.3496 0.0000
vt 0.6763 0.3779 0.0000
vt 0.6748 0.3696 0.0000
vt 0.6724 0.3960 0.0000
vt 0.6787 0.3867 0.0000
vt 0.6851 0.3691 0.0000
vt 0.6748 0.3511 0.0000
vt 0.6694 0.4023 0.0000
vt 0.6655 0.3496 0.0000
vt 0.6831 0.4038 0.0000
vt 0.6709 0.3340 0.0000
vt 0.6816 0.3970 0.0000
vt 0.6592 0.3960 0.0000
vt 0.6597 0.3315 0.0000
vt 0.6943 0.4014 0.0000
vt 0.6675 0.4087 0.0000
vt 0.6641 0.3125 0.0000
vt 0.6914 0.3936 0.0000
vt 0.6836 0.4111 0.0000
vt 0.6797 0.3164 0.0000
vt 0.6982 0.4077 0.0000
vt 0.6548 0.3999 0.0000
vt 0.6821 0.3384 0.0000
vt 0.6646 0.4116 0.0000
vt 0.6841 0.4170 0.0000
vt 0.6909 0.3252 0.0000
vt 0.6519 0.4009 0.0000
vt 0.6992 0.3354 0.0000
vt 0.7036 0.3940 0.0000
vt 0.6670 0.4287 0.0000
vt 0.6904 0.3462 0.0000
vt 0.7095 0.3984 0.0000
vt 0.6392 0.4141 0.0000
vt 0.6841 0.3545 0.0000
vt 0.7031 0.4131 0.0000
vt 0.6372 0.4023 0.0000
vt 0.7075 0.3813 0.0000
vt 0.6997 0.3799 0.0000
vt 0.7129 0.3828 0.0000
vt 0.6973 0.3882 0.0000
vt 0.7095 0.3701 0.0000
vt 0.7158 0.4014 0.0000
vt 0.6899 0.3843 0.0000
vt 0.7183 0.3813 0.0000
vt 0.7061 0.3701 0.0000
vt 0.6880 0.3755 0.0000
vt 0.7231 0.4106 0.0000
vt 0.7124 0.3643 0.0000
vt 0.6987 0.3706 0.0000
vt 0.7065 0.4224 0.0000
vt 0.7026 0.3652 0.0000
vt 0.6875 0.4282 0.0000
vt 0.6953 0.3667 0.0000
vt 0.6914 0.3613 0.0000
vt 0.6978 0.3574 0.0000
vt 0.6416 0.4287 0.0000
vt 0.7051 0.3452 0.0000
vt 0.6362 0.3125 0.0000
vt 0.6475 0.3311 0.0000
vt 0.6230 0.3115 0.0000
vt 0.6465 0.3501 0.0000
vt 0.6499 0.3115 0.0000
vt 0.6543 0.3496 0.0000
vt 0.6533 0.3662 0.0000
vt 0.5669 0.3701 0.0000
vt 0.5630 0.3701 0.0000
vt 0.5742 0.3706 0.0000
vt 0.5845 0.3755 0.0000
vt 0.5703 0.3652 0.0000
vt 0.5605 0.3643 0.0000
vt 0.5771 0.3667 0.0000
vt 0.5752 0.3574 0.0000
vt 0.5679 0.3452 0.0000
vt 0.5815 0.3613 0.0000
vt 0.0956 0.7903 0.0000
vt 0.0898 0.8016 0.0000
vt 0.0817 0.7858 0.0000
vt 0.0920 0.7742 0.0000
vt 0.0734 0.7972 0.0000
vt 0.0856 0.7694 0.0000
vt 0.1019 0.7794 0.0000
vt 0.0867 0.8124 0.0000
vt 0.0739 0.7816 0.0000
vt 0.1169 0.7950 0.0000
vt 0.0670 0.8082 0.0000
vt 0.0649 0.7930 0.0000
vt 0.0752 0.7604 0.0000
vt 0.1185 0.7864 0.0000
vt 0.0626 0.7745 0.0000
vt 0.1427 0.7920 0.0000
vt 0.0574 0.8051 0.0000
vt 0.0651 0.7507 0.0000
vt 0.1417 0.7828 0.0000
vt 0.0828 0.8248 0.0000
vt 0.0850 0.7516 0.0000
vt 0.1550 0.7815 0.0000
vt 0.1116 0.8293 0.0000
vt 0.0759 0.7415 0.0000
vt 0.1608 0.7914 0.0000
vt 0.1136 0.8164 0.0000
vt 0.0793 0.7385 0.0000
vt 0.1438 0.8037 0.0000
vt 0.1085 0.8492 0.0000
vt 0.0894 0.7488 0.0000
vt 0.0786 0.8444 0.0000
vt 0.0950 0.7612 0.0000
vt 0.1449 0.8511 0.0000
vt 0.1158 0.8046 0.0000
vt 0.1462 0.8304 0.0000
vt 0.1746 0.8481 0.0000
vt 0.1451 0.8162 0.0000
vt 0.1004 0.7656 0.0000
vt 0.1659 0.8763 0.0000
vt 0.1786 0.8798 0.0000
vt 0.1650 0.8002 0.0000
vt 0.1920 0.8458 0.0000
vt 0.1399 0.8748 0.0000
vt 0.1740 0.8259 0.0000
vt 0.1720 0.7889 0.0000
vt 0.1702 0.8115 0.0000
vt 0.1047 0.8726 0.0000
vt 0.1792 0.7963 0.0000
vt 0.0762 0.8688 0.0000
vt 0.1910 0.8214 0.0000
vt 0.1329 0.8955 0.0000
vt 0.1521 0.9004 0.0000
vt 0.1028 0.8918 0.0000
vt 0.0530 0.8646 0.0000
vt 0.2052 0.8440 0.0000
vt 0.0754 0.8889 0.0000
vt 0.0564 0.8389 0.0000
vt 0.2009 0.8192 0.0000
vt 0.0760 0.9089 0.0000
vt 0.0622 0.8195 0.0000
vt 0.1957 0.8033 0.0000
vt 0.0544 0.9081 0.0000
vt 0.0519 0.8159 0.0000
vt 0.1864 0.8065 0.0000
vt 0.0581 0.9274 0.0000
vt 0.1866 0.7903 0.0000
vt 0.0782 0.9261 0.0000
vt 0.1011 0.9102 0.0000
vt 0.1017 0.9260 0.0000
vt 0.0451 0.7992 0.0000
vt 0.1782 0.7821 0.0000
vt 0.1245 0.9265 0.0000
vt 0.0391 0.8109 0.0000
vt 0.1936 0.7828 0.0000
vt 0.1276 0.9124 0.0000
vt 0.0453 0.8353 0.0000
vt 0.1833 0.7756 0.0000
vt 0.1392 0.9261 0.0000
vt 0.1685 0.7753 0.0000
vt 0.1437 0.9156 0.0000
vt 0.2061 0.7990 0.0000
vt 0.1647 0.7833 0.0000
vt 0.1458 0.9296 0.0000
vt 0.1523 0.9198 0.0000
vt 0.1611 0.9302 0.0000
vt 0.1522 0.9383 0.0000
vt 0.1749 0.9158 0.0000
vt 0.1681 0.9441 0.0000
vt 0.1870 0.9319 0.0000
vt 0.1630 0.9054 0.0000
vt 0.1522 0.9522 0.0000
vt 0.1971 0.9446 0.0000
vt 0.1984 0.9216 0.0000
vt 0.1727 0.9566 0.0000
vt 0.2089 0.9347 0.0000
vt 0.1503 0.9648 0.0000
vt 0.1879 0.9024 0.0000
vt 0.2153 0.9265 0.0000
vt 0.2091 0.9124 0.0000
vt 0.2020 0.8902 0.0000
vt 0.2205 0.9223 0.0000
vt 0.2180 0.9070 0.0000
vt 0.2129 0.8826 0.0000
vt 0.2245 0.9211 0.0000
vt 0.2239 0.9052 0.0000
vt 0.2188 0.8423 0.0000
vt 0.2219 0.8793 0.0000
vt 0.2129 0.8163 0.0000
vt 0.0410 0.8617 0.0000
vt 0.0398 0.8834 0.0000
vt 0.0530 0.8853 0.0000
vt 0.0253 0.8577 0.0000
vt 0.0399 0.9077 0.0000
vt 0.0224 0.8806 0.0000
vt 0.0319 0.8306 0.0000
vt 0.0217 0.9061 0.0000
vt 0.0275 0.8054 0.0000
vt 0.0222 0.9283 0.0000
vt 0.0076 0.9039 0.0000
vt 0.0190 0.8254 0.0000
vt 0.0425 0.9278 0.0000
vt 0.0101 0.8772 0.0000
vt 0.0344 0.7917 0.0000
vt 0.0129 0.8544 0.0000
vt 0.0064 0.9280 0.0000
vt 0.0424 0.7794 0.0000
vt 0.0532 0.7861 0.0000
vt 0.0527 0.7666 0.0000
vt 0.1220 0.7777 0.0000
vt 0.1085 0.7716 0.0000
vt 0.1409 0.7751 0.0000
vt 0.1552 0.7731 0.0000
vt 0.1254 0.7739 0.0000
vt 0.1137 0.7681 0.0000
vt 0.1395 0.7681 0.0000
vt 0.1049 0.7628 0.0000
vt 0.1724 0.7677 0.0000
vt 0.1573 0.7646 0.0000
vt 0.0994 0.7583 0.0000
vt 0.9653 0.8076 0.0000
vt 0.9717 0.8083 0.0000
vt 0.9653 0.8145 0.0000
vt 0.9717 0.8063 0.0000
vt 0.9722 0.8145 0.0000
vt 0.9653 0.8054 0.0000
vt 0.9653 0.8215 0.0000
vt 0.9766 0.8093 0.0000
vt 0.9590 0.8063 0.0000
vt 0.9585 0.8083 0.0000
vt 0.9727 0.8215 0.0000
vt 0.9805 0.8145 0.0000
vt 0.9580 0.8145 0.0000
vt 0.9541 0.8093 0.0000
vt 0.9775 0.8076 0.0000
vt 0.9653 0.8273 0.0000
vt 0.9824 0.8145 0.0000
vt 0.9526 0.8076 0.0000
vt 0.9727 0.8273 0.0000
vt 0.9814 0.8215 0.0000
vt 0.9497 0.8145 0.0000
vt 0.9834 0.8215 0.0000
vt 0.9653 0.8333 0.0000
vt 0.9580 0.8215 0.0000
vt 0.9819 0.8273 0.0000
vt 0.9487 0.8215 0.0000
vt 0.9731 0.8334 0.0000
vt 0.9834 0.8273 0.0000
vt 0.9575 0.8273 0.0000
vt 0.9819 0.8337 0.0000
vt 0.9653 0.8391 0.0000
vt 0.9839 0.8337 0.0000
vt 0.9487 0.8273 0.0000
vt 0.9731 0.8392 0.0000
vt 0.9575 0.8334 0.0000
vt 0.9473 0.8215 0.0000
vt 0.9824 0.8396 0.0000
vt 0.9653 0.8452 0.0000
vt 0.9570 0.8392 0.0000
vt 0.9482 0.8337 0.0000
vt 0.9844 0.8397 0.0000
vt 0.9468 0.8273 0.0000
vt 0.9824 0.8458 0.0000
vt 0.9570 0.8455 0.0000
vt 0.9731 0.8455 0.0000
vt 0.9478 0.8396 0.0000
vt 0.9463 0.8337 0.0000
vt 0.9653 0.8521 0.0000
vt 0.9731 0.8521 0.0000
vt 0.9570 0.8521 0.0000
vt 0.9478 0.8458 0.0000
vt 0.9463 0.8397 0.0000
vt 0.9829 0.8521 0.0000
vt 0.9653 0.8591 0.0000
vt 0.9731 0.8593 0.0000
vt 0.9473 0.8521 0.0000
vt 0.9453 0.8459 0.0000
vt 0.9839 0.8590 0.0000
vt 0.9570 0.8593 0.0000
vt 0.9727 0.8650 0.0000
vt 0.9839 0.8646 0.0000
vt 0.9448 0.8525 0.0000
vt 0.9858 0.8525 0.0000
vt 0.9463 0.8590 0.0000
vt 0.9819 0.8677 0.0000
vt 0.9849 0.8459 0.0000
vt 0.9468 0.8646 0.0000
vt 0.9868 0.8644 0.0000
vt 0.9438 0.8589 0.0000
vt 0.9868 0.8589 0.0000
vt 0.9434 0.8644 0.0000
vt 0.9849 0.8684 0.0000
vt 0.9575 0.8650 0.0000
vt 0.9458 0.8684 0.0000
vt 0.9482 0.8677 0.0000
vt 0.9819 0.8713 0.0000
vt 0.9653 0.8651 0.0000
vt 0.9487 0.8713 0.0000
vt 0.9805 0.8699 0.0000
vt 0.9580 0.8682 0.0000
vt 0.9502 0.8699 0.0000
vt 0.9727 0.8682 0.0000
vt 0.9722 0.8704 0.0000
vt 0.9653 0.8683 0.0000
vt 0.9585 0.8704 0.0000
vt 0.9790 0.8733 0.0000
vt 0.9653 0.8706 0.0000
vt 0.9780 0.8716 0.0000
vt 0.9526 0.8716 0.0000
vt 0.9717 0.8745 0.0000
vt 0.9717 0.8727 0.0000
vt 0.9512 0.8733 0.0000
vt 0.9585 0.8727 0.0000
vt 0.9653 0.8733 0.0000
vt 0.9585 0.8745 0.0000
vt 0.9653 0.8751 0.0000
vt 0.0956 0.6108 0.0000
vt 0.0817 0.6152 0.0000
vt 0.0898 0.5994 0.0000
vt 0.0920 0.6270 0.0000
vt 0.0734 0.6038 0.0000
vt 0.1019 0.6216 0.0000
vt 0.0867 0.5886 0.0000
vt 0.0739 0.6194 0.0000
vt 0.1169 0.6060 0.0000
vt 0.0856 0.6316 0.0000
vt 0.1136 0.5845 0.0000
vt 0.1185 0.6145 0.0000
vt 0.0670 0.5928 0.0000
vt 0.1158 0.5964 0.0000
vt 0.1427 0.6089 0.0000
vt 0.1116 0.5715 0.0000
vt 0.1417 0.6182 0.0000
vt 0.0828 0.5762 0.0000
vt 0.1451 0.5847 0.0000
vt 0.1220 0.6233 0.0000
vt 0.1085 0.5518 0.0000
vt 0.1462 0.5706 0.0000
vt 0.1550 0.6194 0.0000
vt 0.0786 0.5566 0.0000
vt 0.1409 0.6260 0.0000
vt 0.1449 0.5498 0.0000
vt 0.0622 0.5815 0.0000
vt 0.1254 0.6270 0.0000
vt 0.1399 0.5261 0.0000
vt 0.1137 0.6328 0.0000
vt 0.1659 0.5247 0.0000
vt 0.1047 0.5286 0.0000
vt 0.0564 0.5620 0.0000
vt 0.1085 0.6294 0.0000
vt 0.1521 0.5005 0.0000
vt 0.0530 0.5364 0.0000
vt 0.1746 0.5527 0.0000
vt 0.0410 0.5393 0.0000
vt 0.1049 0.6382 0.0000
vt 0.1786 0.5212 0.0000
vt 0.0453 0.5657 0.0000
vt 0.1004 0.6353 0.0000
vt 0.1920 0.5552 0.0000
vt 0.0519 0.5850 0.0000
vt 0.0994 0.6426 0.0000
vt 0.1740 0.5750 0.0000
vt 0.0950 0.6396 0.0000
vt 0.0574 0.5959 0.0000
vt 0.0894 0.6523 0.0000
vt 0.1910 0.5796 0.0000
vt 0.0850 0.6494 0.0000
vt 0.1702 0.5894 0.0000
vt 0.0649 0.6079 0.0000
vt 0.0793 0.6624 0.0000
vt 0.2052 0.5569 0.0000
vt 0.0532 0.6147 0.0000
vt 0.0759 0.6594 0.0000
vt 0.2009 0.5818 0.0000
vt 0.0752 0.6406 0.0000
vt 0.1957 0.5977 0.0000
vt 0.2129 0.5183 0.0000
vt 0.0651 0.6501 0.0000
vt 0.1864 0.5945 0.0000
vt 0.2020 0.5107 0.0000
vt 0.0626 0.6265 0.0000
vt 0.1866 0.6106 0.0000
vt 0.1792 0.6047 0.0000
vt 0.2061 0.6021 0.0000
vt 0.2180 0.4941 0.0000
vt 0.0527 0.6343 0.0000
vt 0.2091 0.4888 0.0000
vt 0.2219 0.5215 0.0000
vt 0.2129 0.5847 0.0000
vt 0.2205 0.4790 0.0000
vt 0.1936 0.6182 0.0000
vt 0.2188 0.5586 0.0000
vt 0.2153 0.4746 0.0000
vt 0.1782 0.6189 0.0000
vt 0.1984 0.4795 0.0000
vt 0.1720 0.6121 0.0000
vt 0.1833 0.6255 0.0000
vt 0.2245 0.4800 0.0000
vt 0.2089 0.4663 0.0000
vt 0.1685 0.6257 0.0000
vt 0.2239 0.4961 0.0000
vt 0.1724 0.6333 0.0000
vt 0.1647 0.6177 0.0000
vt 0.1552 0.6279 0.0000
vt 0.1650 0.6008 0.0000
vt 0.1870 0.4692 0.0000
vt 0.1573 0.6362 0.0000
vt 0.1608 0.6096 0.0000
vt 0.1971 0.4565 0.0000
vt 0.1681 0.4570 0.0000
vt 0.1727 0.4443 0.0000
vt 0.1522 0.4487 0.0000
vt 0.1438 0.5972 0.0000
vt 0.1522 0.4629 0.0000
vt 0.1503 0.4360 0.0000
vt 0.1611 0.4707 0.0000
vt 0.1458 0.4717 0.0000
vt 0.1749 0.4854 0.0000
vt 0.1523 0.4814 0.0000
vt 0.1437 0.4854 0.0000
vt 0.1879 0.4985 0.0000
vt 0.1630 0.4956 0.0000
vt 0.1392 0.4751 0.0000
vt 0.1276 0.4888 0.0000
vt 0.1329 0.5054 0.0000
vt 0.1245 0.4746 0.0000
vt 0.1028 0.5090 0.0000
vt 0.1011 0.4907 0.0000
vt 0.1017 0.4751 0.0000
vt 0.0760 0.4922 0.0000
vt 0.0782 0.4751 0.0000
vt 0.0754 0.5120 0.0000
vt 0.0581 0.4736 0.0000
vt 0.0762 0.5322 0.0000
vt 0.0544 0.4932 0.0000
vt 0.0425 0.4731 0.0000
vt 0.0530 0.5156 0.0000
vt 0.0399 0.4932 0.0000
vt 0.0222 0.4727 0.0000
vt 0.0398 0.5176 0.0000
vt 0.0217 0.4951 0.0000
vt 0.0064 0.4731 0.0000
vt 0.0224 0.5205 0.0000
vt 0.0076 0.4971 0.0000
vt 0.0253 0.5435 0.0000
vt 0.0101 0.5237 0.0000
vt 0.0129 0.5466 0.0000
vt 0.0319 0.5706 0.0000
vt 0.0190 0.5757 0.0000
vt 0.0391 0.5901 0.0000
vt 0.0275 0.5955 0.0000
vt 0.0344 0.6094 0.0000
vt 0.0451 0.6018 0.0000
vt 0.0424 0.6216 0.0000
vt 0.1395 0.6331 0.0000
vt 0.9478 0.8145 0.0000
vt 0.7734 0.7188 0.0000
vt 0.7700 0.7036 0.0000
vt 0.8027 0.7068 0.0000
vt 0.8066 0.7212 0.0000
vt 0.8003 0.6912 0.0000
vt 0.7803 0.7322 0.0000
vt 0.7710 0.6902 0.0000
vt 0.7900 0.7446 0.0000
vt 0.7925 0.6824 0.0000
vt 0.8125 0.7334 0.0000
vt 0.7988 0.6770 0.0000
vt 0.7729 0.6787 0.0000
vt 0.8013 0.7528 0.0000
vt 0.8198 0.6921 0.0000
vt 0.7778 0.6682 0.0000
vt 0.8193 0.7441 0.0000
vt 0.8052 0.7012 0.0000
vt 0.8076 0.7555 0.0000
vt 0.8247 0.6956 0.0000
vt 0.7808 0.6614 0.0000
vt 0.8218 0.7485 0.0000
vt 0.8115 0.7104 0.0000
vt 0.8184 0.6736 0.0000
vt 0.8130 0.7572 0.0000
vt 0.8301 0.6995 0.0000
vt 0.8306 0.6768 0.0000
vt 0.8237 0.7518 0.0000
vt 0.8198 0.7173 0.0000
vt 0.8306 0.6948 0.0000
vt 0.8174 0.7577 0.0000
vt 0.8354 0.7029 0.0000
vt 0.8403 0.6782 0.0000
vt 0.8242 0.7545 0.0000
vt 0.8276 0.7214 0.0000
vt 0.8408 0.6958 0.0000
vt 0.8218 0.7571 0.0000
vt 0.8403 0.7053 0.0000
vt 0.8496 0.6787 0.0000
vt 0.8242 0.7559 0.0000
vt 0.8359 0.7246 0.0000
vt 0.8506 0.6956 0.0000
vt 0.8457 0.7075 0.0000
vt 0.8594 0.6943 0.0000
vt 0.8438 0.7263 0.0000
vt 0.8574 0.6785 0.0000
vt 0.8516 0.7100 0.0000
vt 0.8672 0.6917 0.0000
vt 0.8521 0.7266 0.0000
vt 0.8657 0.6777 0.0000
vt 0.8584 0.7129 0.0000
vt 0.8740 0.6885 0.0000
vt 0.8574 0.7253 0.0000
vt 0.8735 0.6770 0.0000
vt 0.8628 0.7148 0.0000
vt 0.8799 0.6848 0.0000
vt 0.8608 0.7239 0.0000
vt 0.8789 0.6760 0.0000
vt 0.8647 0.7158 0.0000
vt 0.8818 0.6829 0.0000
vt 0.8643 0.7207 0.0000
vt 0.8657 0.7180 0.0000
vt 0.8809 0.6758 0.0000
vt 0.8828 0.6809 0.0000
vt 0.8818 0.6758 0.0000
vt 0.8833 0.6785 0.0000
vt 0.8828 0.6763 0.0000
vt 0.8037 0.6672 0.0000
vt 0.7842 0.6545 0.0000
vt 0.8774 0.8297 0.0000
vt 0.8975 0.8551 0.0000
vt 0.8677 0.8422 0.0000
vt 0.9033 0.8429 0.0000
vt 0.8877 0.8668 0.0000
vt 0.8887 0.8256 0.0000
vt 0.8574 0.8527 0.0000
vt 0.9072 0.8319 0.0000
vt 0.8857 0.8179 0.0000
vt 0.8750 0.8750 0.0000
vt 0.9082 0.8203 0.0000
vt 0.8599 0.8208 0.0000
vt 0.8604 0.8813 0.0000
vt 0.9092 0.8130 0.0000
vt 0.8687 0.8359 0.0000
vt 0.8462 0.8605 0.0000
vt 0.8701 0.8053 0.0000
vt 0.8862 0.8070 0.0000
vt 0.8540 0.8217 0.0000
vt 0.8467 0.8829 0.0000
vt 0.9092 0.8054 0.0000
vt 0.8584 0.8408 0.0000
vt 0.8354 0.8666 0.0000
vt 0.8584 0.8022 0.0000
vt 0.8477 0.8224 0.0000
vt 0.8398 0.8823 0.0000
vt 0.8491 0.8179 0.0000
vt 0.8477 0.8429 0.0000
vt 0.8306 0.8693 0.0000
vt 0.8486 0.7987 0.0000
vt 0.8413 0.8228 0.0000
vt 0.8345 0.8812 0.0000
vt 0.8398 0.8138 0.0000
vt 0.8389 0.8428 0.0000
vt 0.8276 0.8713 0.0000
vt 0.8403 0.7947 0.0000
vt 0.8359 0.8225 0.0000
vt 0.8301 0.8795 0.0000
vt 0.8315 0.8090 0.0000
vt 0.8301 0.8416 0.0000
vt 0.8257 0.8733 0.0000
vt 0.8242 0.8036 0.0000
vt 0.8301 0.8219 0.0000
vt 0.8267 0.8767 0.0000
vt 0.8335 0.7905 0.0000
vt 0.8223 0.8391 0.0000
vt 0.8252 0.8746 0.0000
vt 0.8184 0.7975 0.0000
vt 0.8237 0.8212 0.0000
vt 0.8267 0.7860 0.0000
vt 0.8149 0.8353 0.0000
vt 0.8145 0.7914 0.0000
vt 0.8159 0.8203 0.0000
vt 0.8203 0.7815 0.0000
vt 0.8110 0.8315 0.0000
vt 0.8110 0.7853 0.0000
vt 0.8115 0.8199 0.0000
vt 0.8159 0.7781 0.0000
vt 0.8086 0.8286 0.0000
vt 0.8105 0.7827 0.0000
vt 0.8091 0.8199 0.0000
vt 0.8145 0.7769 0.0000
vt 0.8071 0.8242 0.0000
vt 0.8071 0.8213 0.0000
vt 0.8105 0.7806 0.0000
vt 0.8135 0.7764 0.0000
vt 0.8110 0.7781 0.0000
vt 0.8125 0.7764 0.0000
vt 0.2974 0.0210 0.0000
vt 0.2974 0.0352 0.0000
vt 0.2886 0.0210 0.0000
vt 0.3064 0.0352 0.0000
vt 0.2886 0.0352 0.0000
vt 0.3064 0.0210 0.0000
vt 0.2791 0.0210 0.0000
vt 0.3125 0.0352 0.0000
vt 0.2791 0.0352 0.0000
vt 0.3125 0.0210 0.0000
vt 0.2695 0.0210 0.0000
vt 0.3162 0.0352 0.0000
vt 0.2695 0.0352 0.0000
vt 0.3162 0.0210 0.0000
vt 0.2581 0.0210 0.0000
vt 0.3213 0.0352 0.0000
vt 0.2581 0.0352 0.0000
vt 0.3213 0.0210 0.0000
vt 0.2460 0.0210 0.0000
vt 0.3245 0.0352 0.0000
vt 0.2460 0.0352 0.0000
vt 0.3245 0.0210 0.0000
vt 0.2341 0.0210 0.0000
vt 0.3269 0.0352 0.0000
vt 0.2341 0.0352 0.0000
vt 0.3269 0.0210 0.0000
vt 0.2166 0.0210 0.0000
vt 0.3293 0.0352 0.0000
vt 0.2166 0.0352 0.0000
vt 0.3293 0.0210 0.0000
vt 0.1997 0.0210 0.0000
vt 0.3342 0.0352 0.0000
vt 0.1997 0.0352 0.0000
vt 0.3342 0.0210 0.0000
vt 0.1846 0.0210 0.0000
vt 0.3423 0.0352 0.0000
vt 0.1846 0.0352 0.0000
vt 0.3423 0.0210 0.0000
vt 0.1704 0.0210 0.0000
vt 0.3491 0.0352 0.0000
vt 0.1704 0.0352 0.0000
vt 0.3491 0.0210 0.0000
vt 0.1646 0.0210 0.0000
vt 0.3555 0.0352 0.0000
vt 0.1646 0.0352 0.0000
vt 0.3555 0.0210 0.0000
vt 0.1604 0.0210 0.0000
vt 0.3613 0.0352 0.0000
vt 0.1604 0.0352 0.0000
vt 0.3613 0.0210 0.0000
vt 0.1572 0.0210 0.0000
vt 0.3682 0.0352 0.0000
vt 0.1572 0.0352 0.0000
vt 0.3682 0.0210 0.0000
vt 0.1558 0.0210 0.0000
vt 0.3752 0.0352 0.0000
vt 0.1558 0.0352 0.0000
vt 0.3752 0.0210 0.0000
vt 0.1530 0.0210 0.0000
vt 0.3804 0.0352 0.0000
vt 0.1530 0.0352 0.0000
vt 0.3804 0.0210 0.0000
vt 0.1478 0.0210 0.0000
vt 0.3928 0.0352 0.0000
vt 0.1478 0.0352 0.0000
vt 0.3928 0.0210 0.0000
vt 0.1428 0.0210 0.0000
vt 0.4043 0.0352 0.0000
vt 0.1428 0.0352 0.0000
vt 0.4043 0.0210 0.0000
vt 0.1367 0.0210 0.0000
vt 0.4148 0.0352 0.0000
vt 0.1367 0.0352 0.0000
vt 0.4148 0.0210 0.0000
vt 0.1289 0.0210 0.0000
vt 0.4250 0.0352 0.0000
vt 0.1289 0.0352 0.0000
vt 0.4250 0.0210 0.0000
vt 0.1133 0.0210 0.0000
vt 0.4343 0.0352 0.0000
vt 0.1133 0.0352 0.0000
vt 0.4343 0.0210 0.0000
vt 0.0955 0.0210 0.0000
vt 0.4429 0.0352 0.0000
vt 0.0955 0.0352 0.0000
vt 0.4429 0.0210 0.0000
vt 0.0787 0.0210 0.0000
vt 0.4507 0.0352 0.0000
vt 0.0787 0.0352 0.0000
vt 0.4507 0.0210 0.0000
vt 0.0614 0.0210 0.0000
vt 0.4536 0.0352 0.0000
vt 0.0614 0.0352 0.0000
vt 0.4536 0.0210 0.0000
vt 0.0463 0.0210 0.0000
vt 0.4558 0.0352 0.0000
vt 0.0463 0.0352 0.0000
vt 0.4558 0.0210 0.0000
vt 0.0315 0.0210 0.0000
vt 0.4590 0.0352 0.0000
vt 0.0315 0.0352 0.0000
vt 0.4590 0.0210 0.0000
vt 0.0204 0.0210 0.0000
vt 0.4614 0.0352 0.0000
vt 0.0204 0.0352 0.0000
vt 0.4614 0.0210 0.0000
vt 0.0121 0.0210 0.0000
vt 0.4626 0.0352 0.0000
vt 0.0121 0.0352 0.0000
vt 0.4626 0.0210 0.0000
vt 0.0037 0.0210 0.0000
vt 0.0037 0.0352 0.0000
vt 0.4636 0.0352 0.0000
vt 0.4636 0.0210 0.0000
vt 0.4661 0.0352 0.0000
vt 0.4661 0.0210 0.0000
vt 0.4722 0.0352 0.0000
vt 0.4722 0.0210 0.0000
vt 0.7583 0.0210 0.0000
vt 0.7583 0.0352 0.0000
vt 0.7666 0.0210 0.0000
vt 0.7495 0.0352 0.0000
vt 0.7666 0.0352 0.0000
vt 0.7495 0.0210 0.0000
vt 0.7412 0.0352 0.0000
vt 0.7412 0.0210 0.0000
vt 0.7310 0.0352 0.0000
vt 0.7310 0.0210 0.0000
vt 0.7202 0.0352 0.0000
vt 0.7202 0.0210 0.0000
vt 0.7070 0.0352 0.0000
vt 0.7070 0.0210 0.0000
vt 0.6899 0.0352 0.0000
vt 0.6899 0.0210 0.0000
vt 0.6650 0.0352 0.0000
vt 0.6650 0.0210 0.0000
vt 0.9912 0.5833 0.0000
vt 0.9863 0.5796 0.0000
vt 0.9893 0.5752 0.0000
vt 0.9858 0.5903 0.0000
vt 0.9854 0.5676 0.0000
vt 0.9912 0.5940 0.0000
vt 0.9810 0.5764 0.0000
vt 0.9829 0.6013 0.0000
vt 0.9790 0.5872 0.0000
vt 0.9814 0.5640 0.0000
vt 0.9883 0.6052 0.0000
vt 0.9746 0.5979 0.0000
vt 0.9756 0.5730 0.0000
vt 0.9761 0.6135 0.0000
vt 0.9707 0.5837 0.0000
vt 0.9780 0.5610 0.0000
vt 0.9844 0.6196 0.0000
vt 0.9663 0.6216 0.0000
vt 0.9644 0.5928 0.0000
vt 0.9775 0.6323 0.0000
vt 0.9668 0.6079 0.0000
vt 0.9697 0.6433 0.0000
vt 0.9585 0.6006 0.0000
vt 0.9546 0.6279 0.0000
vt 0.9590 0.6140 0.0000
vt 0.9624 0.6509 0.0000
vt 0.9521 0.6062 0.0000
vt 0.9453 0.6323 0.0000
vt 0.9482 0.6199 0.0000
vt 0.9390 0.6455 0.0000
vt 0.9424 0.6128 0.0000
vt 0.9536 0.6580 0.0000
vt 0.9399 0.6252 0.0000
vt 0.9360 0.6545 0.0000
vt 0.9390 0.6367 0.0000
vt 0.9341 0.6169 0.0000
vt 0.9458 0.6624 0.0000
vt 0.9331 0.6284 0.0000
vt 0.9404 0.6648 0.0000
vt 0.9307 0.6438 0.0000
vt 0.9277 0.6199 0.0000
vt 0.9351 0.6604 0.0000
vt 0.9233 0.6333 0.0000
vt 0.9355 0.6658 0.0000
vt 0.9346 0.6646 0.0000
vt 0.9199 0.6506 0.0000
vt 0.9199 0.6228 0.0000
vt 0.9131 0.6384 0.0000
vt 0.9097 0.6255 0.0000
vt 0.9082 0.6567 0.0000
vt 0.8994 0.6277 0.0000
vt 0.9014 0.6428 0.0000
vt 0.8975 0.6611 0.0000
vt 0.8872 0.6301 0.0000
vt 0.8882 0.6462 0.0000
vt 0.8906 0.6636 0.0000
vt 0.8813 0.6309 0.0000
vt 0.8833 0.6509 0.0000
vt 0.8823 0.6482 0.0000
vt 0.8799 0.6567 0.0000
vt 0.8711 0.6318 0.0000
vt 0.8848 0.6646 0.0000
vt 0.8716 0.6504 0.0000
vt 0.8789 0.6638 0.0000
vt 0.8779 0.6621 0.0000
vt 0.8560 0.6340 0.0000
vt 0.8569 0.6528 0.0000
vt 0.8413 0.6370 0.0000
vt 0.8418 0.6545 0.0000
vt 0.8262 0.6421 0.0000
vt 0.8271 0.6563 0.0000
vt 0.8120 0.6487 0.0000
vt 0.8159 0.6584 0.0000
vt 0.8125 0.6592 0.0000
vt 0.8076 0.6514 0.0000
vt 0.8076 0.6582 0.0000
vt 0.8047 0.6548 0.0000
vt 0.8379 0.7704 0.0000
vt 0.8486 0.7761 0.0000
vt 0.8433 0.7773 0.0000
vt 0.8477 0.7701 0.0000
vt 0.8501 0.7822 0.0000
vt 0.8359 0.7655 0.0000
vt 0.8584 0.7804 0.0000
vt 0.8472 0.7635 0.0000
vt 0.8584 0.7726 0.0000
vt 0.8599 0.7866 0.0000
vt 0.8350 0.7612 0.0000
vt 0.8589 0.7637 0.0000
vt 0.8696 0.7822 0.0000
vt 0.8701 0.7728 0.0000
vt 0.8711 0.7887 0.0000
vt 0.8696 0.7617 0.0000
vt 0.8838 0.7808 0.0000
vt 0.8823 0.7699 0.0000
vt 0.8862 0.7906 0.0000
vt 0.8789 0.7595 0.0000
vt 0.8950 0.7753 0.0000
vt 0.8911 0.7653 0.0000
vt 0.9004 0.7897 0.0000
vt 0.8867 0.7560 0.0000
vt 0.9136 0.7870 0.0000
vt 0.9058 0.7672 0.0000
vt 0.9009 0.7581 0.0000
vt 0.9233 0.7836 0.0000
vt 0.8970 0.7498 0.0000
vt 0.9136 0.7605 0.0000
vt 0.9092 0.7526 0.0000
vt 0.9282 0.7601 0.0000
vt 0.9043 0.7439 0.0000
vt 0.9199 0.7566 0.0000
vt 0.9331 0.7786 0.0000
vt 0.9150 0.7478 0.0000
vt 0.9375 0.7610 0.0000
vt 0.9092 0.7393 0.0000
vt 0.9302 0.7516 0.0000
vt 0.9404 0.7733 0.0000
vt 0.9233 0.7410 0.0000
vt 0.9448 0.7694 0.0000
vt 0.9150 0.7332 0.0000
vt 0.9404 0.7446 0.0000
vt 0.9434 0.7625 0.0000
vt 0.9219 0.7253 0.0000
vt 0.9321 0.7336 0.0000
vt 0.9478 0.7653 0.0000
vt 0.9473 0.7637 0.0000
vt 0.9512 0.7366 0.0000
vt 0.9282 0.7166 0.0000
vt 0.9414 0.7246 0.0000
vt 0.9595 0.7285 0.0000
vt 0.9351 0.7063 0.0000
vt 0.9497 0.7141 0.0000
vt 0.9644 0.7231 0.0000
vt 0.9385 0.7014 0.0000
vt 0.9561 0.7112 0.0000
vt 0.9541 0.7095 0.0000
vt 0.9624 0.7107 0.0000
vt 0.9434 0.6926 0.0000
vt 0.9678 0.7183 0.0000
vt 0.9600 0.7007 0.0000
vt 0.9692 0.7129 0.0000
vt 0.9683 0.7112 0.0000
vt 0.9517 0.6797 0.0000
vt 0.9683 0.6882 0.0000
vt 0.9600 0.6675 0.0000
vt 0.9761 0.6750 0.0000
vt 0.9712 0.6555 0.0000
vt 0.9839 0.6624 0.0000
vt 0.9829 0.6455 0.0000
vt 0.9902 0.6533 0.0000
vt 0.9922 0.6504 0.0000
vt 0.9873 0.6423 0.0000
vt 0.9932 0.6455 0.0000
vt 0.9917 0.6414 0.0000
vt 0.3628 0.0391 0.0000
vt 0.3628 0.0532 0.0000
vt 0.3506 0.0391 0.0000
vt 0.3740 0.0532 0.0000
vt 0.3506 0.0532 0.0000
vt 0.3740 0.0391 0.0000
vt 0.3345 0.0391 0.0000
vt 0.3831 0.0532 0.0000
vt 0.3345 0.0532 0.0000
vt 0.3831 0.0391 0.0000
vt 0.3196 0.0391 0.0000
vt 0.3921 0.0532 0.0000
vt 0.3196 0.0532 0.0000
vt 0.3921 0.0391 0.0000
vt 0.3052 0.0391 0.0000
vt 0.3975 0.0532 0.0000
vt 0.3052 0.0532 0.0000
vt 0.3975 0.0391 0.0000
vt 0.2942 0.0391 0.0000
vt 0.4021 0.0532 0.0000
vt 0.4021 0.0391 0.0000
vt 0.2942 0.0532 0.0000
vt 0.2825 0.0391 0.0000
vt 0.2825 0.0532 0.0000
vt 0.2729 0.0391 0.0000
vt 0.2729 0.0532 0.0000
vt 0.2666 0.0391 0.0000
vt 0.2666 0.0532 0.0000
vt 0.2615 0.0391 0.0000
vt 0.2615 0.0532 0.0000
vt 0.2598 0.0391 0.0000
vt 0.2598 0.0532 0.0000
vt 0.2554 0.0391 0.0000
vt 0.2554 0.0532 0.0000
vt 0.2490 0.0391 0.0000
vt 0.2490 0.0532 0.0000
vt 0.2390 0.0391 0.0000
vt 0.2390 0.0532 0.0000
vt 0.2235 0.0391 0.0000
vt 0.2235 0.0532 0.0000
vt 0.2153 0.0391 0.0000
vt 0.2153 0.0532 0.0000
vt 0.2036 0.0391 0.0000
vt 0.2036 0.0532 0.0000
vt 0.1903 0.0391 0.0000
vt 0.1903 0.0532 0.0000
vt 0.1763 0.0391 0.0000
vt 0.1763 0.0532 0.0000
vt 0.1639 0.0391 0.0000
vt 0.1639 0.0532 0.0000
vt 0.1564 0.0391 0.0000
vt 0.1564 0.0532 0.0000
vt 0.1500 0.0391 0.0000
vt 0.1500 0.0532 0.0000
vt 0.1440 0.0391 0.0000
vt 0.1440 0.0532 0.0000
vt 0.1418 0.0391 0.0000
vt 0.1418 0.0532 0.0000
vt 0.1360 0.0391 0.0000
vt 0.1360 0.0532 0.0000
vt 0.1289 0.0391 0.0000
vt 0.1289 0.0532 0.0000
vt 0.1217 0.0391 0.0000
vt 0.1217 0.0532 0.0000
vt 0.1151 0.0391 0.0000
vt 0.1151 0.0532 0.0000
vt 0.1038 0.0391 0.0000
vt 0.1038 0.0532 0.0000
vt 0.0879 0.0391 0.0000
vt 0.0879 0.0532 0.0000
vt 0.0717 0.0391 0.0000
vt 0.0717 0.0532 0.0000
vt 0.0563 0.0391 0.0000
vt 0.0563 0.0532 0.0000
vt 0.0445 0.0391 0.0000
vt 0.0445 0.0532 0.0000
vt 0.0407 0.0391 0.0000
vt 0.0407 0.0532 0.0000
vt 0.0355 0.0391 0.0000
vt 0.0355 0.0532 0.0000
vt 0.0308 0.0391 0.0000
vt 0.0308 0.0532 0.0000
vt 0.0262 0.0391 0.0000
vt 0.0262 0.0532 0.0000
vt 0.0206 0.0391 0.0000
vt 0.0206 0.0532 0.0000
vt 0.0043 0.0391 0.0000
vt 0.0043 0.0532 0.0000
vt 0.6523 0.0210 0.0000
vt 0.6523 0.0352 0.0000
vt 0.6406 0.0352 0.0000
vt 0.6406 0.0210 0.0000
vt 0.6294 0.0352 0.0000
vt 0.6294 0.0210 0.0000
vt 0.6196 0.0352 0.0000
vt 0.6196 0.0210 0.0000
vt 0.6108 0.0352 0.0000
vt 0.6108 0.0210 0.0000
vt 0.5986 0.0352 0.0000
vt 0.5986 0.0210 0.0000
vt 0.5894 0.0352 0.0000
vt 0.5894 0.0210 0.0000
vt 0.5820 0.0352 0.0000
vt 0.5820 0.0210 0.0000
vt 0.5737 0.0352 0.0000
vt 0.5737 0.0210 0.0000
vt 0.5630 0.0352 0.0000
vt 0.5630 0.0210 0.0000
vt 0.5522 0.0352 0.0000
vt 0.5522 0.0210 0.0000
vt 0.5396 0.0352 0.0000
vt 0.5396 0.0210 0.0000
vt 0.5337 0.0352 0.0000
vt 0.5337 0.0210 0.0000
vt 0.5234 0.0352 0.0000
vt 0.5234 0.0210 0.0000
vt 0.5083 0.0352 0.0000
vt 0.5083 0.0210 0.0000
vt 0.4929 0.0352 0.0000
vt 0.4929 0.0210 0.0000
vt 0.4766 0.0352 0.0000
vt 0.4766 0.0210 0.0000
# 3694 texture coords

o Mesh_0002
g Mesh_0002
usemtl Bullsey_Material__43
s 1
f 1/1/1 2/2/2 3/3/3 
s 2
f 2/2/2 1/1/1 4/4/4 
s 3
f 3/3/3 2/2/2 5/5/5 
s 4
f 4/4/4 1/1/1 6/6/6 
s 5
f 3/3/3 5/5/5 7/7/7 
s 6
f 8/8/8 2/2/2 4/4/4 
s 7
f 1/1/1 9/9/9 6/6/6 
s 8
f 3/3/10 10/10/11 1/1/1 
s 9
f 7/7/7 5/5/5 11/11/12 
s 10
f 4/4/4 6/6/6 12/12/13 
s 11
f 10/10/11 9/9/9 1/1/1 
s 12
f 13/13/14 7/7/7 11/11/12 
s 13
f 8/8/8 4/4/4 14/14/15 
s 14
f 14/14/15 4/4/4 12/12/13 
s 15
f 10/10/11 15/15/16 9/9/9 
s 16
f 16/16/17 7/7/18 13/13/14 
s 17
f 12/12/13 17/17/19 14/14/15 
s 18
f 18/18/20 15/15/16 10/10/11 
s 19
f 19/19/21 16/16/17 13/13/14 
s 20
f 20/20/22 17/17/19 12/12/13 
s 21
f 21/21/23 18/18/20 10/10/11 
s 22
f 22/22/24 16/16/17 19/19/21 
s 23
f 23/23/25 17/17/19 20/20/22 
s 24
f 24/24/26 18/18/20 21/21/23 
s 25
f 22/22/24 19/19/21 25/25/27 
s 26
f 23/23/25 26/26/28 17/17/19 
s 27
f 18/18/20 24/24/26 27/27/29 
s 28
f 22/22/24 28/28/30 16/16/17 
s 29
f 29/29/31 26/26/28 23/23/25 
s 30
f 30/30/32 18/18/20 27/27/29 
s 31
f 31/31/33 28/28/30 22/22/24 
s 32
f 25/25/27 31/31/34 22/22/34 
s 33
f 26/26/28 29/29/31 32/32/35 
s 34
f 15/15/16 18/18/20 30/30/32 
s 35
f 25/25/27 19/19/21 33/33/36 
s 36
f 34/34/37 26/26/28 32/32/35 
s 37
f 35/35/38 15/15/16 30/30/32 
s 38
f 33/33/36 36/36/39 25/25/27 
s 39
f 37/37/40 26/26/28 34/34/37 
s 40
f 38/38/41 15/15/16 35/35/38 
s 41
f 39/39/42 36/36/39 33/33/36 
s 42
f 37/37/40 34/34/37 40/40/43 
s 43
f 41/41/44 38/38/41 35/35/38 
s 44
f 36/36/39 39/39/42 42/42/45 
s 45
f 43/43/46 26/26/28 37/37/40 
s 46
f 44/44/47 38/38/41 41/41/44 
s 47
f 36/36/39 45/45/48 25/25/27 
s 48
f 17/17/19 26/26/28 43/43/46 
s 49
f 38/38/41 44/44/47 46/46/49 
s 50
f 47/47/50 45/45/48 36/36/39 
s 51
f 14/14/15 17/17/19 43/43/46 
s 52
f 9/9/9 38/38/41 46/46/49 
s 53
f 47/47/50 48/48/51 45/45/48 
s 54
f 14/14/15 43/43/46 49/49/52 
s 55
f 15/15/16 38/38/41 9/9/9 
s 56
f 50/50/53 48/48/51 47/47/50 
s 57
f 51/51/54 14/14/15 49/49/52 
s 58
f 49/49/52 43/43/46 52/52/55 
s 59
f 9/9/9 46/46/49 6/6/6 
s 60
f 50/50/53 47/47/50 53/53/56 
s 61
f 8/8/8 14/14/15 51/51/54 
s 62
f 43/43/46 37/37/40 52/52/55 
s 63
f 50/50/53 54/54/57 48/48/51 
s 64
f 55/55/58 8/8/8 51/51/59 
s 65
f 53/53/56 47/47/50 56/56/60 
s 66
f 57/57/61 54/54/57 50/50/53 
s 67
f 58/58/62 8/8/8 55/55/58 
s 68
f 53/53/56 57/57/61 50/50/53 
s 69
f 47/47/50 36/36/39 56/56/60 
s 70
f 58/58/62 2/2/2 8/8/8 
s 71
f 59/59/63 53/53/56 56/56/60 
s 72
f 57/57/61 60/60/64 54/54/57 
s 73
f 2/2/2 58/58/62 5/5/5 
s 74
f 61/61/65 53/53/56 59/59/63 
s 75
f 62/62/66 60/60/64 57/57/61 
s 76
f 60/60/64 63/63/67 54/54/57 
s 77
f 5/5/5 58/58/62 64/64/68 
s 78
f 59/59/63 65/65/69 61/61/65 
s 79
f 66/66/70 63/63/67 60/60/64 
s 80
f 67/67/71 5/5/5 64/64/68 
s 81
f 68/68/72 65/65/69 59/59/63 
s 82
f 69/69/73 66/66/70 60/60/64 
s 83
f 62/62/66 69/69/73 60/60/64 
s 84
f 11/11/12 5/5/5 67/67/71 
s 85
f 65/65/69 68/68/72 70/70/74 
s 86
f 71/71/75 69/69/73 62/62/66 
s 87
f 72/72/76 11/11/12 67/67/71 
s 88
f 70/70/74 73/73/77 65/65/69 
s 89
f 73/73/77 71/71/75 62/62/66 
s 90
f 74/74/78 66/66/70 69/69/73 
s 91
f 67/67/71 75/75/79 72/72/76 
s 92
f 73/73/77 62/62/66 76/76/80 
s 93
f 65/65/69 73/73/77 76/76/80 
s 94
f 66/66/70 74/74/78 27/27/29 
s 95
f 72/72/76 75/75/79 77/77/81 
s 96
f 65/65/69 76/76/80 61/61/65 
s 97
f 27/27/29 78/78/82 66/66/70 
s 98
f 72/72/76 77/77/81 79/79/83 
s 99
f 67/67/71 80/80/84 75/75/79 
s 100
f 27/27/29 24/24/26 78/78/82 
s 101
f 79/79/83 13/13/14 72/72/76 
s 102
f 64/64/68 80/80/84 67/67/71 
s 103
f 27/27/29 74/74/78 30/30/32 
s 104
f 19/19/21 13/13/14 79/79/83 
s 105
f 13/13/14 11/11/12 72/72/76 
s 106
f 64/64/68 55/55/58 80/80/84 
s 107
f 74/74/78 81/81/85 30/30/32 
s 108
f 82/82/86 19/19/21 79/79/83 
s 109
f 58/58/62 55/55/58 64/64/68 
s 110
f 81/81/85 74/74/78 83/83/87 
s 111
f 33/33/36 19/19/21 82/82/86 
s 112
f 79/79/83 84/84/88 82/82/86 
s 113
f 30/30/32 81/81/85 35/35/38 
s 114
f 85/85/89 81/81/85 83/83/87 
s 115
f 82/82/86 39/39/42 33/33/36 
s 116
f 79/79/83 77/77/81 84/84/88 
s 117
f 86/86/90 81/81/85 85/85/89 
s 118
f 86/86/90 35/35/38 81/81/85 
s 119
f 87/87/91 39/39/42 82/82/86 
s 120
f 83/83/87 74/74/78 69/69/73 
s 121
f 41/41/44 35/35/38 86/86/90 
s 122
f 39/39/42 87/87/91 88/88/92 
s 123
f 83/83/87 89/89/93 85/85/89 
s 124
f 86/86/90 90/90/94 41/41/44 
s 125
f 42/42/45 39/39/42 88/88/92 
s 126
f 89/89/93 83/83/87 71/71/75 
s 127
f 71/71/75 83/83/87 69/69/73 
s 128
f 41/41/95 90/90/94 44/44/47 
s 129
f 88/88/92 91/91/96 42/42/45 
s 130
f 92/92/97 89/89/93 71/71/75 
s 131
f 93/93/98 90/90/94 86/86/90 
s 132
f 94/94/99 91/91/96 88/88/92 
s 133
f 95/95/100 89/89/93 92/92/97 
s 134
f 96/96/101 90/90/94 93/93/98 
s 135
f 94/94/99 97/97/102 91/91/96 
s 136
f 89/89/93 95/95/100 98/98/103 
s 137
f 96/96/101 93/93/98 99/99/104 
s 138
f 100/100/105 97/97/102 94/94/99 
s 139
f 85/85/89 89/89/93 98/98/103 
s 140
f 101/101/106 90/90/94 96/96/101 
s 141
f 97/97/102 100/100/105 102/102/107 
s 142
f 98/98/103 103/103/108 85/85/89 
s 143
f 99/99/104 93/93/98 103/103/108 
s 144
f 96/96/101 99/99/104 104/104/109 
s 145
f 102/102/107 100/100/105 105/105/110 
s 146
f 103/103/108 86/86/90 85/85/89 
s 147
f 93/93/98 86/86/90 103/103/108 
s 148
f 99/99/104 103/103/108 106/106/111 
s 149
f 102/102/107 105/105/110 107/107/112 
s 150
f 100/100/105 108/108/113 105/105/110 
s 151
f 104/104/109 99/99/104 109/109/114 
s 152
f 99/99/104 106/106/111 109/109/114 
s 153
f 110/110/115 97/97/102 102/102/107 
s 154
f 108/108/113 100/100/105 111/111/116 
s 155
f 109/109/114 112/112/117 104/104/109 
s 156
f 68/68/72 97/97/102 110/110/115 
s 157
f 105/105/110 108/108/113 113/113/118 
s 158
f 109/109/114 106/106/111 114/114/119 
s 159
f 70/70/74 68/68/72 110/110/115 
s 160
f 105/105/110 113/113/118 115/115/120 
s 161
f 116/116/121 112/112/117 109/109/114 
s 162
f 110/110/115 117/117/122 70/70/74 
s 163
f 107/107/112 105/105/110 115/115/120 
s 164
f 112/112/117 116/116/121 118/118/123 
s 165
f 119/119/124 117/117/122 110/110/115 
s 166
f 120/120/125 107/107/112 115/115/120 
s 167
f 121/121/126 112/112/117 118/118/123 
s 168
f 117/117/122 119/119/124 122/122/127 
s 169
f 123/123/128 107/107/112 120/120/125 
s 170
f 124/124/129 112/112/117 121/121/126 
s 171
f 122/122/127 95/95/100 117/117/122 
s 172
f 125/125/130 123/123/128 120/120/125 
s 173
f 126/126/131 124/124/129 121/121/126 
s 174
f 95/95/100 122/122/127 127/127/132 
s 175
f 128/128/133 123/123/128 125/125/130 
s 176
f 129/129/134 124/124/129 126/126/131 
s 177
f 98/98/103 95/95/100 127/127/132 
s 178
f 130/130/135 128/128/133 125/125/130 
s 179
f 126/126/131 131/131/136 129/129/134 
s 180
f 127/127/132 132/132/137 98/98/103 
s 181
f 133/133/138 128/128/133 130/130/135 
s 182
f 121/121/126 134/134/139 126/126/131 
s 183
f 127/127/132 122/122/127 135/135/140 
s 184
f 130/130/135 136/136/141 133/133/138 
s 185
f 137/137/142 134/134/139 121/121/126 
s 186
f 138/138/143 132/132/137 127/127/132 
s 187
f 135/135/140 138/138/143 127/127/132 
s 188
f 139/139/144 136/136/141 130/130/135 
s 189
f 134/134/139 140/140/145 126/126/131 
s 190
f 122/122/127 141/141/146 135/135/140 
s 191
f 142/142/147 139/139/144 130/130/135 
s 192
f 134/134/139 143/143/148 140/140/145 
s 193
f 122/122/127 119/119/124 141/141/146 
s 194
f 130/130/135 144/144/149 142/142/147 
s 195
f 145/145/150 143/143/148 134/134/139 
s 196
f 126/126/131 140/140/145 131/131/136 
s 197
f 125/125/130 144/144/149 130/130/135 
s 198
f 145/145/150 146/146/151 143/143/148 
s 199
f 137/137/142 145/145/150 134/134/139 
s 200
f 140/140/145 147/147/152 131/131/136 
s 201
f 125/125/130 120/120/125 144/144/149 
s 202
f 148/148/153 145/145/150 137/137/142 
s 203
f 143/143/148 149/149/154 140/140/145 
s 204
f 140/140/145 149/149/154 147/147/152 
s 205
f 144/144/149 120/120/125 150/150/155 
s 206
f 148/148/153 151/151/156 145/145/150 
s 207
f 151/151/156 146/146/151 145/145/150 
s 208
f 149/149/154 152/152/157 147/147/152 
s 209
f 120/120/125 115/115/120 150/150/155 
s 210
f 153/153/158 151/151/156 148/148/153 
s 211
f 154/154/159 152/152/157 149/149/154 
s 212
f 152/152/157 155/155/160 147/147/152 
s 213
f 150/150/155 115/115/120 156/156/161 
s 214
f 148/148/153 157/157/162 153/153/158 
s 215
f 152/152/157 158/158/163 155/155/160 
s 216
f 150/150/155 156/156/161 159/159/164 
s 217
f 157/157/162 148/148/153 160/160/165 
s 218
f 161/161/166 158/158/163 152/152/157 
s 219
f 154/154/159 161/161/166 152/152/157 
s 220
f 115/115/120 113/113/118 156/156/161 
s 221
f 160/160/165 148/148/153 137/137/142 
s 222
f 162/162/167 161/161/166 154/154/159 
s 223
f 155/155/160 158/158/163 163/163/168 
s 224
f 164/164/169 157/157/162 160/160/165 
s 225
f 165/165/170 162/162/167 154/154/159 
s 226
f 155/155/160 163/163/168 166/166/171 
s 227
f 164/164/169 160/160/165 167/167/172 
s 228
f 165/165/170 154/154/159 168/168/173 
s 229
f 147/147/152 155/155/160 166/166/171 
s 230
f 169/169/174 157/157/162 164/164/169 
s 231
f 170/170/175 165/165/170 168/168/173 
s 232
f 131/131/136 147/147/152 166/166/171 
s 233
f 157/157/162 169/169/174 171/171/176 
s 234
f 172/172/177 165/165/170 170/170/175 
s 235
f 131/131/136 166/166/171 173/173/178 
s 236
f 153/153/158 157/157/162 171/171/176 
s 237
f 172/172/177 170/170/175 174/174/179 
s 238
f 129/129/134 131/131/136 173/173/178 
s 239
f 171/171/176 175/175/180 153/153/158 
s 240
f 172/172/177 176/176/181 165/165/170 
s 241
f 173/173/178 177/177/182 129/129/134 
s 242
f 171/171/176 169/169/174 178/178/183 
s 243
f 176/176/181 172/172/177 179/179/184 
s 244
f 179/179/184 172/172/177 174/174/179 
s 245
f 180/180/185 129/129/134 177/177/182 
s 246
f 178/178/183 169/169/174 181/181/186 
s 247
f 179/179/184 174/174/179 182/182/187 
s 248
f 177/177/182 101/101/106 180/180/185 
s 249
f 178/178/183 183/183/188 171/171/176 
s 250
f 179/179/184 184/184/189 176/176/181 
s 251
f 185/185/190 101/101/106 177/177/182 
s 252
f 186/186/191 183/183/188 178/178/183 
s 253
f 187/187/192 184/184/189 179/179/184 
s 254
f 182/182/187 187/187/192 179/179/184 
s 255
f 185/185/190 188/188/193 101/101/106 
s 256
f 186/186/191 189/189/194 183/183/188 
s 257
f 182/182/187 174/174/179 190/190/195 
s 258
f 188/188/193 185/185/190 191/191/196 
s 259
f 189/189/194 186/186/191 192/192/197 
s 260
f 190/190/195 193/193/198 182/182/187 
s 261
f 101/101/106 188/188/193 90/90/94 
s 262
f 183/183/188 189/189/194 194/194/199 
s 263
f 174/174/179 195/195/200 190/190/195 
s 264
f 193/193/198 196/196/201 182/182/187 
s 265
f 194/194/199 175/175/180 183/183/188 
s 266
f 174/174/179 170/170/175 195/195/200 
s 267
f 197/197/202 193/193/198 190/190/195 
s 268
f 198/198/203 175/175/180 194/194/199 
s 269
f 183/183/188 175/175/180 171/171/176 
s 270
f 190/190/195 195/195/200 199/199/204 
s 271
f 200/200/205 193/193/198 197/197/202 
s 272
f 199/199/204 198/198/203 194/194/199 
s 273
f 198/198/203 201/201/206 175/175/180 
s 274
f 198/198/203 195/195/200 201/201/206 
s 275
f 201/201/206 195/195/200 170/170/175 
s 276
f 202/202/207 193/193/198 200/200/205 
s 277
f 195/195/200 198/198/203 199/199/204 
s 278
f 175/175/180 201/201/206 203/203/208 
s 279
f 204/204/209 202/202/207 200/200/205 
s 280
f 202/202/207 205/205/210 193/193/198 
s 281
f 206/206/211 190/190/195 199/199/204 
s 282
f 194/194/199 206/206/211 199/199/204 
s 283
f 197/197/202 190/190/195 206/206/211 
s 284
f 204/204/209 200/200/205 207/207/212 
s 285
f 205/205/210 196/196/201 193/193/198 
s 286
f 200/200/205 197/197/202 208/208/213 
s 287
f 208/208/213 197/197/202 206/206/211 
s 288
f 209/209/214 204/204/209 207/207/212 
s 289
f 210/210/215 205/205/210 202/202/207 
s 290
f 207/207/212 200/200/205 208/208/213 
s 291
f 189/189/194 206/206/211 194/194/199 
s 292
f 211/211/216 210/210/215 202/202/207 
s 293
f 211/211/216 202/202/207 204/204/209 
s 294
f 207/207/212 208/208/213 212/212/217 
s 295
f 206/206/211 189/189/194 208/208/213 
s 296
f 213/213/218 210/210/215 211/211/216 
s 297
f 214/214/219 204/204/209 209/209/214 
s 298
f 212/212/217 208/208/213 192/192/197 
s 299
f 208/208/213 189/189/194 192/192/197 
s 300
f 211/211/216 215/215/220 213/213/218 
s 301
f 214/214/219 211/211/216 204/204/209 
s 302
f 212/212/217 192/192/197 216/216/221 
s 303
f 217/217/222 214/214/219 209/209/214 
s 304
f 218/218/223 215/215/220 211/211/216 
s 305
f 216/216/221 219/219/224 212/212/217 
s 306
f 220/220/225 214/214/219 217/217/222 
s 307
f 218/218/223 211/211/216 214/214/219 
s 308
f 218/218/223 221/221/226 215/215/220 
s 309
f 222/222/227 219/219/224 216/216/221 
s 310
f 220/220/225 218/218/223 214/214/219 
s 311
f 223/223/228 220/220/225 217/217/222 
s 312
f 224/224/229 221/221/226 218/218/223 
s 313
f 225/225/230 219/219/224 222/222/227 
s 314
f 226/226/231 220/220/225 223/223/228 
s 315
f 224/224/229 218/218/223 220/220/225 
s 316
f 224/224/229 227/227/232 221/221/226 
s 317
f 228/228/233 219/219/224 225/225/230 
s 318
f 226/226/231 224/224/229 220/220/225 
s 319
f 229/229/234 226/226/231 223/223/228 
s 320
f 230/230/235 227/227/232 224/224/229 
s 321
f 228/228/233 209/209/214 219/219/224 
s 322
f 217/217/222 209/209/214 228/228/233 
s 323
f 230/230/235 224/224/229 226/226/231 
s 324
f 223/223/228 217/217/222 231/231/236 
s 325
f 209/209/214 207/207/212 219/219/224 
s 326
f 231/231/236 217/217/222 228/228/233 
s 327
f 232/232/237 230/230/235 226/226/231 
s 328
f 232/232/237 226/226/231 229/229/234 
s 329
f 219/219/224 207/207/212 212/212/217 
s 330
f 231/231/236 228/228/233 233/233/238 
s 331
f 232/232/237 229/229/234 234/234/239 
s 332
f 235/235/240 230/230/235 232/232/237 
s 333
f 229/229/234 223/223/228 236/236/241 
s 334
f 236/236/241 223/223/228 231/231/236 
s 335
f 233/233/238 228/228/233 225/225/230 
s 336
f 235/235/240 237/237/242 230/230/235 
s 337
f 236/236/241 231/231/236 238/238/243 
s 338
f 238/238/243 231/231/236 233/233/238 
s 339
f 234/234/239 229/229/234 239/239/244 
s 340
f 230/230/235 237/237/242 227/227/232 
s 341
f 240/240/245 236/236/241 238/238/243 
s 342
f 239/239/244 241/241/246 234/234/239 
s 343
f 239/239/244 229/229/234 242/242/247 
s 344
f 235/235/240 243/243/248 237/237/242 
s 345
f 242/242/247 236/236/241 240/240/245 
s 346
f 241/241/246 244/244/249 234/234/239 
s 347
f 242/242/247 229/229/234 236/236/241 
s 348
f 245/245/250 243/243/248 235/235/240 
s 349
f 246/246/251 241/241/246 239/239/244 
s 350
f 242/242/247 246/246/251 239/239/244 
s 351
f 234/234/239 244/244/249 245/245/250 
s 352
f 245/245/250 247/247/252 243/243/248 
s 353
f 246/246/251 248/248/253 241/241/246 
s 354
f 249/249/254 242/242/247 240/240/245 
s 355
f 244/244/249 247/247/252 245/245/250 
s 356
f 250/250/255 248/248/253 246/246/251 
s 357
f 248/248/253 244/244/249 241/241/246 
s 358
f 251/251/256 242/242/247 249/249/254 
s 359
f 235/235/240 232/232/237 245/245/250 
s 360
f 245/245/250 232/232/237 234/234/239 
s 361
f 251/251/256 246/246/251 242/242/247 
s 362
f 246/246/251 251/251/256 250/250/255 
s 363
f 249/249/254 240/240/245 252/252/257 
s 364
f 253/253/258 244/244/249 248/248/253 
s 365
f 244/244/249 254/254/259 247/247/252 
s 366
f 136/136/141 248/248/253 250/250/255 
s 367
f 252/252/257 240/240/245 255/255/260 
s 368
f 253/253/258 254/254/259 244/244/249 
s 369
f 139/139/144 248/248/253 136/136/141 
s 370
f 252/252/257 255/255/260 256/256/261 
s 371
f 139/139/144 253/253/258 248/248/253 
s 372
f 253/253/258 257/257/262 254/254/259 
s 373
f 258/258/263 136/136/141 250/250/255 
s 374
f 250/250/255 251/251/256 258/258/263 
s 375
f 259/259/264 253/253/258 139/139/144 
s 376
f 259/259/264 257/257/262 253/253/258 
s 377
f 256/256/261 255/255/260 260/260/265 
s 378
f 258/258/263 251/251/256 261/261/266 
s 379
f 259/259/264 139/139/144 142/142/147 
s 380
f 259/259/264 142/142/147 257/257/262 
s 381
f 255/255/260 262/262/267 260/260/265 
s 382
f 261/261/266 251/251/256 249/249/254 
s 383
f 261/261/266 263/263/268 258/258/263 
s 384
f 263/263/268 136/136/141 258/258/263 
s 385
f 255/255/260 238/238/243 262/262/267 
s 386
f 260/260/265 262/262/267 264/264/269 
s 387
f 265/265/270 263/263/268 261/261/266 
s 388
f 263/263/268 266/266/271 136/136/141 
s 389
f 240/240/245 238/238/243 255/255/260 
s 390
f 262/262/267 267/267/272 264/264/269 
s 391
f 265/265/270 268/268/273 263/263/268 
s 392
f 263/263/268 268/268/273 266/266/271 
s 393
f 238/238/243 233/233/238 262/262/267 
s 394
f 262/262/267 233/233/238 267/267/272 
s 395
f 264/264/269 267/267/272 269/269/274 
s 396
f 265/265/270 138/138/143 268/268/273 
s 397
f 266/266/271 268/268/273 270/270/275 
s 398
f 233/233/238 225/225/230 267/267/272 
s 399
f 267/267/272 271/271/276 269/269/274 
s 400
f 272/272/277 138/138/143 265/265/270 
s 401
f 270/270/275 268/268/273 135/135/140 
s 402
f 267/267/272 225/225/230 271/271/276 
s 403
f 272/272/277 132/132/137 138/138/143 
s 404
f 135/135/140 141/141/146 270/270/275 
s 405
f 268/268/273 138/138/143 135/135/140 
s 406
f 225/225/230 222/222/227 271/271/276 
s 407
f 106/106/111 132/132/137 272/272/277 
s 408
f 270/270/275 141/141/146 128/128/133 
s 409
f 272/272/277 265/265/270 273/273/278 
s 410
f 269/269/274 271/271/276 181/181/186 
s 411
f 133/133/138 270/270/275 128/128/133 
s 412
f 106/106/111 272/272/277 114/114/119 
s 413
f 114/114/119 272/272/277 273/273/278 
s 414
f 271/271/276 216/216/221 181/181/186 
s 415
f 271/271/276 222/222/227 216/216/221 
s 416
f 128/128/133 141/141/146 123/123/128 
s 417
f 273/273/278 252/252/257 114/114/119 
s 418
f 181/181/186 169/169/174 269/269/274 
s 419
f 181/181/186 216/216/221 274/274/279 
s 420
f 141/141/146 107/107/112 123/123/128 
s 421
f 114/114/119 252/252/257 256/256/261 
s 422
f 274/274/279 178/178/183 181/181/186 
s 423
f 119/119/124 107/107/112 141/141/146 
s 424
f 256/256/261 109/109/114 114/114/119 
s 425
f 216/216/221 192/192/197 274/274/279 
s 426
f 107/107/112 119/119/124 102/102/107 
s 427
f 116/116/121 109/109/114 256/256/261 
s 428
f 186/186/191 178/178/183 274/274/279 
s 429
f 192/192/197 186/186/191 274/274/279 
s 430
f 102/102/107 119/119/124 110/110/115 
s 431
f 256/256/261 260/260/265 116/116/121 
s 432
f 116/116/121 260/260/265 167/167/172 
s 433
f 118/118/123 116/116/121 167/167/172 
s 434
f 264/264/269 167/167/172 260/260/265 
s 435
f 167/167/172 160/160/165 118/118/123 
s 436
f 164/164/169 167/167/172 264/264/269 
s 437
f 160/160/165 137/137/142 118/118/123 
s 438
f 118/118/123 137/137/142 121/121/126 
s 439
f 269/269/274 164/164/169 264/264/269 
s 440
f 169/169/174 164/164/169 269/269/274 
s 441
f 196/196/201 187/187/192 182/182/187 
s 442
f 275/275/280 276/276/281 277/277/282 
s 443
f 275/275/280 277/277/282 278/278/283 
s 444
f 277/277/282 276/276/281 279/279/284 
s 445
f 32/32/35 276/276/281 275/275/280 
s 446
f 278/278/283 32/32/35 275/275/280 
s 447
f 278/278/283 277/277/282 280/280/285 
s 448
f 281/281/286 279/279/284 276/276/281 
s 449
f 281/281/286 276/276/281 32/32/35 
s 450
f 34/34/37 32/32/35 278/278/283 
s 451
f 282/282/287 277/277/282 279/279/284 
s 452
f 280/280/285 277/277/282 283/283/288 
s 453
f 32/32/35 29/29/31 281/281/286 
s 454
f 34/34/37 278/278/283 284/284/289 
s 455
f 285/285/290 279/279/284 281/281/286 
s 456
f 283/283/288 277/277/282 286/286/291 
s 457
f 286/286/291 277/277/282 282/282/287 
s 458
f 284/284/289 278/278/283 280/287/292 
s 459
f 282/282/287 279/279/284 287/288/293 
s 460
f 287/288/293 279/279/284 285/285/290 
s 461
f 286/286/291 282/282/287 288/289/294 
s 462
f 288/289/294 283/283/288 286/286/291 
s 463
f 40/40/43 34/34/37 284/284/289 
s 464
f 288/289/294 282/282/287 287/288/293 
s 465
f 281/281/286 289/290/295 285/285/290 
s 466
f 29/29/31 289/290/295 281/281/286 
s 467
f 290/291/296 283/283/288 288/289/294 
s 468
f 40/40/43 291/292/297 37/37/40 
s 469
f 289/290/295 287/288/293 285/285/290 
s 470
f 292/293/298 290/291/296 288/289/294 
s 471
f 284/294/299 283/283/288 290/291/296 
s 472
f 37/37/40 291/292/297 293/295/300 
s 473
f 294/296/301 288/289/294 287/288/293 
s 474
f 292/293/298 288/289/294 294/296/301 
s 475
f 294/296/301 287/288/293 289/290/295 
s 476
f 284/294/299 290/291/296 40/297/302 
s 477
f 52/52/55 37/37/40 293/295/300 
s 478
f 280/298/303 283/283/288 284/294/299 
s 479
f 295/299/304 294/296/301 289/290/295 
s 480
f 40/297/302 290/291/296 296/300/305 
s 481
f 296/300/305 290/291/296 292/293/298 
s 482
f 29/29/31 295/299/304 289/290/295 
s 483
f 294/296/301 297/301/306 292/293/298 
s 484
f 296/300/305 291/302/307 40/297/302 
s 485
f 191/191/196 295/299/304 29/29/31 
s 486
f 298/303/308 294/296/301 295/299/304 
s 487
f 294/296/301 298/303/308 297/301/306 
s 488
f 292/293/298 299/304/309 296/300/305 
s 489
f 191/191/196 185/185/190 295/299/304 
s 490
f 29/29/31 23/23/25 191/191/196 
s 491
f 185/185/190 298/303/308 295/299/304 
s 492
f 292/293/298 297/301/306 163/163/168 
s 493
f 163/163/168 299/304/309 292/293/298 
s 494
f 191/191/196 23/23/25 300/305/310 
s 495
f 177/177/182 298/303/308 185/185/190 
s 496
f 166/166/171 163/163/168 297/301/306 
s 497
f 191/191/196 300/305/310 188/188/193 
s 498
f 298/303/308 177/177/182 173/173/178 
s 499
f 173/173/178 166/166/171 297/301/306 
s 500
f 163/163/168 158/158/163 299/304/309 
s 501
f 188/188/193 300/305/310 44/44/47 
s 502
f 297/301/306 298/303/308 173/173/178 
s 503
f 20/20/22 300/305/310 23/23/25 
s 504
f 158/158/163 301/306/311 299/304/309 
s 505
f 46/46/49 44/44/47 300/305/310 
s 506
f 44/44/47 90/90/94 188/188/193 
s 507
f 46/46/49 300/305/310 20/20/22 
s 508
f 158/158/163 302/307/312 301/306/311 
s 509
f 299/304/309 301/306/311 303/308/313 
s 510
f 6/6/6 46/46/49 20/20/22 
s 511
f 12/12/13 6/6/6 20/20/22 
s 512
f 161/161/166 302/307/314 158/158/315 
s 513
f 299/304/309 303/308/313 296/300/305 
s 514
f 161/161/166 304/309/316 302/307/314 
s 515
f 296/300/305 303/308/313 305/310/317 
s 516
f 305/310/317 291/302/307 296/300/305 
s 517
f 162/162/167 304/309/316 161/161/166 
s 518
f 306/311/318 304/309/316 162/162/167 
s 519
f 306/311/318 162/162/167 165/165/170 
s 520
f 307/312/319 304/309/316 306/311/318 
s 521
f 165/165/170 176/176/181 306/311/318 
s 522
f 176/176/181 307/312/319 306/311/318 
s 523
f 184/184/189 307/312/319 176/176/181 
s 524
f 76/76/80 62/62/66 57/57/61 
s 525
f 76/76/80 57/57/61 53/53/56 
s 526
f 61/61/65 76/76/80 53/53/56 
s 527
f 117/117/122 95/95/100 92/92/97 
s 528
f 117/117/122 92/92/97 70/70/74 
s 529
f 70/70/74 92/92/97 73/73/77 
s 530
f 92/92/97 71/71/75 73/73/77 
s 531
f 48/48/51 308/313/320 45/45/48 
s 532
f 54/54/57 308/313/320 48/48/51 
s 533
f 45/45/48 308/313/320 31/31/33 
s 534
f 63/63/67 308/313/320 54/54/57 
s 535
f 45/45/48 31/31/33 25/25/27 
s 536
f 63/63/67 309/314/321 308/313/320 
s 537
f 308/313/320 309/314/321 31/31/33 
s 538
f 78/78/82 309/314/321 63/63/67 
s 539
f 31/31/33 309/314/321 28/28/30 
s 540
f 66/66/70 78/78/82 63/63/67 
s 541
f 309/314/321 310/315/322 28/28/30 
s 542
f 78/78/82 311/316/323 309/314/321 
s 543
f 311/316/323 310/315/322 309/314/321 
s 544
f 28/28/30 310/315/322 16/16/17 
s 545
f 24/24/26 311/316/323 78/78/82 
s 546
f 311/316/323 21/21/23 310/315/322 
s 547
f 24/24/26 21/21/23 311/316/323 
s 548
f 16/16/17 310/315/322 7/7/7 
s 549
f 21/21/23 3/3/3 310/315/322 
s 550
f 310/315/322 3/3/3 7/7/7 
s 551
f 21/21/23 10/10/11 3/3/3 
s 552
f 106/106/111 103/103/108 132/132/137 
s 553
f 132/132/137 103/103/108 98/98/103 
s 554
f 56/56/60 36/36/39 42/42/45 
s 555
f 56/56/60 42/42/45 59/59/63 
s 556
f 59/59/63 42/42/45 91/91/96 
s 557
f 91/91/96 68/68/72 59/59/63 
s 558
f 97/97/102 68/68/72 91/91/96 
s 559
f 266/266/271 270/270/275 133/133/138 
s 560
f 136/136/141 266/266/271 133/133/138 
s 561
f 88/88/92 87/87/91 312/317/324 
s 562
f 312/317/324 94/94/99 88/88/92 
s 563
f 87/87/91 313/318/325 312/317/324 
s 564
f 111/111/116 94/94/99 312/317/324 
s 565
f 87/87/91 314/319/326 313/318/325 
s 566
f 111/111/116 100/100/105 94/94/99 
s 567
f 111/111/116 312/317/324 315/320/327 
s 568
f 82/82/86 314/319/326 87/87/91 
s 569
f 312/317/324 313/318/325 316/321/328 
s 570
f 315/320/327 312/317/324 316/321/328 
s 571
f 82/82/86 84/84/88 314/319/326 
s 572
f 317/322/329 111/111/116 315/320/327 
s 573
f 108/108/113 111/111/116 317/322/329 
s 574
f 318/323/330 108/108/113 317/322/329 
s 575
f 113/113/118 108/108/113 318/323/330 
s 576
f 319/324/331 113/113/118 318/323/330 
s 577
f 156/156/161 113/113/118 319/324/331 
s 578
f 159/159/164 156/156/161 319/324/331 
s 579
f 320/325/332 150/150/155 159/159/164 
s 580
f 144/144/149 150/150/155 320/325/332 
s 581
f 321/326/333 144/144/149 320/325/332 
s 582
f 142/142/147 144/144/149 321/326/333 
s 583
f 257/257/262 142/142/147 321/326/333 
s 584
f 168/168/173 154/154/159 149/149/154 
s 585
f 143/143/148 168/168/173 149/149/154 
s 586
f 146/146/151 168/168/173 143/143/148 
s 587
f 201/201/206 168/168/173 146/146/151 
s 588
f 201/201/206 146/146/151 203/203/208 
s 589
f 170/170/175 168/168/173 201/201/206 
s 590
f 203/203/208 146/146/151 151/151/156 
s 591
f 153/153/158 203/203/208 151/151/156 
s 592
f 175/175/180 203/203/208 153/153/158 
s 593
f 273/273/278 265/265/270 261/261/266 
s 594
f 261/261/266 249/249/254 273/273/278 
s 595
f 273/273/278 249/249/254 252/252/257 
s 596
f 101/101/106 96/96/101 180/180/185 
s 597
f 180/180/185 96/96/101 104/104/109 
s 598
f 112/112/117 180/180/185 104/104/109 
s 599
f 124/124/129 180/180/185 112/112/117 
s 600
f 124/124/129 129/129/134 180/180/185 
s 601
f 322/327/334 323/328/335 324/329/336 
s 602
f 325/330/337 322/327/334 324/329/336 
s 603
f 324/329/336 323/328/335 326/331/338 
s 604
f 327/332/339 322/327/334 325/330/337 
s 605
f 328/333/340 324/329/336 326/331/338 
s 606
f 329/334/341 327/332/339 325/330/337 
s 607
f 330/335/342 324/329/336 328/333/340 
s 608
f 324/329/336 330/335/342 325/330/337 
s 609
f 331/336/343 327/332/339 329/334/341 
s 610
f 325/330/337 330/335/342 332/337/344 
s 611
f 332/337/344 329/334/341 325/330/337 
s 612
f 333/338/345 331/336/343 329/334/341 
s 613
f 334/339/346 329/334/341 332/337/344 
s 614
f 334/339/346 333/338/345 329/334/341 
s 615
f 335/340/347 331/336/343 333/338/345 
s 616
f 336/341/348 333/338/345 334/339/346 
s 617
f 333/338/345 337/342/349 335/340/347 
s 618
f 338/343/350 333/338/345 336/341/348 
s 619
f 339/344/351 337/342/349 333/338/345 
s 620
f 339/344/351 333/338/345 338/343/350 
s 621
f 337/342/349 339/344/351 340/345/352 
s 622
f 341/346/353 339/344/351 338/343/350 
s 623
f 340/345/352 339/344/351 342/347/354 
s 624
f 342/347/354 339/344/351 341/346/353 
s 625
f 342/347/354 343/348/355 340/345/352 
s 626
f 344/349/356 342/347/354 341/346/353 
s 627
f 345/350/357 343/348/355 342/347/354 
s 628
f 345/350/357 342/347/354 344/349/356 
s 629
f 346/351/358 347/352/359 348/353/360 
s 630
f 348/353/360 343/354/361 346/351/358 
s 631
f 348/353/360 347/352/359 349/355/362 
s 632
f 346/351/358 343/354/361 345/356/363 
s 633
f 348/353/360 349/355/362 350/357/364 
s 634
f 347/352/359 351/358/365 349/355/362 
s 635
f 348/353/360 340/359/366 343/354/361 
s 636
f 350/357/364 340/359/366 348/353/360 
s 637
f 349/355/362 351/358/365 352/360/367 
s 638
f 350/357/364 349/355/362 353/361/368 
s 639
f 349/355/362 352/360/367 353/361/368 
s 640
f 350/357/364 337/362/369 340/359/366 
s 641
f 354/363/370 352/360/367 351/358/365 
s 642
f 353/361/368 355/364/371 350/357/364 
s 643
f 355/364/371 337/362/369 350/357/364 
s 644
f 356/365/372 352/360/367 354/363/370 
s 645
f 357/366/373 355/364/371 353/361/368 
s 646
f 355/364/371 335/367/374 337/362/369 
s 647
f 354/363/370 358/368/375 356/365/372 
s 648
f 353/361/368 352/360/367 359/369/376 
s 649
f 359/369/376 357/366/373 353/361/368 
s 650
f 360/370/377 335/367/374 355/364/371 
s 651
f 356/365/372 358/368/375 361/371/378 
s 652
f 356/365/372 359/369/376 352/360/367 
s 653
f 357/366/373 360/370/377 355/364/371 
s 654
f 360/370/377 331/372/379 335/367/374 
s 655
f 362/373/380 361/371/378 358/368/375 
s 656
f 363/374/381 357/366/373 359/369/376 
s 657
f 364/375/382 360/370/377 357/366/373 
s 658
f 365/376/383 331/372/379 360/370/377 
s 659
f 366/377/384 361/371/378 362/373/380 
s 660
f 363/374/381 364/375/382 357/366/373 
s 661
f 360/370/377 364/375/382 365/376/383 
s 662
f 365/376/383 327/378/385 331/372/379 
s 663
f 361/371/378 366/377/384 367/379/386 
s 664
f 368/380/387 364/375/382 363/374/381 
s 665
f 365/376/383 364/375/382 369/381/388 
s 666
f 370/382/389 327/378/385 365/376/383 
s 667
f 367/379/386 366/377/384 371/383/390 
s 668
f 364/375/382 368/380/387 369/381/388 
s 669
f 365/376/383 369/381/388 370/382/389 
s 670
f 370/382/389 372/384/391 327/378/385 
s 671
f 373/385/392 371/383/390 366/377/384 
s 672
f 369/381/388 368/380/387 374/386/393 
s 673
f 370/382/389 369/381/388 375/387/394 
s 674
f 375/387/394 372/384/391 370/382/389 
s 675
f 376/388/395 371/383/390 373/385/392 
s 676
f 377/389/396 374/386/393 368/380/387 
s 677
f 369/381/388 374/386/393 375/387/394 
s 678
f 378/390/397 372/384/391 375/387/394 
s 679
f 371/383/390 379/391/398 367/379/386 
s 680
f 377/389/396 368/380/387 380/392/399 
s 681
f 372/384/391 378/390/397 381/393/400 
s 682
f 382/394/401 379/391/398 371/383/390 
s 683
f 379/391/398 377/389/396 380/392/399 
s 684
f 379/391/398 380/392/399 367/379/386 
s 685
f 371/383/390 376/388/395 382/394/401 
s 686
f 381/393/400 378/390/397 383/395/402 
s 687
f 382/394/401 384/396/403 379/391/398 
s 688
f 384/396/403 377/389/396 379/391/398 
s 689
f 367/379/386 380/392/399 385/397/404 
s 690
f 386/398/405 378/390/397 375/387/394 
s 691
f 387/399/406 384/396/403 382/394/401 
s 692
f 385/397/404 361/371/378 367/379/386 
s 693
f 375/387/394 374/386/393 386/398/405 
s 694
f 387/399/406 388/400/407 384/396/403 
s 695
f 356/365/372 361/371/378 385/397/404 
s 696
f 389/401/408 387/399/406 382/394/401 
s 697
f 390/402/409 378/390/397 386/398/405 
s 698
f 385/397/404 359/369/376 356/365/372 
s 699
f 391/403/410 387/399/406 389/401/408 
s 700
f 378/390/397 390/402/409 383/395/402 
s 701
f 385/397/404 363/374/381 359/369/376 
s 702
f 392/404/411 391/403/410 389/401/408 
s 703
f 393/405/412 388/400/407 387/399/406 
s 704
f 380/392/399 363/374/381 385/397/404 
s 705
f 394/406/413 391/403/410 392/404/411 
s 706
f 391/403/410 393/405/412 387/399/406 
s 707
f 393/405/412 395/407/414 388/400/407 
s 708
f 380/392/399 368/380/387 363/374/381 
s 709
f 396/408/415 394/406/413 392/404/411 
s 710
f 397/409/416 395/407/414 393/405/412 
s 711
f 398/410/417 388/400/407 395/407/414 
s 712
f 394/406/413 399/411/418 391/403/410 
s 713
f 392/404/411 389/401/408 400/412/419 
s 714
f 399/411/418 397/409/416 393/405/412 
s 715
f 397/409/416 401/413/420 395/407/414 
s 716
f 399/411/418 393/405/412 391/403/410 
s 717
f 396/408/415 392/404/411 402/414/421 
s 718
f 402/414/421 392/404/411 400/412/419 
s 719
f 403/415/422 401/413/420 397/409/416 
s 720
f 404/416/423 399/411/418 394/406/413 
s 721
f 400/412/419 405/417/424 402/414/421 
s 722
f 403/415/422 406/418/425 401/413/420 
s 723
f 404/416/423 407/419/426 399/411/418 
s 724
f 407/419/426 403/415/422 397/409/416 
s 725
f 408/420/427 405/417/424 400/412/419 
s 726
f 409/421/428 401/413/420 406/418/425 
s 727
f 407/419/426 397/409/416 399/411/418 
s 728
f 376/388/395 408/420/427 400/412/419 
s 729
f 409/421/428 406/418/425 410/422/429 
s 730
f 411/423/430 407/419/426 404/416/423 
s 731
f 373/385/392 408/420/427 376/388/395 
s 732
f 412/424/431 401/413/420 409/421/428 
s 733
f 413/425/432 411/423/430 404/416/423 
s 734
f 408/420/427 373/385/392 414/426/433 
s 735
f 401/413/420 412/424/431 395/407/414 
s 736
f 413/425/432 404/416/423 415/427/434 
s 737
f 416/428/435 408/420/427 414/426/433 
s 738
f 414/426/433 373/385/392 417/429/436 
s 739
f 395/407/414 412/424/431 398/410/417 
s 740
f 415/427/434 404/416/423 394/406/413 
s 741
f 405/417/424 408/420/427 416/428/435 
s 742
f 366/377/384 417/429/436 373/385/392 
s 743
f 415/427/434 418/430/437 413/425/432 
s 744
f 416/428/435 419/431/438 405/417/424 
s 745
f 362/373/380 417/429/436 366/377/384 
s 746
f 415/427/434 394/406/413 396/408/415 
s 747
f 413/425/432 418/430/437 420/432/439 
s 748
f 405/417/424 419/431/438 421/433/440 
s 749
f 418/430/437 415/427/434 422/434/441 
s 750
f 422/434/441 415/427/434 396/408/415 
s 751
f 413/425/432 420/432/439 423/435/442 
s 752
f 421/433/440 419/431/438 424/436/443 
s 753
f 425/437/444 418/430/437 422/434/441 
s 754
f 423/435/442 411/423/430 413/425/432 
s 755
f 405/417/424 421/433/440 402/414/421 
s 756
f 426/438/445 418/430/437 425/437/444 
s 757
f 418/430/437 426/438/445 420/432/439 
s 758
f 423/435/442 427/439/446 411/423/430 
s 759
f 402/414/421 421/433/440 428/440/447 
s 760
f 422/434/441 396/408/415 428/440/447 
s 761
f 423/435/442 420/432/439 429/441/448 
s 762
f 427/439/446 430/442/449 411/423/430 
s 763
f 428/440/447 396/408/415 402/414/421 
s 764
f 431/443/450 427/439/446 423/435/442 
s 765
f 429/441/448 431/443/450 423/435/442 
s 766
f 427/439/446 432/444/451 430/442/449 
s 767
f 428/440/447 421/433/440 433/445/452 
s 768
f 433/445/452 422/434/441 428/440/447 
s 769
f 431/443/450 434/446/453 427/439/446 
s 770
f 434/446/453 432/444/451 427/439/446 
s 771
f 411/423/430 430/442/449 407/419/426 
s 772
f 425/437/444 422/434/441 433/445/452 
s 773
f 434/446/453 435/447/454 432/444/451 
s 774
f 436/448/455 434/446/453 431/443/450 
s 775
f 430/442/449 403/415/422 407/419/426 
s 776
f 433/445/452 421/433/440 424/436/443 
s 777
f 436/448/455 437/449/456 434/446/453 
s 778
f 437/449/456 435/447/454 434/446/453 
s 779
f 430/442/449 438/450/457 403/415/422 
s 780
f 432/444/451 438/450/457 430/442/449 
s 781
f 424/436/443 439/451/458 433/445/452 
s 782
f 435/447/454 440/452/459 432/444/451 
s 783
f 438/450/457 406/418/425 403/415/422 
s 784
f 441/453/460 439/451/458 424/436/443 
s 785
f 437/449/456 442/454/461 435/447/454 
s 786
f 432/444/451 440/452/459 438/450/457 
s 787
f 424/436/443 419/431/438 441/453/460 
s 788
f 443/455/462 437/449/456 436/448/455 
s 789
f 435/447/454 442/454/461 444/456/463 
s 790
f 444/456/463 440/452/459 435/447/454 
s 791
f 440/452/459 445/457/464 438/450/457 
s 792
f 438/450/457 445/457/464 406/418/425 
s 793
f 443/455/462 446/458/465 437/449/456 
s 794
f 437/449/456 446/458/465 442/454/461 
s 795
f 442/454/461 447/459/466 444/456/463 
s 796
f 440/452/459 448/460/467 445/457/464 
s 797
f 436/448/455 449/461/468 443/455/462 
s 798
f 446/458/465 450/462/469 442/454/461 
s 799
f 448/460/467 440/452/459 444/456/463 
s 800
f 442/454/461 450/462/469 447/459/466 
s 801
f 436/448/455 451/463/470 449/461/468 
s 802
f 445/457/464 448/460/467 452/464/471 
s 803
f 444/456/463 447/459/466 453/465/472 
s 804
f 431/443/450 451/463/470 436/448/455 
s 805
f 445/457/464 452/464/471 410/422/429 
s 806
f 453/465/472 448/460/467 444/456/463 
s 807
f 451/463/470 431/443/450 429/441/448 
s 808
f 410/422/429 406/418/425 445/457/464 
s 809
f 447/459/466 454/466/473 453/465/472 
s 810
f 451/463/470 455/467/474 449/461/468 
s 811
f 410/422/429 452/464/471 456/468/475 
s 812
f 447/459/466 457/469/476 454/466/473 
s 813
f 455/467/474 451/463/470 458/470/477 
s 814
f 458/470/477 451/463/470 429/441/448 
s 815
f 452/464/471 459/471/478 456/468/475 
s 816
f 457/469/476 460/472/479 454/466/473 
s 817
f 429/441/448 461/473/480 458/470/477 
s 818
f 452/464/471 462/474/481 459/471/478 
s 819
f 457/469/476 463/475/482 460/472/479 
s 820
f 420/432/439 461/473/480 429/441/448 
s 821
f 448/460/467 462/474/481 452/464/471 
s 822
f 464/476/483 463/475/482 457/469/476 
s 823
f 420/432/439 426/438/445 461/473/480 
s 824
f 462/474/481 448/460/467 453/465/472 
s 825
f 464/476/483 465/477/484 463/475/482 
s 826
f 450/462/469 464/476/483 457/469/476 
s 827
f 461/473/480 466/478/485 458/470/477 
s 828
f 467/479/486 462/474/481 453/465/472 
s 829
f 450/462/469 457/469/476 447/459/466 
s 830
f 426/438/445 468/480/487 461/473/480 
s 831
f 461/473/480 468/480/487 466/478/485 
s 832
f 469/481/488 462/474/481 467/479/486 
s 833
f 470/482/489 464/476/483 450/462/469 
s 834
f 468/480/487 426/438/445 471/483/490 
s 835
f 462/474/481 469/481/488 459/471/478 
s 836
f 446/458/465 470/482/489 450/462/469 
s 837
f 468/480/487 472/484/491 466/478/485 
s 838
f 471/483/490 426/438/445 425/437/444 
s 839
f 473/485/492 470/482/489 446/458/465 
s 840
f 472/484/491 468/480/487 474/486/493 
s 841
f 474/486/493 468/480/487 471/483/490 
s 842
f 466/478/485 472/484/491 475/487/494 
s 843
f 443/455/462 473/485/492 446/458/465 
s 844
f 471/483/490 476/488/495 474/486/493 
s 845
f 471/483/490 425/437/444 476/488/495 
s 846
f 466/478/485 475/487/494 477/489/496 
s 847
f 478/490/497 473/485/492 443/455/462 
s 848
f 474/486/493 476/488/495 479/491/498 
s 849
f 458/470/477 466/478/485 477/489/496 
s 850
f 443/455/462 449/461/468 478/490/497 
s 851
f 478/490/497 480/492/499 473/485/492 
s 852
f 476/488/495 439/451/458 479/491/498 
s 853
f 477/489/496 475/487/494 481/493/500 
s 854
f 449/461/468 482/494/501 478/490/497 
s 855
f 433/445/452 439/451/458 476/488/495 
s 856
f 477/489/496 455/467/474 458/470/477 
s 857
f 449/461/468 455/467/474 482/494/501 
s 858
f 478/490/497 482/494/501 483/495/502 
s 859
f 483/495/502 480/492/499 478/490/497 
s 860
f 476/488/495 425/437/444 433/445/452 
s 861
f 484/496/503 455/467/474 477/489/496 
s 862
f 455/467/474 484/496/503 482/494/501 
s 863
f 481/493/500 484/496/503 477/489/496 
s 864
f 483/495/502 485/497/504 480/492/499 
s 865
f 479/491/498 439/451/458 486/498/505 
s 866
f 487/499/506 484/496/503 481/493/500 
s 867
f 482/494/501 485/500/507 483/495/502 
s 868
f 480/492/499 485/497/504 488/501/508 
s 869
f 486/498/505 439/451/458 441/453/460 
s 870
f 482/494/501 484/496/503 489/502/509 
s 871
f 489/502/509 485/500/507 482/494/501 
s 872
f 484/496/503 487/499/506 489/502/509 
s 873
f 488/501/508 490/503/510 480/492/499 
s 874
f 485/497/504 487/504/511 488/501/508 
s 875
f 489/502/509 487/499/506 485/500/507 
s 876
f 488/501/508 487/504/511 490/503/510 
s 877
f 480/492/499 490/503/510 491/505/512 
s 878
f 487/504/511 481/506/513 490/503/510 
s 879
f 480/492/499 491/505/512 473/485/492 
s 880
f 490/503/510 481/506/513 492/507/514 
s 881
f 490/503/510 492/507/514 491/505/512 
s 882
f 473/485/492 491/505/512 470/482/489 
s 883
f 481/506/513 475/508/515 492/507/514 
s 884
f 491/505/512 493/509/516 470/482/489 
s 885
f 491/505/512 492/507/514 493/509/516 
s 886
f 492/507/514 475/508/515 494/510/517 
s 887
f 492/507/514 494/510/517 493/509/516 
s 888
f 470/482/489 493/509/516 464/476/483 
s 889
f 475/508/515 472/511/518 494/510/517 
s 890
f 493/509/516 465/477/484 464/476/483 
s 891
f 493/509/516 494/510/517 465/477/484 
s 892
f 494/510/517 472/511/518 495/512/519 
s 893
f 494/510/517 495/512/519 465/477/484 
s 894
f 472/511/518 474/513/520 495/512/519 
s 895
f 465/477/484 495/512/519 496/514/521 
s 896
f 495/512/519 474/513/520 497/515/522 
s 897
f 495/512/519 497/515/522 496/514/521 
s 898
f 465/477/484 496/514/521 463/475/482 
s 899
f 474/513/520 498/516/523 497/515/522 
s 900
f 463/475/482 496/514/521 499/517/524 
s 901
f 479/518/525 498/516/523 474/513/520 
s 902
f 496/514/521 497/515/522 500/519/526 
s 903
f 496/514/521 500/519/526 499/517/524 
s 904
f 497/515/522 498/516/523 500/519/526 
s 905
f 463/475/482 499/517/524 460/472/479 
s 906
f 479/518/525 501/520/527 498/516/523 
s 907
f 499/517/524 500/519/526 502/521/528 
s 908
f 460/472/479 499/517/524 503/522/529 
s 909
f 499/517/524 502/521/528 503/522/529 
s 910
f 486/523/530 501/520/527 479/518/525 
s 911
f 498/516/523 501/520/527 504/524/531 
s 912
f 500/519/526 504/524/531 502/521/528 
s 913
f 460/472/479 503/522/529 505/525/532 
s 914
f 486/523/530 441/526/533 501/520/527 
s 915
f 500/519/526 498/516/523 504/524/531 
s 916
f 454/466/473 460/472/479 505/525/532 
s 917
f 505/525/532 503/522/529 506/527/534 
s 918
f 504/524/531 501/520/527 507/528/535 
s 919
f 501/520/527 441/526/533 507/528/535 
s 920
f 454/466/473 505/525/532 467/479/486 
s 921
f 503/522/529 508/529/536 506/527/534 
s 922
f 503/522/529 502/521/528 508/529/536 
s 923
f 419/530/537 507/528/535 441/526/533 
s 924
f 505/525/532 506/527/534 509/531/538 
s 925
f 467/479/486 505/525/532 509/531/538 
s 926
f 502/521/528 510/532/539 508/529/536 
s 927
f 502/521/528 504/524/531 510/532/539 
s 928
f 511/533/540 507/528/535 419/530/537 
s 929
f 453/465/472 454/466/473 467/479/486 
s 930
f 506/527/534 508/529/536 512/534/541 
s 931
f 510/532/539 504/524/531 511/533/540 
s 932
f 511/533/540 504/524/531 507/528/535 
s 933
f 511/533/540 419/530/537 513/535/542 
s 934
f 509/531/538 506/527/534 514/536/543 
s 935
f 506/527/534 512/534/541 514/536/543 
s 936
f 510/532/539 511/533/540 515/537/544 
s 937
f 508/529/536 515/537/544 512/534/541 
s 938
f 515/537/544 511/533/540 513/535/542 
s 939
f 509/531/538 469/481/488 467/479/486 
s 940
f 508/529/536 510/532/539 515/537/544 
s 941
f 514/536/543 512/534/541 516/538/545 
s 942
f 517/539/546 469/481/488 509/531/538 
s 943
f 515/537/544 513/535/542 518/540/547 
s 944
f 514/536/543 517/539/546 509/531/538 
s 945
f 512/534/541 518/540/547 516/538/545 
s 946
f 469/481/488 517/539/546 519/541/548 
s 947
f 512/534/541 515/537/544 518/540/547 
s 948
f 520/542/549 517/539/546 514/536/543 
s 949
f 516/538/545 520/542/549 514/536/543 
s 950
f 459/471/478 469/481/488 519/541/548 
s 951
f 518/540/547 513/535/542 521/543/550 
s 952
f 516/538/545 518/540/547 522/544/551 
s 953
f 517/539/546 520/542/549 523/545/552 
s 954
f 519/541/548 517/539/546 523/545/552 
s 955
f 513/535/542 416/546/553 521/543/550 
s 956
f 518/540/547 521/543/550 522/544/551 
s 957
f 523/545/552 520/542/549 524/547/554 
s 958
f 519/541/548 525/548/555 459/471/478 
s 959
f 521/543/550 416/546/553 414/549/556 
s 960
f 513/535/542 419/530/537 416/546/553 
s 961
f 520/542/549 526/550/557 524/547/554 
s 962
f 522/544/551 526/550/557 516/538/545 
s 963
f 521/543/550 414/549/556 527/551/558 
s 964
f 456/468/475 459/471/478 525/548/555 
s 965
f 522/544/551 521/543/550 527/551/558 
s 966
f 526/550/557 520/542/549 516/538/545 
s 967
f 456/468/475 525/548/555 528/552/559 
s 968
f 529/553/560 526/550/557 522/544/551 
s 969
f 527/551/558 529/553/560 522/544/551 
s 970
f 527/551/558 414/549/556 417/554/561 
s 971
f 528/552/559 410/422/429 456/468/475 
s 972
f 524/547/554 526/550/557 530/555/562 
s 973
f 526/550/557 529/553/560 530/555/562 
s 974
f 531/556/563 529/553/560 527/551/558 
s 975
f 417/554/561 531/556/563 527/551/558 
s 976
f 532/557/564 410/422/429 528/552/559 
s 977
f 530/555/562 533/558/565 524/547/554 
s 978
f 362/559/566 531/556/563 417/554/561 
s 979
f 532/557/564 528/552/559 534/560/567 
s 980
f 530/555/562 529/553/560 535/561/568 
s 981
f 531/556/563 362/559/566 536/562/569 
s 982
f 534/560/567 537/563/570 532/557/564 
s 983
f 537/563/570 410/422/429 532/557/564 
s 984
f 529/553/560 531/556/563 535/561/568 
s 985
f 536/562/569 362/559/566 358/564/571 
s 986
f 383/395/402 537/563/570 534/560/567 
s 987
f 409/421/428 410/422/429 537/563/570 
s 988
f 535/561/568 531/556/563 536/562/569 
s 989
f 536/562/569 358/564/571 538/565/572 
s 990
f 539/566/573 383/395/402 534/560/567 
s 991
f 383/395/402 390/402/409 537/563/570 
s 992
f 535/561/568 540/567/574 530/555/562 
s 993
f 541/568/575 536/562/569 538/565/572 
s 994
f 381/393/400 383/395/402 539/566/573 
s 995
f 541/568/575 540/567/574 535/561/568 
s 996
f 540/567/574 533/558/565 530/555/562 
s 997
f 535/561/568 536/562/569 541/568/575 
s 998
f 539/566/573 326/569/576 381/393/400 
s 999
f 540/567/574 541/568/575 542/570/577 
s 1000
f 533/558/565 540/567/574 543/571/578 
s 1001
f 541/568/575 538/565/572 544/572/579 
s 1002
f 381/393/400 326/569/576 323/573/580 
s 1003
f 542/570/577 541/568/575 544/572/579 
s 1004
f 543/571/578 540/567/574 542/570/577 
s 1005
f 544/572/579 538/565/572 545/574/581 
s 1006
f 546/575/582 326/569/576 539/566/573 
s 1007
f 543/571/578 542/570/577 547/576/583 
s 1008
f 544/572/579 545/574/581 548/577/584 
s 1009
f 539/566/573 549/578/585 546/575/582 
s 1010
f 550/579/586 543/571/578 547/576/583 
s 1011
f 542/570/577 544/572/579 551/580/587 
s 1012
f 551/580/587 544/572/579 548/577/584 
s 1013
f 549/578/585 552/581/588 546/575/582 
s 1014
f 553/582/589 543/571/578 550/579/586 
s 1015
f 547/576/583 542/570/577 551/580/587 
s 1016
f 534/560/567 549/578/585 539/566/573 
s 1017
f 554/583/590 553/582/589 550/579/586 
s 1018
f 550/579/586 547/576/583 555/584/591 
s 1019
f 547/576/583 551/580/587 556/585/592 
s 1020
f 549/578/585 557/586/593 552/581/588 
s 1021
f 558/587/594 553/582/589 554/583/590 
s 1022
f 555/584/591 547/576/583 556/585/592 
s 1023
f 528/552/559 557/586/593 549/578/585 
s 1024
f 557/586/593 558/587/594 552/581/588 
s 1025
f 552/581/588 558/587/594 554/583/590 
s 1026
f 534/560/567 528/552/559 549/578/585 
s 1027
f 559/588/595 550/579/586 555/584/591 
s 1028
f 552/581/588 554/583/590 560/589/596 
s 1029
f 558/587/594 561/590/597 553/582/589 
s 1030
f 554/583/590 550/579/586 559/588/595 
s 1031
f 555/584/591 332/591/598 559/588/595 
s 1032
f 560/589/596 554/583/590 559/588/595 
s 1033
f 562/592/599 561/590/597 558/587/594 
s 1034
f 557/586/593 562/592/599 558/587/594 
s 1035
f 334/593/600 332/591/598 555/584/591 
s 1036
f 559/588/595 332/591/598 560/589/596 
s 1037
f 562/592/599 523/545/552 561/590/597 
s 1038
f 525/548/555 562/592/599 557/586/593 
s 1039
f 556/585/592 334/593/600 555/584/591 
s 1040
f 546/575/582 552/581/588 560/589/596 
s 1041
f 562/592/599 525/548/555 519/541/548 
s 1042
f 519/541/548 523/545/552 562/592/599 
s 1043
f 528/552/559 525/548/555 557/586/593 
s 1044
f 560/589/596 330/594/601 546/575/582 
s 1045
f 560/589/596 332/591/598 330/594/601 
s 1046
f 524/547/554 561/590/597 523/545/552 
s 1047
f 336/595/602 334/593/600 556/585/592 
s 1048
f 546/575/582 330/594/601 328/596/603 
s 1049
f 533/558/565 561/590/597 524/547/554 
s 1050
f 563/597/604 336/595/602 556/585/592 
s 1051
f 328/596/603 326/569/576 546/575/582 
s 1052
f 561/590/597 533/558/565 553/582/589 
s 1053
f 556/585/592 551/580/587 563/597/604 
s 1054
f 338/598/605 336/595/602 563/597/604 
s 1055
f 553/582/589 533/558/565 543/571/578 
s 1056
f 551/580/587 548/577/584 563/597/604 
s 1057
f 564/599/606 338/598/605 563/597/604 
s 1058
f 563/597/604 548/577/584 564/599/606 
s 1059
f 341/600/607 338/598/605 564/599/606 
s 1060
f 548/577/584 565/601/608 564/599/606 
s 1061
f 566/602/609 341/600/607 564/599/606 
s 1062
f 564/599/606 565/601/608 566/602/609 
s 1063
f 548/577/584 545/574/581 565/601/608 
s 1064
f 344/603/610 341/600/607 566/602/609 
s 1065
f 545/574/581 351/604/611 565/601/608 
s 1066
f 566/602/609 346/605/612 344/603/610 
s 1067
f 545/574/581 354/606/613 351/604/611 
s 1068
f 565/601/608 347/607/614 566/602/609 
s 1069
f 566/602/609 347/607/614 346/605/612 
s 1070
f 565/601/608 351/604/611 347/607/614 
s 1071
f 344/603/610 346/605/612 345/608/615 
s 1072
f 538/565/572 354/606/613 545/574/581 
s 1073
f 538/565/572 358/564/571 354/606/613 
s 1074
f 400/412/419 389/401/408 376/388/395 
s 1075
f 382/394/401 376/388/395 389/401/408 
s 1076
f 567/609/616 388/400/407 398/410/417 
s 1077
f 567/609/616 384/396/403 388/400/407 
s 1078
f 398/410/417 386/398/405 567/609/616 
s 1079
f 377/389/396 384/396/403 567/609/616 
s 1080
f 398/410/417 390/402/409 386/398/405 
s 1081
f 567/609/616 374/386/393 377/389/396 
s 1082
f 567/609/616 386/398/405 374/386/393 
s 1083
f 412/424/431 390/402/409 398/410/417 
s 1084
f 412/424/431 537/563/570 390/402/409 
s 1085
f 409/421/428 537/563/570 412/424/431 
s 1086
f 372/384/391 381/393/400 322/610/617 
s 1087
f 327/378/385 372/384/391 322/610/617 
s 1088
f 322/610/617 381/393/400 323/573/580 
s 1089
f 568/611/618 569/612/618 570/613/618 
s 1090
f 571/614/618 568/611/618 570/613/618 
s 1091
f 570/613/618 569/612/618 572/615/618 
s 1092
f 571/614/618 570/613/618 573/616/618 
s 1093
f 574/617/618 568/611/618 571/614/618 
s 1094
f 569/612/618 575/618/618 572/615/618 
s 1095
f 570/613/618 572/615/618 576/619/618 
s 1096
f 573/616/618 570/613/618 576/619/618 
s 1097
f 572/615/618 575/618/618 577/620/618 
s 1098
f 578/621/618 573/616/618 576/619/618 
s 1099
f 576/619/618 572/615/618 579/622/618 
s 1100
f 572/615/618 577/620/618 579/622/618 
s 1101
f 575/618/618 580/623/618 577/620/618 
s 1102
f 578/621/618 576/619/618 581/624/618 
s 1103
f 582/625/618 573/616/618 578/621/618 
s 1104
f 581/624/618 576/619/618 579/622/618 
s 1105
f 577/620/618 580/623/618 583/626/618 
s 1106
f 584/627/618 582/625/618 578/621/618 
s 1107
f 585/628/618 578/621/618 581/624/618 
s 1108
f 579/622/618 586/629/618 581/624/618 
s 1109
f 577/620/618 583/626/618 587/630/618 
s 1110
f 584/627/618 578/621/618 585/628/618 
s 1111
f 587/630/618 586/629/618 579/622/618 
s 1112
f 585/628/618 581/624/618 588/631/618 
s 1113
f 579/622/618 577/620/618 587/630/618 
s 1114
f 589/632/618 584/627/618 585/628/618 
s 1115
f 588/631/618 581/624/618 586/629/618 
s 1116
f 587/630/618 583/626/618 590/633/618 
s 1117
f 591/634/618 584/627/618 589/632/618 
s 1118
f 586/629/618 592/635/618 588/631/618 
s 1119
f 587/630/618 590/633/618 586/629/618 
s 1120
f 589/632/618 585/628/618 593/636/618 
s 1121
f 591/634/618 594/637/618 584/627/618 
s 1122
f 593/636/618 585/628/618 588/631/618 
s 1123
f 586/629/618 590/633/618 592/635/618 
s 1124
f 595/638/618 591/634/618 589/632/618 
s 1125
f 596/639/618 593/636/618 588/631/618 
s 1126
f 594/637/618 582/625/618 584/627/618 
s 1127
f 588/631/618 592/635/618 596/639/618 
s 1128
f 597/640/618 591/634/618 595/638/618 
s 1129
f 598/641/618 594/637/618 591/634/618 
s 1130
f 599/642/618 593/636/618 596/639/618 
s 1131
f 595/638/618 589/632/618 600/643/618 
s 1132
f 591/634/618 597/640/618 598/641/618 
s 1133
f 593/636/618 599/642/618 600/643/618 
s 1134
f 600/643/618 589/632/618 593/636/618 
s 1135
f 601/644/618 597/640/618 595/638/618 
s 1136
f 598/641/618 597/640/618 602/645/618 
s 1137
f 600/643/618 599/642/618 603/646/618 
s 1138
f 604/647/618 597/640/618 601/644/618 
s 1139
f 601/644/618 595/638/618 605/648/618 
s 1140
f 604/647/618 602/645/618 597/640/618 
s 1141
f 600/643/618 603/646/618 605/648/618 
s 1142
f 605/648/618 595/638/618 600/643/618 
s 1143
f 606/649/618 604/647/618 601/644/618 
s 1144
f 607/650/618 602/645/618 604/647/618 
s 1145
f 605/648/618 603/646/618 608/651/618 
s 1146
f 609/652/618 604/647/618 606/649/618 
s 1147
f 605/648/618 610/653/618 601/644/618 
s 1148
f 604/647/618 609/652/618 607/650/618 
s 1149
f 601/644/618 610/653/618 606/649/618 
s 1150
f 608/651/618 611/654/618 605/648/618 
s 1151
f 607/650/618 609/652/618 612/655/618 
s 1152
f 610/653/618 613/656/618 606/649/618 
s 1153
f 605/648/618 611/654/618 614/657/618 
s 1154
f 605/648/618 614/657/618 610/653/618 
s 1155
f 615/658/618 612/655/618 609/652/618 
s 1156
f 606/649/618 613/656/618 616/659/618 
s 1157
f 611/654/618 617/660/618 614/657/618 
s 1158
f 615/658/618 609/652/618 616/659/618 
s 1159
f 618/661/618 612/655/618 615/658/618 
s 1160
f 616/659/618 609/652/618 606/649/618 
s 1161
f 613/656/618 619/662/618 616/659/618 
s 1162
f 614/657/618 617/660/618 620/663/618 
s 1163
f 619/662/618 615/658/618 616/659/618 
s 1164
f 621/664/618 618/661/618 615/658/618 
s 1165
f 622/665/618 619/662/618 613/656/618 
s 1166
f 617/660/618 623/666/618 620/663/618 
s 1167
f 621/664/618 615/658/618 619/662/618 
s 1168
f 624/667/618 618/661/618 621/664/618 
s 1169
f 625/668/618 622/665/618 613/656/618 
s 1170
f 620/663/618 623/666/618 626/669/618 
s 1171
f 624/667/618 621/664/618 627/670/618 
s 1172
f 625/668/618 613/656/618 628/671/618 
s 1173
f 614/657/618 620/663/618 628/671/618 
s 1174
f 623/666/618 629/672/618 626/669/618 
s 1175
f 627/670/618 621/664/618 630/673/618 
s 1176
f 619/662/618 630/673/618 621/664/618 
s 1177
f 620/663/618 626/669/618 631/674/618 
s 1178
f 628/671/618 620/663/618 631/674/618 
s 1179
f 632/675/618 629/672/618 623/666/618 
s 1180
f 633/676/618 630/673/618 619/662/618 
s 1181
f 610/653/618 614/657/618 628/671/618 
s 1182
f 628/671/618 613/656/618 610/653/618 
s 1183
f 632/675/618 634/677/618 629/672/618 
s 1184
f 633/676/618 635/678/618 630/673/618 
s 1185
f 622/665/618 633/676/618 619/662/618 
s 1186
f 631/674/618 626/669/618 636/679/618 
s 1187
f 634/677/618 637/680/618 629/672/618 
s 1188
f 638/681/618 634/677/618 632/675/618 
s 1189
f 633/676/618 639/682/618 635/678/618 
s 1190
f 626/669/618 640/683/618 636/679/618 
s 1191
f 629/672/618 637/680/618 640/683/618 
s 1192
f 641/684/618 633/676/618 622/665/618 
s 1193
f 630/673/618 635/678/618 642/685/618 
s 1194
f 629/672/618 640/683/618 626/669/618 
s 1195
f 641/684/618 643/686/618 633/676/618 
s 1196
f 643/686/618 639/682/618 633/676/618 
s 1197
f 642/685/618 635/678/618 644/687/618 
s 1198
f 645/688/618 630/673/618 642/685/618 
s 1199
f 646/689/618 643/686/618 641/684/618 
s 1200
f 639/682/618 643/686/618 647/690/618 
s 1201
f 644/687/618 635/678/618 648/691/618 
s 1202
f 645/688/618 642/685/618 649/692/618 
s 1203
f 627/670/618 630/673/618 645/688/618 
s 1204
f 647/690/618 643/686/618 650/693/618 
s 1205
f 649/692/618 642/685/618 644/687/618 
s 1206
f 643/686/618 646/689/618 650/693/618 
s 1207
f 648/691/618 651/694/618 644/687/618 
s 1208
f 647/690/618 650/693/618 652/695/618 
s 1209
f 649/692/618 644/687/618 653/696/618 
s 1210
f 650/693/618 646/689/618 654/697/618 
s 1211
f 644/687/618 651/694/618 655/698/618 
s 1212
f 652/695/618 650/693/618 656/699/618 
s 1213
f 653/696/618 644/687/618 655/698/618 
s 1214
f 657/700/618 654/697/618 646/689/618 
s 1215
f 652/695/618 656/699/618 658/701/618 
s 1216
f 650/693/618 654/697/618 656/699/618 
s 1217
f 653/696/618 655/698/618 659/702/618 
s 1218
f 657/700/618 646/689/618 660/703/618 
s 1219
f 658/701/618 656/699/618 661/704/618 
s 1220
f 656/699/618 654/697/618 662/705/618 
s 1221
f 659/702/618 655/698/618 663/706/618 
s 1222
f 655/698/618 651/694/618 663/706/618 
s 1223
f 658/701/618 661/704/618 664/707/618 
s 1224
f 656/699/618 662/705/618 661/704/618 
s 1225
f 659/702/618 663/706/618 665/708/618 
s 1226
f 663/706/618 651/694/618 666/709/618 
s 1227
f 664/707/618 661/704/618 667/710/618 
s 1228
f 661/704/618 662/705/618 668/711/618 
s 1229
f 665/708/618 663/706/618 669/712/618 
s 1230
f 663/706/618 666/709/618 669/712/618 
s 1231
f 664/707/618 667/710/618 670/713/618 
s 1232
f 668/711/618 667/710/618 661/704/618 
s 1233
f 665/708/618 669/712/618 671/714/618 
s 1234
f 669/712/618 666/709/618 672/715/618 
s 1235
f 670/713/618 667/710/618 673/716/618 
s 1236
f 674/717/618 667/710/618 668/711/618 
s 1237
f 671/714/618 669/712/618 675/718/618 
s 1238
f 672/715/618 676/719/618 669/712/618 
s 1239
f 674/717/618 673/716/618 667/710/618 
s 1240
f 677/720/618 668/711/618 662/705/618 
s 1241
f 669/712/618 676/719/618 675/718/618 
s 1242
f 678/721/618 673/716/618 674/717/618 
s 1243
f 677/720/618 662/705/618 679/722/618 
s 1244
f 680/723/618 668/711/618 677/720/618 
s 1245
f 676/719/618 681/724/618 675/718/618 
s 1246
f 680/723/618 674/717/618 668/711/618 
s 1247
f 679/722/618 662/705/618 654/697/618 
s 1248
f 673/716/618 678/721/618 682/725/618 
s 1249
f 683/726/618 674/717/618 680/723/618 
s 1250
f 679/722/618 654/697/618 657/700/618 
s 1251
f 684/727/618 673/716/618 682/725/618 
s 1252
f 683/726/618 678/721/618 674/717/618 
s 1253
f 675/718/618 681/724/618 685/728/618 
s 1254
f 684/727/618 682/725/618 686/729/618 
s 1255
f 670/713/618 673/716/618 684/727/618 
s 1256
f 682/725/618 678/721/618 687/730/618 
s 1257
f 688/731/618 675/718/618 685/728/618 
s 1258
f 686/729/618 682/725/618 689/732/618 
s 1259
f 690/733/618 678/721/618 683/726/618 
s 1260
f 687/730/618 689/732/618 682/725/618 
s 1261
f 671/714/618 675/718/618 688/731/618 
s 1262
f 690/733/618 687/730/618 678/721/618 
s 1263
f 686/729/618 689/732/618 691/734/618 
s 1264
f 692/735/618 687/730/618 690/733/618 
s 1265
f 693/736/618 689/732/618 687/730/618 
s 1266
f 692/735/618 693/736/618 687/730/618 
s 1267
f 691/734/618 689/732/618 694/737/618 
s 1268
f 689/732/618 693/736/618 694/737/618 
s 1269
f 695/738/618 693/736/618 692/735/618 
s 1270
f 694/737/618 696/739/618 691/734/618 
s 1271
f 695/738/618 697/740/618 693/736/618 
s 1272
f 694/737/618 693/736/618 697/740/618 
s 1273
f 698/741/618 696/739/618 694/737/618 
s 1274
f 697/740/618 698/741/618 694/737/618 
s 1275
f 699/742/618 697/740/618 695/738/618 
s 1276
f 696/739/618 698/741/618 700/743/618 
s 1277
f 699/742/618 701/744/618 697/740/618 
s 1278
f 701/744/618 698/741/618 697/740/618 
s 1279
f 700/743/618 698/741/618 702/745/618 
s 1280
f 698/741/618 701/744/618 702/745/618 
s 1281
f 703/746/618 701/744/618 699/742/618 
s 1282
f 704/747/618 700/743/618 702/745/618 
s 1283
f 702/745/618 701/744/618 704/747/618 
s 1284
f 703/746/618 705/748/618 701/744/618 
s 1285
f 705/748/618 700/743/618 704/747/618 
s 1286
f 701/744/618 705/748/618 704/747/618 
s 1287
f 580/749/619 575/750/620 706/751/619 
s 1288
f 707/752/621 580/749/619 706/751/619 
s 1289
f 706/751/619 575/750/620 708/753/620 
s 1290
f 583/754/621 580/749/619 707/752/621 
s 1291
f 575/750/620 569/755/622 708/753/620 
s 1292
f 709/756/623 583/754/621 707/752/621 
s 1293
f 708/753/620 569/755/622 710/757/622 
s 1294
f 590/758/623 583/754/621 709/756/623 
s 1295
f 569/755/622 568/759/624 710/757/622 
s 1296
f 711/760/625 590/758/623 709/756/623 
s 1297
f 710/757/622 568/759/624 712/761/624 
s 1298
f 592/762/625 590/758/623 711/760/625 
s 1299
f 568/759/624 574/763/626 712/761/624 
s 1300
f 712/761/624 574/763/626 713/764/626 
s 1301
f 714/765/627 592/762/625 711/760/625 
s 1302
f 596/766/627 592/762/625 714/765/627 
s 1303
f 715/767/628 596/766/627 714/765/627 
s 1304
f 599/768/628 596/766/627 715/767/628 
s 1305
f 716/769/629 599/768/628 715/767/628 
s 1306
f 603/770/629 599/768/628 716/769/629 
s 1307
f 717/771/630 603/770/629 716/769/629 
s 1308
f 608/772/630 603/770/629 717/771/630 
s 1309
f 718/773/631 608/772/630 717/771/630 
s 1310
f 611/774/631 608/772/630 718/773/631 
s 1311
f 719/775/632 611/774/631 718/773/631 
s 1312
f 617/776/632 611/774/631 719/775/632 
s 1313
f 720/777/633 617/776/632 719/775/632 
s 1314
f 623/778/633 617/776/632 720/777/633 
s 1315
f 721/779/634 623/778/633 720/777/633 
s 1316
f 632/780/634 623/778/633 721/779/634 
s 1317
f 722/781/635 632/780/634 721/779/634 
s 1318
f 638/782/635 632/780/634 722/781/635 
s 1319
f 723/783/636 638/782/635 722/781/635 
s 1320
f 634/784/636 638/782/635 723/783/636 
s 1321
f 724/785/637 634/784/636 723/783/636 
s 1322
f 637/786/637 634/784/636 724/785/637 
s 1323
f 725/787/638 637/786/637 724/785/637 
s 1324
f 640/788/638 637/786/637 725/787/638 
s 1325
f 726/789/639 640/788/638 725/787/638 
s 1326
f 636/790/639 640/788/638 726/789/639 
s 1327
f 727/791/640 636/790/639 726/789/639 
s 1328
f 631/792/640 636/790/639 727/791/640 
s 1329
f 728/793/641 631/792/640 727/791/640 
s 1330
f 628/794/641 631/792/640 728/793/641 
s 1331
f 729/795/642 628/794/641 728/793/641 
s 1332
f 625/796/642 628/794/641 729/795/642 
s 1333
f 730/797/643 625/796/642 729/795/642 
s 1334
f 731/798/643 625/796/642 730/797/643 
s 1335
f 732/799/644 731/798/643 730/797/643 
s 1336
f 660/800/644 731/798/643 732/799/644 
s 1337
f 733/801/645 660/800/644 732/799/644 
s 1338
f 657/802/645 660/800/644 733/801/645 
s 1339
f 734/803/646 657/802/645 733/801/645 
s 1340
f 679/804/646 657/802/645 734/803/646 
s 1341
f 735/805/647 679/804/646 734/803/646 
s 1342
f 677/806/647 679/804/646 735/805/647 
s 1343
f 736/807/648 677/806/647 735/805/647 
s 1344
f 680/808/648 677/806/647 736/807/648 
s 1345
f 737/809/649 680/808/648 736/807/648 
s 1346
f 683/810/649 680/808/648 737/809/649 
s 1347
f 738/811/650 683/810/649 737/809/649 
s 1348
f 690/812/650 683/810/649 738/811/650 
s 1349
f 739/813/651 690/812/650 738/811/650 
s 1350
f 692/814/651 690/812/650 739/813/651 
s 1351
f 740/815/652 692/814/651 739/813/651 
s 1352
f 695/816/652 692/814/651 740/815/652 
s 1353
f 741/817/653 695/816/652 740/815/652 
s 1354
f 699/818/653 695/816/652 741/817/653 
s 1355
f 742/819/654 699/818/653 741/817/653 
s 1356
f 703/820/654 699/818/653 742/819/654 
s 1357
f 743/821/655 703/820/654 742/819/654 
s 1358
f 705/822/655 703/820/654 743/821/655 
s 1359
f 744/823/656 705/822/655 743/821/655 
s 1360
f 700/824/656 705/822/655 744/823/656 
s 1361
f 745/825/657 700/824/656 744/823/656 
s 1362
f 696/826/657 700/824/656 745/825/657 
s 1363
f 746/827/658 696/826/657 745/825/657 
s 1364
f 691/828/658 696/826/657 746/827/658 
s 1365
f 747/829/659 691/828/658 746/827/658 
s 1366
f 686/830/659 691/828/658 747/829/659 
s 1367
f 748/831/660 686/830/659 747/829/659 
s 1368
f 684/832/660 686/830/659 748/831/660 
s 1369
f 749/833/661 684/832/660 748/831/660 
s 1370
f 670/834/661 684/832/660 749/833/661 
s 1371
f 750/835/662 670/834/661 749/833/661 
s 1372
f 664/836/662 670/834/661 750/835/662 
s 1373
f 751/837/663 664/836/662 750/835/662 
s 1374
f 658/838/663 664/836/662 751/837/663 
s 1375
f 752/839/664 658/838/663 751/837/663 
s 1376
f 652/840/664 658/838/663 752/839/664 
s 1377
f 753/841/665 652/840/664 752/839/664 
s 1378
f 647/842/665 652/840/664 753/841/665 
s 1379
f 754/843/666 647/842/665 753/841/665 
s 1380
f 639/844/666 647/842/665 754/843/666 
s 1381
f 755/845/667 639/844/666 754/843/666 
s 1382
f 635/846/667 639/844/666 755/845/667 
s 1383
f 756/847/668 635/846/667 755/845/667 
s 1384
f 648/848/668 635/846/667 756/847/668 
s 1385
f 757/849/669 648/848/668 756/847/668 
s 1386
f 651/850/669 648/848/668 757/849/669 
s 1387
f 758/851/670 651/850/669 757/849/669 
s 1388
f 666/852/670 651/850/669 758/851/670 
s 1389
f 759/853/671 666/852/670 758/851/670 
s 1390
f 672/854/671 666/852/670 759/853/671 
s 1391
f 760/855/672 672/854/671 759/853/671 
s 1392
f 676/856/672 672/854/671 760/855/672 
s 1393
f 761/857/673 676/856/672 760/855/672 
s 1394
f 681/858/673 676/856/672 761/857/673 
s 1395
f 762/859/674 681/858/673 761/857/673 
s 1396
f 685/860/674 681/858/673 762/859/674 
s 1397
f 763/861/675 685/860/674 762/859/674 
s 1398
f 688/862/675 685/860/674 763/861/675 
s 1399
f 764/863/676 688/862/675 763/861/675 
s 1400
f 671/864/676 688/862/675 764/863/676 
s 1401
f 765/865/677 671/864/676 764/863/676 
s 1402
f 665/866/677 671/864/676 765/865/677 
s 1403
f 766/867/678 665/866/677 765/865/677 
s 1404
f 659/868/678 665/866/677 766/867/678 
s 1405
f 767/869/679 659/868/678 766/867/678 
s 1406
f 653/870/679 659/868/678 767/869/679 
s 1407
f 768/871/680 653/870/679 767/869/679 
s 1408
f 649/872/680 653/870/679 768/871/680 
s 1409
f 769/873/681 649/872/680 768/871/680 
s 1410
f 645/874/681 649/872/680 769/873/681 
s 1411
f 770/875/682 645/874/681 769/873/681 
s 1412
f 627/876/682 645/874/681 770/875/682 
s 1413
f 771/877/683 627/876/682 770/875/682 
s 1414
f 624/878/683 627/876/682 771/877/683 
s 1415
f 772/879/684 624/878/683 771/877/683 
s 1416
f 618/880/684 624/878/683 772/879/684 
s 1417
f 773/881/685 618/880/684 772/879/684 
s 1418
f 612/882/685 618/880/684 773/881/685 
s 1419
f 774/883/686 612/882/685 773/881/685 
s 1420
f 607/884/686 612/882/685 774/883/686 
s 1421
f 775/885/687 607/884/686 774/883/686 
s 1422
f 602/886/687 607/884/686 775/885/687 
s 1423
f 776/887/688 602/886/687 775/885/687 
s 1424
f 598/888/688 602/886/687 776/887/688 
s 1425
f 777/889/689 598/888/688 776/887/688 
s 1426
f 594/890/689 598/888/688 777/889/689 
s 1427
f 778/891/690 594/890/689 777/889/689 
s 1428
f 582/892/690 594/890/689 778/891/690 
s 1429
f 779/893/691 582/892/690 778/891/690 
s 1430
f 573/894/691 582/892/690 779/893/691 
s 1431
f 780/895/692 573/894/691 779/893/691 
s 1432
f 571/896/692 573/894/691 780/895/692 
s 1433
f 713/897/693 571/896/692 780/895/692 
s 1434
f 574/898/693 571/896/692 713/897/693 
s 1435
f 731/899/618 622/665/618 625/668/618 
s 1436
f 731/899/618 641/684/618 622/665/618 
s 1437
f 660/703/618 641/684/618 731/899/618 
s 1438
f 660/703/618 646/689/618 641/684/618 
s 1439
f 781/900/694 710/901/694 782/902/694 
s 1440
f 783/903/694 781/900/694 782/902/694 
s 1441
f 782/902/694 710/901/694 712/904/694 
s 1442
f 784/905/694 781/900/694 783/903/694 
s 1443
f 783/903/694 782/902/694 779/906/694 
s 1444
f 710/901/694 781/900/694 708/907/694 
s 1445
f 782/902/694 712/904/694 780/908/694 
s 1446
f 783/903/694 785/909/694 784/905/694 
s 1447
f 779/906/694 782/902/694 780/908/694 
s 1448
f 781/900/694 784/905/694 786/910/694 
s 1449
f 708/907/694 781/900/694 786/910/694 
s 1450
f 780/908/694 712/904/694 713/911/694 
s 1451
f 779/906/694 787/912/694 783/903/694 
s 1452
f 787/912/694 785/909/694 783/903/694 
s 1453
f 708/907/694 786/910/694 706/913/694 
s 1454
f 785/909/694 788/914/694 784/905/694 
s 1455
f 778/915/694 787/912/694 779/906/694 
s 1456
f 706/913/694 786/910/694 707/916/694 
s 1457
f 787/912/694 789/917/694 785/909/694 
s 1458
f 784/905/694 788/914/694 790/918/694 
s 1459
f 778/915/694 791/919/694 787/912/694 
s 1460
f 786/910/694 790/918/694 707/916/694 
s 1461
f 791/919/694 789/917/694 787/912/694 
s 1462
f 786/910/694 784/905/694 790/918/694 
s 1463
f 790/918/694 788/914/694 709/920/694 
s 1464
f 707/916/694 790/918/694 709/920/694 
s 1465
f 791/919/694 792/921/694 789/917/694 
s 1466
f 777/922/694 791/919/694 778/915/694 
s 1467
f 709/920/694 788/914/694 711/923/694 
s 1468
f 788/914/694 785/909/694 793/924/694 
s 1469
f 793/924/694 785/909/694 789/917/694 
s 1470
f 777/922/694 794/925/694 791/919/694 
s 1471
f 794/925/694 792/921/694 791/919/694 
s 1472
f 788/914/694 793/924/694 711/923/694 
s 1473
f 793/924/694 789/917/694 795/926/694 
s 1474
f 776/927/694 794/925/694 777/922/694 
s 1475
f 795/926/694 789/917/694 792/921/694 
s 1476
f 711/923/694 793/924/694 714/928/694 
s 1477
f 794/925/694 776/927/694 796/929/694 
s 1478
f 793/924/694 795/926/694 714/928/694 
s 1479
f 792/921/694 794/925/694 797/930/694 
s 1480
f 797/930/694 794/925/694 796/929/694 
s 1481
f 796/929/694 776/927/694 775/931/694 
s 1482
f 714/928/694 795/926/694 715/932/694 
s 1483
f 795/926/694 792/921/694 798/933/694 
s 1484
f 798/933/694 792/921/694 797/930/694 
s 1485
f 775/931/694 799/934/694 796/929/694 
s 1486
f 795/926/694 798/933/694 715/932/694 
s 1487
f 796/929/694 800/935/694 797/930/694 
s 1488
f 799/934/694 800/935/694 796/929/694 
s 1489
f 774/936/694 799/934/694 775/931/694 
s 1490
f 715/932/694 798/933/694 716/937/694 
s 1491
f 798/933/694 797/930/694 801/938/694 
s 1492
f 801/938/694 797/930/694 800/935/694 
s 1493
f 799/934/694 774/936/694 802/939/694 
s 1494
f 798/933/694 801/938/694 716/937/694 
s 1495
f 800/935/694 799/934/694 803/940/694 
s 1496
f 803/940/694 799/934/694 802/939/694 
s 1497
f 802/939/694 774/936/694 773/941/694 
s 1498
f 716/937/694 801/938/694 717/942/694 
s 1499
f 801/938/694 800/935/694 804/943/694 
s 1500
f 804/943/694 800/935/694 803/940/694 
s 1501
f 773/941/694 805/944/694 802/939/694 
s 1502
f 717/942/694 801/938/694 718/945/694 
s 1503
f 804/943/694 803/940/694 806/946/694 
s 1504
f 772/947/694 805/944/694 773/941/694 
s 1505
f 803/940/694 802/939/694 807/948/694 
s 1506
f 718/945/694 801/938/694 808/949/694 
s 1507
f 806/946/694 803/940/694 807/948/694 
s 1508
f 807/948/694 802/939/694 805/944/694 
s 1509
f 804/943/694 808/949/694 801/938/694 
s 1510
f 718/945/694 808/949/694 719/950/694 
s 1511
f 807/948/694 809/951/694 806/946/694 
s 1512
f 807/948/694 805/944/694 809/951/694 
s 1513
f 728/952/694 808/949/694 804/943/694 
s 1514
f 772/947/694 810/953/694 805/944/694 
s 1515
f 804/943/694 806/946/694 728/952/694 
s 1516
f 719/950/694 808/949/694 811/954/694 
s 1517
f 809/951/694 805/944/694 810/953/694 
s 1518
f 771/955/694 810/953/694 772/947/694 
s 1519
f 808/949/694 728/952/694 811/954/694 
s 1520
f 719/950/694 811/954/694 720/956/694 
s 1521
f 806/946/694 809/951/694 812/957/694 
s 1522
f 771/955/694 770/958/694 810/953/694 
s 1523
f 811/954/694 728/952/694 727/959/694 
s 1524
f 728/952/694 806/946/694 729/960/694 
s 1525
f 806/946/694 812/957/694 729/960/694 
s 1526
f 809/951/694 813/961/694 812/957/694 
s 1527
f 810/953/694 770/958/694 814/962/694 
s 1528
f 811/954/694 727/959/694 815/963/694 
s 1529
f 813/961/694 809/951/694 814/962/694 
s 1530
f 720/956/694 811/954/694 815/963/694 
s 1531
f 814/962/694 809/951/694 810/953/694 
s 1532
f 770/958/694 769/964/694 814/962/694 
s 1533
f 813/961/694 814/962/694 755/965/694 
s 1534
f 815/963/694 816/966/694 720/956/694 
s 1535
f 815/963/694 727/959/694 726/967/694 
s 1536
f 814/962/694 769/964/694 817/968/694 
s 1537
f 755/965/694 814/962/694 817/968/694 
s 1538
f 720/956/694 816/966/694 721/969/694 
s 1539
f 726/967/694 725/970/694 815/963/694 
s 1540
f 817/968/694 818/971/694 755/965/694 
s 1541
f 769/964/694 768/972/694 817/968/694 
s 1542
f 815/963/694 725/970/694 816/966/694 
s 1543
f 816/966/694 723/973/694 721/969/694 
s 1544
f 817/968/694 768/972/694 818/971/694 
s 1545
f 755/965/694 818/971/694 756/974/694 
s 1546
f 725/970/694 724/975/694 816/966/694 
s 1547
f 816/966/694 724/975/694 723/973/694 
s 1548
f 721/969/694 723/973/694 722/976/694 
s 1549
f 768/972/694 767/977/694 818/971/694 
s 1550
f 818/971/694 757/978/694 756/974/694 
s 1551
f 754/979/694 813/961/694 755/965/694 
s 1552
f 818/971/694 767/977/694 819/980/694 
s 1553
f 819/980/694 757/978/694 818/971/694 
s 1554
f 820/981/694 813/961/694 754/979/694 
s 1555
f 767/977/694 766/982/694 819/980/694 
s 1556
f 819/980/694 821/983/694 757/978/694 
s 1557
f 819/980/694 766/982/694 821/983/694 
s 1558
f 753/984/694 820/981/694 754/979/694 
s 1559
f 820/981/694 822/985/694 813/961/694 
s 1560
f 757/978/694 821/983/694 758/986/694 
s 1561
f 766/982/694 765/987/694 821/983/694 
s 1562
f 823/988/694 820/981/694 753/984/694 
s 1563
f 812/957/694 813/961/694 822/985/694 
s 1564
f 821/983/694 824/989/694 758/986/694 
s 1565
f 821/983/694 765/987/694 824/989/694 
s 1566
f 825/990/694 822/985/694 820/981/694 
s 1567
f 823/988/694 825/990/694 820/981/694 
s 1568
f 812/957/694 822/985/694 730/991/694 
s 1569
f 758/986/694 824/989/694 759/992/694 
s 1570
f 826/993/694 825/990/694 823/988/694 
s 1571
f 729/960/694 812/957/694 730/991/694 
s 1572
f 730/991/694 822/985/694 732/994/694 
s 1573
f 824/989/694 760/995/694 759/992/694 
s 1574
f 822/985/694 825/990/694 732/994/694 
s 1575
f 823/988/694 827/996/694 826/993/694 
s 1576
f 828/997/694 760/995/694 824/989/694 
s 1577
f 765/987/694 764/998/694 824/989/694 
s 1578
f 732/994/694 825/990/694 733/999/694 
s 1579
f 826/993/694 733/999/694 825/990/694 
s 1580
f 824/989/694 764/998/694 828/997/694 
s 1581
f 828/997/694 761/1000/694 760/995/694 
s 1582
f 826/993/694 827/996/694 829/1001/694 
s 1583
f 734/1002/694 733/999/694 826/993/694 
s 1584
f 764/998/694 763/1003/694 828/997/694 
s 1585
f 762/1004/694 761/1000/694 828/997/694 
s 1586
f 826/993/694 829/1001/694 734/1002/694 
s 1587
f 827/996/694 830/1005/694 829/1001/694 
s 1588
f 828/997/694 763/1003/694 762/1004/694 
s 1589
f 734/1002/694 829/1001/694 735/1006/694 
s 1590
f 830/1005/694 827/996/694 751/1007/694 
s 1591
f 829/1001/694 830/1005/694 831/1008/694 
s 1592
f 829/1001/694 831/1008/694 735/1006/694 
s 1593
f 751/1007/694 827/996/694 752/1009/694 
s 1594
f 830/1005/694 832/1010/694 831/1008/694 
s 1595
f 735/1006/694 831/1008/694 736/1011/694 
s 1596
f 750/1012/694 830/1005/694 751/1007/694 
s 1597
f 827/996/694 823/988/694 752/1009/694 
s 1598
f 832/1010/694 830/1005/694 750/1012/694 
s 1599
f 831/1008/694 832/1010/694 833/1013/694 
s 1600
f 831/1008/694 833/1013/694 736/1011/694 
s 1601
f 752/1009/694 823/988/694 753/984/694 
s 1602
f 749/1014/694 832/1010/694 750/1012/694 
s 1603
f 832/1010/694 834/1015/694 833/1013/694 
s 1604
f 736/1011/694 833/1013/694 737/1016/694 
s 1605
f 834/1015/694 832/1010/694 749/1014/694 
s 1606
f 833/1013/694 834/1015/694 835/1017/694 
s 1607
f 833/1013/694 835/1017/694 737/1016/694 
s 1608
f 748/1018/694 834/1015/694 749/1014/694 
s 1609
f 834/1015/694 836/1019/694 835/1017/694 
s 1610
f 836/1019/694 834/1015/694 748/1018/694 
s 1611
f 737/1016/694 835/1017/694 738/1020/694 
s 1612
f 835/1017/694 836/1019/694 837/1021/694 
s 1613
f 835/1017/694 837/1021/694 738/1020/694 
s 1614
f 747/1022/694 836/1019/694 748/1018/694 
s 1615
f 836/1019/694 838/1023/694 837/1021/694 
s 1616
f 838/1023/694 836/1019/694 747/1022/694 
s 1617
f 738/1020/694 837/1021/694 739/1024/694 
s 1618
f 837/1021/694 838/1023/694 839/1025/694 
s 1619
f 837/1021/694 839/1025/694 739/1024/694 
s 1620
f 747/1022/694 746/1026/694 838/1023/694 
s 1621
f 838/1023/694 840/1027/694 839/1025/694 
s 1622
f 838/1023/694 746/1026/694 840/1027/694 
s 1623
f 739/1024/694 839/1025/694 740/1028/694 
s 1624
f 746/1026/694 745/1029/694 840/1027/694 
s 1625
f 839/1025/694 840/1027/694 841/1030/694 
s 1626
f 839/1025/694 841/1030/694 740/1028/694 
s 1627
f 840/1027/694 745/1029/694 842/1031/694 
s 1628
f 840/1027/694 842/1031/694 841/1030/694 
s 1629
f 740/1028/694 841/1030/694 741/1032/694 
s 1630
f 744/1033/694 842/1031/694 745/1029/694 
s 1631
f 841/1030/694 842/1031/694 843/1034/694 
s 1632
f 841/1030/694 843/1034/694 741/1032/694 
s 1633
f 844/1035/694 842/1031/694 744/1033/694 
s 1634
f 842/1031/694 844/1035/694 843/1034/694 
s 1635
f 741/1032/694 843/1034/694 742/1036/694 
s 1636
f 844/1035/694 744/1033/694 845/1037/694 
s 1637
f 843/1034/694 844/1035/694 845/1037/694 
s 1638
f 742/1036/694 843/1034/694 743/1038/694 
s 1639
f 845/1037/694 744/1033/694 743/1038/694 
s 1640
f 743/1038/694 843/1034/694 845/1037/694 
s 1641
f 846/1039/695 847/1040/696 848/1041/697 
s 1642
f 848/1041/697 849/1042/698 846/1039/695 
s 1643
f 848/1041/697 847/1040/696 850/1043/699 
s 1644
f 846/1039/695 849/1042/698 851/1044/700 
s 1645
f 848/1041/697 852/1045/701 849/1042/698 
s 1646
f 848/1041/697 850/1043/699 852/1045/701 
s 1647
f 846/1039/695 853/1046/702 847/1040/696 
s 1648
f 846/1039/695 851/1044/700 854/1047/703 
s 1649
f 849/1042/698 852/1045/701 855/1048/704 
s 1650
f 852/1045/701 850/1043/699 856/1049/705 
s 1651
f 854/1047/703 853/1046/702 846/1039/695 
s 1652
f 854/1047/703 851/1044/700 857/1050/706 
s 1653
f 852/1045/701 858/1051/707 855/1048/704 
s 1654
f 852/1045/701 856/1049/705 858/1051/707 
s 1655
f 854/1047/703 859/1052/708 853/1046/702 
s 1656
f 851/1044/700 860/1053/709 857/1050/706 
s 1657
f 855/1048/704 858/1051/707 861/1054/710 
s 1658
f 862/1055/711 859/1052/708 854/1047/703 
s 1659
f 849/1042/698 863/1056/712 851/1044/700 
s 1660
f 855/1048/704 863/1056/712 849/1042/698 
s 1661
f 857/1050/706 862/1055/711 854/1047/703 
s 1662
f 851/1044/700 863/1056/712 860/1053/709 
s 1663
f 862/1055/711 864/1057/713 859/1052/708 
s 1664
f 861/1054/710 865/1058/714 855/1048/704 
s 1665
f 866/1059/715 862/1055/711 857/1050/706 
s 1666
f 865/1058/714 863/1056/712 855/1048/704 
s 1667
f 867/1060/716 864/1057/713 862/1055/711 
s 1668
f 858/1051/707 868/1061/717 861/1054/710 
s 1669
f 865/1058/714 869/1062/718 863/1056/712 
s 1670
f 869/1062/718 860/1053/709 863/1056/712 
s 1671
f 867/1060/716 870/1063/719 864/1057/713 
s 1672
f 858/1051/707 871/1064/720 868/1061/717 
s 1673
f 872/1065/721 860/1053/709 869/1062/718 
s 1674
f 867/1060/716 873/1066/722 870/1063/719 
s 1675
f 858/1051/707 856/1049/705 871/1064/720 
s 1676
f 860/1053/709 872/1065/721 874/1067/723 
s 1677
f 862/1055/711 875/1068/724 867/1060/716 
s 1678
f 867/1060/716 875/1068/724 873/1066/722 
s 1679
f 864/1057/713 870/1063/719 876/1069/725 
s 1680
f 874/1067/723 872/1065/721 877/1070/726 
s 1681
f 866/1059/715 875/1068/724 862/1055/711 
s 1682
f 870/1063/719 873/1066/722 878/1071/727 
s 1683
f 874/1067/723 877/1070/726 879/1072/728 
s 1684
f 880/1073/729 875/1068/724 866/1059/715 
s 1685
f 870/1063/719 878/1071/727 876/1074/730 
s 1686
f 874/1067/723 879/1072/728 857/1050/706 
s 1687
f 880/1073/729 881/1075/731 875/1068/724 
s 1688
f 857/1050/706 879/1072/728 866/1059/715 
s 1689
f 876/1074/730 878/1071/727 882/1076/732 
s 1690
f 857/1050/706 860/1053/709 874/1067/723 
s 1691
f 873/1066/722 875/1068/724 883/1077/733 
s 1692
f 879/1072/728 884/1078/734 866/1059/715 
s 1693
f 866/1059/715 884/1078/734 880/1073/729 
s 1694
f 879/1072/728 877/1070/726 884/1078/734 
s 1695
f 882/1076/732 878/1071/727 885/1079/735 
s 1696
f 886/1080/736 883/1077/733 885/1079/735 
s 1697
f 883/1077/733 886/1080/736 873/1066/722 
s 1698
f 884/1078/734 887/1081/737 880/1073/729 
s 1699
f 884/1078/734 877/1070/726 887/1081/737 
s 1700
f 885/1079/735 878/1071/727 886/1080/736 
s 1701
f 885/1079/735 883/1077/733 888/1082/738 
s 1702
f 873/1066/722 886/1080/736 878/1071/727 
s 1703
f 880/1073/729 887/1081/737 881/1075/731 
s 1704
f 888/1082/738 889/1083/739 885/1079/735 
s 1705
f 883/1077/733 890/1084/740 888/1082/738 
s 1706
f 887/1081/737 877/1070/726 891/1085/741 
s 1707
f 881/1075/731 892/1086/742 890/1084/740 
s 1708
f 885/1079/735 889/1083/739 882/1087/743 
s 1709
f 881/1075/731 887/1081/737 893/1088/744 
s 1710
f 893/1088/744 887/1081/737 891/1085/741 
s 1711
f 893/1088/744 892/1086/742 881/1075/731 
s 1712
f 890/1084/740 892/1086/742 894/1089/745 
s 1713
f 888/1082/738 890/1084/740 894/1089/745 
s 1714
f 882/1087/743 889/1083/739 876/1090/746 
s 1715
f 895/1091/747 892/1086/742 893/1088/744 
s 1716
f 894/1089/745 896/1092/748 888/1082/738 
s 1717
f 883/1077/733 875/1068/724 890/1084/740 
s 1718
f 875/1068/724 881/1075/731 890/1084/740 
s 1719
f 888/1082/738 896/1092/748 889/1083/739 
s 1720
f 891/1085/741 897/1093/749 893/1088/744 
s 1721
f 893/1088/744 897/1093/749 895/1091/747 
s 1722
f 894/1089/745 892/1086/742 898/1094/750 
s 1723
f 894/1089/745 899/1095/751 896/1092/748 
s 1724
f 897/1093/749 891/1085/741 872/1065/721 
s 1725
f 900/1096/752 892/1086/742 895/1091/747 
s 1726
f 898/1094/750 899/1095/751 894/1089/745 
s 1727
f 869/1062/718 897/1093/749 872/1065/721 
s 1728
f 892/1086/742 900/1096/752 898/1094/750 
s 1729
f 872/1065/721 891/1085/741 877/1070/726 
s 1730
f 896/1092/748 899/1095/751 859/1097/753 
s 1731
f 901/1098/754 897/1093/749 869/1062/718 
s 1732
f 897/1093/749 901/1098/754 895/1091/747 
s 1733
f 898/1094/750 902/1099/755 899/1095/751 
s 1734
f 864/1100/756 896/1092/748 859/1097/753 
s 1735
f 903/1101/757 901/1098/754 869/1062/718 
s 1736
f 904/1102/758 902/1099/755 898/1094/750 
s 1737
f 898/1094/750 900/1096/752 904/1102/758 
s 1738
f 889/1083/739 896/1092/748 864/1100/756 
s 1739
f 905/1103/759 901/1098/754 903/1101/757 
s 1740
f 904/1102/758 906/1104/760 902/1099/755 
s 1741
f 876/1090/746 889/1083/739 864/1100/756 
s 1742
f 907/1105/761 905/1103/759 903/1101/757 
s 1743
f 900/1096/752 908/1106/762 904/1102/758 
s 1744
f 902/1099/755 906/1104/760 847/1107/763 
s 1745
f 907/1105/761 903/1101/757 909/1108/764 
s 1746
f 908/1106/762 900/1096/752 910/1109/765 
s 1747
f 901/1098/754 905/1103/759 910/1109/765 
s 1748
f 847/1107/763 906/1104/760 850/1110/766 
s 1749
f 909/1108/764 903/1101/757 865/1058/714 
s 1750
f 895/1091/747 901/1098/754 910/1109/765 
s 1751
f 910/1109/765 900/1096/752 895/1091/747 
s 1752
f 911/1111/767 906/1104/760 904/1102/758 
s 1753
f 904/1102/758 908/1106/762 911/1111/767 
s 1754
f 903/1101/757 869/1062/718 865/1058/714 
s 1755
f 912/1112/768 908/1106/762 910/1109/765 
s 1756
f 910/1109/765 905/1103/759 912/1112/768 
s 1757
f 906/1104/760 856/1113/769 850/1110/766 
s 1758
f 911/1111/767 913/1114/770 906/1104/760 
s 1759
f 908/1106/762 914/1115/771 911/1111/767 
s 1760
f 905/1103/759 915/1116/772 912/1112/768 
s 1761
f 913/1114/770 856/1113/769 906/1104/760 
s 1762
f 914/1115/771 908/1106/762 912/1112/768 
s 1763
f 916/1117/773 913/1114/770 911/1111/767 
s 1764
f 915/1116/772 905/1103/759 907/1105/761 
s 1765
f 911/1111/767 914/1115/771 916/1117/773 
s 1766
f 913/1114/770 871/1118/774 856/1113/769 
s 1767
f 907/1105/761 917/1119/775 915/1116/772 
s 1768
f 918/1120/776 914/1115/771 912/1112/768 
s 1769
f 919/1121/777 871/1118/774 913/1114/770 
s 1770
f 916/1117/773 919/1121/777 913/1114/770 
s 1771
f 917/1119/775 907/1105/761 920/1122/778 
s 1772
f 912/1112/768 915/1116/772 918/1120/776 
s 1773
f 921/1123/779 919/1121/777 916/1117/773 
s 1774
f 922/1124/780 917/1119/775 920/1122/778 
s 1775
f 920/1122/778 907/1105/761 909/1108/764 
s 1776
f 923/1125/781 914/1115/771 918/1120/776 
s 1777
f 914/1115/771 923/1125/781 916/1117/773 
s 1778
f 916/1117/773 923/1125/781 921/1123/779 
s 1779
f 924/1126/782 917/1119/775 922/1124/780 
s 1780
f 920/1122/778 909/1108/764 925/1127/783 
s 1781
f 926/1128/784 923/1125/781 918/1120/776 
s 1782
f 922/1124/780 927/1129/785 924/1126/782 
s 1783
f 922/1124/780 920/1122/778 928/1130/786 
s 1784
f 928/1130/786 920/1122/778 925/1127/783 
s 1785
f 929/1131/787 923/1125/781 926/1128/784 
s 1786
f 928/1130/786 927/1129/785 922/1124/780 
s 1787
f 923/1125/781 929/1131/787 921/1123/779 
s 1788
f 924/1126/782 927/1129/785 930/1132/788 
s 1789
f 929/1131/787 926/1128/784 931/1133/789 
s 1790
f 925/1127/783 932/1134/790 928/1130/786 
s 1791
f 933/1135/791 924/1126/782 930/1132/788 
s 1792
f 921/1123/779 929/1131/787 934/1136/792 
s 1793
f 929/1131/787 931/1133/789 934/1136/792 
s 1794
f 868/1061/717 932/1134/790 925/1127/783 
s 1795
f 935/1137/793 924/1126/782 933/1135/791 
s 1796
f 934/1136/792 936/1138/794 921/1123/779 
s 1797
f 861/1054/710 868/1061/717 925/1127/783 
s 1798
f 937/1139/795 924/1126/782 935/1137/793 
s 1799
f 937/1139/795 935/1137/793 926/1128/784 
s 1800
f 921/1123/779 936/1138/794 919/1121/777 
s 1801
f 868/1061/717 938/1140/796 932/1134/790 
s 1802
f 917/1119/775 924/1126/782 937/1139/795 
s 1803
f 931/1133/789 926/1128/784 939/1141/797 
s 1804
f 926/1128/784 935/1137/793 939/1141/797 
s 1805
f 868/1061/717 871/1064/720 938/1140/796 
s 1806
f 915/1116/772 917/1119/775 937/1139/795 
s 1807
f 918/1120/776 937/1139/795 926/1128/784 
s 1808
f 931/1133/789 939/1141/797 940/1142/798 
s 1809
f 932/1134/790 938/1140/796 941/1143/799 
s 1810
f 915/1116/772 937/1139/795 918/1120/776 
s 1811
f 940/1142/798 942/1144/800 931/1133/789 
s 1812
f 932/1134/790 941/1143/799 943/1145/801 
s 1813
f 940/1142/798 939/1141/797 944/1146/802 
s 1814
f 934/1136/792 931/1133/789 942/1144/800 
s 1815
f 932/1134/790 943/1145/801 928/1130/786 
s 1816
f 940/1142/798 944/1146/802 945/1147/803 
s 1817
f 942/1144/800 946/1148/804 934/1136/792 
s 1818
f 939/1141/797 933/1135/791 944/1146/802 
s 1819
f 928/1130/786 943/1145/801 947/1149/805 
s 1820
f 948/1150/806 942/1144/800 940/1142/798 
s 1821
f 935/1137/793 933/1135/791 939/1141/797 
s 1822
f 947/1149/805 927/1129/785 928/1130/786 
s 1823
f 948/1150/806 940/1142/798 949/1151/807 
s 1824
f 949/1151/807 940/1142/798 945/1147/803 
s 1825
f 933/1135/791 930/1132/788 944/1146/802 
s 1826
f 947/1149/805 930/1132/788 927/1129/785 
s 1827
f 949/1151/807 950/1152/808 948/1150/806 
s 1828
f 945/1147/803 951/1153/809 949/1151/807 
s 1829
f 945/1147/803 944/1146/802 952/1154/810 
s 1830
f 952/1154/810 930/1132/788 947/1149/805 
s 1831
f 948/1150/806 950/1152/808 953/1155/811 
s 1832
f 951/1153/809 954/1156/812 949/1151/807 
s 1833
f 944/1146/802 930/1132/788 952/1154/810 
s 1834
f 953/1155/811 942/1144/800 948/1150/806 
s 1835
f 949/1151/807 954/1156/812 950/1152/808 
s 1836
f 955/1157/813 951/1153/809 945/1147/803 
s 1837
f 950/1152/808 956/1158/814 953/1155/811 
s 1838
f 946/1148/804 942/1144/800 953/1155/811 
s 1839
f 951/1153/809 957/1159/815 954/1156/812 
s 1840
f 955/1157/813 957/1159/815 951/1153/809 
s 1841
f 954/1156/812 958/1160/816 950/1152/808 
s 1842
f 950/1152/808 958/1160/816 956/1158/814 
s 1843
f 953/1155/811 959/1161/817 946/1148/804 
s 1844
f 960/1162/818 957/1159/815 955/1157/813 
s 1845
f 958/1160/816 954/1156/812 961/1163/819 
s 1846
f 953/1155/811 956/1158/814 959/1161/817 
s 1847
f 962/1164/820 960/1162/818 955/1157/813 
s 1848
f 955/1157/813 945/1147/803 962/1164/820 
s 1849
f 961/1163/819 954/1156/812 963/1165/821 
s 1850
f 954/1156/812 957/1159/815 963/1165/821 
s 1851
f 946/1148/804 959/1161/817 941/1166/822 
s 1852
f 962/1164/820 945/1147/803 952/1154/810 
s 1853
f 964/1167/823 960/1162/818 962/1164/820 
s 1854
f 946/1148/804 941/1166/822 936/1138/794 
s 1855
f 952/1154/810 965/1168/824 962/1164/820 
s 1856
f 964/1167/823 962/1164/820 966/1169/825 
s 1857
f 964/1167/823 963/1170/826 960/1162/818 
s 1858
f 936/1138/794 941/1166/822 938/1171/827 
s 1859
f 966/1169/825 962/1164/820 965/1168/824 
s 1860
f 963/1170/826 964/1167/823 961/1172/828 
s 1861
f 960/1162/818 963/1170/826 957/1173/829 
s 1862
f 936/1138/794 938/1171/827 919/1121/777 
s 1863
f 961/1172/828 964/1167/823 966/1169/825 
s 1864
f 934/1136/792 946/1148/804 936/1138/794 
s 1865
f 958/1174/830 966/1169/825 965/1168/824 
s 1866
f 919/1121/777 938/1171/827 871/1118/774 
s 1867
f 961/1172/828 966/1169/825 958/1174/830 
s 1868
f 965/1168/824 956/1175/831 958/1174/830 
s 1869
f 967/1176/832 956/1175/831 965/1168/824 
s 1870
f 967/1176/832 959/1177/833 956/1175/831 
s 1871
f 967/1176/832 965/1168/824 952/1154/810 
s 1872
f 943/1145/801 959/1177/833 967/1176/832 
s 1873
f 947/1149/805 967/1176/832 952/1154/810 
s 1874
f 943/1145/801 967/1176/832 947/1149/805 
s 1875
f 943/1145/801 941/1143/799 959/1177/833 
s 1876
f 859/1097/753 899/1095/751 853/1178/834 
s 1877
f 899/1095/751 902/1099/755 853/1178/834 
s 1878
f 853/1178/834 902/1099/755 847/1107/763 
s 1879
f 909/1108/764 865/1058/714 861/1054/710 
s 1880
f 925/1127/783 909/1108/764 861/1054/710 
s 1881
f 968/1179/835 969/1180/836 970/1181/837 
s 1882
f 971/1182/838 968/1179/835 970/1181/837 
s 1883
f 970/1181/837 969/1180/836 972/1183/839 
s 1884
f 970/1181/837 973/1184/840 971/1182/838 
s 1885
f 972/1183/839 973/1184/840 970/1181/837 
s 1886
f 974/1185/841 968/1179/835 971/1182/838 
s 1887
f 969/1180/836 975/1186/842 972/1183/839 
s 1888
f 976/1187/843 973/1184/840 972/1183/839 
s 1889
f 977/1188/844 974/1185/841 971/1182/838 
s 1890
f 972/1183/839 975/1186/842 978/1189/845 
s 1891
f 978/1189/845 976/1187/843 972/1183/839 
s 1892
f 971/1182/838 973/1184/840 979/1190/846 
s 1893
f 971/1182/838 979/1190/846 977/1188/844 
s 1894
f 980/1191/847 974/1185/841 977/1188/844 
s 1895
f 975/1186/842 981/1192/848 978/1189/845 
s 1896
f 973/1184/840 976/1187/843 982/1193/849 
s 1897
f 973/1184/840 982/1193/849 979/1190/846 
s 1898
f 983/1194/850 980/1191/847 977/1188/844 
s 1899
f 978/1189/845 981/1192/848 984/1195/851 
s 1900
f 985/1196/852 976/1187/843 978/1189/845 
s 1901
f 977/1188/844 979/1190/846 986/1197/853 
s 1902
f 977/1188/844 986/1197/853 983/1194/850 
s 1903
f 981/1192/848 987/1198/854 984/1195/851 
s 1904
f 978/1189/845 984/1195/851 985/1196/852 
s 1905
f 979/1190/846 988/1199/855 986/1197/853 
s 1906
f 979/1190/846 982/1193/849 988/1199/855 
s 1907
f 989/1200/856 980/1191/847 983/1194/850 
s 1908
f 984/1195/851 987/1198/854 990/1201/857 
s 1909
f 983/1194/850 986/1197/853 991/1202/858 
s 1910
f 982/1193/849 992/1203/859 988/1199/855 
s 1911
f 984/1195/851 990/1201/857 993/1204/860 
s 1912
f 983/1194/850 991/1202/858 994/1205/861 
s 1913
f 994/1205/861 989/1200/856 983/1194/850 
s 1914
f 982/1193/849 995/1206/862 992/1203/859 
s 1915
f 990/1201/857 987/1198/854 996/1207/863 
s 1916
f 994/1205/861 991/1202/858 997/1208/864 
s 1917
f 982/1193/849 976/1187/843 995/1206/862 
s 1918
f 996/1207/863 998/1209/865 990/1201/857 
s 1919
f 993/1204/860 990/1201/857 998/1209/865 
s 1920
f 991/1202/858 999/1210/866 997/1208/864 
s 1921
f 976/1187/843 985/1196/852 995/1206/862 
s 1922
f 998/1209/865 1000/1211/867 993/1204/860 
s 1923
f 991/1202/858 1001/1212/868 999/1210/866 
s 1924
f 994/1205/861 997/1208/864 1002/1213/869 
s 1925
f 1003/1214/870 998/1209/865 996/1207/863 
s 1926
f 986/1197/853 1001/1212/868 991/1202/858 
s 1927
f 1002/1213/869 1004/1215/871 994/1205/861 
s 1928
f 1005/1216/872 1003/1214/870 996/1207/863 
s 1929
f 986/1197/853 988/1199/855 1001/1212/868 
s 1930
f 1006/1217/833 1004/1215/871 1002/1213/869 
s 1931
f 1004/1215/871 989/1200/856 994/1205/861 
s 1932
f 1007/1218/873 1003/1214/870 1005/1216/872 
s 1933
f 988/1199/855 1008/1219/874 1001/1212/868 
s 1934
f 1009/1220/875 1006/1217/833 1002/1213/869 
s 1935
f 1007/1218/873 1010/1221/876 1003/1214/870 
s 1936
f 988/1199/855 992/1203/859 1008/1219/874 
s 1937
f 1002/1213/869 1011/1222/877 1009/1220/875 
s 1938
f 1012/1223/878 1006/1217/833 1009/1220/875 
s 1939
f 1003/1214/870 1010/1221/876 1013/1224/879 
s 1940
f 1001/1212/868 1008/1219/874 1014/1225/880 
s 1941
f 1015/1226/881 1012/1223/878 1009/1220/875 
s 1942
f 1013/1224/879 998/1209/865 1003/1214/870 
s 1943
f 1001/1212/868 1014/1225/880 999/1210/866 
s 1944
f 1016/1227/882 1015/1226/881 1009/1220/875 
s 1945
f 1009/1220/875 1011/1222/877 1016/1227/882 
s 1946
f 1000/1211/867 998/1209/865 1013/1224/879 
s 1947
f 1013/1224/879 1010/1221/876 1000/1211/867 
s 1948
f 999/1210/866 1014/1225/880 1017/1228/883 
s 1949
f 1016/1227/882 1011/1222/877 1018/1229/884 
s 1950
f 1019/1230/885 1015/1226/881 1016/1227/882 
s 1951
f 1000/1211/867 1010/1221/876 1020/1231/886 
s 1952
f 999/1210/866 1017/1228/883 1021/1232/887 
s 1953
f 1015/1226/881 1019/1230/885 1022/1233/888 
s 1954
f 1020/1231/886 1023/1234/889 1000/1211/867 
s 1955
f 997/1208/864 999/1210/866 1021/1232/887 
s 1956
f 1022/1233/888 1024/1235/890 1015/1226/881 
s 1957
f 1010/1221/876 1025/1236/891 1020/1231/886 
s 1958
f 1002/1213/869 997/1208/864 1011/1222/877 
s 1959
f 1026/1237/892 1024/1235/890 1022/1233/888 
s 1960
f 1024/1235/890 1012/1223/878 1015/1226/881 
s 1961
f 1025/1236/891 1027/1238/893 1020/1231/886 
s 1962
f 1011/1222/877 997/1208/864 1028/1239/894 
s 1963
f 1028/1239/894 997/1208/864 1021/1232/887 
s 1964
f 1029/1240/895 1026/1237/892 1022/1233/888 
s 1965
f 1025/1236/891 987/1241/896 1027/1238/893 
s 1966
f 1030/1242/897 1028/1239/894 1021/1232/887 
s 1967
f 1031/1243/898 1026/1237/892 1029/1240/895 
s 1968
f 1025/1236/891 1005/1244/899 987/1241/896 
s 1969
f 1021/1232/887 1017/1228/883 1030/1242/897 
s 1970
f 1032/1245/900 1031/1243/898 1029/1240/895 
s 1971
f 1007/1246/901 1005/1244/899 1025/1236/891 
s 1972
f 1027/1238/893 987/1241/896 981/1247/902 
s 1973
f 1033/1248/903 1031/1243/898 1032/1245/900 
s 1974
f 1007/1246/901 1025/1236/891 1010/1221/876 
s 1975
f 1027/1238/893 981/1247/902 1034/1249/904 
s 1976
f 1029/1240/895 1019/1230/885 1032/1245/900 
s 1977
f 1035/1250/905 1030/1242/897 1017/1228/883 
s 1978
f 1027/1238/893 1034/1249/904 1036/1251/906 
s 1979
f 1022/1233/888 1019/1230/885 1029/1240/895 
s 1980
f 1037/1252/907 1030/1242/897 1035/1250/905 
s 1981
f 1020/1231/886 1027/1238/893 1036/1251/906 
s 1982
f 1034/1249/904 981/1247/902 975/1253/908 
s 1983
f 1038/1254/909 1030/1242/897 1037/1252/907 
s 1984
f 1036/1251/906 1023/1234/889 1020/1231/886 
s 1985
f 1036/1251/906 1034/1249/904 1039/1255/910 
s 1986
f 1034/1249/904 975/1253/908 1040/1256/911 
s 1987
f 1018/1229/884 1030/1242/897 1038/1254/909 
s 1988
f 1023/1234/889 1036/1251/906 1041/1257/912 
s 1989
f 1034/1249/904 1040/1256/911 1039/1255/910 
s 1990
f 1018/1229/884 1028/1239/894 1030/1242/897 
s 1991
f 1023/1234/889 1041/1257/912 1042/1258/913 
s 1992
f 1041/1257/912 1036/1251/906 1039/1255/910 
s 1993
f 1040/1256/911 975/1253/908 969/1259/914 
s 1994
f 1018/1229/884 1011/1222/877 1028/1239/894 
s 1995
f 1042/1258/913 1041/1257/912 1043/1260/915 
s 1996
f 1040/1256/911 969/1259/914 1044/1261/916 
s 1997
f 1045/1262/917 1018/1229/884 1038/1254/909 
s 1998
f 1023/1234/889 1042/1258/913 993/1204/860 
s 1999
f 1040/1256/911 1044/1261/916 1046/1263/918 
s 2000
f 1039/1255/910 1040/1256/911 1046/1263/918 
s 2001
f 1016/1227/882 1018/1229/884 1045/1262/917 
s 2002
f 993/1204/860 1042/1258/913 1047/1264/919 
s 2003
f 1046/1263/918 1048/1265/920 1039/1255/910 
s 2004
f 1039/1255/910 1048/1265/920 1041/1257/912 
s 2005
f 1016/1227/882 1045/1262/917 1049/1266/921 
s 2006
f 1042/1258/913 1050/1267/922 1047/1264/919 
s 2007
f 1048/1265/920 1046/1263/918 1051/1268/923 
s 2008
f 1049/1266/921 1019/1230/885 1016/1227/882 
s 2009
f 1042/1258/913 1043/1260/915 1050/1267/922 
s 2010
f 1052/1269/924 1048/1265/920 1051/1268/923 
s 2011
f 1053/1270/925 1019/1230/885 1049/1266/921 
s 2012
f 1051/1268/923 1046/1263/918 1054/1271/926 
s 2013
f 1047/1264/919 1050/1267/922 1055/1272/927 
s 2014
f 1053/1270/925 1049/1266/921 1056/1273/928 
s 2015
f 1051/1268/923 1054/1271/926 1057/1274/929 
s 2016
f 1047/1264/919 1055/1272/927 1058/1275/930 
s 2017
f 1056/1273/928 1033/1276/931 1053/1270/925 
s 2018
f 1052/1269/924 1051/1268/923 1059/1277/932 
s 2019
f 1059/1277/932 1051/1268/923 1057/1274/929 
s 2020
f 1055/1272/927 1050/1267/922 1060/1278/933 
s 2021
f 1053/1270/925 1033/1276/931 1032/1245/900 
s 2022
f 1059/1277/932 1057/1274/929 1061/1279/934 
s 2023
f 1060/1278/933 1062/1280/935 1055/1272/927 
s 2024
f 1058/1275/930 1055/1272/927 1062/1280/935 
s 2025
f 1032/1245/900 1019/1230/885 1053/1270/925 
s 2026
f 1061/1279/934 1057/1274/929 1063/1281/936 
s 2027
f 1058/1275/930 1062/1280/935 985/1196/852 
s 2028
f 1064/1282/937 1062/1280/935 1060/1278/933 
s 2029
f 1061/1279/934 1065/1283/938 1059/1277/932 
s 2030
f 1063/1281/936 1066/1284/939 1061/1279/934 
s 2031
f 985/1196/852 1062/1280/935 1064/1282/937 
s 2032
f 1067/1285/940 1064/1282/937 1060/1278/933 
s 2033
f 1059/1277/932 1065/1283/938 1068/1286/941 
s 2034
f 1066/1284/939 1035/1250/905 1061/1279/934 
s 2035
f 995/1206/862 1064/1282/937 1067/1285/940 
s 2036
f 995/1206/862 985/1196/852 1064/1282/937 
s 2037
f 1061/1279/934 1035/1250/905 1065/1283/938 
s 2038
f 1014/1225/880 1068/1286/941 1065/1283/938 
s 2039
f 992/1203/859 995/1206/862 1067/1285/940 
s 2040
f 985/1196/852 984/1195/851 1058/1275/930 
s 2041
f 1065/1283/938 1017/1228/883 1014/1225/880 
s 2042
f 1035/1250/905 1017/1228/883 1065/1283/938 
s 2043
f 1067/1285/940 1069/1287/942 992/1203/859 
s 2044
f 984/1195/851 993/1204/860 1058/1275/930 
s 2045
f 1066/1284/939 1037/1252/907 1035/1250/905 
s 2046
f 1067/1285/940 1070/1288/943 1069/1287/942 
s 2047
f 992/1203/859 1069/1287/942 1071/1289/944 
s 2048
f 1058/1275/945 993/1204/860 1047/1264/945 
s 2049
f 1072/1290/946 1037/1252/907 1066/1284/939 
s 2050
f 992/1203/859 1071/1289/944 1008/1219/874 
s 2051
f 1073/1291/947 1071/1289/944 1069/1287/942 
s 2052
f 1060/1278/933 1070/1288/943 1067/1285/940 
s 2053
f 1072/1290/946 1066/1284/939 1074/1292/948 
s 2054
f 1052/1269/924 1071/1289/944 1073/1291/947 
s 2055
f 1060/1278/933 1050/1267/922 1070/1288/943 
s 2056
f 1075/1293/949 1072/1290/946 1074/1292/948 
s 2057
f 1073/1291/947 1048/1265/920 1052/1269/924 
s 2058
f 1008/1219/874 1071/1289/944 1068/1286/941 
s 2059
f 1045/1262/917 1072/1290/946 1075/1293/949 
s 2060
f 1073/1291/947 1041/1257/912 1048/1265/920 
s 2061
f 1052/1269/924 1068/1286/941 1071/1289/944 
s 2062
f 1049/1266/921 1045/1262/917 1075/1293/949 
s 2063
f 1043/1260/915 1041/1257/912 1073/1291/947 
s 2064
f 1050/1267/922 1043/1260/915 1070/1288/943 
s 2065
f 1008/1219/874 1068/1286/941 1014/1225/880 
s 2066
f 1059/1277/932 1068/1286/941 1052/1269/924 
s 2067
f 1073/1291/947 1069/1287/942 1043/1260/915 
s 2068
f 1043/1260/915 1069/1287/942 1070/1288/943 
s 2069
f 1049/1266/921 1075/1293/949 1076/1294/950 
s 2070
f 1045/1262/917 1038/1254/909 1072/1290/946 
s 2071
f 1072/1290/946 1038/1254/909 1037/1252/907 
s 2072
f 1056/1273/928 1049/1266/921 1076/1294/950 
s 2073
f 1076/1294/950 1075/1293/949 1077/1295/951 
s 2074
f 1056/1273/928 1076/1294/950 1078/1296/952 
s 2075
f 1077/1295/951 1075/1293/949 1079/1297/953 
s 2076
f 1056/1273/928 1078/1296/952 1033/1276/931 
s 2077
f 1076/1294/950 1077/1295/951 1080/1298/954 
s 2078
f 1078/1296/952 1076/1294/950 1080/1298/954 
s 2079
f 1079/1297/953 1075/1293/949 1074/1292/948 
s 2080
f 1033/1276/931 1078/1296/952 1031/1299/955 
s 2081
f 1080/1298/954 1077/1295/951 1081/1300/956 
s 2082
f 1077/1295/951 1079/1297/953 1081/1300/956 
s 2083
f 1079/1297/953 1074/1292/948 1082/1301/957 
s 2084
f 1078/1296/952 1026/1302/958 1031/1299/955 
s 2085
f 1081/1300/956 1012/1303/959 1080/1298/954 
s 2086
f 1082/1301/957 1083/1304/960 1079/1297/953 
s 2087
f 1024/1305/961 1026/1302/958 1078/1296/952 
s 2088
f 1081/1300/956 1079/1297/953 1083/1304/960 
s 2089
f 1012/1303/959 1024/1305/961 1080/1298/954 
s 2090
f 1084/1306/962 1083/1304/960 1082/1301/957 
s 2091
f 1080/1298/954 1024/1305/961 1078/1296/952 
s 2092
f 1006/1307/963 1012/1303/959 1081/1300/956 
s 2093
f 1085/1308/964 1084/1306/962 1082/1301/957 
s 2094
f 1083/1304/960 1006/1307/963 1081/1300/956 
s 2095
f 1082/1301/957 1074/1292/948 1086/1309/965 
s 2096
f 1086/1309/965 1085/1308/964 1082/1301/957 
s 2097
f 1087/1310/966 1084/1306/962 1085/1308/964 
s 2098
f 1084/1306/962 1004/1311/967 1083/1304/960 
s 2099
f 1004/1311/967 1006/1307/963 1083/1304/960 
s 2100
f 1074/1292/948 1066/1284/939 1086/1309/965 
s 2101
f 1087/1310/966 989/1312/968 1084/1306/962 
s 2102
f 989/1312/968 1004/1311/967 1084/1306/962 
s 2103
f 1063/1281/936 1085/1308/964 1086/1309/965 
s 2104
f 1086/1309/965 1066/1284/939 1063/1281/936 
s 2105
f 980/1313/969 989/1312/968 1087/1310/966 
s 2106
f 1088/1314/970 1087/1310/966 1085/1308/964 
s 2107
f 1085/1308/964 1063/1281/936 1088/1314/970 
s 2108
f 1089/1315/971 980/1313/969 1087/1310/966 
s 2109
f 1089/1315/971 1087/1310/966 1088/1314/970 
s 2110
f 1088/1314/970 1063/1281/936 1057/1274/929 
s 2111
f 974/1316/972 980/1313/969 1089/1315/971 
s 2112
f 1054/1271/926 1089/1315/971 1088/1314/970 
s 2113
f 1057/1274/929 1054/1271/926 1088/1314/970 
s 2114
f 1044/1261/916 974/1316/972 1089/1315/971 
s 2115
f 1044/1261/916 1089/1315/971 1054/1271/926 
s 2116
f 968/1317/973 974/1316/972 1044/1261/916 
s 2117
f 1046/1263/918 1044/1261/916 1054/1271/926 
s 2118
f 1044/1261/916 969/1259/914 968/1317/973 
s 2119
f 996/1207/863 987/1198/854 1005/1318/974 
s 2120
f 993/1204/860 1000/1211/867 1023/1234/889 
s 2121
f 1090/1319/975 1091/1320/976 1092/1321/977 
s 2122
f 1091/1320/976 1090/1319/975 1093/1322/978 
s 2123
f 1092/1321/977 1091/1320/976 1094/1323/979 
s 2124
f 1093/1322/978 1090/1319/975 1095/1324/980 
s 2125
f 1092/1321/977 1094/1323/979 1096/1325/981 
s 2126
f 1091/1320/976 1097/1326/982 1094/1323/979 
s 2127
f 1095/1324/980 1098/1327/983 1093/1322/978 
s 2128
f 1099/1328/984 1090/1319/975 1092/1321/977 
s 2129
f 1097/1326/982 1091/1320/976 1100/1329/985 
s 2130
f 1101/1330/986 1098/1327/983 1095/1324/980 
s 2131
f 1100/1329/985 1091/1320/976 1093/1322/978 
s 2132
f 1102/1331/987 1090/1319/975 1099/1328/984 
s 2133
f 1101/1330/986 1103/1332/988 1098/1327/983 
s 2134
f 1090/1319/975 1102/1331/987 1095/1324/980 
s 2135
f 1093/1322/978 1104/1333/989 1100/1329/985 
s 2136
f 1105/1334/990 1103/1332/988 1101/1330/986 
s 2137
f 1098/1327/983 1104/1333/989 1093/1322/978 
s 2138
f 1106/1335/991 1102/1331/987 1099/1328/984 
s 2139
f 1105/1334/990 1107/1336/992 1103/1332/988 
s 2140
f 1103/1332/988 1108/1337/993 1098/1327/983 
s 2141
f 1098/1327/983 1108/1337/993 1104/1333/989 
s 2142
f 1109/1338/994 1102/1331/987 1106/1335/991 
s 2143
f 1110/1339/995 1107/1336/992 1105/1334/990 
s 2144
f 1107/1336/992 1111/1340/996 1103/1332/988 
s 2145
f 1103/1332/988 1111/1340/996 1108/1337/993 
s 2146
f 1102/1331/987 1109/1338/994 1112/1341/997 
s 2147
f 1107/1336/992 1110/1339/995 1113/1342/998 
s 2148
f 1114/1343/999 1105/1334/990 1101/1330/986 
s 2149
f 1095/1324/980 1102/1331/987 1112/1341/997 
s 2150
f 1111/1340/996 1107/1336/992 1115/1344/1000 
s 2151
f 1114/1343/999 1101/1330/986 1112/1341/997 
s 2152
f 1115/1344/1000 1107/1336/992 1113/1342/998 
s 2153
f 1112/1341/997 1101/1330/986 1095/1324/980 
s 2154
f 1116/1345/1001 1105/1334/990 1114/1343/999 
s 2155
f 1116/1345/1001 1110/1339/995 1105/1334/990 
s 2156
f 1113/1342/998 1117/1346/1002 1115/1344/1000 
s 2157
f 1118/1347/1003 1114/1343/999 1112/1341/997 
s 2158
f 1112/1341/997 1109/1338/994 1118/1347/1003 
s 2159
f 1113/1342/998 1110/1339/995 1119/1348/1004 
s 2160
f 1117/1346/1002 1120/1349/1005 1115/1344/1000 
s 2161
f 1120/1349/1005 1111/1340/996 1115/1344/1000 
s 2162
f 1109/1338/994 1121/1350/1006 1118/1347/1003 
s 2163
f 1122/1351/1007 1110/1339/995 1116/1345/1001 
s 2164
f 1110/1339/995 1122/1351/1007 1119/1348/1004 
s 2165
f 1123/1352/1008 1111/1340/996 1120/1349/1005 
s 2166
f 1118/1347/1003 1121/1350/1006 1124/1353/1009 
s 2167
f 1125/1354/1010 1116/1345/1001 1114/1343/999 
s 2168
f 1111/1340/996 1123/1352/1008 1108/1337/993 
s 2169
f 1125/1354/1010 1114/1343/999 1118/1347/1003 
s 2170
f 1121/1350/1006 332/1355/1011 1124/1353/1009 
s 2171
f 1126/1356/1012 1116/1345/1001 1125/1354/1010 
s 2172
f 1126/1356/1012 1122/1351/1007 1116/1345/1001 
s 2173
f 1108/1337/993 1123/1352/1008 1127/1357/1013 
s 2174
f 1124/1353/1009 1125/1354/1010 1118/1347/1003 
s 2175
f 1128/1358/1014 1122/1351/1007 1126/1356/1012 
s 2176
f 1108/1337/993 1127/1357/1013 1104/1333/989 
s 2177
f 332/1355/1011 1129/1359/1015 1124/1353/1009 
s 2178
f 1122/1351/1007 1128/1358/1014 1130/1360/1016 
s 2179
f 1131/1361/1017 1126/1356/1012 1125/1354/1010 
s 2180
f 1132/1362/1018 332/1355/1011 1121/1350/1006 
s 2181
f 1124/1353/1009 1129/1359/1015 1131/1361/1017 
s 2182
f 1130/1360/1016 1128/1358/1014 1133/1363/1019 
s 2183
f 1131/1361/1017 1125/1354/1010 1124/1353/1009 
s 2184
f 1134/1364/1020 1132/1362/1018 1121/1350/1006 
s 2185
f 1135/1365/1021 1130/1360/1016 1133/1363/1019 
s 2186
f 1129/1359/1015 336/1366/1022 1131/1361/1017 
s 2187
f 1136/1367/1023 1132/1362/1018 1134/1364/1020 
s 2188
f 1137/1368/1024 1130/1360/1016 1135/1365/1021 
s 2189
f 1135/1365/1021 1133/1363/1019 1138/1369/1025 
s 2190
f 1131/1361/1017 336/1366/1022 1139/1370/1026 
s 2191
f 1134/1364/1020 1140/1371/1027 1136/1367/1023 
s 2192
f 1141/1372/1028 1137/1368/1024 1135/1365/1021 
s 2193
f 1138/1369/1025 1141/1372/1028 1135/1365/1021 
s 2194
f 336/1366/1022 1142/1373/1029 1139/1370/1026 
s 2195
f 1143/1374/1030 1140/1371/1027 1134/1364/1020 
s 2196
f 1144/1375/1031 1141/1372/1028 1138/1369/1025 
s 2197
f 1145/1376/1032 1142/1373/1029 336/1366/1022 
s 2198
f 1134/1364/1020 1106/1335/991 1143/1374/1030 
s 2199
f 1138/1369/1025 1146/1377/1033 1144/1375/1031 
s 2200
f 1145/1376/1032 1147/1378/1034 1142/1373/1029 
s 2201
f 1134/1364/1020 1109/1338/994 1106/1335/991 
s 2202
f 1147/1378/1034 341/1379/1035 1138/1369/1025 
s 2203
f 1138/1369/1025 341/1379/1035 1146/1377/1033 
s 2204
f 341/1379/1035 1147/1378/1034 1145/1376/1032 
s 2205
f 1144/1375/1031 1146/1377/1033 1148/1380/1036 
s 2206
f 1121/1350/1006 1109/1338/994 1134/1364/1020 
s 2207
f 1138/1369/1025 1133/1363/1019 1147/1378/1034 
s 2208
f 1133/1363/1019 1142/1373/1029 1147/1378/1034 
s 2209
f 1143/1374/1030 1106/1335/991 1149/1381/1037 
s 2210
f 1128/1358/1014 1142/1373/1029 1133/1363/1019 
s 2211
f 1150/1382/1038 1143/1374/1030 1149/1381/1037 
s 2212
f 1106/1335/991 1099/1328/984 1149/1381/1037 
s 2213
f 1142/1373/1029 1128/1358/1014 1139/1370/1026 
s 2214
f 1150/1382/1038 1149/1381/1037 1151/1383/1039 
s 2215
f 1152/1384/1040 1143/1374/1030 1150/1382/1038 
s 2216
f 1149/1381/1037 1099/1328/984 1153/1385/1041 
s 2217
f 1139/1370/1026 1128/1358/1014 1126/1356/1012 
s 2218
f 1151/1383/1039 1149/1381/1037 1153/1385/1041 
s 2219
f 1143/1374/1030 1152/1384/1040 1140/1371/1027 
s 2220
f 1139/1370/1026 1126/1356/1012 1131/1361/1017 
s 2221
f 1154/1386/1042 1150/1382/1038 1151/1383/1039 
s 2222
f 1099/1328/984 1092/1321/977 1153/1385/1041 
s 2223
f 1140/1371/1027 1152/1384/1040 1155/1387/1043 
s 2224
f 1156/1388/1044 1150/1382/1038 1154/1386/1042 
s 2225
f 1151/1383/1039 1153/1385/1041 1157/1389/1045 
s 2226
f 1153/1385/1041 1092/1321/977 1096/1325/981 
s 2227
f 1156/1388/1044 1152/1384/1040 1150/1382/1038 
s 2228
f 1154/1386/1042 1158/1390/1046 1156/1388/1044 
s 2229
f 1157/1389/1045 1153/1385/1041 1096/1325/981 
s 2230
f 1154/1386/1042 1151/1383/1039 1159/1391/1047 
s 2231
f 1152/1384/1040 1160/1392/1048 1155/1387/1043 
s 2232
f 1159/1391/1047 1151/1383/1039 1157/1389/1045 
s 2233
f 1156/1388/1044 1158/1390/1046 1161/1393/1049 
s 2234
f 1162/1394/1050 1160/1392/1048 1152/1384/1040 
s 2235
f 1159/1391/1047 1157/1389/1045 1163/1395/1051 
s 2236
f 1156/1388/1044 1161/1393/1049 1162/1394/1050 
s 2237
f 1164/1396/1052 1161/1393/1049 1158/1390/1046 
s 2238
f 1162/1394/1050 1152/1384/1040 1156/1388/1044 
s 2239
f 1165/1397/1053 1159/1391/1047 1163/1395/1051 
s 2240
f 1166/1398/1054 1161/1393/1049 1164/1396/1052 
s 2241
f 1162/1394/1050 327/1399/1055 1160/1392/1048 
s 2242
f 1167/1400/1056 1159/1391/1047 1165/1397/1053 
s 2243
f 1168/1401/1057 1166/1398/1054 1164/1396/1052 
s 2244
f 1169/1402/1058 327/1399/1055 1162/1394/1050 
s 2245
f 1166/1398/1054 1169/1402/1058 1161/1393/1049 
s 2246
f 1167/1400/1056 1154/1386/1042 1159/1391/1047 
s 2247
f 1158/1390/1046 1154/1386/1042 1167/1400/1056 
s 2248
f 1169/1402/1058 1170/1403/1059 327/1399/1055 
s 2249
f 1162/1394/1050 1161/1393/1049 1169/1402/1058 
s 2250
f 1171/1404/1060 1166/1398/1054 1168/1401/1057 
s 2251
f 1172/1405/1061 1167/1400/1056 1165/1397/1053 
s 2252
f 1173/1406/1062 1170/1403/1059 1169/1402/1058 
s 2253
f 1171/1404/1060 1173/1406/1062 1166/1398/1054 
s 2254
f 1174/1407/1063 1171/1404/1060 1168/1401/1057 
s 2255
f 1175/1408/1064 1167/1400/1056 1172/1405/1061 
s 2256
f 1173/1406/1062 1169/1402/1058 1166/1398/1054 
s 2257
f 1175/1408/1064 1158/1390/1046 1167/1400/1056 
s 2258
f 1176/1409/1065 1171/1404/1060 1174/1407/1063 
s 2259
f 1173/1406/1062 335/1410/1066 1170/1403/1059 
s 2260
f 1177/1411/1067 1175/1408/1064 1172/1405/1061 
s 2261
f 1178/1412/1068 1176/1409/1065 1174/1407/1063 
s 2262
f 1179/1413/1069 335/1410/1066 1173/1406/1062 
s 2263
f 1179/1413/1069 1173/1406/1062 1171/1404/1060 
s 2264
f 1180/1414/1070 1175/1408/1064 1177/1411/1067 
s 2265
f 1176/1409/1065 1179/1413/1069 1171/1404/1060 
s 2266
f 1178/1412/1068 1174/1407/1063 1181/1415/1071 
s 2267
f 1182/1416/1072 1180/1414/1070 1177/1411/1067 
s 2268
f 1183/1417/1073 1176/1409/1065 1178/1412/1068 
s 2269
f 1184/1418/1074 335/1410/1066 1179/1413/1069 
s 2270
f 1182/1416/1072 1177/1411/1067 1185/1419/1075 
s 2271
f 1176/1409/1065 1183/1417/1073 1184/1418/1074 
s 2272
f 1183/1417/1073 1178/1412/1068 1186/1420/1076 
s 2273
f 1184/1418/1074 1179/1413/1069 1176/1409/1065 
s 2274
f 1187/1421/1077 1180/1414/1070 1182/1416/1072 
s 2275
f 1181/1415/1071 1174/1407/1063 1187/1421/1077 
s 2276
f 1186/1420/1076 1178/1412/1068 1188/1422/1078 
s 2277
f 1189/1423/1079 335/1410/1066 1184/1418/1074 
s 2278
f 1178/1412/1068 1181/1415/1071 1188/1422/1078 
s 2279
f 1174/1407/1063 1168/1401/1057 1187/1421/1077 
s 2280
f 1187/1421/1077 1168/1401/1057 1180/1414/1070 
s 2281
f 1184/1418/1074 1190/1424/1080 1189/1423/1079 
s 2282
f 1184/1418/1074 1183/1417/1073 1190/1424/1080 
s 2283
f 1186/1420/1076 1188/1422/1078 1141/1425/1081 
s 2284
f 1168/1401/1057 1164/1396/1052 1180/1414/1070 
s 2285
f 1189/1423/1079 1190/1424/1080 340/1426/1082 
s 2286
f 1141/1425/1081 1191/1427/1083 1186/1420/1076 
s 2287
f 1190/1424/1080 1183/1417/1073 1191/1427/1083 
s 2288
f 1180/1414/1070 1164/1396/1052 1175/1408/1064 
s 2289
f 1190/1424/1080 1191/1427/1083 340/1426/1082 
s 2290
f 1141/1425/1081 1188/1422/1078 1192/1428/1084 
s 2291
f 1191/1427/1083 1183/1417/1073 1186/1420/1076 
s 2292
f 1164/1396/1052 1158/1390/1046 1175/1408/1064 
s 2293
f 1144/1429/1085 1191/1427/1083 1141/1425/1081 
s 2294
f 1188/1422/1078 1193/1430/1086 1192/1428/1084 
s 2295
f 340/1426/1082 1191/1427/1083 1194/1431/1087 
s 2296
f 1191/1427/1083 1144/1429/1085 1194/1431/1087 
s 2297
f 1194/1431/1087 1144/1429/1085 1148/1432/1088 
s 2298
f 1188/1422/1078 1181/1415/1071 1193/1430/1086 
s 2299
f 1192/1428/1084 1193/1430/1086 1195/1433/1089 
s 2300
f 1181/1415/1071 1196/1434/1090 1193/1430/1086 
s 2301
f 1193/1430/1086 1197/1435/1091 1195/1433/1089 
s 2302
f 1193/1430/1086 1196/1434/1090 1197/1435/1091 
s 2303
f 1181/1415/1071 1187/1421/1077 1196/1434/1090 
s 2304
f 1195/1433/1089 1197/1435/1091 1198/1436/1092 
s 2305
f 1196/1434/1090 1187/1421/1077 1182/1416/1072 
s 2306
f 1197/1435/1091 1199/1437/1093 1198/1436/1092 
s 2307
f 1197/1435/1091 1196/1434/1090 1199/1437/1093 
s 2308
f 1196/1434/1090 1182/1416/1072 1200/1438/1094 
s 2309
f 1199/1437/1093 1196/1434/1090 1200/1438/1094 
s 2310
f 1198/1436/1092 1199/1437/1093 1201/1439/1095 
s 2311
f 1200/1438/1094 1182/1416/1072 1185/1419/1075 
s 2312
f 1200/1438/1094 1202/1440/1096 1199/1437/1093 
s 2313
f 1200/1438/1094 1185/1419/1075 1202/1440/1096 
s 2314
f 1199/1437/1093 1203/1441/1097 1201/1439/1095 
s 2315
f 1199/1437/1093 1202/1440/1096 1203/1441/1097 
s 2316
f 1202/1440/1096 1185/1419/1075 1204/1442/1098 
s 2317
f 1201/1439/1095 1203/1441/1097 1205/1443/1099 
s 2318
f 1203/1441/1097 1202/1440/1096 1206/1444/1100 
s 2319
f 1185/1419/1075 1207/1445/1101 1204/1442/1098 
s 2320
f 1205/1443/1099 1203/1441/1097 1208/1446/1102 
s 2321
f 1208/1446/1102 1203/1441/1097 1206/1444/1100 
s 2322
f 1206/1444/1100 1202/1440/1096 1209/1447/1103 
s 2323
f 1185/1419/1075 1177/1411/1067 1207/1445/1101 
s 2324
f 1202/1440/1096 1204/1442/1098 1209/1447/1103 
s 2325
f 1208/1446/1102 1206/1444/1100 1210/1448/1104 
s 2326
f 1177/1411/1067 1172/1405/1061 1207/1445/1101 
s 2327
f 1204/1442/1098 1207/1445/1101 1211/1449/1105 
s 2328
f 1209/1447/1103 1204/1442/1098 1212/1450/1106 
s 2329
f 1210/1448/1104 1206/1444/1100 1213/1451/1107 
s 2330
f 1207/1445/1101 1172/1405/1061 1214/1452/1108 
s 2331
f 1206/1444/1100 1209/1447/1103 1213/1451/1107 
s 2332
f 1204/1442/1098 1211/1449/1105 1212/1450/1106 
s 2333
f 1207/1445/1101 1214/1452/1108 1211/1449/1105 
s 2334
f 1172/1405/1061 1165/1397/1053 1214/1452/1108 
s 2335
f 1213/1451/1107 1209/1447/1103 1215/1453/1109 
s 2336
f 1209/1447/1103 1212/1450/1106 1215/1453/1109 
s 2337
f 1210/1448/1104 1213/1451/1107 1216/1454/1110 
s 2338
f 1211/1449/1105 1214/1452/1108 1217/1455/1111 
s 2339
f 1214/1452/1108 1165/1397/1053 1218/1456/1112 
s 2340
f 1213/1451/1107 1215/1453/1109 1219/1457/1113 
s 2341
f 1216/1454/1110 1213/1451/1107 1219/1457/1113 
s 2342
f 1211/1449/1105 1217/1455/1111 1220/1458/1114 
s 2343
f 1214/1452/1108 1218/1456/1112 1217/1455/1111 
s 2344
f 1212/1450/1106 1211/1449/1105 1220/1458/1114 
s 2345
f 1216/1454/1110 1219/1457/1113 1221/1459/1115 
s 2346
f 1219/1457/1113 1215/1453/1109 1222/1460/1116 
s 2347
f 1217/1455/1111 1218/1456/1112 1223/1461/1117 
s 2348
f 1220/1458/1114 1217/1455/1111 1224/1462/1118 
s 2349
f 1221/1459/1115 1219/1457/1113 1225/1463/1119 
s 2350
f 1222/1460/1116 1225/1463/1119 1219/1457/1113 
s 2351
f 1163/1395/1051 1218/1456/1112 1165/1397/1053 
s 2352
f 1217/1455/1111 1223/1461/1117 1224/1462/1118 
s 2353
f 1226/1464/1120 1225/1463/1119 1222/1460/1116 
s 2354
f 1227/1465/1121 1218/1456/1112 1163/1395/1051 
s 2355
f 1224/1462/1118 1228/1466/1122 1220/1458/1114 
s 2356
f 1227/1465/1121 1223/1461/1117 1218/1456/1112 
s 2357
f 1229/1467/1123 1226/1464/1120 1222/1460/1116 
s 2358
f 1224/1462/1118 1223/1461/1117 1230/1468/1124 
s 2359
f 1228/1466/1122 1231/1469/1125 1220/1458/1114 
s 2360
f 1228/1466/1122 1229/1467/1123 1231/1469/1125 
s 2361
f 1232/1470/1126 1226/1464/1120 1229/1467/1123 
s 2362
f 1222/1460/1116 1231/1469/1125 1229/1467/1123 
s 2363
f 1233/1471/1127 1223/1461/1117 1227/1465/1121 
s 2364
f 1223/1461/1117 1233/1471/1127 1230/1468/1124 
s 2365
f 1234/1472/1128 1232/1470/1126 1229/1467/1123 
s 2366
f 1234/1472/1128 1229/1467/1123 1228/1466/1122 
s 2367
f 1220/1458/1114 1231/1469/1125 1212/1450/1106 
s 2368
f 1235/1473/1129 1233/1471/1127 1227/1465/1121 
s 2369
f 1236/1474/1130 1232/1470/1126 1234/1472/1128 
s 2370
f 1237/1475/1131 1234/1472/1128 1228/1466/1122 
s 2371
f 1215/1453/1109 1212/1450/1106 1231/1469/1125 
s 2372
f 1215/1453/1109 1231/1469/1125 1222/1460/1116 
s 2373
f 1234/1472/1128 1238/1476/1132 1236/1474/1130 
s 2374
f 1239/1477/1133 1234/1472/1128 1237/1475/1131 
s 2375
f 1237/1475/1131 1228/1466/1122 1224/1462/1118 
s 2376
f 1227/1465/1121 1240/1478/1134 1235/1473/1129 
s 2377
f 1241/1479/1135 1238/1476/1132 1234/1472/1128 
s 2378
f 1234/1472/1128 1239/1477/1133 1241/1479/1135 
s 2379
f 1237/1475/1131 1242/1480/1136 1239/1477/1133 
s 2380
f 1163/1395/1051 1240/1478/1134 1227/1465/1121 
s 2381
f 1241/1479/1135 1243/1481/1137 1238/1476/1132 
s 2382
f 1242/1480/1136 1237/1475/1131 1230/1468/1124 
s 2383
f 1230/1468/1124 1237/1475/1131 1224/1462/1118 
s 2384
f 1163/1395/1051 1157/1389/1045 1240/1478/1134 
s 2385
f 1244/1482/1138 1243/1481/1137 1241/1479/1135 
s 2386
f 1245/1483/1139 1242/1480/1136 1230/1468/1124 
s 2387
f 1239/1477/1133 1242/1480/1136 1246/1484/1140 
s 2388
f 1157/1389/1045 1096/1325/981 1240/1478/1134 
s 2389
f 1247/1485/1141 1244/1482/1138 1241/1479/1135 
s 2390
f 1246/1484/1140 1247/1485/1141 1239/1477/1133 
s 2391
f 1242/1480/1136 1248/1486/1142 1246/1484/1140 
s 2392
f 1248/1486/1142 1242/1480/1136 1245/1483/1139 
s 2393
f 1240/1478/1134 1096/1325/981 1249/1487/1143 
s 2394
f 1241/1479/1135 1239/1477/1133 1247/1485/1141 
s 2395
f 1246/1484/1140 1248/1486/1142 1250/1488/1144 
s 2396
f 1240/1478/1134 1249/1487/1143 1235/1473/1129 
s 2397
f 1096/1325/981 1094/1323/979 1249/1487/1143 
s 2398
f 1251/1489/1145 1244/1482/1138 1247/1485/1141 
s 2399
f 1252/1490/1146 1250/1488/1144 1248/1486/1142 
s 2400
f 1235/1473/1129 1249/1487/1143 1253/1491/1147 
s 2401
f 1247/1485/1141 1254/1492/1148 1251/1489/1145 
s 2402
f 1246/1484/1140 1250/1488/1144 1254/1492/1148 
s 2403
f 1252/1490/1146 1248/1486/1142 1255/1493/1149 
s 2404
f 1249/1487/1143 1256/1494/1150 1253/1491/1147 
s 2405
f 1254/1492/1148 1247/1485/1141 1246/1484/1140 
s 2406
f 1094/1323/979 1256/1494/1150 1249/1487/1143 
s 2407
f 1255/1493/1149 1248/1486/1142 1245/1483/1139 
s 2408
f 1254/1492/1148 1250/1488/1144 1257/1495/1151 
s 2409
f 1094/1323/979 1097/1326/982 1256/1494/1150 
s 2410
f 1255/1493/1149 1245/1483/1139 1258/1496/1152 
s 2411
f 1257/1495/1151 1259/1497/1153 1254/1492/1148 
s 2412
f 1260/1498/1154 1250/1488/1144 1252/1490/1146 
s 2413
f 1258/1496/1152 1261/1499/1155 1255/1493/1149 
s 2414
f 1250/1488/1144 1260/1498/1154 1257/1495/1151 
s 2415
f 1262/1500/1156 1259/1497/1153 1257/1495/1151 
s 2416
f 1252/1490/1146 1263/1501/1157 1260/1498/1154 
s 2417
f 1258/1496/1152 1253/1491/1147 1261/1499/1155 
s 2418
f 1264/1502/1158 1262/1500/1156 1257/1495/1151 
s 2419
f 1255/1493/1149 1265/1503/1159 1252/1490/1146 
s 2420
f 1257/1495/1151 1260/1498/1154 1264/1502/1158 
s 2421
f 1252/1490/1146 1265/1503/1159 1263/1501/1157 
s 2422
f 1255/1493/1149 1261/1499/1155 1265/1503/1159 
s 2423
f 1266/1504/1160 1262/1500/1156 1264/1502/1158 
s 2424
f 1260/1498/1154 1263/1501/1157 1267/1505/1161 
s 2425
f 1253/1491/1147 1268/1506/1162 1261/1499/1155 
s 2426
f 1269/1507/1163 1266/1504/1160 1264/1502/1158 
s 2427
f 1267/1505/1161 1264/1502/1158 1260/1498/1154 
s 2428
f 1263/1501/1157 1270/1508/1164 1267/1505/1161 
s 2429
f 1256/1494/1150 1268/1506/1162 1253/1491/1147 
s 2430
f 1269/1507/1163 1264/1502/1158 1267/1505/1161 
s 2431
f 1271/1509/1165 1266/1504/1160 1269/1507/1163 
s 2432
f 1272/1510/1166 1270/1508/1164 1263/1501/1157 
s 2433
f 1265/1503/1159 1272/1510/1166 1263/1501/1157 
s 2434
f 1256/1494/1150 1273/1511/1167 1268/1506/1162 
s 2435
f 1271/1509/1165 1274/1512/1168 1266/1504/1160 
s 2436
f 1261/1499/1155 1275/1513/1169 1265/1503/1159 
s 2437
f 1275/1513/1169 1272/1510/1166 1265/1503/1159 
s 2438
f 1097/1326/982 1273/1511/1167 1256/1494/1150 
s 2439
f 1268/1506/1162 1275/1513/1169 1261/1499/1155 
s 2440
f 1274/1512/1168 1276/1514/1170 1266/1504/1160 
s 2441
f 1273/1511/1167 1097/1326/982 1277/1515/1171 
s 2442
f 1273/1511/1167 1278/1516/1172 1268/1506/1162 
s 2443
f 1268/1506/1162 1278/1516/1172 1275/1513/1169 
s 2444
f 1274/1512/1168 1279/1517/1173 1276/1514/1170 
s 2445
f 1277/1515/1171 1097/1326/982 1100/1329/985 
s 2446
f 1278/1516/1172 1273/1511/1167 1280/1518/1174 
s 2447
f 1281/1519/1175 1279/1517/1173 1274/1512/1168 
s 2448
f 1280/1518/1174 1273/1511/1167 1277/1515/1171 
s 2449
f 1282/1520/1176 1276/1514/1170 1279/1517/1173 
s 2450
f 1283/1521/1177 1278/1516/1172 1280/1518/1174 
s 2451
f 1274/1512/1168 1284/1522/1178 1281/1519/1175 
s 2452
f 1282/1520/1176 1279/1517/1173 1285/1523/1179 
s 2453
f 1283/1521/1177 1280/1518/1174 1286/1524/1180 
s 2454
f 1284/1522/1178 1274/1512/1168 1271/1509/1165 
s 2455
f 1287/1525/1181 1282/1520/1176 1285/1523/1179 
s 2456
f 1288/1526/1182 1283/1521/1177 1286/1524/1180 
s 2457
f 1271/1509/1165 1289/1527/1183 1284/1522/1178 
s 2458
f 1290/1528/1184 1282/1520/1176 1287/1525/1181 
s 2459
f 1291/1529/1185 1283/1521/1177 1288/1526/1182 
s 2460
f 1292/1530/1186 1289/1527/1183 1271/1509/1165 
s 2461
f 1293/1531/1187 1290/1528/1184 1287/1525/1181 
s 2462
f 1291/1529/1185 1294/1532/1188 1283/1521/1177 
s 2463
f 1269/1507/1163 1292/1530/1186 1271/1509/1165 
s 2464
f 1295/1533/1189 1290/1528/1184 1293/1531/1187 
s 2465
f 1296/1534/1190 1294/1532/1188 1291/1529/1185 
s 2466
f 1297/1535/1191 1292/1530/1186 1269/1507/1163 
s 2467
f 1290/1528/1184 1295/1533/1189 1298/1536/1192 
s 2468
f 1294/1532/1188 1296/1534/1190 1272/1510/1166 
s 2469
f 1267/1505/1161 1297/1535/1191 1269/1507/1163 
s 2470
f 1299/1537/1193 1290/1528/1184 1298/1536/1192 
s 2471
f 1294/1532/1188 1278/1516/1172 1283/1521/1177 
s 2472
f 1270/1508/1164 1297/1535/1191 1267/1505/1161 
s 2473
f 1272/1510/1166 1296/1534/1190 1270/1508/1164 
s 2474
f 1298/1536/1192 1295/1533/1189 1300/1538/1194 
s 2475
f 1278/1516/1172 1294/1532/1188 1275/1513/1169 
s 2476
f 1275/1513/1169 1294/1532/1188 1272/1510/1166 
s 2477
f 1301/1539/1195 1270/1508/1164 1296/1534/1190 
s 2478
f 1297/1535/1191 1270/1508/1164 1301/1539/1195 
s 2479
f 1295/1533/1189 1302/1540/1196 1300/1538/1194 
s 2480
f 1298/1536/1192 1259/1497/1153 1299/1537/1193 
s 2481
f 1303/1541/1197 1297/1535/1191 1301/1539/1195 
s 2482
f 1295/1533/1189 1304/1542/1198 1302/1540/1196 
s 2483
f 1251/1489/1145 1259/1497/1153 1298/1536/1192 
s 2484
f 1300/1538/1194 1251/1489/1145 1298/1536/1192 
s 2485
f 1292/1530/1186 1297/1535/1191 1303/1541/1197 
s 2486
f 1293/1531/1187 1304/1542/1198 1295/1533/1189 
s 2487
f 1300/1538/1194 1302/1540/1196 1305/1543/1199 
s 2488
f 1303/1541/1197 1306/1544/1200 1292/1530/1186 
s 2489
f 1293/1531/1187 1307/1545/1201 1304/1542/1198 
s 2490
f 1244/1482/1138 1251/1489/1145 1300/1538/1194 
s 2491
f 1305/1543/1199 1244/1482/1138 1300/1538/1194 
s 2492
f 1292/1530/1186 1306/1544/1200 1289/1527/1183 
s 2493
f 1308/1546/1202 1307/1545/1201 1293/1531/1187 
s 2494
f 1243/1481/1137 1244/1482/1138 1305/1543/1199 
s 2495
f 1303/1541/1197 1309/1547/1203 1306/1544/1200 
s 2496
f 1310/1548/1204 1307/1545/1201 1308/1546/1202 
s 2497
f 1293/1531/1187 1287/1525/1181 1308/1546/1202 
s 2498
f 1311/1549/1205 1289/1527/1183 1306/1544/1200 
s 2499
f 1309/1547/1203 1312/1550/1206 1306/1544/1200 
s 2500
f 1313/1551/1207 1307/1545/1201 1310/1548/1204 
s 2501
f 1308/1546/1202 1314/1552/1208 1310/1548/1204 
s 2502
f 1306/1544/1200 1312/1550/1206 1311/1549/1205 
s 2503
f 1308/1546/1202 1287/1525/1181 1314/1552/1208 
s 2504
f 1310/1548/1204 1315/1553/1209 1313/1551/1207 
s 2505
f 1309/1547/1203 1316/1554/1210 1312/1550/1206 
s 2506
f 1317/1555/1211 1311/1549/1205 1312/1550/1206 
s 2507
f 1310/1548/1204 1314/1552/1208 1315/1553/1209 
s 2508
f 1313/1551/1207 1315/1553/1209 1318/1556/1212 
s 2509
f 1316/1554/1210 1319/1557/1213 1312/1550/1206 
s 2510
f 1312/1550/1206 1319/1557/1213 1317/1555/1211 
s 2511
f 1320/1558/1214 1311/1549/1205 1317/1555/1211 
s 2512
f 1321/1559/1215 1315/1553/1209 1314/1552/1208 
s 2513
f 1319/1557/1213 1316/1554/1210 1322/1560/1216 
s 2514
f 1320/1558/1214 1323/1561/1217 1311/1549/1205 
s 2515
f 1324/1562/1218 1315/1553/1209 1321/1559/1215 
s 2516
f 1324/1562/1218 1318/1556/1212 1315/1553/1209 
s 2517
f 1322/1560/1216 1316/1554/1210 1325/1563/1219 
s 2518
f 1323/1561/1217 1289/1527/1183 1311/1549/1205 
s 2519
f 1321/1559/1215 1326/1564/1220 1324/1562/1218 
s 2520
f 1325/1563/1219 1327/1565/1221 1322/1560/1216 
s 2521
f 1323/1561/1217 1284/1522/1178 1289/1527/1183 
s 2522
f 1321/1559/1215 1314/1552/1208 1285/1523/1179 
s 2523
f 1328/1566/1222 1325/1563/1219 1316/1554/1210 
s 2524
f 1329/1567/1223 1284/1522/1178 1323/1561/1217 
s 2525
f 1326/1564/1220 1321/1559/1215 1330/1568/1224 
s 2526
f 1330/1568/1224 1321/1559/1215 1285/1523/1179 
s 2527
f 1331/1569/1225 1325/1563/1219 1328/1566/1222 
s 2528
f 1281/1519/1175 1284/1522/1178 1329/1567/1223 
s 2529
f 1285/1523/1179 1279/1517/1173 1330/1568/1224 
s 2530
f 1285/1523/1179 1314/1552/1208 1287/1525/1181 
s 2531
f 1328/1566/1222 1316/1554/1210 1309/1547/1203 
s 2532
f 1281/1519/1175 1330/1568/1224 1279/1517/1173 
s 2533
f 1332/1570/1226 1329/1567/1223 1323/1561/1217 
s 2534
f 1309/1547/1203 1333/1571/1227 1328/1566/1222 
s 2535
f 1334/1572/1228 1330/1568/1224 1281/1519/1175 
s 2536
f 1332/1570/1226 1323/1561/1217 1320/1558/1214 
s 2537
f 1329/1567/1223 1334/1572/1228 1281/1519/1175 
s 2538
f 1333/1571/1227 1309/1547/1203 1303/1541/1197 
s 2539
f 1335/1573/1229 1329/1567/1223 1332/1570/1226 
s 2540
f 1336/1574/1230 1332/1570/1226 1320/1558/1214 
s 2541
f 1335/1573/1229 1334/1572/1228 1329/1567/1223 
s 2542
f 1303/1541/1197 1301/1539/1195 1333/1571/1227 
s 2543
f 1320/1558/1214 1337/1575/1231 1336/1574/1230 
s 2544
f 1332/1570/1226 1338/1576/1232 1335/1573/1229 
s 2545
f 1330/1568/1224 1334/1572/1228 1326/1564/1220 
s 2546
f 1317/1555/1211 1337/1575/1231 1320/1558/1214 
s 2547
f 1338/1576/1232 1332/1570/1226 1336/1574/1230 
s 2548
f 1335/1573/1229 1338/1576/1232 1339/1577/1233 
s 2549
f 1326/1564/1220 1334/1572/1228 1340/1578/1234 
s 2550
f 1337/1575/1231 1341/1579/1235 1336/1574/1230 
s 2551
f 1339/1577/1233 1340/1578/1234 1335/1573/1229 
s 2552
f 1338/1576/1232 1342/1580/1236 1339/1577/1233 
s 2553
f 1335/1573/1229 1340/1578/1234 1334/1572/1228 
s 2554
f 1337/1575/1231 1343/1581/1237 1341/1579/1235 
s 2555
f 1344/1582/1238 1342/1580/1236 1338/1576/1232 
s 2556
f 1339/1577/1233 1342/1583/1239 1340/1578/1234 
s 2557
f 1345/1584/1240 1343/1581/1237 1337/1575/1231 
s 2558
f 1344/1582/1238 1346/1585/1241 1342/1580/1236 
s 2559
f 1344/1582/1238 1338/1576/1232 1347/1586/1242 
s 2560
f 1336/1574/1230 1341/1579/1235 1347/1586/1242 
s 2561
f 1345/1584/1240 1348/1587/1243 1343/1581/1237 
s 2562
f 1349/1588/1244 1346/1585/1241 1344/1582/1238 
s 2563
f 1347/1586/1242 1338/1576/1232 1336/1574/1230 
s 2564
f 1350/1589/1245 1348/1587/1243 1345/1584/1240 
s 2565
f 1344/1582/1238 1347/1586/1242 1349/1588/1244 
s 2566
f 1348/1587/1243 1351/1590/1246 1343/1581/1237 
s 2567
f 1352/1591/1247 1341/1579/1235 1343/1581/1237 
s 2568
f 1345/1584/1240 1319/1557/1213 1350/1589/1245 
s 2569
f 1349/1588/1244 1347/1586/1242 1353/1592/1248 
s 2570
f 1343/1581/1237 1351/1590/1246 1352/1591/1247 
s 2571
f 1347/1586/1242 1341/1579/1235 1353/1592/1248 
s 2572
f 1350/1589/1245 1319/1557/1213 1322/1560/1216 
s 2573
f 1319/1557/1213 1345/1584/1240 1317/1555/1211 
s 2574
f 1354/1593/1249 1341/1579/1235 1352/1591/1247 
s 2575
f 1353/1592/1248 1341/1579/1235 1354/1593/1249 
s 2576
f 1322/1560/1216 1355/1594/1250 1350/1589/1245 
s 2577
f 1351/1590/1246 1348/1587/1243 1355/1594/1250 
s 2578
f 1317/1555/1211 1345/1584/1240 1337/1575/1231 
s 2579
f 1355/1594/1250 1348/1587/1243 1350/1589/1245 
s 2580
f 1327/1565/1221 1355/1594/1250 1322/1560/1216 
s 2581
f 1356/1595/1251 1327/1565/1221 1325/1563/1219 
s 2582
f 1331/1569/1225 1356/1595/1251 1325/1563/1219 
s 2583
f 1357/1596/1252 1356/1595/1251 1331/1569/1225 
s 2584
f 1358/1597/1253 1357/1596/1252 1331/1569/1225 
s 2585
f 1331/1569/1225 1359/1598/1254 1358/1597/1253 
s 2586
f 1360/1599/1255 1357/1596/1252 1358/1597/1253 
s 2587
f 1328/1566/1222 1359/1598/1254 1331/1569/1225 
s 2588
f 1358/1597/1253 1361/1600/1256 1360/1599/1255 
s 2589
f 1328/1566/1222 1333/1571/1227 1359/1598/1254 
s 2590
f 1359/1598/1254 1362/1601/1257 1358/1597/1253 
s 2591
f 1358/1597/1253 1362/1601/1257 1361/1600/1256 
s 2592
f 1360/1599/1255 1361/1600/1256 1363/1602/1258 
s 2593
f 1333/1571/1227 1364/1603/1259 1359/1598/1254 
s 2594
f 1359/1598/1254 1364/1603/1259 1362/1601/1257 
s 2595
f 1362/1601/1257 1288/1526/1182 1361/1600/1256 
s 2596
f 1361/1600/1256 1365/1604/1260 1363/1602/1258 
s 2597
f 1361/1600/1256 1288/1526/1182 1365/1604/1260 
s 2598
f 1333/1571/1227 1301/1539/1195 1364/1603/1259 
s 2599
f 1364/1603/1259 1291/1529/1185 1362/1601/1257 
s 2600
f 1363/1602/1258 1365/1604/1260 1366/1605/1261 
s 2601
f 1362/1601/1257 1291/1529/1185 1288/1526/1182 
s 2602
f 1301/1539/1195 1296/1534/1190 1364/1603/1259 
s 2603
f 1364/1603/1259 1296/1534/1190 1291/1529/1185 
s 2604
f 1365/1604/1260 1367/1606/1262 1366/1605/1261 
s 2605
f 1288/1526/1182 1286/1524/1180 1365/1604/1260 
s 2606
f 1368/1607/1263 1367/1606/1262 1365/1604/1260 
s 2607
f 1365/1604/1260 1286/1524/1180 1369/1608/1264 
s 2608
f 1369/1608/1264 1368/1607/1263 1365/1604/1260 
s 2609
f 1368/1607/1263 1370/1609/1265 1367/1606/1262 
s 2610
f 1286/1524/1180 1371/1610/1266 1369/1608/1264 
s 2611
f 1372/1611/1267 1368/1607/1263 1369/1608/1264 
s 2612
f 1373/1612/1268 1370/1609/1265 1368/1607/1263 
s 2613
f 1368/1607/1263 1372/1611/1267 1373/1612/1268 
s 2614
f 1286/1524/1180 1280/1518/1174 1371/1610/1266 
s 2615
f 1374/1613/1269 1372/1611/1267 1369/1608/1264 
s 2616
f 1373/1612/1268 1375/1614/1270 1370/1609/1265 
s 2617
f 1369/1608/1264 1371/1610/1266 1374/1613/1269 
s 2618
f 1280/1518/1174 1277/1515/1171 1371/1610/1266 
s 2619
f 1376/1615/1271 1372/1611/1267 1374/1613/1269 
s 2620
f 1377/1616/1272 1375/1614/1270 1373/1612/1268 
s 2621
f 1371/1610/1266 1277/1515/1171 1378/1617/1273 
s 2622
f 1127/1357/1013 1376/1615/1271 1374/1613/1269 
s 2623
f 1379/1618/1274 1377/1616/1272 1373/1612/1268 
s 2624
f 1378/1617/1273 1374/1613/1269 1371/1610/1266 
s 2625
f 1376/1615/1271 1379/1618/1274 1372/1611/1267 
s 2626
f 1127/1357/1013 1374/1613/1269 1378/1617/1273 
s 2627
f 1380/1619/1275 1377/1616/1272 1379/1618/1274 
s 2628
f 1373/1612/1268 1372/1611/1267 1379/1618/1274 
s 2629
f 1123/1352/1008 1376/1615/1271 1127/1357/1013 
s 2630
f 1100/1329/985 1378/1617/1273 1277/1515/1171 
s 2631
f 1380/1619/1275 1216/1620/1276 1377/1616/1272 
s 2632
f 1376/1615/1271 1123/1352/1008 1381/1621/1277 
s 2633
f 1381/1621/1277 1380/1619/1275 1379/1618/1274 
s 2634
f 1104/1333/989 1378/1617/1273 1100/1329/985 
s 2635
f 1104/1333/989 1127/1357/1013 1378/1617/1273 
s 2636
f 1381/1621/1277 1379/1618/1274 1376/1615/1271 
s 2637
f 1381/1621/1277 1123/1352/1008 1120/1349/1005 
s 2638
f 1210/1622/1278 1216/1620/1276 1380/1619/1275 
s 2639
f 1216/1620/1276 1221/1623/1279 1377/1616/1272 
s 2640
f 1377/1616/1272 1221/1623/1279 1375/1614/1270 
s 2641
f 1120/1349/1005 1382/1624/1280 1381/1621/1277 
s 2642
f 1382/1624/1280 1210/1622/1278 1380/1619/1275 
s 2643
f 1382/1624/1280 1380/1619/1275 1381/1621/1277 
s 2644
f 1383/1625/1281 1382/1624/1280 1120/1349/1005 
s 2645
f 1208/1626/1282 1210/1622/1278 1382/1624/1280 
s 2646
f 1383/1625/1281 1208/1626/1282 1382/1624/1280 
s 2647
f 1383/1625/1281 1120/1349/1005 1117/1346/1002 
s 2648
f 1205/1627/1283 1208/1626/1282 1383/1625/1281 
s 2649
f 1201/1628/1284 1383/1625/1281 1117/1346/1002 
s 2650
f 1205/1627/1283 1383/1625/1281 1201/1628/1284 
s 2651
f 1201/1628/1284 1117/1346/1002 1198/1629/1285 
s 2652
f 1198/1629/1285 1117/1346/1002 1384/1630/1286 
s 2653
f 1198/1629/1285 1384/1630/1286 1195/1631/1287 
s 2654
f 1384/1630/1286 1117/1346/1002 1113/1342/998 
s 2655
f 1195/1631/1287 1384/1630/1286 1385/1632/1288 
s 2656
f 1384/1630/1286 1113/1342/998 1385/1632/1288 
s 2657
f 1195/1631/1287 1385/1632/1288 1192/1633/1289 
s 2658
f 1385/1632/1288 1113/1342/998 1119/1348/1004 
s 2659
f 1192/1633/1289 1385/1632/1288 1137/1368/1024 
s 2660
f 1385/1632/1288 1119/1348/1004 1137/1368/1024 
s 2661
f 1192/1633/1289 1137/1368/1024 1141/1372/1028 
s 2662
f 1137/1368/1024 1119/1348/1004 1130/1360/1016 
s 2663
f 1119/1348/1004 1122/1351/1007 1130/1360/1016 
s 2664
f 1140/1634/1290 324/1635/1291 1136/1636/1292 
s 2665
f 1140/1634/1290 1155/1637/1293 324/1635/1291 
s 2666
f 1136/1636/1292 324/1635/1291 1132/1638/1294 
s 2667
f 324/1635/1291 1155/1637/1293 1160/1639/1295 
s 2668
f 325/1640/1296 1132/1638/1294 324/1635/1291 
s 2669
f 324/1635/1291 1160/1639/1295 325/1640/1296 
s 2670
f 332/1641/1297 1132/1638/1294 325/1640/1296 
s 2671
f 325/1640/1296 1160/1639/1295 327/1642/1298 
s 2672
f 325/1640/1296 329/1643/1299 332/1641/1297 
s 2673
f 327/1642/1298 329/1643/1299 325/1640/1296 
s 2674
f 332/1641/1297 329/1643/1299 1129/1644/1300 
s 2675
f 1170/1645/1301 329/1643/1299 327/1642/1298 
s 2676
f 329/1643/1299 333/1646/1302 1129/1644/1300 
s 2677
f 1170/1645/1301 333/1646/1302 329/1643/1299 
s 2678
f 1129/1644/1300 333/1646/1302 336/1647/1303 
s 2679
f 335/1648/1304 333/1646/1302 1170/1645/1301 
s 2680
f 333/1646/1302 1145/1649/1305 336/1647/1303 
s 2681
f 1189/1650/1306 333/1646/1302 335/1648/1304 
s 2682
f 339/1651/1307 1145/1649/1305 333/1646/1302 
s 2683
f 339/1651/1307 333/1646/1302 1189/1650/1306 
s 2684
f 1145/1649/1305 339/1651/1307 341/1652/1308 
s 2685
f 1189/1650/1306 340/1653/1309 339/1651/1307 
s 2686
f 341/1652/1308 339/1651/1307 342/1654/1310 
s 2687
f 339/1651/1307 340/1653/1309 342/1654/1310 
s 2688
f 341/1652/1308 342/1654/1310 1146/1655/1311 
s 2689
f 340/1653/1309 1194/1656/1312 342/1654/1310 
s 2690
f 1146/1655/1311 342/1654/1310 1148/1657/1313 
s 2691
f 342/1654/1310 1194/1656/1312 1148/1657/1313 
s 2692
f 1375/1658/1314 1386/1659/1315 1370/1660/1316 
s 2693
f 1375/1658/1314 1387/1661/1317 1386/1659/1315 
s 2694
f 1370/1660/1316 1386/1659/1315 1388/1662/1318 
s 2695
f 1221/1663/1319 1387/1661/1317 1375/1658/1314 
s 2696
f 1370/1660/1316 1388/1662/1318 1367/1664/1320 
s 2697
f 1386/1659/1315 1389/1665/1321 1388/1662/1318 
s 2698
f 1225/1666/1322 1387/1661/1317 1221/1663/1319 
s 2699
f 1367/1664/1320 1388/1662/1318 1390/1667/1323 
s 2700
f 1387/1661/1317 1391/1668/1324 1386/1659/1315 
s 2701
f 1386/1659/1315 1391/1668/1324 1389/1665/1321 
s 2702
f 1392/1669/1325 1387/1661/1317 1225/1666/1322 
s 2703
f 1367/1664/1320 1390/1667/1323 1366/1670/1326 
s 2704
f 1388/1662/1318 1393/1671/1327 1390/1667/1323 
s 2705
f 1388/1662/1318 1389/1665/1321 1393/1671/1327 
s 2706
f 1392/1669/1325 1391/1668/1324 1387/1661/1317 
s 2707
f 1226/1672/1328 1392/1669/1325 1225/1666/1322 
s 2708
f 1366/1670/1326 1390/1667/1323 1394/1673/1329 
s 2709
f 1389/1665/1321 1395/1674/1330 1393/1671/1327 
s 2710
f 1396/1675/1331 1392/1669/1325 1226/1672/1328 
s 2711
f 1366/1670/1326 1394/1673/1329 1363/1676/1332 
s 2712
f 1391/1668/1324 1397/1677/1333 1389/1665/1321 
s 2713
f 1389/1665/1321 1397/1677/1333 1395/1674/1330 
s 2714
f 1396/1675/1331 1398/1678/1334 1392/1669/1325 
s 2715
f 1363/1676/1332 1394/1673/1329 1360/1679/1335 
s 2716
f 1398/1678/1334 1397/1677/1333 1391/1668/1324 
s 2717
f 1393/1671/1327 1395/1674/1330 1399/1680/1336 
s 2718
f 1398/1678/1334 1391/1668/1324 1392/1669/1325 
s 2719
f 1394/1673/1329 1400/1681/1337 1360/1679/1335 
s 2720
f 1393/1671/1327 1399/1680/1336 1401/1682/1338 
s 2721
f 1402/1683/1339 1397/1677/1333 1398/1678/1334 
s 2722
f 1394/1673/1329 1401/1682/1338 1400/1681/1337 
s 2723
f 1360/1679/1335 1400/1681/1337 1357/1684/1340 
s 2724
f 1401/1682/1338 1399/1680/1336 1403/1685/1341 
s 2725
f 1395/1674/1330 1397/1677/1333 1404/1686/1342 
s 2726
f 1390/1667/1323 1401/1682/1338 1394/1673/1329 
s 2727
f 1401/1682/1338 1403/1685/1341 1400/1681/1337 
s 2728
f 1390/1667/1323 1393/1671/1327 1401/1682/1338 
s 2729
f 1395/1674/1330 1404/1686/1342 1399/1680/1336 
s 2730
f 1404/1686/1342 1397/1677/1333 1405/1687/1343 
s 2731
f 1400/1681/1337 1403/1685/1341 1406/1688/1344 
s 2732
f 1400/1681/1337 1406/1688/1344 1357/1684/1340 
s 2733
f 1407/1689/1345 1402/1683/1339 1398/1678/1334 
s 2734
f 1402/1683/1339 1408/1690/1346 1397/1677/1333 
s 2735
f 1397/1677/1333 1408/1690/1346 1405/1687/1343 
s 2736
f 1406/1688/1344 1403/1685/1341 1409/1691/1347 
s 2737
f 1410/1692/1348 1402/1683/1339 1407/1689/1345 
s 2738
f 1407/1689/1345 1398/1678/1334 1396/1675/1331 
s 2739
f 1410/1692/1348 1408/1690/1346 1402/1683/1339 
s 2740
f 1357/1684/1340 1406/1688/1344 1356/1693/1349 
s 2741
f 1411/1694/1350 1410/1692/1348 1407/1689/1345 
s 2742
f 1412/1695/1351 1407/1689/1345 1396/1675/1331 
s 2743
f 1413/1696/1352 1408/1690/1346 1410/1692/1348 
s 2744
f 1356/1693/1349 1406/1688/1344 1327/1697/1353 
s 2745
f 1411/1694/1350 1407/1689/1345 1412/1695/1351 
s 2746
f 1327/1697/1353 1406/1688/1344 1409/1691/1347 
s 2747
f 1413/1696/1352 1414/1698/1354 1408/1690/1346 
s 2748
f 1415/1699/1355 1410/1692/1348 1411/1694/1350 
s 2749
f 1327/1697/1353 1409/1691/1347 1355/1700/1356 
s 2750
f 1415/1699/1355 1413/1696/1352 1410/1692/1348 
s 2751
f 1416/1701/1357 1414/1698/1354 1413/1696/1352 
s 2752
f 1417/1702/1358 1415/1699/1355 1411/1694/1350 
s 2753
f 1355/1700/1356 1409/1691/1347 1418/1703/1359 
s 2754
f 1416/1701/1357 1419/1704/1360 1414/1698/1354 
s 2755
f 1420/1705/1361 1415/1699/1355 1417/1702/1358 
s 2756
f 1355/1700/1356 1418/1703/1359 1351/1706/1362 
s 2757
f 1421/1707/1363 1419/1704/1360 1416/1701/1357 
s 2758
f 1305/1708/1364 1420/1705/1361 1417/1702/1358 
s 2759
f 1420/1705/1361 1422/1709/1365 1415/1699/1355 
s 2760
f 1351/1706/1362 1418/1703/1359 1423/1710/1366 
s 2761
f 1416/1701/1357 1424/1711/1367 1421/1707/1363 
s 2762
f 1302/1712/1368 1420/1705/1361 1305/1708/1364 
s 2763
f 1351/1706/1362 1423/1710/1366 1352/1713/1369 
s 2764
f 1425/1714/1370 1424/1711/1367 1416/1701/1357 
s 2765
f 1302/1712/1368 1304/1715/1371 1420/1705/1361 
s 2766
f 1420/1705/1361 1304/1715/1371 1422/1709/1365 
s 2767
f 1418/1703/1359 1426/1716/1372 1423/1710/1366 
s 2768
f 1425/1714/1370 1427/1717/1373 1424/1711/1367 
s 2769
f 1413/1696/1352 1425/1714/1370 1416/1701/1357 
s 2770
f 1304/1715/1371 1307/1718/1374 1422/1709/1365 
s 2771
f 1423/1710/1366 1426/1716/1372 1428/1719/1375 
s 2772
f 1429/1720/1376 1425/1714/1370 1413/1696/1352 
s 2773
f 1427/1717/1373 1430/1721/1377 1424/1711/1367 
s 2774
f 1423/1710/1366 1428/1719/1375 1431/1722/1378 
s 2775
f 1415/1699/1355 1422/1709/1365 1429/1720/1376 
s 2776
f 1429/1720/1376 1413/1696/1352 1415/1699/1355 
s 2777
f 1424/1711/1367 1430/1721/1377 1432/1723/1379 
s 2778
f 1426/1716/1372 1433/1724/1380 1428/1719/1375 
s 2779
f 1422/1709/1365 1434/1725/1381 1429/1720/1376 
s 2780
f 1434/1725/1381 1427/1717/1373 1425/1714/1370 
s 2781
f 1422/1709/1365 1307/1718/1374 1434/1725/1381 
s 2782
f 1426/1716/1372 1435/1726/1382 1433/1724/1380 
s 2783
f 1429/1720/1376 1434/1725/1381 1425/1714/1370 
s 2784
f 1434/1725/1381 1313/1727/1383 1427/1717/1373 
s 2785
f 1307/1718/1374 1313/1727/1383 1434/1725/1381 
s 2786
f 1436/1728/1384 1435/1726/1382 1426/1716/1372 
s 2787
f 1428/1719/1375 1433/1724/1380 1437/1729/1385 
s 2788
f 1313/1727/1383 1318/1730/1386 1427/1717/1373 
s 2789
f 1430/1721/1377 1318/1730/1386 1432/1723/1379 
s 2790
f 1418/1703/1359 1436/1728/1384 1426/1716/1372 
s 2791
f 1433/1724/1380 1438/1731/1387 1437/1729/1385 
s 2792
f 1427/1717/1373 1318/1730/1386 1430/1721/1377 
s 2793
f 1409/1691/1347 1436/1728/1384 1418/1703/1359 
s 2794
f 1439/1732/1388 1438/1731/1387 1433/1724/1380 
s 2795
f 1435/1726/1382 1439/1732/1388 1433/1724/1380 
s 2796
f 1432/1723/1379 1318/1730/1386 1440/1733/1389 
s 2797
f 1409/1691/1347 1403/1685/1341 1436/1728/1384 
s 2798
f 1403/1685/1341 1435/1726/1382 1436/1728/1384 
s 2799
f 1439/1732/1388 1441/1734/1390 1438/1731/1387 
s 2800
f 1432/1723/1379 1440/1733/1389 1442/1735/1391 
s 2801
f 1399/1680/1336 1435/1726/1382 1403/1685/1341 
s 2802
f 1404/1686/1342 1439/1732/1388 1435/1726/1382 
s 2803
f 1438/1731/1387 1441/1734/1390 1443/1736/1392 
s 2804
f 1421/1707/1363 1432/1723/1379 1442/1735/1391 
s 2805
f 1399/1680/1336 1404/1686/1342 1435/1726/1382 
s 2806
f 1443/1736/1392 1444/1737/1393 1438/1731/1387 
s 2807
f 1442/1735/1391 1445/1738/1394 1421/1707/1363 
s 2808
f 1424/1711/1367 1432/1723/1379 1421/1707/1363 
s 2809
f 1404/1686/1342 1405/1687/1343 1439/1732/1388 
s 2810
f 1439/1732/1388 1405/1687/1343 1441/1734/1390 
s 2811
f 1442/1735/1391 1446/1739/1395 1445/1738/1394 
s 2812
f 1445/1738/1394 1446/1739/1395 1444/1737/1393 
s 2813
f 1421/1707/1363 1445/1738/1394 1419/1704/1360 
s 2814
f 1441/1734/1390 1419/1704/1360 1443/1736/1392 
s 2815
f 1405/1687/1343 1414/1698/1354 1441/1734/1390 
s 2816
f 1444/1737/1393 1446/1739/1395 1346/1740/1396 
s 2817
f 1445/1738/1394 1444/1737/1393 1419/1704/1360 
s 2818
f 1419/1704/1360 1444/1737/1393 1443/1736/1392 
s 2819
f 1408/1690/1346 1414/1698/1354 1405/1687/1343 
s 2820
f 1414/1698/1354 1419/1704/1360 1441/1734/1390 
s 2821
f 1349/1741/1397 1444/1737/1393 1346/1740/1396 
s 2822
f 1447/1742/1398 1446/1739/1395 1442/1735/1391 
s 2823
f 1442/1735/1391 1440/1733/1389 1447/1742/1398 
s 2824
f 1448/1743/1399 1444/1737/1393 1349/1741/1397 
s 2825
f 1438/1731/1387 1444/1737/1393 1448/1743/1399 
s 2826
f 1448/1743/1399 1349/1741/1397 1449/1744/1400 
s 2827
f 1438/1731/1387 1448/1743/1399 1437/1729/1385 
s 2828
f 1437/1729/1385 1448/1743/1399 1449/1744/1400 
s 2829
f 1449/1744/1400 1349/1741/1397 1353/1745/1401 
s 2830
f 1450/1746/1402 1437/1729/1385 1449/1744/1400 
s 2831
f 1354/1747/1403 1449/1744/1400 1353/1745/1401 
s 2832
f 1450/1746/1402 1449/1744/1400 1354/1747/1403 
s 2833
f 1428/1719/1375 1437/1729/1385 1450/1746/1402 
s 2834
f 1352/1713/1369 1450/1746/1402 1354/1747/1403 
s 2835
f 1431/1722/1378 1428/1719/1375 1450/1746/1402 
s 2836
f 1431/1722/1378 1450/1746/1402 1352/1713/1369 
s 2837
f 1352/1713/1369 1423/1710/1366 1431/1722/1378 
s 2838
f 1235/1473/1129 1253/1491/1147 1258/1496/1152 
s 2839
f 1258/1496/1152 1233/1471/1127 1235/1473/1129 
s 2840
f 1258/1496/1152 1245/1483/1139 1233/1471/1127 
s 2841
f 1230/1468/1124 1233/1471/1127 1245/1483/1139 
s 2842
f 1324/1562/1218 1326/1564/1220 1451/1748/1404 
s 2843
f 1447/1749/1405 1324/1562/1218 1451/1748/1404 
s 2844
f 1326/1564/1220 1340/1578/1234 1451/1748/1404 
s 2845
f 1440/1750/1406 1324/1562/1218 1447/1749/1405 
s 2846
f 1440/1750/1406 1318/1556/1212 1324/1562/1218 
s 2847
f 1451/1748/1404 1340/1578/1234 1452/1751/1407 
s 2848
f 1447/1749/1405 1451/1748/1404 1446/1752/1408 
s 2849
f 1446/1752/1408 1451/1748/1404 1452/1751/1407 
s 2850
f 1340/1578/1234 1342/1583/1239 1452/1751/1407 
s 2851
f 1452/1751/1407 1346/1753/1409 1446/1752/1408 
s 2852
f 1342/1583/1239 1346/1753/1409 1452/1751/1407 
s 2853
f 1282/1520/1176 1290/1528/1184 1299/1537/1193 
s 2854
f 1299/1537/1193 1276/1514/1170 1282/1520/1176 
s 2855
f 1276/1514/1170 1299/1537/1193 1262/1500/1156 
s 2856
f 1266/1504/1160 1276/1514/1170 1262/1500/1156 
s 2857
f 1262/1500/1156 1299/1537/1193 1259/1497/1153 
s 2858
f 1251/1489/1145 1254/1492/1148 1259/1497/1153 
s 2859
f 1453/1754/1410 1412/1695/1351 1236/1755/1411 
s 2860
f 1236/1755/1411 1238/1756/1412 1453/1754/1410 
s 2861
f 1236/1755/1411 1412/1695/1351 1232/1757/1413 
s 2862
f 1453/1754/1410 1238/1756/1412 1243/1758/1414 
s 2863
f 1412/1695/1351 1396/1675/1331 1232/1757/1413 
s 2864
f 1232/1757/1413 1396/1675/1331 1226/1672/1328 
s 2865
f 1243/1758/1414 1417/1702/1358 1453/1754/1410 
s 2866
f 1453/1754/1410 1411/1694/1350 1412/1695/1351 
s 2867
f 1417/1702/1358 1411/1694/1350 1453/1754/1410 
s 2868
f 1305/1708/1364 1417/1702/1358 1243/1758/1414 
s 2869
f 1454/1759/1415 1455/1760/1416 1456/1761/1417 
s 2870
f 1454/1759/1415 1456/1761/1417 1457/1762/1418 
s 2871
f 1456/1761/1417 1455/1760/1416 1458/1763/1419 
s 2872
f 1457/1762/1418 1459/1764/1420 1454/1759/1415 
s 2873
f 1458/1763/1419 1460/1765/1421 1456/1761/1417 
s 2874
f 1457/1762/1418 1456/1761/1417 1460/1765/1421 
s 2875
f 1454/1759/1415 1461/1766/1422 1455/1760/1416 
s 2876
f 1459/1764/1420 1457/1762/1418 1462/1767/1423 
s 2877
f 1463/1768/1424 1460/1765/1421 1458/1763/1419 
s 2878
f 1454/1759/1415 1459/1764/1420 1464/1769/1425 
s 2879
f 1464/1769/1425 1461/1766/1422 1454/1759/1415 
s 2880
f 1460/1765/1421 1465/1770/1426 1457/1762/1418 
s 2881
f 1462/1767/1423 1457/1762/1418 1465/1770/1426 
s 2882
f 1463/1768/1424 1466/1771/1427 1460/1765/1421 
s 2883
f 1461/1766/1422 1464/1769/1425 1467/1772/1428 
s 2884
f 1468/1773/1429 1459/1764/1420 1462/1767/1423 
s 2885
f 1466/1771/1427 1465/1770/1426 1460/1765/1421 
s 2886
f 1469/1774/1430 1466/1771/1427 1463/1768/1424 
s 2887
f 1467/1772/1428 1464/1769/1425 1470/1775/1431 
s 2888
f 1462/1767/1423 1471/1776/1432 1468/1773/1429 
s 2889
f 1466/1771/1427 1469/1774/1430 1472/1777/1433 
s 2890
f 1470/1775/1431 1473/1778/1434 1467/1772/1428 
s 2891
f 1474/1779/1435 1471/1776/1432 1462/1767/1423 
s 2892
f 1462/1767/1423 1465/1770/1426 1474/1779/1435 
s 2893
f 1472/1777/1433 1469/1774/1430 1475/1780/1436 
s 2894
f 1476/1781/1437 1473/1778/1434 1470/1775/1431 
s 2895
f 1477/1782/1438 1471/1776/1432 1474/1779/1435 
s 2896
f 1478/1783/1439 1466/1771/1427 1472/1777/1433 
s 2897
f 1465/1770/1426 1466/1771/1427 1478/1783/1439 
s 2898
f 1476/1781/1437 1479/1784/1440 1473/1778/1434 
s 2899
f 1478/1783/1439 1477/1782/1438 1474/1779/1435 
s 2900
f 1478/1783/1439 1472/1777/1433 1480/1785/1441 
s 2901
f 1474/1779/1435 1465/1770/1426 1478/1783/1439 
s 2902
f 1476/1781/1437 1481/1786/1442 1479/1784/1440 
s 2903
f 1480/1785/1441 1477/1782/1438 1478/1783/1439 
s 2904
f 1480/1785/1441 1472/1777/1433 1482/1787/1443 
s 2905
f 1475/1780/1436 1482/1787/1443 1472/1777/1433 
s 2906
f 1483/1788/1444 1481/1786/1442 1476/1781/1437 
s 2907
f 1484/1789/1445 1471/1776/1432 1477/1782/1438 
s 2908
f 1485/1790/1446 1482/1787/1443 1475/1780/1436 
s 2909
f 1483/1788/1444 1486/1791/1447 1481/1786/1442 
s 2910
f 1477/1782/1438 1487/1792/1448 1484/1789/1445 
s 2911
f 1482/1787/1443 1485/1790/1446 1488/1793/1449 
s 2912
f 1476/1781/1437 1489/1794/1450 1483/1788/1444 
s 2913
f 1490/1795/1451 1487/1792/1448 1477/1782/1438 
s 2914
f 1477/1782/1438 1480/1785/1441 1490/1795/1451 
s 2915
f 1488/1793/1449 1485/1790/1446 1491/1796/1452 
s 2916
f 1470/1775/1431 1489/1794/1450 1476/1781/1437 
s 2917
f 1487/1792/1448 1492/1797/1453 1484/1789/1445 
s 2918
f 1493/1798/1454 1482/1787/1443 1488/1793/1449 
s 2919
f 1490/1795/1451 1480/1785/1441 1493/1798/1454 
s 2920
f 1470/1775/1431 1494/1799/1455 1489/1794/1450 
s 2921
f 1492/1797/1453 1495/1800/1456 1484/1789/1445 
s 2922
f 1480/1785/1441 1482/1787/1443 1493/1798/1454 
s 2923
f 1496/1801/1457 1494/1799/1455 1470/1775/1431 
s 2924
f 1497/1802/1458 1492/1797/1453 1487/1792/1448 
s 2925
f 1484/1789/1445 1495/1800/1456 1471/1776/1432 
s 2926
f 1496/1801/1457 1468/1773/1429 1494/1799/1455 
s 2927
f 1492/1797/1453 1497/1802/1458 1498/1803/1459 
s 2928
f 1490/1795/1451 1499/1804/1460 1487/1792/1448 
s 2929
f 1496/1801/1457 1459/1764/1420 1468/1773/1429 
s 2930
f 1498/1803/1459 1500/1805/1461 1492/1797/1453 
s 2931
f 1492/1797/1453 1500/1805/1461 1495/1800/1456 
s 2932
f 1487/1792/1448 1499/1804/1460 1501/1806/1462 
s 2933
f 1487/1792/1448 1501/1806/1462 1497/1802/1458 
s 2934
f 1471/1776/1432 1502/1807/1463 1468/1773/1429 
s 2935
f 1494/1799/1455 1468/1773/1429 1502/1807/1463 
s 2936
f 1495/1800/1456 1502/1807/1463 1471/1776/1432 
s 2937
f 1490/1795/1451 1503/1808/1464 1499/1804/1460 
s 2938
f 1498/1803/1459 1497/1802/1458 1504/1809/1465 
s 2939
f 1502/1807/1463 1495/1800/1456 1505/1810/1466 
s 2940
f 1505/1810/1466 1495/1800/1456 1500/1805/1461 
s 2941
f 1493/1798/1454 1503/1808/1464 1490/1795/1451 
s 2942
f 1497/1802/1458 1501/1806/1462 1506/1811/1467 
s 2943
f 1497/1802/1458 1506/1811/1467 1504/1809/1465 
s 2944
f 1505/1810/1466 1507/1812/1468 1502/1807/1463 
s 2945
f 1488/1793/1449 1503/1808/1464 1493/1798/1454 
s 2946
f 1505/1810/1466 1500/1805/1461 1508/1813/1469 
s 2947
f 1498/1803/1459 1504/1809/1465 1509/1814/1470 
s 2948
f 1510/1815/1471 1503/1808/1464 1488/1793/1449 
s 2949
f 1507/1812/1468 1505/1810/1466 1511/1816/1472 
s 2950
f 1511/1816/1472 1505/1810/1466 1508/1813/1469 
s 2951
f 1509/1814/1470 1504/1809/1465 1512/1817/1473 
s 2952
f 1488/1793/1449 1513/1818/1474 1510/1815/1471 
s 2953
f 1511/1816/1472 1514/1819/1475 1507/1812/1468 
s 2954
f 1515/1820/1476 1498/1803/1459 1509/1814/1470 
s 2955
f 1508/1813/1469 1500/1805/1461 1515/1820/1476 
s 2956
f 1491/1796/1452 1513/1818/1474 1488/1793/1449 
s 2957
f 1514/1819/1475 1489/1794/1450 1507/1812/1468 
s 2958
f 1500/1805/1461 1498/1803/1459 1515/1820/1476 
s 2959
f 1508/1813/1469 1516/1821/1477 1511/1816/1472 
s 2960
f 1517/1822/1478 1514/1819/1475 1511/1816/1472 
s 2961
f 1507/1812/1468 1489/1794/1450 1494/1799/1455 
s 2962
f 1515/1820/1476 1518/1823/1479 1508/1813/1469 
s 2963
f 1508/1813/1469 1518/1823/1479 1516/1821/1477 
s 2964
f 1514/1819/1475 1483/1788/1444 1489/1794/1450 
s 2965
f 1502/1807/1463 1507/1812/1468 1494/1799/1455 
s 2966
f 1515/1820/1476 1519/1824/1480 1518/1823/1479 
s 2967
f 1486/1791/1447 1483/1788/1444 1514/1819/1475 
s 2968
f 1517/1822/1478 1486/1791/1447 1514/1819/1475 
s 2969
f 1520/1825/1481 1516/1821/1477 1518/1823/1479 
s 2970
f 1509/1814/1470 1519/1824/1480 1515/1820/1476 
s 2971
f 1521/1826/1482 1486/1791/1447 1517/1822/1478 
s 2972
f 1522/1827/1483 1516/1821/1477 1520/1825/1481 
s 2973
f 1519/1824/1480 1509/1814/1470 1523/1828/1484 
s 2974
f 1521/1826/1482 1524/1829/1485 1486/1791/1447 
s 2975
f 1522/1827/1483 1525/1830/1486 1516/1821/1477 
s 2976
f 1523/1828/1484 1526/1831/1487 1519/1824/1480 
s 2977
f 1527/1832/1488 1524/1829/1485 1521/1826/1482 
s 2978
f 1528/1833/1489 1525/1830/1486 1522/1827/1483 
s 2979
f 1523/1828/1484 1509/1814/1470 1512/1817/1473 
s 2980
f 1527/1832/1488 1521/1826/1482 1529/1834/1490 
s 2981
f 1525/1830/1486 1528/1833/1489 1530/1835/1491 
s 2982
f 1523/1828/1484 1531/1836/1492 1526/1831/1487 
s 2983
f 1527/1832/1488 1529/1834/1490 1532/1837/1493 
s 2984
f 1511/1816/1472 1516/1821/1477 1525/1830/1486 
s 2985
f 1512/1817/1473 1533/1838/1494 1523/1828/1484 
s 2986
f 1523/1828/1484 1533/1838/1494 1531/1836/1492 
s 2987
f 1529/1834/1490 1521/1826/1482 1534/1839/1495 
s 2988
f 1521/1826/1482 1530/1835/1491 1534/1839/1495 
s 2989
f 1511/1816/1472 1525/1830/1486 1517/1822/1478 
s 2990
f 1504/1809/1465 1533/1838/1494 1512/1817/1473 
s 2991
f 1517/1822/1478 1530/1835/1491 1521/1826/1482 
s 2992
f 1534/1839/1495 1535/1840/1496 1529/1834/1490 
s 2993
f 1517/1822/1478 1525/1830/1486 1530/1835/1491 
s 2994
f 1536/1841/1497 1533/1838/1494 1504/1809/1465 
s 2995
f 1537/1842/1498 1535/1840/1496 1534/1839/1495 
s 2996
f 1535/1840/1496 1538/1843/1499 1529/1834/1490 
s 2997
f 1530/1835/1491 1539/1844/1500 1534/1839/1495 
s 2998
f 1504/1809/1465 1506/1811/1467 1536/1841/1497 
s 2999
f 1534/1839/1495 1539/1844/1500 1537/1842/1498 
s 3000
f 1535/1840/1496 1540/1845/1501 1538/1843/1499 
s 3001
f 1530/1835/1491 1528/1833/1489 1539/1844/1500 
s 3002
f 1529/1834/1490 1538/1843/1499 1541/1846/1502 
s 3003
f 1542/1847/1503 1535/1840/1496 1537/1842/1498 
s 3004
f 1543/1848/1504 1540/1845/1501 1535/1840/1496 
s 3005
f 1537/1842/1498 1539/1844/1500 1542/1847/1503 
s 3006
f 1532/1837/1493 1529/1834/1490 1541/1846/1502 
s 3007
f 1543/1848/1504 1535/1840/1496 1542/1847/1503 
s 3008
f 1543/1848/1504 1544/1849/1505 1540/1845/1501 
s 3009
f 1528/1833/1489 1545/1850/1506 1539/1844/1500 
s 3010
f 1538/1843/1499 1546/1851/1507 1541/1846/1502 
s 3011
f 1542/1847/1503 1539/1844/1500 1545/1850/1506 
s 3012
f 1543/1848/1504 1547/1852/1508 1544/1849/1505 
s 3013
f 1546/1851/1507 1538/1843/1499 1548/1853/1509 
s 3014
f 1548/1853/1509 1538/1843/1499 1540/1845/1501 
s 3015
f 1545/1850/1506 1473/1854/1510 1542/1847/1503 
s 3016
f 1543/1848/1504 1473/1854/1510 1547/1852/1508 
s 3017
f 1549/1855/1511 1546/1851/1507 1548/1853/1509 
s 3018
f 1540/1845/1501 1544/1849/1505 1550/1856/1512 
s 3019
f 1542/1847/1503 1473/1854/1510 1543/1848/1504 
s 3020
f 1549/1855/1511 1548/1853/1509 1551/1857/1513 
s 3021
f 1540/1845/1501 1550/1856/1512 1548/1853/1509 
s 3022
f 1544/1849/1505 1547/1852/1508 1552/1858/1514 
s 3023
f 1467/1859/1515 1473/1854/1510 1545/1850/1506 
s 3024
f 1553/1860/1516 1549/1855/1511 1551/1857/1513 
s 3025
f 1544/1849/1505 1552/1858/1514 1554/1861/1517 
s 3026
f 1544/1849/1505 1554/1861/1517 1550/1856/1512 
s 3027
f 1555/1862/1518 1467/1859/1515 1545/1850/1506 
s 3028
f 1556/1863/1519 1549/1855/1511 1553/1860/1516 
s 3029
f 1554/1861/1517 1552/1858/1514 1557/1864/1520 
s 3030
f 1461/1865/1521 1467/1859/1515 1555/1862/1518 
s 3031
f 1556/1863/1519 1558/1866/1522 1549/1855/1511 
s 3032
f 1554/1861/1517 1557/1864/1520 1559/1867/1523 
s 3033
f 1560/1868/1524 1461/1865/1521 1555/1862/1518 
s 3034
f 1561/1869/1525 1558/1866/1522 1556/1863/1519 
s 3035
f 1554/1861/1517 1559/1867/1523 1562/1870/1526 
s 3036
f 1550/1856/1512 1554/1861/1517 1562/1870/1526 
s 3037
f 1455/1871/1527 1461/1865/1521 1560/1868/1524 
s 3038
f 1558/1866/1522 1561/1869/1525 1563/1872/1528 
s 3039
f 1562/1870/1526 1564/1873/1529 1550/1856/1512 
s 3040
f 1565/1874/1530 1455/1871/1527 1560/1868/1524 
s 3041
f 1558/1866/1522 1546/1851/1507 1549/1855/1511 
s 3042
f 1564/1873/1529 1562/1870/1526 1566/1875/1531 
s 3043
f 1458/1876/1532 1455/1871/1527 1565/1874/1530 
s 3044
f 1546/1851/1507 1558/1866/1522 1567/1877/1533 
s 3045
f 1567/1877/1533 1558/1866/1522 1563/1872/1528 
s 3046
f 1566/1875/1531 1562/1870/1526 1568/1878/1534 
s 3047
f 1565/1874/1530 1569/1879/1535 1458/1876/1532 
s 3048
f 1563/1872/1528 1570/1880/1536 1567/1877/1533 
s 3049
f 1568/1878/1534 1571/1881/1537 1566/1875/1531 
s 3050
f 1569/1879/1535 1565/1874/1530 1572/1882/1538 
s 3051
f 1573/1883/1539 1570/1880/1536 1563/1872/1528 
s 3052
f 1574/1884/1540 1571/1881/1537 1568/1878/1534 
s 3053
f 1575/1885/1541 1569/1879/1535 1572/1882/1538 
s 3054
f 1576/1886/1542 1573/1883/1539 1563/1872/1528 
s 3055
f 1559/1867/1523 1574/1884/1540 1568/1878/1534 
s 3056
f 1562/1870/1526 1559/1867/1523 1568/1878/1534 
s 3057
f 1577/1887/1543 1569/1879/1535 1575/1885/1541 
s 3058
f 1578/1888/1544 1573/1883/1539 1576/1886/1542 
s 3059
f 1579/1889/1545 1574/1884/1540 1559/1867/1523 
s 3060
f 1580/1890/1546 1577/1887/1543 1575/1885/1541 
s 3061
f 1581/1891/1547 1573/1883/1539 1578/1888/1544 
s 3062
f 1559/1867/1523 1557/1864/1520 1579/1889/1545 
s 3063
f 1582/1892/1548 1577/1887/1543 1580/1890/1546 
s 3064
f 1583/1893/1549 1573/1883/1539 1581/1891/1547 
s 3065
f 1584/1894/1550 1581/1891/1547 1578/1888/1544 
s 3066
f 1575/1885/1541 1585/1895/1551 1580/1890/1546 
s 3067
f 1569/1879/1535 1577/1887/1543 1463/1896/1552 
s 3068
f 1586/1897/1553 1581/1891/1547 1584/1894/1550 
s 3069
f 1587/1898/1554 1585/1895/1551 1575/1885/1541 
s 3070
f 1458/1876/1532 1569/1879/1535 1463/1896/1552 
s 3071
f 1588/1899/1555 1586/1897/1553 1584/1894/1550 
s 3072
f 1585/1895/1551 1587/1898/1554 1589/1900/1556 
s 3073
f 1572/1882/1538 1587/1898/1554 1575/1885/1541 
s 3074
f 1463/1896/1552 1577/1887/1543 1469/1901/1557 
s 3075
f 1588/1899/1555 1584/1894/1550 1590/1902/1558 
s 3076
f 1591/1903/1559 1587/1898/1554 1572/1882/1538 
s 3077
f 1589/1900/1556 1587/1898/1554 1592/1904/1560 
s 3078
f 1577/1887/1543 1582/1892/1548 1469/1901/1557 
s 3079
f 1590/1902/1558 1584/1894/1550 1593/1905/1561 
s 3080
f 1587/1898/1554 1591/1903/1559 1592/1904/1560 
s 3081
f 1589/1900/1556 1594/1906/1562 1585/1895/1551 
s 3082
f 1593/1905/1561 1595/1907/1563 1590/1902/1558 
s 3083
f 1584/1894/1550 1578/1888/1544 1593/1905/1561 
s 3084
f 1592/1904/1560 1522/1827/1483 1589/1900/1556 
s 3085
f 1585/1895/1551 1594/1906/1562 1580/1890/1546 
s 3086
f 1596/1908/1564 1595/1907/1563 1593/1905/1561 
s 3087
f 1592/1904/1560 1591/1903/1559 1597/1909/1565 
s 3088
f 1598/1910/1566 1594/1906/1562 1589/1900/1556 
s 3089
f 1596/1908/1564 1599/1911/1567 1595/1907/1563 
s 3090
f 1522/1827/1483 1592/1904/1560 1528/1833/1489 
s 3091
f 1528/1833/1489 1592/1904/1560 1597/1909/1565 
s 3092
f 1594/1906/1562 1598/1910/1566 1600/1912/1568 
s 3093
f 1601/1913/1569 1599/1911/1567 1596/1908/1564 
s 3094
f 1597/1909/1565 1545/1850/1506 1528/1833/1489 
s 3095
f 1594/1906/1562 1600/1912/1568 1602/1914/1570 
s 3096
f 1601/1913/1569 1603/1915/1571 1599/1911/1567 
s 3097
f 1591/1903/1559 1555/1862/1518 1597/1909/1565 
s 3098
f 1597/1909/1565 1555/1862/1518 1545/1850/1506 
s 3099
f 1600/1912/1568 1598/1910/1566 1604/1916/1572 
s 3100
f 1605/1917/1573 1603/1915/1571 1601/1913/1569 
s 3101
f 1591/1903/1559 1560/1868/1524 1555/1862/1518 
s 3102
f 1602/1914/1570 1600/1912/1568 1606/1918/1574 
s 3103
f 1605/1917/1573 1607/1919/1575 1603/1915/1571 
s 3104
f 1572/1882/1538 1560/1868/1524 1591/1903/1559 
s 3105
f 1602/1914/1570 1606/1918/1574 1608/1920/1576 
s 3106
f 1609/1921/1577 1607/1919/1575 1605/1917/1573 
s 3107
f 1572/1882/1538 1565/1874/1530 1560/1868/1524 
s 3108
f 1608/1920/1576 1582/1892/1548 1602/1914/1570 
s 3109
f 1607/1919/1575 1609/1921/1577 1610/1922/1578 
s 3110
f 1556/1863/1519 1605/1917/1573 1601/1913/1569 
s 3111
f 1608/1920/1576 1606/1918/1574 1611/1923/1579 
s 3112
f 1602/1914/1570 1582/1892/1548 1580/1890/1546 
s 3113
f 1601/1913/1569 1561/1869/1525 1556/1863/1519 
s 3114
f 1608/1920/1576 1611/1923/1579 1485/1924/1580 
s 3115
f 1580/1890/1546 1594/1906/1562 1602/1914/1570 
s 3116
f 1596/1908/1564 1561/1869/1525 1601/1913/1569 
s 3117
f 1582/1892/1548 1608/1920/1576 1475/1925/1581 
s 3118
f 1475/1925/1581 1608/1920/1576 1485/1924/1580 
s 3119
f 1485/1924/1580 1611/1923/1579 1491/1926/1582 
s 3120
f 1561/1869/1525 1596/1908/1564 1576/1886/1542 
s 3121
f 1469/1901/1557 1582/1892/1548 1475/1925/1581 
s 3122
f 1606/1918/1574 1612/1927/1583 1611/1923/1579 
s 3123
f 1563/1872/1528 1561/1869/1525 1576/1886/1542 
s 3124
f 1576/1886/1542 1596/1908/1564 1593/1905/1561 
s 3125
f 1491/1926/1582 1611/1923/1579 1513/1928/1584 
s 3126
f 1611/1923/1579 1612/1927/1583 1613/1929/1585 
s 3127
f 1606/1918/1574 1600/1912/1568 1612/1927/1583 
s 3128
f 1593/1905/1561 1578/1888/1544 1576/1886/1542 
s 3129
f 1513/1928/1584 1611/1923/1579 1613/1929/1585 
s 3130
f 1612/1927/1583 1600/1912/1568 1614/1930/1586 
s 3131
f 1600/1912/1568 1604/1916/1572 1614/1930/1586 
s 3132
f 1614/1930/1586 1604/1916/1572 1615/1931/1587 
s 3133
f 1604/1916/1572 1526/1831/1487 1615/1931/1587 
s 3134
f 1604/1916/1572 1616/1932/1588 1526/1831/1487 
s 3135
f 1615/1931/1587 1526/1831/1487 1617/1933/1589 
s 3136
f 1598/1910/1566 1616/1932/1588 1604/1916/1572 
s 3137
f 1519/1824/1480 1526/1831/1487 1616/1932/1588 
s 3138
f 1526/1831/1487 1531/1836/1492 1617/1933/1589 
s 3139
f 1598/1910/1566 1520/1825/1481 1616/1932/1588 
s 3140
f 1616/1932/1588 1518/1823/1479 1519/1824/1480 
s 3141
f 1520/1825/1481 1518/1823/1479 1616/1932/1588 
s 3142
f 1589/1900/1556 1520/1825/1481 1598/1910/1566 
s 3143
f 1589/1900/1556 1522/1827/1483 1520/1825/1481 
s 3144
f 1473/1778/1434 1479/1784/1440 1547/1934/1590 
s 3145
f 1479/1784/1440 1618/1935/1591 1547/1934/1590 
s 3146
f 1479/1784/1440 1619/1936/1592 1618/1935/1591 
s 3147
f 1547/1934/1590 1618/1935/1591 1552/1937/1593 
s 3148
f 1479/1784/1440 1481/1786/1442 1619/1936/1592 
s 3149
f 1618/1935/1591 1620/1938/1594 1552/1937/1593 
s 3150
f 1619/1936/1592 1481/1786/1442 1621/1939/1595 
s 3151
f 1618/1935/1591 1622/1940/1596 1620/1938/1594 
s 3152
f 1618/1935/1591 1619/1936/1592 1622/1940/1596 
s 3153
f 1552/1937/1593 1620/1938/1594 1557/1941/1597 
s 3154
f 1524/1829/1485 1621/1939/1595 1481/1786/1442 
s 3155
f 1623/1942/1598 1622/1940/1596 1619/1936/1592 
s 3156
f 1621/1939/1595 1623/1942/1598 1619/1936/1592 
s 3157
f 1620/1938/1594 1624/1943/1599 1557/1941/1597 
s 3158
f 1481/1786/1442 1486/1791/1447 1524/1829/1485 
s 3159
f 1625/1944/1600 1623/1942/1598 1621/1939/1595 
s 3160
f 1620/1938/1594 1622/1940/1596 1626/1945/1601 
s 3161
f 1626/1945/1601 1624/1943/1599 1620/1938/1594 
s 3162
f 1557/1941/1597 1624/1943/1599 1579/1946/1602 
s 3163
f 1627/1947/1603 1625/1944/1600 1621/1939/1595 
s 3164
f 1627/1947/1603 1621/1939/1595 1524/1829/1485 
s 3165
f 1628/1948/1604 1624/1943/1599 1626/1945/1601 
s 3166
f 1629/1949/1605 1622/1940/1596 1623/1942/1598 
s 3167
f 1630/1950/1606 1625/1944/1600 1627/1947/1603 
s 3168
f 1628/1948/1604 1574/1951/1607 1624/1943/1599 
s 3169
f 1624/1943/1599 1574/1951/1607 1579/1946/1602 
s 3170
f 1626/1945/1601 1622/1940/1596 1631/1952/1608 
s 3171
f 1631/1952/1608 1622/1940/1596 1629/1949/1605 
s 3172
f 1532/1837/1493 1630/1950/1606 1627/1947/1603 
s 3173
f 1574/1951/1607 1628/1948/1604 1571/1953/1609 
s 3174
f 1631/1952/1608 1629/1949/1605 1632/1954/1610 
s 3175
f 1570/1880/1536 1630/1950/1606 1532/1837/1493 
s 3176
f 1627/1947/1603 1527/1832/1488 1532/1837/1493 
s 3177
f 1571/1953/1609 1628/1948/1604 1633/1955/1611 
s 3178
f 1633/1955/1611 1626/1945/1601 1631/1952/1608 
s 3179
f 1630/1950/1606 1570/1880/1536 1583/1893/1549 
s 3180
f 1524/1829/1485 1527/1832/1488 1627/1947/1603 
s 3181
f 1628/1948/1604 1626/1945/1601 1633/1955/1611 
s 3182
f 1634/1956/1612 1630/1950/1606 1583/1893/1549 
s 3183
f 1583/1893/1549 1570/1880/1536 1573/1883/1539 
s 3184
f 1633/1955/1611 1631/1952/1608 1635/1957/1613 
s 3185
f 1635/1957/1613 1631/1952/1608 1632/1954/1610 
s 3186
f 1634/1956/1612 1583/1893/1549 1636/1958/1614 
s 3187
f 1625/1944/1600 1630/1950/1606 1634/1956/1612 
s 3188
f 1637/1959/1615 1633/1955/1611 1635/1957/1613 
s 3189
f 1635/1957/1613 1632/1954/1610 1638/1960/1616 
s 3190
f 1636/1958/1614 1583/1893/1549 1581/1891/1547 
s 3191
f 1639/1961/1617 1634/1956/1612 1636/1958/1614 
s 3192
f 1571/1953/1609 1633/1955/1611 1637/1959/1615 
s 3193
f 1638/1960/1616 1632/1954/1610 1640/1962/1618 
s 3194
f 1641/1963/1619 1634/1956/1612 1639/1961/1617 
s 3195
f 1641/1963/1619 1625/1944/1600 1634/1956/1612 
s 3196
f 1636/1958/1614 1642/1964/1620 1639/1961/1617 
s 3197
f 1643/1965/1621 1635/1957/1613 1638/1960/1616 
s 3198
f 1637/1959/1615 1635/1957/1613 1643/1965/1621 
s 3199
f 1623/1942/1598 1625/1944/1600 1641/1963/1619 
s 3200
f 1644/1966/1622 1642/1964/1620 1636/1958/1614 
s 3201
f 1643/1965/1621 1638/1960/1616 1645/1967/1623 
s 3202
f 1646/1968/1624 1623/1942/1598 1641/1963/1619 
s 3203
f 1632/1954/1610 1646/1968/1624 1640/1962/1618 
s 3204
f 1581/1891/1547 1644/1966/1622 1636/1958/1614 
s 3205
f 1645/1967/1623 1638/1960/1616 1647/1969/1625 
s 3206
f 1632/1954/1610 1629/1949/1605 1646/1968/1624 
s 3207
f 1640/1962/1618 1647/1969/1625 1638/1960/1616 
s 3208
f 1629/1949/1605 1623/1942/1598 1646/1968/1624 
s 3209
f 1644/1966/1622 1648/1970/1626 1642/1964/1620 
s 3210
f 1640/1962/1618 1646/1968/1624 1649/1971/1627 
s 3211
f 1646/1968/1624 1641/1963/1619 1649/1971/1627 
s 3212
f 1647/1969/1625 1650/1972/1628 1645/1967/1623 
s 3213
f 1651/1973/1629 1648/1970/1626 1644/1966/1622 
s 3214
f 1652/1974/1630 1647/1969/1625 1640/1962/1618 
s 3215
f 1649/1971/1627 1652/1974/1630 1640/1962/1618 
s 3216
f 1653/1975/1631 1650/1972/1628 1647/1969/1625 
s 3217
f 1586/1897/1553 1651/1973/1629 1644/1966/1622 
s 3218
f 1649/1971/1627 1641/1963/1619 1639/1961/1617 
s 3219
f 1652/1974/1630 1653/1975/1631 1647/1969/1625 
s 3220
f 1654/1976/1632 1651/1973/1629 1586/1897/1553 
s 3221
f 1655/1977/1633 1652/1974/1630 1649/1971/1627 
s 3222
f 1639/1961/1617 1655/1977/1633 1649/1971/1627 
s 3223
f 1656/1978/1634 1653/1975/1631 1652/1974/1630 
s 3224
f 1654/1976/1632 1586/1897/1553 1588/1899/1555 
s 3225
f 1586/1897/1553 1644/1966/1622 1581/1891/1547 
s 3226
f 1652/1974/1630 1655/1977/1633 1656/1978/1634 
s 3227
f 1642/1964/1620 1655/1977/1633 1639/1961/1617 
s 3228
f 1656/1978/1634 1655/1977/1633 1657/1979/1635 
s 3229
f 1655/1977/1633 1642/1964/1620 1657/1979/1635 
s 3230
f 1657/1979/1635 1642/1964/1620 1648/1970/1626 
s 3231
f 1658/1980/1636 1659/1981/1636 1660/1982/1636 
s 3232
f 1661/1983/1636 1659/1981/1636 1658/1980/1636 
s 3233
f 1660/1982/1636 1659/1981/1636 1662/1984/1636 
s 3234
f 1663/1985/1636 1659/1981/1636 1661/1983/1636 
s 3235
f 1659/1981/1636 1664/1986/1636 1662/1984/1636 
s 3236
f 1663/1985/1636 1664/1986/1636 1659/1981/1636 
s 3237
f 1662/1984/1636 1664/1986/1636 1665/1987/1636 
s 3238
f 1666/1988/1636 1664/1986/1636 1663/1985/1636 
s 3239
f 1667/1989/1636 1665/1987/1636 1664/1986/1636 
s 3240
f 1664/1986/1636 1666/1988/1636 1667/1989/1636 
s 3241
f 1668/1990/1636 1665/1987/1636 1667/1989/1636 
s 3242
f 1667/1989/1636 1666/1988/1636 1669/1991/1636 
s 3243
f 1668/1990/1636 1667/1989/1636 1670/1992/1636 
s 3244
f 1671/1993/1636 1667/1989/1636 1669/1991/1636 
s 3245
f 1670/1992/1636 1667/1989/1636 1672/1994/1636 
s 3246
f 1672/1994/1636 1667/1989/1636 1671/1993/1636 
s 3247
f 1672/1994/1636 1673/1995/1636 1670/1992/1636 
s 3248
f 1671/1993/1636 1674/1996/1636 1672/1994/1636 
s 3249
f 1675/1997/1636 1673/1995/1636 1672/1994/1636 
s 3250
f 1672/1994/1636 1674/1996/1636 1675/1997/1636 
s 3251
f 1656/1998/1637 1676/1999/1638 1653/2000/1639 
s 3252
f 1656/1998/1637 1677/2001/1640 1676/1999/1638 
s 3253
f 1653/2000/1639 1676/1999/1638 1650/2002/1641 
s 3254
f 1657/2003/1642 1677/2001/1640 1656/1998/1637 
s 3255
f 1650/2002/1641 1676/1999/1638 1610/2004/1643 
s 3256
f 1657/2003/1642 1678/2005/1644 1677/2001/1640 
s 3257
f 1610/2004/1643 1676/1999/1638 1607/2006/1645 
s 3258
f 1676/1999/1638 1677/2001/1640 1607/2006/1645 
s 3259
f 1648/2007/1646 1678/2005/1644 1657/2003/1642 
s 3260
f 1607/2006/1645 1677/2001/1640 1603/2008/1647 
s 3261
f 1648/2007/1646 1651/2009/1648 1678/2005/1644 
s 3262
f 1603/2008/1647 1677/2001/1640 1599/2010/1649 
s 3263
f 1599/2010/1649 1677/2001/1640 1678/2005/1644 
s 3264
f 1678/2005/1644 1651/2009/1648 1679/2011/1650 
s 3265
f 1599/2010/1649 1678/2005/1644 1595/2012/1651 
s 3266
f 1595/2012/1651 1678/2005/1644 1679/2011/1650 
s 3267
f 1651/2009/1648 1654/2013/1652 1679/2011/1650 
s 3268
f 1595/2012/1651 1679/2011/1650 1590/2014/1653 
s 3269
f 1679/2011/1650 1654/2013/1652 1588/2015/1654 
s 3270
f 1590/2014/1653 1679/2011/1650 1588/2015/1654 
s 3271
f 1459/1764/1420 1496/1801/1457 1464/1769/1425 
s 3272
f 1464/1769/1425 1496/1801/1457 1470/1775/1431 
s 3273
f 1513/2016/1655 1680/2017/1656 1510/2018/1657 
s 3274
f 1510/2018/1657 1680/2017/1656 1681/2019/1658 
s 3275
f 1510/2018/1657 1681/2019/1658 1503/2020/1659 
s 3276
f 1680/2017/1656 1682/2021/1660 1681/2019/1658 
s 3277
f 1503/2020/1659 1681/2019/1658 1683/2022/1661 
s 3278
f 1681/2019/1658 1682/2021/1660 1684/2023/1662 
s 3279
f 1681/2019/1658 1684/2023/1662 1683/2022/1661 
s 3280
f 1683/2022/1661 1685/2024/1663 1503/2020/1659 
s 3281
f 1682/2021/1660 1658/2025/1664 1684/2023/1662 
s 3282
f 1683/2022/1661 1686/2026/1665 1685/2024/1663 
s 3283
f 1683/2022/1661 1684/2023/1662 1686/2026/1665 
s 3284
f 1503/2020/1659 1685/2024/1663 1499/2027/1666 
s 3285
f 1684/2023/1662 1658/2025/1664 1660/2028/1667 
s 3286
f 1660/2028/1667 1686/2026/1665 1684/2023/1662 
s 3287
f 1499/2027/1666 1685/2024/1663 1501/2029/1668 
s 3288
f 1662/2030/1669 1686/2026/1665 1660/2028/1667 
s 3289
f 1501/2029/1668 1685/2024/1663 1687/2031/1670 
s 3290
f 1662/2030/1669 1688/2032/1671 1686/2026/1665 
s 3291
f 1685/2024/1663 1688/2032/1671 1687/2031/1670 
s 3292
f 1685/2024/1663 1686/2026/1665 1688/2032/1671 
s 3293
f 1501/2029/1668 1687/2031/1670 1506/2033/1672 
s 3294
f 1665/2034/1673 1688/2032/1671 1662/2030/1669 
s 3295
f 1506/2033/1672 1687/2031/1670 1689/2035/1674 
s 3296
f 1665/2034/1673 1668/2036/1675 1688/2032/1671 
s 3297
f 1689/2035/1674 1690/2037/1676 1506/2033/1672 
s 3298
f 1687/2031/1670 1691/2038/1677 1689/2035/1674 
s 3299
f 1688/2032/1671 1668/2036/1675 1691/2038/1677 
s 3300
f 1687/2031/1670 1688/2032/1671 1691/2038/1677 
s 3301
f 1506/2033/1672 1690/2037/1676 1536/2039/1678 
s 3302
f 1689/2035/1674 1691/2038/1677 1692/2040/1679 
s 3303
f 1668/2036/1675 1692/2040/1679 1691/2038/1677 
s 3304
f 1690/2037/1676 1693/2041/1680 1536/2039/1678 
s 3305
f 1692/2040/1679 1694/2042/1681 1689/2035/1674 
s 3306
f 1690/2037/1676 1694/2042/1681 1693/2041/1680 
s 3307
f 1689/2035/1674 1694/2042/1681 1690/2037/1676 
s 3308
f 1670/2043/1682 1692/2040/1679 1668/2036/1675 
s 3309
f 1670/2043/1682 1694/2042/1681 1692/2040/1679 
s 3310
f 1536/2039/1678 1693/2041/1680 1533/2044/1683 
s 3311
f 1673/2045/1684 1694/2042/1681 1670/2043/1682 
s 3312
f 1533/2044/1683 1693/2041/1680 1531/2046/1685 
s 3313
f 1673/2045/1684 1695/2047/1686 1694/2042/1681 
s 3314
f 1693/2041/1680 1694/2042/1681 1695/2047/1686 
s 3315
f 1531/2046/1685 1693/2041/1680 1696/2048/1687 
s 3316
f 1675/2049/1688 1695/2047/1686 1673/2045/1684 
s 3317
f 1531/2046/1685 1696/2048/1687 1617/2050/1689 
s 3318
f 1695/2047/1686 1697/2051/1690 1693/2041/1680 
s 3319
f 1693/2041/1680 1697/2051/1690 1696/2048/1687 
s 3320
f 1675/2049/1688 1674/2052/1691 1695/2047/1686 
s 3321
f 1695/2047/1686 1674/2052/1691 1697/2051/1690 
s 3322
f 1617/2050/1689 1696/2048/1687 1698/2053/1692 
s 3323
f 1696/2048/1687 1697/2051/1690 1698/2053/1692 
s 3324
f 1671/2054/1693 1697/2051/1690 1674/2052/1691 
s 3325
f 1699/2055/1694 1617/2050/1689 1698/2053/1692 
s 3326
f 1700/2056/1695 1697/2051/1690 1671/2054/1693 
s 3327
f 1698/2053/1692 1697/2051/1690 1700/2056/1695 
s 3328
f 1615/2057/1696 1617/2050/1689 1699/2055/1694 
s 3329
f 1669/2058/1697 1700/2056/1695 1671/2054/1693 
s 3330
f 1700/2056/1695 1701/2059/1698 1698/2053/1692 
s 3331
f 1698/2053/1692 1701/2059/1698 1699/2055/1694 
s 3332
f 1701/2059/1698 1700/2056/1695 1669/2058/1697 
s 3333
f 1702/2060/1699 1615/2057/1696 1699/2055/1694 
s 3334
f 1666/2061/1700 1701/2059/1698 1669/2058/1697 
s 3335
f 1614/2062/1701 1615/2057/1696 1702/2060/1699 
s 3336
f 1701/2059/1698 1703/2063/1702 1699/2055/1694 
s 3337
f 1703/2063/1702 1701/2059/1698 1666/2061/1700 
s 3338
f 1699/2055/1694 1703/2063/1702 1702/2060/1699 
s 3339
f 1614/2062/1701 1702/2060/1699 1612/2064/1703 
s 3340
f 1663/2065/1704 1703/2063/1702 1666/2061/1700 
s 3341
f 1612/2064/1703 1702/2060/1699 1704/2066/1705 
s 3342
f 1705/2067/1706 1703/2063/1702 1663/2065/1704 
s 3343
f 1703/2063/1702 1705/2067/1706 1702/2060/1699 
s 3344
f 1702/2060/1699 1705/2067/1706 1704/2066/1705 
s 3345
f 1706/2068/1707 1612/2064/1703 1704/2066/1705 
s 3346
f 1661/2069/1708 1705/2067/1706 1663/2065/1704 
s 3347
f 1613/2070/1709 1612/2064/1703 1706/2068/1707 
s 3348
f 1705/2067/1706 1707/2071/1710 1704/2066/1705 
s 3349
f 1707/2071/1710 1705/2067/1706 1661/2069/1708 
s 3350
f 1704/2066/1705 1707/2071/1710 1706/2068/1707 
s 3351
f 1680/2072/1711 1613/2070/1709 1706/2068/1707 
s 3352
f 1658/2073/1712 1707/2071/1710 1661/2069/1708 
s 3353
f 1513/2074/1713 1613/2070/1709 1680/2072/1711 
s 3354
f 1707/2071/1710 1682/2075/1714 1706/2068/1707 
s 3355
f 1682/2075/1714 1707/2071/1710 1658/2073/1712 
s 3356
f 1706/2068/1707 1682/2075/1714 1680/2072/1711 
s 3357
f 1708/2076/1715 1709/2077/1716 1710/2078/1717 
s 3358
f 1709/2077/1716 1708/2076/1715 1643/2079/1718 
s 3359
f 1710/2078/1717 1709/2077/1716 1711/2080/1719 
s 3360
f 1643/2079/1718 1708/2076/1715 1637/2081/1720 
s 3361
f 1710/2078/1717 1711/2080/1719 1551/1857/1513 
s 3362
f 1712/2082/1721 1711/2080/1719 1709/2077/1716 
s 3363
f 1645/2083/1722 1709/2077/1716 1643/2079/1718 
s 3364
f 1708/2076/1715 1566/1875/1531 1637/2081/1720 
s 3365
f 1551/1857/1513 1711/2080/1719 1553/1860/1516 
s 3366
f 1712/2082/1721 1709/2077/1716 1645/2083/1722 
s 3367
f 1566/1875/1531 1708/2076/1715 1564/1873/1529 
s 3368
f 1564/1873/1529 1708/2076/1715 1710/2078/1717 
s 3369
f 1637/2081/1720 1566/1875/1531 1571/1881/1537 
s 3370
f 1650/2084/1723 1712/2082/1721 1645/2083/1722 
s 3371
f 1564/1873/1529 1710/2078/1717 1713/2085/1724 
s 3372
f 1713/2085/1724 1710/2078/1717 1551/1857/1513 
s 3373
f 1609/1921/1577 1553/1860/1516 1711/2080/1719 
s 3374
f 1609/1921/1577 1711/2080/1719 1712/2082/1721 
s 3375
f 1610/1922/1578 1712/2082/1721 1650/2084/1723 
s 3376
f 1550/1856/1512 1564/1873/1529 1713/2085/1724 
s 3377
f 1605/1917/1573 1553/1860/1516 1609/1921/1577 
s 3378
f 1610/1922/1578 1609/1921/1577 1712/2082/1721 
s 3379
f 1551/1857/1513 1548/1853/1509 1713/2085/1724 
s 3380
f 1548/1853/1509 1550/1856/1512 1713/2085/1724 
s 3381
f 1553/1860/1516 1605/1917/1573 1556/1863/1519 
s 3382
f 1541/1846/1502 1546/1851/1507 1567/1877/1533 
s 3383
f 1567/1877/1533 1532/1837/1493 1541/1846/1502 
s 3384
f 1570/1880/1536 1532/1837/1493 1567/1877/1533 
s 3385
f 1714/1876/1725 1715/1871/1726 1716/1874/1727 
s 3386
f 1716/1874/1727 1717/1879/1728 1714/1876/1725 
s 3387
f 1716/1874/1727 1715/1871/1726 1718/1868/1729 
s 3388
f 1714/1876/1725 1717/1879/1728 1719/1896/1730 
s 3389
f 1717/1879/1728 1716/1874/1727 1720/1882/1731 
s 3390
f 1720/1882/1731 1716/1874/1727 1718/1868/1729 
s 3391
f 1715/1871/1726 1721/1865/1732 1718/1868/1729 
s 3392
f 1717/1879/1728 1722/1887/1733 1719/1896/1730 
s 3393
f 1723/1885/1734 1717/1879/1728 1720/1882/1731 
s 3394
f 1722/1887/1733 1717/1879/1728 1723/1885/1734 
s 3395
f 1718/1868/1729 1721/1865/1732 1724/1862/1735 
s 3396
f 1719/1896/1730 1722/1887/1733 1725/1901/1736 
s 3397
f 1720/1882/1731 1726/1898/1737 1723/1885/1734 
s 3398
f 1720/1882/1731 1718/1868/1729 1727/1903/1738 
s 3399
f 1727/1903/1738 1718/1868/1729 1724/1862/1735 
s 3400
f 1721/1865/1732 1728/1859/1739 1724/1862/1735 
s 3401
f 1722/1887/1733 1729/1892/1740 1725/1901/1736 
s 3402
f 1727/1903/1738 1726/1898/1737 1720/1882/1731 
s 3403
f 1730/1890/1741 1722/1887/1733 1723/1885/1734 
s 3404
f 1724/1862/1735 1728/1859/1739 1731/1850/1742 
s 3405
f 1729/1892/1740 1722/1887/1733 1730/1890/1741 
s 3406
f 1726/1898/1737 1727/1903/1738 1732/1904/1743 
s 3407
f 1727/1903/1738 1724/1862/1735 1733/1909/1744 
s 3408
f 1733/1909/1744 1724/1862/1735 1731/1850/1742 
s 3409
f 1734/1914/1745 1729/1892/1740 1730/1890/1741 
s 3410
f 1735/1900/1746 1726/1898/1737 1732/1904/1743 
s 3411
f 1732/1904/1743 1727/1903/1738 1733/1909/1744 
s 3412
f 1728/1859/1739 1736/1854/1747 1731/1850/1742 
s 3413
f 1730/1890/1741 1737/1906/1748 1734/1914/1745 
s 3414
f 1732/1904/1743 1738/1827/1749 1735/1900/1746 
s 3415
f 1733/1909/1744 1731/1850/1742 1739/1833/1750 
s 3416
f 1740/1895/1751 1737/1906/1748 1730/1890/1741 
s 3417
f 1738/1827/1749 1732/1904/1743 1739/1833/1750 
s 3418
f 1740/1895/1751 1726/1898/1737 1735/1900/1746 
s 3419
f 1739/1833/1750 1732/1904/1743 1733/1909/1744 
s 3420
f 1735/1900/1746 1737/1906/1748 1740/1895/1751 
s 3421
f 1723/1885/1734 1740/1895/1751 1730/1890/1741 
s 3422
f 1726/1898/1737 1740/1895/1751 1723/1885/1734 
s 3423
f 1739/1833/1750 1741/1830/1752 1738/1827/1749 
s 3424
f 1742/1910/1753 1737/1906/1748 1735/1900/1746 
s 3425
f 1731/1850/1742 1736/1854/1747 1743/1847/1754 
s 3426
f 1739/1833/1750 1731/1850/1742 1744/1844/1755 
s 3427
f 1739/1833/1750 1744/1844/1755 1741/1830/1752 
s 3428
f 1745/1916/1756 1737/1906/1748 1742/1910/1753 
s 3429
f 1743/1847/1754 1736/1854/1747 1746/1848/1757 
s 3430
f 1743/1847/1754 1744/1844/1755 1731/1850/1742 
s 3431
f 1738/1827/1749 1741/1830/1752 1747/1821/1758 
s 3432
f 1742/1910/1753 1748/1932/1759 1745/1916/1756 
s 3433
f 1746/1848/1757 1749/1840/1760 1743/1847/1754 
s 3434
f 1738/1827/1749 1747/1821/1758 1750/1825/1761 
s 3435
f 1735/1900/1746 1750/1825/1761 1742/1910/1753 
s 3436
f 1742/1910/1753 1750/1825/1761 1748/1932/1759 
s 3437
f 1746/1848/1757 1736/1854/1747 1751/1852/1762 
s 3438
f 1735/1900/1746 1738/1827/1749 1750/1825/1761 
s 3439
f 1750/1825/1761 1747/1821/1758 1752/1823/1763 
s 3440
f 1750/1825/1761 1752/1823/1763 1748/1932/1759 
s 3441
f 1746/1848/1757 1751/1852/1762 1753/1849/1764 
s 3442
f 1743/1847/1754 1749/1840/1760 1754/1842/1765 
s 3443
f 1755/2086/1766 1747/1821/1758 1741/1830/1752 
s 3444
f 1746/1848/1757 1756/1845/1767 1749/1840/1760 
s 3445
f 1746/1848/1757 1753/1849/1764 1756/1845/1767 
s 3446
f 1754/1842/1765 1744/1844/1755 1743/1847/1754 
s 3447
f 1757/2087/1768 1747/1821/1758 1755/2086/1766 
s 3448
f 1757/2087/1768 1752/1823/1763 1747/1821/1758 
s 3449
f 1753/1849/1764 1751/1852/1762 1758/1858/1769 
s 3450
f 1741/1830/1752 1744/1844/1755 1759/1835/1770 
s 3451
f 1759/1835/1770 1755/2086/1766 1741/1830/1752 
s 3452
f 1744/1844/1755 1754/1842/1765 1759/1835/1770 
s 3453
f 1748/1932/1759 1752/1823/1763 1760/1824/1771 
s 3454
f 1753/1849/1764 1758/1858/1769 1761/1861/1772 
s 3455
f 1762/1822/1773 1755/2086/1766 1759/1835/1770 
s 3456
f 1760/1824/1771 1763/1831/1774 1748/1932/1759 
s 3457
f 1753/1849/1764 1761/1861/1772 1764/1856/1775 
s 3458
f 1765/1839/1776 1762/1822/1773 1759/1835/1770 
s 3459
f 1759/1835/1770 1754/1842/1765 1765/1839/1776 
s 3460
f 1766/1828/1777 1763/1831/1774 1760/1824/1771 
s 3461
f 1761/1861/1772 1758/1858/1769 1767/1864/1778 
s 3462
f 1768/1826/1779 1762/1822/1773 1765/1839/1776 
s 3463
f 1760/1824/1771 1769/1814/1780 1766/1828/1777 
s 3464
f 1761/1861/1772 1767/1864/1778 1770/1867/1781 
s 3465
f 1771/1834/1782 1768/1826/1779 1765/1839/1776 
s 3466
f 1769/1814/1780 1760/1824/1771 1772/1820/1783 
s 3467
f 1764/1856/1775 1761/1861/1772 1773/1870/1784 
s 3468
f 1770/1867/1781 1773/1870/1784 1761/1861/1772 
s 3469
f 1774/1832/1785 1768/1826/1779 1771/1834/1782 
s 3470
f 1772/1820/1783 1760/1824/1771 1752/1823/1763 
s 3471
f 1770/1867/1781 1767/1864/1778 1775/1889/1786 
s 3472
f 1774/1832/1785 1776/1829/1787 1768/1826/1779 
s 3473
f 1772/1820/1783 1752/1823/1763 1757/2087/1768 
s 3474
f 1777/1878/1788 1773/1870/1784 1770/1867/1781 
s 3475
f 1778/1837/1789 1776/1829/1787 1774/1832/1785 
s 3476
f 1757/2087/1768 1779/1805/1790 1772/1820/1783 
s 3477
f 1770/1867/1781 1780/1884/1791 1777/1878/1788 
s 3478
f 1775/1889/1786 1780/1884/1791 1770/1867/1781 
s 3479
f 1768/1826/1779 1776/1829/1787 1781/1791/1792 
s 3480
f 1782/1810/1793 1779/1805/1790 1757/2087/1768 
s 3481
f 1783/1875/1794 1773/1870/1784 1777/1878/1788 
s 3482
f 1781/1791/1792 1784/1819/1795 1768/1826/1779 
s 3483
f 1782/1810/1793 1785/1800/1796 1779/1805/1790 
s 3484
f 1786/1873/1797 1773/1870/1784 1783/1875/1794 
s 3485
f 1787/1786/1798 1781/1791/1792 1776/1829/1787 
s 3486
f 1788/1807/1799 1785/1800/1796 1782/1810/1793 
s 3487
f 1789/2076/1800 1786/1873/1797 1783/1875/1794 
s 3488
f 1790/1788/1801 1781/1791/1792 1787/1786/1798 
s 3489
f 1782/1810/1793 1791/1812/1802 1788/1807/1799 
s 3490
f 1792/2078/1803 1786/1873/1797 1789/2076/1800 
s 3491
f 1790/1788/1801 1787/1786/1798 1793/1781/1804 
s 3492
f 1791/1812/1802 1782/1810/1793 1755/2086/1766 
s 3493
f 1794/2077/1805 1792/2078/1803 1789/2076/1800 
s 3494
f 1793/1781/1804 1795/1794/1806 1790/1788/1801 
s 3495
f 1795/1794/1806 1781/1791/1792 1790/1788/1801 
s 3496
f 1755/2086/1766 1782/1810/1793 1757/2087/1768 
s 3497
f 1796/2080/1807 1792/2078/1803 1794/2077/1805 
s 3498
f 1797/1775/1808 1795/1794/1806 1793/1781/1804 
s 3499
f 1762/1822/1773 1791/1812/1802 1755/2086/1766 
s 3500
f 1792/2078/1803 1796/2080/1807 1798/1857/1809 
s 3501
f 1793/1781/1804 1736/1778/1810 1797/1775/1808 
s 3502
f 1784/1819/1795 1791/1812/1802 1762/1822/1773 
s 3503
f 1784/1819/1795 1781/1791/1792 1795/1794/1806 
s 3504
f 1798/1857/1809 1796/2080/1807 1799/1860/1811 
s 3505
f 1797/1775/1808 1736/1778/1810 1728/1772/1812 
s 3506
f 1791/1812/1802 1784/1819/1795 1800/1799/1813 
s 3507
f 1797/1775/1808 1800/1799/1813 1795/1794/1806 
s 3508
f 1801/2082/1814 1796/2080/1807 1794/2077/1805 
s 3509
f 1728/1772/1812 1802/1769/1815 1797/1775/1808 
s 3510
f 1800/1799/1813 1784/1819/1795 1795/1794/1806 
s 3511
f 1768/1826/1779 1784/1819/1795 1762/1822/1773 
s 3512
f 1801/2082/1814 1794/2077/1805 1803/2083/1816 
s 3513
f 1804/1801/1817 1800/1799/1813 1797/1775/1808 
s 3514
f 1802/1769/1815 1804/1801/1817 1797/1775/1808 
s 3515
f 1721/1766/1818 1802/1769/1815 1728/1772/1812 
s 3516
f 1805/2084/1819 1801/2082/1814 1803/2083/1816 
s 3517
f 1788/1807/1799 1791/1812/1802 1800/1799/1813 
s 3518
f 1802/1769/1815 1721/1766/1818 1806/1759/1820 
s 3519
f 1807/1922/1821 1801/2082/1814 1805/2084/1819 
s 3520
f 1800/1799/1813 1808/1773/1822 1788/1807/1799 
s 3521
f 1804/1801/1817 1808/1773/1822 1800/1799/1813 
s 3522
f 1806/1759/1820 1721/1766/1818 1715/1760/1823 
s 3523
f 1807/1922/1821 1809/1921/1824 1801/2082/1814 
s 3524
f 1804/1801/1817 1810/1764/1825 1808/1773/1822 
s 3525
f 1806/1759/1820 1810/1764/1825 1802/1769/1815 
s 3526
f 1806/1759/1820 1715/1760/1823 1811/1761/1826 
s 3527
f 1812/1919/1827 1809/1921/1824 1807/1922/1821 
s 3528
f 1810/1764/1825 1804/1801/1817 1802/1769/1815 
s 3529
f 1806/1759/1820 1811/1761/1826 1813/1762/1828 
s 3530
f 1809/1921/1824 1812/1919/1827 1814/1917/1829 
s 3531
f 1813/1762/1828 1810/1764/1825 1806/1759/1820 
s 3532
f 1811/1761/1826 1715/1760/1823 1714/1763/1830 
s 3533
f 1809/1921/1824 1796/2080/1807 1801/2082/1814 
s 3534
f 1813/1762/1828 1811/1761/1826 1815/1765/1831 
s 3535
f 1808/1773/1822 1810/1764/1825 1816/1767/1832 
s 3536
f 1714/1763/1830 1815/1765/1831 1811/1761/1826 
s 3537
f 1809/1921/1824 1799/1860/1811 1796/2080/1807 
s 3538
f 1810/1764/1825 1813/1762/1828 1816/1767/1832 
s 3539
f 1814/1917/1829 1799/1860/1811 1809/1921/1824 
s 3540
f 1815/1765/1831 1817/1770/1833 1813/1762/1828 
s 3541
f 1719/1768/1834 1815/1765/1831 1714/1763/1830 
s 3542
f 1816/1767/1832 1813/1762/1828 1817/1770/1833 
s 3543
f 1799/1860/1811 1814/1917/1829 1818/1863/1835 
s 3544
f 1719/1768/1834 1819/1771/1836 1815/1765/1831 
s 3545
f 1816/1767/1832 1820/1776/1837 1808/1773/1822 
s 3546
f 1819/1771/1836 1817/1770/1833 1815/1765/1831 
s 3547
f 1818/1863/1835 1814/1917/1829 1821/1913/1838 
s 3548
f 1822/1779/1839 1820/1776/1837 1816/1767/1832 
s 3549
f 1817/1770/1833 1819/1771/1836 1823/1783/1840 
s 3550
f 1824/1855/1841 1799/1860/1811 1818/1863/1835 
s 3551
f 1816/1767/1832 1817/1770/1833 1822/1779/1839 
s 3552
f 1825/1782/1842 1820/1776/1837 1822/1779/1839 
s 3553
f 1823/1783/1840 1825/1782/1842 1822/1779/1839 
s 3554
f 1818/1863/1835 1826/1866/1843 1824/1855/1841 
s 3555
f 1798/1857/1809 1799/1860/1811 1824/1855/1841 
s 3556
f 1822/1779/1839 1817/1770/1833 1823/1783/1840 
s 3557
f 1827/1789/1844 1820/1776/1837 1825/1782/1842 
s 3558
f 1828/1853/1845 1798/1857/1809 1824/1855/1841 
s 3559
f 1829/1869/1846 1826/1866/1843 1818/1863/1835 
s 3560
f 1821/1913/1838 1829/1869/1846 1818/1863/1835 
s 3561
f 1827/1789/1844 1785/1800/1796 1820/1776/1837 
s 3562
f 1830/2085/1847 1798/1857/1809 1828/1853/1845 
s 3563
f 1831/1908/1848 1829/1869/1846 1821/1913/1838 
s 3564
f 1832/1795/1849 1827/1789/1844 1825/1782/1842 
s 3565
f 1828/1853/1845 1764/1856/1775 1830/2085/1847 
s 3566
f 1821/1913/1838 1833/1911/1850 1831/1908/1848 
s 3567
f 1834/1792/1851 1827/1789/1844 1832/1795/1849 
s 3568
f 1756/1845/1767 1764/1856/1775 1828/1853/1845 
s 3569
f 1821/1913/1838 1835/1915/1852 1833/1911/1850 
s 3570
f 1834/1792/1851 1836/1797/1853 1827/1789/1844 
s 3571
f 1828/1853/1845 1837/1843/1854 1756/1845/1767 
s 3572
f 1814/1917/1829 1835/1915/1852 1821/1913/1838 
s 3573
f 1838/1802/1855 1836/1797/1853 1834/1792/1851 
s 3574
f 1839/1851/1856 1837/1843/1854 1828/1853/1845 
s 3575
f 1814/1917/1829 1812/1919/1827 1835/1915/1852 
s 3576
f 1836/1797/1853 1838/1802/1855 1840/1803/1857 
s 3577
f 1837/1843/1854 1839/1851/1856 1841/1846/1858 
s 3578
f 1824/1855/1841 1839/1851/1856 1828/1853/1845 
s 3579
f 1834/1792/1851 1842/1806/1859 1838/1802/1855 
s 3580
f 1840/1803/1857 1838/1802/1855 1843/1809/1860 
s 3581
f 1841/1846/1858 1839/1851/1856 1844/1877/1861 
s 3582
f 1826/1866/1843 1839/1851/1856 1824/1855/1841 
s 3583
f 1834/1792/1851 1845/1804/1862 1842/1806/1859 
s 3584
f 1840/1803/1857 1843/1809/1860 1769/1814/1780 
s 3585
f 1826/1866/1843 1844/1877/1861 1839/1851/1856 
s 3586
f 1832/1795/1849 1845/1804/1862 1834/1792/1851 
s 3587
f 1840/1803/1857 1779/1805/1790 1836/1797/1853 
s 3588
f 1846/1872/1863 1844/1877/1861 1826/1866/1843 
s 3589
f 1832/1795/1849 1847/1808/1864 1845/1804/1862 
s 3590
f 1779/1805/1790 1840/1803/1857 1772/1820/1783 
s 3591
f 1772/1820/1783 1840/1803/1857 1769/1814/1780 
s 3592
f 1844/1877/1861 1846/1872/1863 1848/1880/1865 
s 3593
f 1849/1798/1866 1847/1808/1864 1832/1795/1849 
s 3594
f 1836/1797/1853 1779/1805/1790 1785/1800/1796 
s 3595
f 1848/1880/1865 1778/1837/1789 1844/1877/1861 
s 3596
f 1832/1795/1849 1850/1785/1867 1849/1798/1866 
s 3597
f 1836/1797/1853 1785/1800/1796 1827/1789/1844 
s 3598
f 1848/1880/1865 1846/1872/1863 1851/1883/1868 
s 3599
f 1825/1782/1842 1850/1785/1867 1832/1795/1849 
s 3600
f 1850/1785/1867 1852/1787/1869 1849/1798/1866 
s 3601
f 1844/1877/1861 1778/1837/1789 1841/1846/1858 
s 3602
f 1846/1872/1863 1853/1886/1870 1851/1883/1868 
s 3603
f 1850/1785/1867 1854/1777/1871 1852/1787/1869 
s 3604
f 1849/1798/1866 1852/1787/1869 1855/1793/1872 
s 3605
f 1778/1837/1789 1774/1832/1785 1841/1846/1858 
s 3606
f 1851/1883/1868 1853/1886/1870 1856/1888/1873 
s 3607
f 1855/1793/1872 1847/1808/1864 1849/1798/1866 
s 3608
f 1852/1787/1869 1857/1790/1874 1855/1793/1872 
s 3609
f 1841/1846/1858 1774/1832/1785 1771/1834/1782 
s 3610
f 1856/1888/1873 1858/1891/1875 1851/1883/1868 
s 3611
f 1857/1790/1874 1852/1787/1869 1859/1780/1876 
s 3612
f 1859/1780/1876 1852/1787/1869 1854/1777/1871 
s 3613
f 1771/1834/1782 1837/1843/1854 1841/1846/1858 
s 3614
f 1851/1883/1868 1858/1891/1875 1860/1893/1877 
s 3615
f 1854/1777/1871 1725/1774/1878 1859/1780/1876 
s 3616
f 1749/1840/1760 1837/1843/1854 1771/1834/1782 
s 3617
f 1851/1883/1868 1860/1893/1877 1848/1880/1865 
s 3618
f 1819/1771/1836 1725/1774/1878 1854/1777/1871 
s 3619
f 1765/1839/1776 1749/1840/1760 1771/1834/1782 
s 3620
f 1749/1840/1760 1756/1845/1767 1837/1843/1854 
s 3621
f 1848/1880/1865 1860/1893/1877 1861/1950/1879 
s 3622
f 1823/1783/1840 1819/1771/1836 1854/1777/1871 
s 3623
f 1754/1842/1765 1749/1840/1760 1765/1839/1776 
s 3624
f 1725/1774/1878 1819/1771/1836 1719/1768/1834 
s 3625
f 1860/1893/1877 1862/1956/1880 1861/1950/1879 
s 3626
f 1823/1783/1840 1854/1777/1871 1850/1785/1867 
s 3627
f 1848/1880/1865 1861/1950/1879 1778/1837/1789 
s 3628
f 1756/1845/1767 1753/1849/1764 1764/1856/1775 
s 3629
f 1850/1785/1867 1825/1782/1842 1823/1783/1840 
s 3630
f 1860/1893/1877 1863/1958/1881 1862/1956/1880 
s 3631
f 1778/1837/1789 1861/1950/1879 1864/1947/1882 
s 3632
f 1773/1870/1784 1786/1873/1797 1764/1856/1775 
s 3633
f 1858/1891/1875 1863/1958/1881 1860/1893/1877 
s 3634
f 1864/1947/1882 1776/1829/1787 1778/1837/1789 
s 3635
f 1861/1950/1879 1862/1956/1880 1865/1944/1883 
s 3636
f 1863/1958/1881 1858/1891/1875 1866/1966/1884 
s 3637
f 1861/1950/1879 1865/1944/1883 1864/1947/1882 
s 3638
f 1864/1947/1882 1867/1939/1885 1776/1829/1787 
s 3639
f 1863/1958/1881 1868/1961/1886 1862/1956/1880 
s 3640
f 1866/1966/1884 1858/1891/1875 1869/1897/1887 
s 3641
f 1864/1947/1882 1865/1944/1883 1867/1939/1885 
s 3642
f 1866/1966/1884 1870/1964/1888 1863/1958/1881 
s 3643
f 1863/1958/1881 1870/1964/1888 1868/1961/1886 
s 3644
f 1856/1888/1873 1869/1897/1887 1858/1891/1875 
s 3645
f 1862/1956/1880 1871/1963/1889 1865/1944/1883 
s 3646
f 1869/1897/1887 1872/1973/1890 1866/1966/1884 
s 3647
f 1862/1956/1880 1868/1961/1886 1871/1963/1889 
s 3648
f 1873/1894/1891 1869/1897/1887 1856/1888/1873 
s 3649
f 1865/1944/1883 1871/1963/1889 1874/1942/1892 
s 3650
f 1865/1944/1883 1874/1942/1892 1867/1939/1885 
s 3651
f 1872/1973/1890 1875/1970/1893 1866/1966/1884 
s 3652
f 1866/1966/1884 1875/1970/1893 1870/1964/1888 
s 3653
f 1856/1888/1873 1853/1886/1870 1873/1894/1891 
s 3654
f 1871/1963/1889 1876/1968/1894 1874/1942/1892 
s 3655
f 1877/1976/1895 1872/1973/1890 1869/1897/1887 
s 3656
f 1878/1979/1896 1870/1964/1888 1875/1970/1893 
s 3657
f 1873/1894/1891 1877/1976/1895 1869/1897/1887 
s 3658
f 1871/1963/1889 1879/1971/1897 1876/1968/1894 
s 3659
f 1880/1977/1898 1870/1964/1888 1878/1979/1896 
s 3660
f 1881/1899/1899 1877/1976/1895 1873/1894/1891 
s 3661
f 1868/1961/1886 1879/1971/1897 1871/1963/1889 
s 3662
f 1879/1971/1897 1868/1961/1886 1880/1977/1898 
s 3663
f 1880/1977/1898 1868/1961/1886 1870/1964/1888 
s 3664
f 1882/1978/1900 1880/1977/1898 1878/1979/1896 
s 3665
f 1873/1894/1891 1883/1905/1901 1881/1899/1899 
s 3666
f 1879/1971/1897 1884/1962/1902 1876/1968/1894 
s 3667
f 1885/1974/1903 1880/1977/1898 1882/1978/1900 
s 3668
f 1873/1894/1891 1853/1886/1870 1883/1905/1901 
s 3669
f 1880/1977/1898 1885/1974/1903 1879/1971/1897 
s 3670
f 1879/1971/1897 1885/1974/1903 1884/1962/1902 
s 3671
f 1876/1968/1894 1884/1962/1902 1886/1954/1904 
s 3672
f 1882/1978/1900 1887/1975/1905 1885/1974/1903 
s 3673
f 1881/1899/1899 1883/1905/1901 1888/1902/1906 
s 3674
f 1876/1968/1894 1886/1954/1904 1889/1949/1907 
s 3675
f 1884/1962/1902 1890/1960/1908 1886/1954/1904 
s 3676
f 1885/1974/1903 1887/1975/1905 1891/1969/1909 
s 3677
f 1883/1905/1901 1892/1907/1910 1888/1902/1906 
s 3678
f 1885/1974/1903 1891/1969/1909 1884/1962/1902 
s 3679
f 1884/1962/1902 1891/1969/1909 1890/1960/1908 
s 3680
f 1886/1954/1904 1890/1960/1908 1893/1957/1911 
s 3681
f 1831/1908/1848 1892/1907/1910 1883/1905/1901 
s 3682
f 1887/1975/1905 1805/1972/1912 1891/1969/1909 
s 3683
f 1886/1954/1904 1893/1957/1911 1894/1952/1913 
s 3684
f 1889/1949/1907 1886/1954/1904 1894/1952/1913 
s 3685
f 1831/1908/1848 1833/1911/1850 1892/1907/1910 
s 3686
f 1891/1969/1909 1805/1972/1912 1803/1967/1914 
s 3687
f 1803/1967/1914 1890/1960/1908 1891/1969/1909 
s 3688
f 1894/1952/1913 1895/1940/1915 1889/1949/1907 
s 3689
f 1853/1886/1870 1831/1908/1848 1883/1905/1901 
s 3690
f 1896/1965/1916 1890/1960/1908 1803/1967/1914 
s 3691
f 1890/1960/1908 1896/1965/1916 1893/1957/1911 
s 3692
f 1897/1945/1917 1895/1940/1915 1894/1952/1913 
s 3693
f 1829/1869/1846 1831/1908/1848 1853/1886/1870 
s 3694
f 1889/1949/1907 1895/1940/1915 1874/1942/1892 
s 3695
f 1893/1957/1911 1896/1965/1916 1898/1959/1918 
s 3696
f 1853/1886/1870 1846/1872/1863 1829/1869/1846 
s 3697
f 1874/1942/1892 1876/1968/1894 1889/1949/1907 
s 3698
f 1893/1957/1911 1898/1959/1918 1899/1955/1919 
s 3699
f 1899/1955/1919 1897/1945/1917 1894/1952/1913 
s 3700
f 1829/1869/1846 1846/1872/1863 1826/1866/1843 
s 3701
f 1874/1942/1892 1895/1940/1915 1900/1936/1920 
s 3702
f 1894/1952/1913 1893/1957/1911 1899/1955/1919 
s 3703
f 1901/1948/1921 1897/1945/1917 1899/1955/1919 
s 3704
f 1899/1955/1919 1898/1959/1918 1902/1953/1922 
s 3705
f 1903/1938/1923 1895/1940/1915 1897/1945/1917 
s 3706
f 1904/1935/1924 1900/1936/1920 1895/1940/1915 
s 3707
f 1902/1953/1922 1901/1948/1921 1899/1955/1919 
s 3708
f 1867/1939/1885 1874/1942/1892 1900/1936/1920 
s 3709
f 1904/1935/1924 1895/1940/1915 1903/1938/1923 
s 3710
f 1780/1951/1925 1901/1948/1921 1902/1953/1922 
s 3711
f 1900/1936/1920 1787/1786/1798 1867/1939/1885 
s 3712
f 1904/1935/1924 1903/1938/1923 1758/1937/1926 
s 3713
f 1901/1948/1921 1780/1951/1925 1905/1943/1927 
s 3714
f 1901/1948/1921 1905/1943/1927 1897/1945/1917 
s 3715
f 1906/1784/1928 1787/1786/1798 1900/1936/1920 
s 3716
f 1897/1945/1917 1905/1943/1927 1903/1938/1923 
s 3717
f 1906/1784/1928 1900/1936/1920 1904/1935/1924 
s 3718
f 1905/1943/1927 1780/1951/1925 1775/1946/1929 
s 3719
f 1793/1781/1804 1787/1786/1798 1906/1784/1928 
s 3720
f 1776/1829/1787 1867/1939/1885 1787/1786/1798 
s 3721
f 1906/1784/1928 1904/1935/1924 1751/1934/1930 
s 3722
f 1751/1934/1930 1904/1935/1924 1758/1937/1926 
s 3723
f 1767/1941/1931 1905/1943/1927 1775/1946/1929 
s 3724
f 1758/1937/1926 1903/1938/1923 1767/1941/1931 
s 3725
f 1793/1781/1804 1906/1784/1928 1736/1778/1810 
s 3726
f 1736/1778/1810 1906/1784/1928 1751/1934/1930 
s 3727
f 1903/1938/1923 1905/1943/1927 1767/1941/1931 
s 3728
f 1766/1828/1777 1769/1814/1780 1907/1817/1932 
s 3729
f 1907/1817/1932 1908/1838/1933 1766/1828/1777 
s 3730
f 1769/1814/1780 1843/1809/1860 1907/1817/1932 
s 3731
f 1843/1809/1860 1908/1838/1933 1907/1817/1932 
s 3732
f 1766/1828/1777 1908/1838/1933 1909/1836/1934 
s 3733
f 1910/1841/1935 1908/1838/1933 1843/1809/1860 
s 3734
f 1911/1933/1936 1766/1828/1777 1909/1836/1934 
s 3735
f 1838/1802/1855 1910/1841/1935 1843/1809/1860 
s 3736
f 1763/1831/1774 1766/1828/1777 1911/1933/1936 
s 3737
f 1912/1811/1937 1910/1841/1935 1838/1802/1855 
s 3738
f 1838/1802/1855 1842/1806/1859 1912/1811/1937 
s 3739
f 1913/1931/1938 1763/1831/1774 1911/1933/1936 
s 3740
f 1745/1916/1756 1763/1831/1774 1913/1931/1938 
s 3741
f 1745/1916/1756 1748/1932/1759 1763/1831/1774 
s 3742
f 1914/1930/1939 1745/1916/1756 1913/1931/1938 
s 3743
f 1915/1912/1940 1745/1916/1756 1914/1930/1939 
s 3744
f 1915/1912/1940 1737/1906/1748 1745/1916/1756 
s 3745
f 1916/1927/1941 1915/1912/1940 1914/1930/1939 
s 3746
f 1737/1906/1748 1915/1912/1940 1734/1914/1745 
s 3747
f 1917/1918/1942 1915/1912/1940 1916/1927/1941 
s 3748
f 1734/1914/1745 1915/1912/1940 1917/1918/1942 
s 3749
f 1917/1918/1942 1916/1927/1941 1918/1923/1943 
s 3750
f 1734/1914/1745 1917/1918/1942 1919/1920/1944 
s 3751
f 1919/1920/1944 1917/1918/1942 1918/1923/1943 
s 3752
f 1918/1923/1943 1916/1927/1941 1920/1929/1945 
s 3753
f 1919/1920/1944 1729/1892/1740 1734/1914/1745 
s 3754
f 1919/1920/1944 1918/1923/1943 1857/1924/1946 
s 3755
f 1921/1928/1947 1918/1923/1943 1920/1929/1945 
s 3756
f 1729/1892/1740 1919/1920/1944 1859/1925/1948 
s 3757
f 1859/1925/1948 1919/1920/1944 1857/1924/1946 
s 3758
f 1725/1901/1736 1729/1892/1740 1859/1925/1948 
s 3759
f 1922/1926/1949 1918/1923/1943 1921/1928/1947 
s 3760
f 1857/1924/1946 1918/1923/1943 1922/1926/1949 
s 3761
f 1923/2088/1636 1924/2089/1636 1925/2090/1636 
s 3762
f 1925/2090/1636 1926/2091/1636 1923/2088/1636 
s 3763
f 1925/2090/1636 1924/2089/1636 1927/2092/1636 
s 3764
f 1928/2093/1636 1926/2091/1636 1925/2090/1636 
s 3765
f 1927/2092/1636 1929/2094/1636 1925/2090/1636 
s 3766
f 1929/2094/1636 1928/2093/1636 1925/2090/1636 
s 3767
f 1930/2095/1636 1929/2094/1636 1927/2092/1636 
s 3768
f 1931/2096/1636 1928/2093/1636 1929/2094/1636 
s 3769
f 1929/2094/1636 1930/2095/1636 1932/2097/1636 
s 3770
f 1932/2097/1636 1931/2096/1636 1929/2094/1636 
s 3771
f 1932/2097/1636 1930/2095/1636 1933/2098/1636 
s 3772
f 1934/2099/1636 1931/2096/1636 1932/2097/1636 
s 3773
f 1933/2098/1636 1935/2100/1636 1932/2097/1636 
s 3774
f 1934/2099/1636 1932/2097/1636 1936/2101/1636 
s 3775
f 1932/2097/1636 1935/2100/1636 1937/2102/1636 
s 3776
f 1936/2101/1636 1932/2097/1636 1937/2102/1636 
s 3777
f 1935/2100/1636 1938/2103/1636 1937/2102/1636 
s 3778
f 1937/2102/1636 1939/2104/1636 1936/2101/1636 
s 3779
f 1937/2102/1636 1938/2103/1636 1940/2105/1636 
s 3780
f 1940/2105/1636 1939/2104/1636 1937/2102/1636 
s 3781
f 1805/2002/1950 1941/1999/1951 1807/2004/1952 
s 3782
f 1887/2000/1953 1941/1999/1951 1805/2002/1950 
s 3783
f 1807/2004/1952 1941/1999/1951 1812/2006/1954 
s 3784
f 1882/1998/1955 1941/1999/1951 1887/2000/1953 
s 3785
f 1941/1999/1951 1942/2001/1956 1812/2006/1954 
s 3786
f 1882/1998/1955 1942/2001/1956 1941/1999/1951 
s 3787
f 1812/2006/1954 1942/2001/1956 1835/2008/1957 
s 3788
f 1878/2003/1958 1942/2001/1956 1882/1998/1955 
s 3789
f 1943/2005/1959 1835/2008/1957 1942/2001/1956 
s 3790
f 1875/2007/1960 1942/2001/1956 1878/2003/1958 
s 3791
f 1943/2005/1959 1942/2001/1956 1875/2007/1960 
s 3792
f 1833/2010/1961 1835/2008/1957 1943/2005/1959 
s 3793
f 1875/2007/1960 1872/2009/1962 1943/2005/1959 
s 3794
f 1833/2010/1961 1943/2005/1959 1892/2012/1963 
s 3795
f 1943/2005/1959 1872/2009/1962 1944/2011/1964 
s 3796
f 1892/2012/1963 1943/2005/1959 1944/2011/1964 
s 3797
f 1872/2009/1962 1877/2013/1965 1944/2011/1964 
s 3798
f 1892/2012/1963 1944/2011/1964 1888/2014/1966 
s 3799
f 1944/2011/1964 1877/2013/1965 1881/2015/1967 
s 3800
f 1888/2014/1966 1944/2011/1964 1881/2015/1967 
s 3801
f 1898/2081/1968 1896/2079/1969 1789/2076/1800 
s 3802
f 1783/1875/1794 1898/2081/1968 1789/2076/1800 
s 3803
f 1789/2076/1800 1896/2079/1969 1794/2077/1805 
s 3804
f 1803/2083/1816 1794/2077/1805 1896/2079/1969 
s 3805
f 1902/1881/1970 1898/2081/1968 1783/1875/1794 
s 3806
f 1777/1878/1788 1902/1881/1970 1783/1875/1794 
s 3807
f 1780/1884/1791 1902/1881/1970 1777/1878/1788 
s 3808
f 1785/1800/1796 1788/1807/1799 1820/1776/1837 
s 3809
f 1820/1776/1837 1788/1807/1799 1808/1773/1822 
s 3810
f 1855/1793/1872 1857/1790/1874 1922/1796/1971 
s 3811
f 1922/1796/1971 1921/1818/1972 1855/1793/1872 
s 3812
f 1855/1793/1872 1921/1818/1972 1945/1815/1973 
s 3813
f 1945/1815/1973 1847/1808/1864 1855/1793/1872 
s 3814
f 1946/2106/1974 1947/2107/1975 1924/2108/1976 
s 3815
f 1924/2108/1976 1923/2109/1977 1946/2106/1974 
s 3816
f 1924/2108/1976 1947/2107/1975 1927/2110/1978 
s 3817
f 1946/2106/1974 1923/2109/1977 1948/2111/1979 
s 3818
f 1947/2107/1975 1949/2112/1980 1927/2110/1978 
s 3819
f 1946/2106/1974 1950/2113/1981 1947/2107/1975 
s 3820
f 1948/2111/1979 1951/2114/1982 1946/2106/1974 
s 3821
f 1951/2114/1982 1950/2113/1981 1946/2106/1974 
s 3822
f 1927/2110/1978 1949/2112/1980 1930/2115/1983 
s 3823
f 1950/2113/1981 1952/2116/1984 1947/2107/1975 
s 3824
f 1953/2117/1985 1951/2114/1982 1948/2111/1979 
s 3825
f 1947/2107/1975 1952/2116/1984 1949/2112/1980 
s 3826
f 1930/2115/1983 1949/2112/1980 1933/2118/1986 
s 3827
f 1951/2114/1982 1916/2119/1987 1950/2113/1981 
s 3828
f 1953/2117/1985 1920/2120/1988 1951/2114/1982 
s 3829
f 1916/2119/1987 1952/2116/1984 1950/2113/1981 
s 3830
f 1920/2120/1988 1916/2119/1987 1951/2114/1982 
s 3831
f 1921/2121/1989 1920/2120/1988 1953/2117/1985 
s 3832
f 1933/2118/1986 1949/2112/1980 1954/2122/1990 
s 3833
f 1952/2116/1984 1955/2123/1991 1949/2112/1980 
s 3834
f 1914/2124/1992 1952/2116/1984 1916/2119/1987 
s 3835
f 1949/2112/1980 1955/2123/1991 1954/2122/1990 
s 3836
f 1954/2122/1990 1956/2125/1993 1933/2118/1986 
s 3837
f 1914/2124/1992 1913/2126/1994 1952/2116/1984 
s 3838
f 1952/2116/1984 1913/2126/1994 1955/2123/1991 
s 3839
f 1955/2123/1991 1957/2127/1995 1954/2122/1990 
s 3840
f 1954/2122/1990 1957/2127/1995 1956/2125/1993 
s 3841
f 1933/2118/1986 1956/2125/1993 1935/2128/1996 
s 3842
f 1913/2126/1994 1911/2129/1997 1955/2123/1991 
s 3843
f 1955/2123/1991 1911/2129/1997 1957/2127/1995 
s 3844
f 1956/2125/1993 1958/2130/1998 1935/2128/1996 
s 3845
f 1957/2127/1995 1958/2130/1998 1956/2125/1993 
s 3846
f 1911/2129/1997 1959/2131/1999 1957/2127/1995 
s 3847
f 1959/2131/1999 1958/2130/1998 1957/2127/1995 
s 3848
f 1935/2128/1996 1958/2130/1998 1938/2132/2000 
s 3849
f 1909/2133/2001 1959/2131/1999 1911/2129/1997 
s 3850
f 1958/2130/1998 1960/2134/2002 1938/2132/2000 
s 3851
f 1909/2133/2001 1961/2135/2003 1959/2131/1999 
s 3852
f 1959/2131/1999 1961/2135/2003 1958/2130/1998 
s 3853
f 1958/2130/1998 1961/2135/2003 1960/2134/2002 
s 3854
f 1938/2132/2000 1960/2134/2002 1940/2136/2004 
s 3855
f 1908/2137/2005 1961/2135/2003 1909/2133/2001 
s 3856
f 1940/2136/2004 1960/2134/2002 1939/2138/2006 
s 3857
f 1910/2139/2007 1961/2135/2003 1908/2137/2005 
s 3858
f 1939/2138/2006 1960/2134/2002 1962/2140/2008 
s 3859
f 1961/2135/2003 1962/2140/2008 1960/2134/2002 
s 3860
f 1963/2141/2009 1961/2135/2003 1910/2139/2007 
s 3861
f 1963/2141/2009 1962/2140/2008 1961/2135/2003 
s 3862
f 1962/2140/2008 1936/2142/2010 1939/2138/2006 
s 3863
f 1912/2143/2011 1963/2141/2009 1910/2139/2007 
s 3864
f 1964/2144/2012 1936/2142/2010 1962/2140/2008 
s 3865
f 1965/2145/2013 1963/2141/2009 1912/2143/2011 
s 3866
f 1962/2140/2008 1965/2145/2013 1964/2144/2012 
s 3867
f 1963/2141/2009 1965/2145/2013 1962/2140/2008 
s 3868
f 1964/2144/2012 1934/2146/2014 1936/2142/2010 
s 3869
f 1912/2143/2011 1966/2147/2015 1965/2145/2013 
s 3870
f 1967/2148/2016 1934/2146/2014 1964/2144/2012 
s 3871
f 1966/2147/2015 1967/2148/2016 1965/2145/2013 
s 3872
f 1965/2145/2013 1967/2148/2016 1964/2144/2012 
s 3873
f 1842/2149/2017 1966/2147/2015 1912/2143/2011 
s 3874
f 1967/2148/2016 1931/2150/2018 1934/2146/2014 
s 3875
f 1842/2149/2017 1968/2151/2019 1966/2147/2015 
s 3876
f 1969/2152/2020 1931/2150/2018 1967/2148/2016 
s 3877
f 1968/2151/2019 1969/2152/2020 1966/2147/2015 
s 3878
f 1966/2147/2015 1969/2152/2020 1967/2148/2016 
s 3879
f 1845/2153/2021 1968/2151/2019 1842/2149/2017 
s 3880
f 1969/2152/2020 1928/2154/2022 1931/2150/2018 
s 3881
f 1847/2155/2023 1968/2151/2019 1845/2153/2021 
s 3882
f 1970/2156/2024 1928/2154/2022 1969/2152/2020 
s 3883
f 1968/2151/2019 1970/2156/2024 1969/2152/2020 
s 3884
f 1971/2157/2025 1968/2151/2019 1847/2155/2023 
s 3885
f 1971/2157/2025 1970/2156/2024 1968/2151/2019 
s 3886
f 1970/2156/2024 1926/2158/2026 1928/2154/2022 
s 3887
f 1847/2155/2023 1972/2159/2027 1971/2157/2025 
s 3888
f 1973/2160/2028 1926/2158/2026 1970/2156/2024 
s 3889
f 1972/2159/2027 1973/2160/2028 1971/2157/2025 
s 3890
f 1971/2157/2025 1973/2160/2028 1970/2156/2024 
s 3891
f 1945/2161/2029 1972/2159/2027 1847/2155/2023 
s 3892
f 1973/2160/2028 1923/2162/2030 1926/2158/2026 
s 3893
f 1945/2161/2029 1953/2163/2031 1972/2159/2027 
s 3894
f 1948/2164/2032 1923/2162/2030 1973/2160/2028 
s 3895
f 1953/2163/2031 1948/2164/2032 1972/2159/2027 
s 3896
f 1972/2159/2027 1948/2164/2032 1973/2160/2028 
s 3897
f 1921/2165/2033 1953/2163/2031 1945/2161/2029 
s 3898
f 1786/1873/1797 1792/2078/1803 1830/2085/1847 
s 3899
f 1764/1856/1775 1786/1873/1797 1830/2085/1847 
s 3900
f 1830/2085/1847 1792/2078/1803 1798/1857/1809 
s 3901
f 1974/2166/2034 1975/2167/2035 1976/2168/2036 
s 3902
f 1974/2166/2034 1976/2168/2036 1977/2169/2037 
s 3903
f 1976/2168/2036 1975/2167/2035 1978/2170/2038 
s 3904
f 1977/2169/2037 1979/2171/2039 1974/2166/2034 
s 3905
f 1978/2170/2038 1980/2172/2040 1976/2168/2036 
s 3906
f 1977/2169/2037 1976/2168/2036 1980/2172/2040 
s 3907
f 1974/2166/2034 1981/2173/2041 1975/2167/2035 
s 3908
f 1979/2171/2039 1977/2169/2037 1982/2174/2042 
s 3909
f 1983/2175/2043 1980/2172/2040 1978/2170/2038 
s 3910
f 1974/2166/2034 1979/2171/2039 1984/2176/2044 
s 3911
f 1984/2176/2044 1981/2173/2041 1974/2166/2034 
s 3912
f 1980/2172/2040 1985/2177/2045 1977/2169/2037 
s 3913
f 1982/2174/2042 1977/2169/2037 1985/2177/2045 
s 3914
f 1983/2175/2043 1986/2178/2046 1980/2172/2040 
s 3915
f 1981/2173/2041 1984/2176/2044 1987/2179/2047 
s 3916
f 1988/2180/2048 1979/2171/2039 1982/2174/2042 
s 3917
f 1986/2178/2046 1985/2177/2045 1980/2172/2040 
s 3918
f 1989/2181/2049 1986/2178/2046 1983/2175/2043 
s 3919
f 1987/2179/2047 1984/2176/2044 1990/2182/2050 
s 3920
f 1982/2174/2042 1991/2183/2051 1988/2180/2048 
s 3921
f 1986/2178/2046 1989/2181/2049 1992/2184/2052 
s 3922
f 1990/2182/2050 1993/2185/2053 1987/2179/2047 
s 3923
f 1994/2186/2054 1991/2183/2051 1982/2174/2042 
s 3924
f 1982/2174/2042 1985/2177/2045 1994/2186/2054 
s 3925
f 1992/2184/2052 1989/2181/2049 1995/2187/2055 
s 3926
f 1996/2188/2056 1993/2185/2053 1990/2182/2050 
s 3927
f 1991/2183/2051 1994/2186/2054 1997/2189/2057 
s 3928
f 1998/2190/2058 1986/2178/2046 1992/2184/2052 
s 3929
f 1985/2177/2045 1986/2178/2046 1998/2190/2058 
s 3930
f 1996/2188/2056 1999/2191/2059 1993/2185/2053 
s 3931
f 1994/2186/2054 1985/2177/2045 1998/2190/2058 
s 3932
f 1997/2189/2057 1994/2186/2054 2000/2192/2060 
s 3933
f 1998/2190/2058 1992/2184/2052 2001/2193/2061 
s 3934
f 1993/2185/2053 1999/2191/2059 2002/2194/2062 
s 3935
f 2003/2195/2063 1997/2189/2057 2000/2192/2060 
s 3936
f 2001/2193/2061 2000/2192/2060 1998/2190/2058 
s 3937
f 1998/2190/2058 2000/2192/2060 1994/2186/2054 
s 3938
f 2001/2193/2061 1992/2184/2052 2004/2196/2064 
s 3939
f 1999/2191/2059 2005/2197/2065 2002/2194/2062 
s 3940
f 2000/2192/2060 2001/2193/2061 2003/2195/2063 
s 3941
f 2006/2198/2066 1997/2189/2057 2003/2195/2063 
s 3942
f 2001/2193/2061 2004/2196/2064 2007/2199/2067 
s 3943
f 2002/2194/2062 2005/2197/2065 2008/2200/2068 
s 3944
f 2006/2198/2066 2009/2201/2069 1997/2189/2057 
s 3945
f 2003/2195/2063 2001/2193/2061 2007/2199/2067 
s 3946
f 2007/2199/2067 2004/2196/2064 2010/2202/2070 
s 3947
f 2005/2197/2065 2011/2203/2071 2008/2200/2068 
s 3948
f 1997/2189/2057 2009/2201/2069 1991/2183/2051 
s 3949
f 2010/2202/2070 2012/2204/2072 2007/2199/2067 
s 3950
f 2007/2199/2067 2012/2204/2072 2003/2195/2063 
s 3951
f 2008/2200/2068 2011/2203/2071 2013/2205/2073 
s 3952
f 2014/2206/2074 2009/2201/2069 2006/2198/2066 
s 3953
f 2004/2196/2064 2015/2207/2075 2010/2202/2070 
s 3954
f 2003/2195/2063 2016/2208/2076 2006/2198/2066 
s 3955
f 2003/2195/2063 2012/2204/2072 2016/2208/2076 
s 3956
f 2009/2201/2069 2014/2206/2074 2017/2209/2077 
s 3957
f 2010/2202/2070 2015/2207/2075 2018/2210/2078 
s 3958
f 2006/2198/2066 2016/2208/2076 2019/2211/2079 
s 3959
f 2009/2201/2069 2017/2209/2077 2020/2212/2080 
s 3960
f 2006/2198/2066 2019/2211/2079 2014/2206/2074 
s 3961
f 2015/2207/2075 2004/2196/2064 1995/2187/2055 
s 3962
f 1991/2183/2051 2009/2201/2069 2020/2212/2080 
s 3963
f 2017/2209/2077 2014/2206/2074 2021/2213/2081 
s 3964
f 2014/2206/2074 2019/2211/2079 2022/2214/2082 
s 3965
f 1995/2187/2055 2004/2196/2064 1992/2184/2052 
s 3966
f 1991/2183/2051 2020/2212/2080 1988/2180/2048 
s 3967
f 2014/2206/2074 2022/2214/2082 2021/2213/2081 
s 3968
f 2017/2209/2077 2021/2213/2081 2023/2215/2083 
s 3969
f 1988/2180/2048 2020/2212/2080 2024/2216/2084 
s 3970
f 2021/2213/2081 2022/2214/2082 2025/2217/2085 
s 3971
f 2020/2212/2080 2017/2209/2077 2026/2218/2086 
s 3972
f 2023/2215/2083 2026/2218/2086 2017/2209/2077 
s 3973
f 2024/2216/2084 2027/2219/2087 1988/2180/2048 
s 3974
f 2023/2215/2083 2021/2213/2081 2028/2220/2088 
s 3975
f 2024/2216/2084 2020/2212/2080 2029/2221/2089 
s 3976
f 2029/2221/2089 2020/2212/2080 2026/2218/2086 
s 3977
f 2027/2219/2087 1979/2171/2039 1988/2180/2048 
s 3978
f 2025/2217/2085 2030/2222/2090 2021/2213/2081 
s 3979
f 2021/2213/2081 2030/2222/2090 2028/2220/2088 
s 3980
f 2029/2221/2089 2031/2223/2091 2024/2216/2084 
s 3981
f 1979/2171/2039 2027/2219/2087 1984/2176/2044 
s 3982
f 2029/2221/2089 2026/2218/2086 2032/2224/2092 
s 3983
f 2033/2225/2093 2023/2215/2083 2028/2220/2088 
s 3984
f 2028/2220/2088 2030/2222/2090 2033/2225/2093 
s 3985
f 2034/2226/2094 2027/2219/2087 2024/2216/2084 
s 3986
f 2024/2216/2084 2031/2223/2091 2034/2226/2094 
s 3987
f 2035/2227/2095 2029/2221/2089 2032/2224/2092 
s 3988
f 2033/2225/2093 2030/2222/2090 2036/2228/2096 
s 3989
f 2027/2219/2087 2034/2226/2094 1990/2182/2050 
s 3990
f 2031/2223/2091 2029/2221/2089 2035/2227/2095 
s 3991
f 1984/2176/2044 2027/2219/2087 1990/2182/2050 
s 3992
f 2037/2229/2097 2023/2215/2083 2033/2225/2093 
s 3993
f 2031/2223/2091 2038/2230/2098 2034/2226/2094 
s 3994
f 2035/2227/2095 2039/2231/2099 2031/2223/2091 
s 3995
f 1990/2182/2050 2034/2226/2094 2038/2230/2098 
s 3996
f 2037/2229/2097 2033/2225/2093 2040/2232/2100 
s 3997
f 2041/2233/2101 2039/2231/2099 2035/2227/2095 
s 3998
f 2039/2231/2099 2038/2230/2098 2031/2223/2091 
s 3999
f 1990/2182/2050 2038/2230/2098 1996/2188/2056 
s 4000
f 2040/2232/2100 2033/2225/2093 2042/2234/2102 
s 4001
f 2035/2227/2095 2043/2235/2103 2041/2233/2101 
s 4002
f 2039/2231/2099 2044/2236/2104 2038/2230/2098 
s 4003
f 1996/2188/2056 2038/2230/2098 2044/2236/2104 
s 4004
f 2033/2225/2093 2036/2228/2096 2042/2234/2102 
s 4005
f 2035/2227/2095 2045/2237/2105 2043/2235/2103 
s 4006
f 1996/2188/2056 2044/2236/2104 1999/2191/2059 
s 4007
f 2046/2238/2106 2044/2236/2104 2039/2231/2099 
s 4008
f 2041/2233/2101 2046/2238/2106 2039/2231/2099 
s 4009
f 2032/2224/2092 2045/2237/2105 2035/2227/2095 
s 4010
f 2047/2239/2107 2043/2235/2103 2045/2237/2105 
s 4011
f 2044/2236/2104 2046/2238/2106 2048/2240/2108 
s 4012
f 1999/2191/2059 2044/2236/2104 2048/2240/2108 
s 4013
f 2032/2224/2092 2049/2241/2109 2045/2237/2105 
s 4014
f 2050/2242/2110 2043/2235/2103 2047/2239/2107 
s 4015
f 1999/2191/2059 2048/2240/2108 2051/2243/2111 
s 4016
f 2052/2244/2112 2049/2241/2109 2032/2224/2092 
s 4017
f 2050/2242/2110 2053/2245/2113 2043/2235/2103 
s 4018
f 1999/2191/2059 2051/2243/2111 2005/2197/2065 
s 4019
f 2032/2224/2092 2026/2218/2086 2052/2244/2112 
s 4020
f 2050/2242/2110 2054/2246/2114 2053/2245/2113 
s 4021
f 2043/2235/2103 2053/2245/2113 2055/2247/2115 
s 4022
f 2005/2197/2065 2051/2243/2111 2056/2248/2116 
s 4023
f 2052/2244/2112 2026/2218/2086 2023/2215/2083 
s 4024
f 2052/2244/2112 2023/2215/2083 2049/2241/2109 
s 4025
f 2057/2249/2117 2053/2245/2113 2054/2246/2114 
s 4026
f 2051/2243/2111 2058/2250/2118 2056/2248/2116 
s 4027
f 2005/2197/2065 2056/2248/2116 2011/2203/2071 
s 4028
f 2049/2241/2109 2023/2215/2083 2037/2229/2097 
s 4029
f 2054/2246/2114 1993/2251/2119 2057/2249/2117 
s 4030
f 2059/2252/2120 2056/2248/2116 2058/2250/2118 
s 4031
f 2037/2229/2097 2060/2253/2121 2049/2241/2109 
s 4032
f 1987/2254/2122 1993/2251/2119 2054/2246/2114 
s 4033
f 2058/2250/2118 2061/2255/2123 2059/2252/2120 
s 4034
f 2040/2232/2100 2060/2253/2121 2037/2229/2097 
s 4035
f 2062/2256/2124 1987/2254/2122 2054/2246/2114 
s 4036
f 2063/2257/2125 2061/2255/2123 2058/2250/2118 
s 4037
f 2040/2232/2100 2064/2258/2126 2060/2253/2121 
s 4038
f 1981/2259/2127 1987/2254/2122 2062/2256/2124 
s 4039
f 2065/2260/2128 2063/2257/2125 2058/2250/2118 
s 4040
f 2066/2261/2129 2064/2258/2126 2040/2232/2100 
s 4041
f 2067/2262/2130 1981/2259/2127 2062/2256/2124 
s 4042
f 2068/2263/2131 2063/2257/2125 2065/2260/2128 
s 4043
f 2042/2234/2102 2066/2261/2129 2040/2232/2100 
s 4044
f 2069/2264/2132 2067/2262/2130 2062/2256/2124 
s 4045
f 2070/2265/2133 2068/2263/2131 2065/2260/2128 
s 4046
f 2071/2266/2134 2066/2261/2129 2042/2234/2102 
s 4047
f 2072/2267/2135 2067/2262/2130 2069/2264/2132 
s 4048
f 2073/2268/2136 2068/2263/2131 2070/2265/2133 
s 4049
f 2074/2269/2137 2066/2261/2129 2071/2266/2134 
s 4050
f 2072/2267/2135 2075/2270/2138 2067/2262/2130 
s 4051
f 2076/2271/2139 2073/2268/2136 2070/2265/2133 
s 4052
f 2077/2272/2140 2066/2261/2129 2074/2269/2137 
s 4053
f 2078/2273/2141 2075/2270/2138 2072/2267/2135 
s 4054
f 2079/2274/2142 2073/2268/2136 2076/2271/2139 
s 4055
f 2077/2272/2140 2080/2275/2143 2066/2261/2129 
s 4056
f 2081/2276/2144 2078/2273/2141 2072/2267/2135 
s 4057
f 2082/2277/2145 2079/2274/2142 2076/2271/2139 
s 4058
f 2074/2269/2137 2083/2278/2146 2077/2272/2140 
s 4059
f 2084/2279/2147 2078/2273/2141 2081/2276/2144 
s 4060
f 2085/2280/2148 2079/2274/2142 2082/2277/2145 
s 4061
f 2083/2278/2146 2074/2269/2137 2086/2281/2149 
s 4062
f 2087/2282/2150 2084/2279/2147 2081/2276/2144 
s 4063
f 2080/2275/2143 2077/2272/2140 2087/2282/2150 
s 4064
f 2082/2277/2145 2076/2271/2139 2088/2283/2151 
s 4065
f 2083/2278/2146 2086/2281/2149 2089/2284/2152 
s 4066
f 2081/2276/2144 2080/2275/2143 2087/2282/2150 
s 4067
f 2082/2277/2145 2088/2283/2151 2090/2285/2153 
s 4068
f 2091/2286/2154 2083/2278/2146 2089/2284/2152 
s 4069
f 2092/2287/2155 2080/2275/2143 2081/2276/2144 
s 4070
f 2090/2285/2153 2093/2288/2156 2082/2277/2145 
s 4071
f 2094/2289/2157 2083/2278/2146 2091/2286/2154 
s 4072
f 2087/2282/2150 2077/2272/2140 2094/2289/2157 
s 4073
f 2072/2267/2135 2092/2287/2155 2081/2276/2144 
s 4074
f 2082/2277/2145 2093/2288/2156 2085/2280/2148 
s 4075
f 2077/2272/2140 2083/2278/2146 2094/2289/2157 
s 4076
f 2069/2264/2132 2092/2287/2155 2072/2267/2135 
s 4077
f 2094/2289/2157 2095/2290/2158 2087/2282/2150 
s 4078
f 2091/2286/2154 2095/2290/2158 2094/2289/2157 
s 4079
f 2093/2288/2156 2096/2291/2159 2085/2280/2148 
s 4080
f 2080/2275/2143 2092/2287/2155 2064/2258/2126 
s 4081
f 2095/2290/2158 2091/2286/2154 1995/2292/2160 
s 4082
f 2096/2291/2159 2093/2288/2156 2097/2293/2161 
s 4083
f 2066/2261/2129 2080/2275/2143 2064/2258/2126 
s 4084
f 2095/2290/2158 2084/2279/2147 2087/2282/2150 
s 4085
f 2097/2293/2161 2098/2294/2162 2096/2291/2159 
s 4086
f 2097/2293/2161 2093/2288/2156 2099/2295/2163 
s 4087
f 2064/2258/2126 2092/2287/2155 2100/2296/2164 
s 4088
f 2084/2279/2147 2095/2290/2158 1989/2297/2165 
s 4089
f 1989/2297/2165 2095/2290/2158 1995/2292/2160 
s 4090
f 2090/2285/2153 2099/2295/2163 2093/2288/2156 
s 4091
f 2092/2287/2155 2069/2264/2132 2100/2296/2164 
s 4092
f 1983/2298/2166 2084/2279/2147 1989/2297/2165 
s 4093
f 2101/2299/2167 2099/2295/2163 2090/2285/2153 
s 4094
f 2064/2258/2126 2100/2296/2164 2060/2253/2121 
s 4095
f 2078/2273/2141 2084/2279/2147 1983/2298/2166 
s 4096
f 2102/2300/2168 2101/2299/2167 2090/2285/2153 
s 4097
f 2101/2299/2167 2103/2301/2169 2099/2295/2163 
s 4098
f 2060/2253/2121 2100/2296/2164 2047/2239/2107 
s 4099
f 1978/2302/2170 2078/2273/2141 1983/2298/2166 
s 4100
f 2104/2303/2171 2101/2299/2167 2102/2300/2168 
s 4101
f 2047/2239/2107 2045/2237/2105 2060/2253/2121 
s 4102
f 2075/2270/2138 2078/2273/2141 1978/2302/2170 
s 4103
f 2101/2299/2167 2104/2303/2171 2105/2304/2172 
s 4104
f 2105/2304/2172 2103/2301/2169 2101/2299/2167 
s 4105
f 2060/2253/2121 2045/2237/2105 2049/2241/2109 
s 4106
f 1978/2302/2170 1975/2305/2173 2075/2270/2138 
s 4107
f 2105/2304/2172 2104/2303/2171 2106/2306/2174 
s 4108
f 2105/2304/2172 2107/2307/2175 2103/2301/2169 
s 4109
f 2108/2308/2176 2104/2303/2171 2102/2300/2168 
s 4110
f 2075/2270/2138 1975/2305/2173 2067/2262/2130 
s 4111
f 2105/2304/2172 2106/2306/2174 2109/2309/2177 
s 4112
f 2109/2309/2177 2107/2307/2175 2105/2304/2172 
s 4113
f 2110/2310/2178 2106/2306/2174 2104/2303/2171 
s 4114
f 2110/2310/2178 2104/2303/2171 2108/2308/2176 
s 4115
f 1975/2305/2173 1981/2259/2127 2067/2262/2130 
s 4116
f 2109/2309/2177 2111/2311/2179 2107/2307/2175 
s 4117
f 2112/2312/2180 2110/2310/2178 2108/2308/2176 
s 4118
f 2109/2309/2177 2106/2306/2174 2113/2313/2181 
s 4119
f 2088/2283/2151 2108/2308/2176 2102/2300/2168 
s 4120
f 2111/2311/2179 2114/2314/2182 2107/2307/2175 
s 4121
f 2113/2313/2181 2115/2315/2183 2109/2309/2177 
s 4122
f 2090/2285/2153 2088/2283/2151 2102/2300/2168 
s 4123
f 2115/2315/2183 2111/2311/2179 2109/2309/2177 
s 4124
f 2107/2307/2175 2114/2314/2182 2116/2316/2184 
s 4125
f 2117/2317/2185 2115/2315/2183 2113/2313/2181 
s 4126
f 2118/2318/2186 2108/2308/2176 2088/2283/2151 
s 4127
f 2107/2307/2175 2116/2316/2184 2103/2301/2169 
s 4128
f 2119/2319/2187 2115/2315/2183 2117/2317/2185 
s 4129
f 2118/2318/2186 2120/2320/2188 2108/2308/2176 
s 4130
f 2121/2321/2189 2118/2318/2186 2088/2283/2151 
s 4131
f 2103/2301/2169 2116/2316/2184 2122/2322/2190 
s 4132
f 2117/2317/2185 2123/2323/2191 2119/2319/2187 
s 4133
f 2088/2283/2151 2076/2271/2139 2121/2321/2189 
s 4134
f 2122/2322/2190 2099/2295/2163 2103/2301/2169 
s 4135
f 2124/2324/2192 2123/2323/2191 2117/2317/2185 
s 4136
f 2125/2325/2193 2115/2315/2183 2119/2319/2187 
s 4137
f 2116/2316/2184 2126/2326/2194 2122/2322/2190 
s 4138
f 2124/2324/2192 2013/2327/2195 2123/2323/2191 
s 4139
f 2119/2319/2187 2127/2328/2196 2125/2325/2193 
s 4140
f 2116/2316/2184 2128/2329/2197 2126/2326/2194 
s 4141
f 2124/2324/2192 2008/2330/2198 2013/2327/2195 
s 4142
f 2129/2331/2199 2127/2328/2196 2119/2319/2187 
s 4143
f 2123/2323/2191 2129/2331/2199 2119/2319/2187 
s 4144
f 2128/2329/2197 2130/2332/2200 2126/2326/2194 
s 4145
f 2131/2333/2201 2008/2330/2198 2124/2324/2192 
s 4146
f 2123/2323/2191 2013/2327/2195 2132/2334/2202 
s 4147
f 2132/2334/2202 2129/2331/2199 2123/2323/2191 
s 4148
f 2126/2326/2194 2130/2332/2200 2133/2335/2203 
s 4149
f 2131/2333/2201 2002/2336/2204 2008/2330/2198 
s 4150
f 2131/2333/2201 2124/2324/2192 2113/2313/2181 
s 4151
f 2130/2332/2200 2128/2329/2197 2134/2337/2205 
s 4152
f 2126/2326/2194 2133/2335/2203 2135/2338/2206 
s 4153
f 2136/2339/2207 2002/2336/2204 2131/2333/2201 
s 4154
f 2113/2313/2181 2124/2324/2192 2117/2317/2185 
s 4155
f 2122/2322/2190 2126/2326/2194 2135/2338/2206 
s 4156
f 2136/2339/2207 1993/2251/2119 2002/2336/2204 
s 4157
f 2106/2306/2174 2131/2333/2201 2113/2313/2181 
s 4158
f 2122/2322/2190 2135/2338/2206 2097/2293/2161 
s 4159
f 2136/2339/2207 2131/2333/2201 2106/2306/2174 
s 4160
f 2057/2249/2117 1993/2251/2119 2136/2339/2207 
s 4161
f 2135/2338/2206 2133/2335/2203 2137/2340/2208 
s 4162
f 2097/2293/2161 2135/2338/2206 2098/2294/2162 
s 4163
f 2097/2293/2161 2099/2295/2163 2122/2322/2190 
s 4164
f 2057/2249/2117 2136/2339/2207 2138/2341/2209 
s 4165
f 2135/2338/2206 2137/2340/2208 2098/2294/2162 
s 4166
f 2136/2339/2207 2106/2306/2174 2110/2310/2178 
s 4167
f 2138/2341/2209 2136/2339/2207 2110/2310/2178 
s 4168
f 2138/2341/2209 2053/2245/2113 2057/2249/2117 
s 4169
f 2098/2294/2162 2137/2340/2208 2139/2342/2210 
s 4170
f 2138/2341/2209 2110/2310/2178 2112/2312/2180 
s 4171
f 2053/2245/2113 2138/2341/2209 2055/2247/2115 
s 4172
f 2055/2247/2115 2138/2341/2209 2112/2312/2180 
s 4173
f 2140/2343/2211 2098/2294/2162 2139/2342/2210 
s 4174
f 2120/2320/2188 2055/2247/2115 2112/2312/2180 
s 4175
f 2141/2344/2212 2098/2294/2162 2140/2343/2211 
s 4176
f 2108/2308/2176 2120/2320/2188 2112/2312/2180 
s 4177
f 2041/2233/2101 2055/2247/2115 2120/2320/2188 
s 4178
f 2140/2343/2211 2142/2345/2213 2141/2344/2212 
s 4179
f 2096/2291/2159 2098/2294/2162 2141/2344/2212 
s 4180
f 2120/2320/2188 2046/2238/2106 2041/2233/2101 
s 4181
f 2041/2233/2101 2043/2235/2103 2055/2247/2115 
s 4182
f 2143/2346/2214 2142/2345/2213 2140/2343/2211 
s 4183
f 2142/2345/2213 2144/2347/2215 2141/2344/2212 
s 4184
f 2141/2344/2212 2144/2347/2215 2096/2291/2159 
s 4185
f 2120/2320/2188 2145/2348/2216 2046/2238/2106 
s 4186
f 2143/2346/2214 2146/2349/2217 2142/2345/2213 
s 4187
f 2142/2345/2213 2147/2350/2218 2144/2347/2215 
s 4188
f 2085/2280/2148 2096/2291/2159 2144/2347/2215 
s 4189
f 2048/2240/2108 2046/2238/2106 2145/2348/2216 
s 4190
f 2146/2349/2217 2147/2350/2218 2142/2345/2213 
s 4191
f 2144/2347/2215 2147/2350/2218 2085/2280/2148 
s 4192
f 2148/2351/2219 2146/2349/2217 2143/2346/2214 
s 4193
f 2145/2348/2216 2149/2352/2220 2048/2240/2108 
s 4194
f 2118/2318/2186 2145/2348/2216 2120/2320/2188 
s 4195
f 2085/2280/2148 2147/2350/2218 2079/2274/2142 
s 4196
f 2146/2349/2217 2148/2351/2219 2150/2353/2221 
s 4197
f 2145/2348/2216 2118/2318/2186 2121/2321/2189 
s 4198
f 2121/2321/2189 2149/2352/2220 2145/2348/2216 
s 4199
f 2146/2349/2217 2150/2353/2221 2147/2350/2218 
s 4200
f 2147/2350/2218 2151/2354/2222 2079/2274/2142 
s 4201
f 2150/2353/2221 2148/2351/2219 2152/2355/2223 
s 4202
f 2121/2321/2189 2070/2265/2133 2149/2352/2220 
s 4203
f 2147/2350/2218 2150/2353/2221 2151/2354/2222 
s 4204
f 2079/2274/2142 2151/2354/2222 2073/2268/2136 
s 4205
f 2152/2355/2223 2153/2356/2224 2150/2353/2221 
s 4206
f 2076/2271/2139 2070/2265/2133 2121/2321/2189 
s 4207
f 2070/2265/2133 2065/2260/2128 2149/2352/2220 
s 4208
f 2151/2354/2222 2154/2357/2225 2073/2268/2136 
s 4209
f 2150/2353/2221 2153/2356/2224 2155/2358/2226 
s 4210
f 2150/2353/2221 2155/2358/2226 2151/2354/2222 
s 4211
f 2151/2354/2222 2155/2358/2226 2154/2357/2225 
s 4212
f 2149/2352/2220 2065/2260/2128 2051/2243/2111 
s 4213
f 2073/2268/2136 2154/2357/2225 2068/2263/2131 
s 4214
f 2153/2356/2224 2156/2359/2227 2155/2358/2226 
s 4215
f 2051/2243/2111 2048/2240/2108 2149/2352/2220 
s 4216
f 2065/2260/2128 2058/2250/2118 2051/2243/2111 
s 4217
f 2154/2357/2225 2157/2360/2228 2068/2263/2131 
s 4218
f 2155/2358/2226 2156/2359/2227 2158/2361/2229 
s 4219
f 2155/2358/2226 2158/2361/2229 2154/2357/2225 
s 4220
f 2154/2357/2225 2158/2361/2229 2157/2360/2228 
s 4221
f 2068/2263/2131 2157/2360/2228 2063/2257/2125 
s 4222
f 2159/2362/2230 2158/2361/2229 2156/2359/2227 
s 4223
f 2158/2361/2229 2160/2363/2231 2157/2360/2228 
s 4224
f 2160/2363/2231 2158/2361/2229 2159/2362/2230 
s 4225
f 2157/2360/2228 2161/2364/2232 2063/2257/2125 
s 4226
f 2157/2360/2228 2160/2363/2231 2161/2364/2232 
s 4227
f 2159/2362/2230 2162/2365/2233 2160/2363/2231 
s 4228
f 2063/2257/2125 2161/2364/2232 2061/2255/2123 
s 4229
f 2160/2363/2231 2162/2365/2233 2163/2366/2234 
s 4230
f 2163/2366/2234 2161/2364/2232 2160/2363/2231 
s 4231
f 2161/2364/2232 2164/2367/2235 2061/2255/2123 
s 4232
f 2164/2367/2235 2161/2364/2232 2163/2366/2234 
s 4233
f 2162/2365/2233 2165/2368/2236 2163/2366/2234 
s 4234
f 2061/2255/2123 2164/2367/2235 2166/2369/2237 
s 4235
f 2163/2366/2234 2165/2368/2236 2167/2370/2238 
s 4236
f 2167/2370/2238 2164/2367/2235 2163/2366/2234 
s 4237
f 2061/2255/2123 2166/2369/2237 2059/2252/2120 
s 4238
f 2168/2371/2239 2164/2367/2235 2167/2370/2238 
s 4239
f 2164/2367/2235 2168/2371/2239 2166/2369/2237 
s 4240
f 2059/2252/2120 2166/2369/2237 2169/2372/2240 
s 4241
f 2166/2369/2237 2168/2371/2239 2170/2373/2241 
s 4242
f 2166/2369/2237 2170/2373/2241 2169/2372/2240 
s 4243
f 2169/2372/2240 2171/2374/2242 2059/2252/2120 
s 4244
f 2169/2372/2240 2170/2373/2241 2127/2375/2243 
s 4245
f 2172/2376/2244 2171/2374/2242 2169/2372/2240 
s 4246
f 2127/2375/2243 2172/2376/2244 2169/2372/2240 
s 4247
f 2171/2374/2242 2056/2248/2116 2059/2252/2120 
s 4248
f 2129/2377/2245 2172/2376/2244 2127/2375/2243 
s 4249
f 2011/2203/2071 2056/2248/2116 2171/2374/2242 
s 4250
f 2172/2376/2244 2129/2377/2245 2173/2378/2246 
s 4251
f 2171/2374/2242 2173/2378/2246 2011/2203/2071 
s 4252
f 2172/2376/2244 2173/2378/2246 2171/2374/2242 
s 4253
f 2173/2378/2246 2129/2377/2245 2132/2379/2247 
s 4254
f 2011/2203/2071 2173/2378/2246 2013/2205/2073 
s 4255
f 2013/2205/2073 2173/2378/2246 2132/2379/2247 
s 4256
f 2174/2088/1636 2175/2090/1636 2176/2091/1636 
s 4257
f 2177/2089/1636 2175/2090/1636 2174/2088/1636 
s 4258
f 2176/2091/1636 2175/2090/1636 2178/2093/1636 
s 4259
f 2179/2092/1636 2175/2090/1636 2177/2089/1636 
s 4260
f 2175/2090/1636 2180/2094/1636 2178/2093/1636 
s 4261
f 2179/2092/1636 2180/2094/1636 2175/2090/1636 
s 4262
f 2178/2093/1636 2180/2094/1636 2181/2096/1636 
s 4263
f 2182/2095/1636 2180/2094/1636 2179/2092/1636 
s 4264
f 2183/2097/1636 2181/2096/1636 2180/2094/1636 
s 4265
f 2180/2094/1636 2182/2095/1636 2183/2097/1636 
s 4266
f 2184/2099/1636 2181/2096/1636 2183/2097/1636 
s 4267
f 2183/2097/1636 2182/2095/1636 2185/2098/1636 
s 4268
f 2184/2099/1636 2183/2097/1636 2186/2101/1636 
s 4269
f 2187/2100/1636 2183/2097/1636 2185/2098/1636 
s 4270
f 2186/2101/1636 2183/2097/1636 2188/2102/1636 
s 4271
f 2188/2102/1636 2183/2097/1636 2187/2100/1636 
s 4272
f 2188/2102/1636 2189/2104/1636 2186/2101/1636 
s 4273
f 2187/2100/1636 2190/2103/1636 2188/2102/1636 
s 4274
f 2191/2105/1636 2189/2104/1636 2188/2102/1636 
s 4275
f 2188/2102/1636 2190/2103/1636 2191/2105/1636 
s 4276
f 2159/2380/2248 2192/2381/2249 2162/2382/2250 
s 4277
f 2159/2380/2248 2193/2383/2251 2192/2381/2249 
s 4278
f 2162/2382/2250 2192/2381/2249 2165/2384/2252 
s 4279
f 2156/2385/2253 2193/2383/2251 2159/2380/2248 
s 4280
f 2165/2384/2252 2192/2381/2249 2134/2386/2254 
s 4281
f 2156/2385/2253 2194/2387/2255 2193/2383/2251 
s 4282
f 2134/2386/2254 2192/2381/2249 2130/2388/2256 
s 4283
f 2192/2381/2249 2193/2383/2251 2130/2388/2256 
s 4284
f 2153/2389/2257 2194/2387/2255 2156/2385/2253 
s 4285
f 2130/2388/2256 2193/2383/2251 2133/2390/2258 
s 4286
f 2153/2389/2257 2152/2391/2259 2194/2387/2255 
s 4287
f 2133/2390/2258 2193/2383/2251 2137/2392/2260 
s 4288
f 2137/2392/2260 2193/2383/2251 2194/2387/2255 
s 4289
f 2194/2387/2255 2152/2391/2259 2195/2393/2261 
s 4290
f 2137/2392/2260 2194/2387/2255 2139/2394/2262 
s 4291
f 2139/2394/2262 2194/2387/2255 2195/2393/2261 
s 4292
f 2152/2391/2259 2148/2395/2263 2195/2393/2261 
s 4293
f 2139/2394/2262 2195/2393/2261 2140/2396/2264 
s 4294
f 2195/2393/2261 2148/2395/2263 2143/2397/2265 
s 4295
f 2140/2396/2264 2195/2393/2261 2143/2397/2265 
s 4296
f 2196/2398/2266 2197/2399/2267 2018/2210/2078 
s 4297
f 2018/2210/2078 2197/2399/2267 2010/2202/2070 
s 4298
f 2197/2399/2267 2012/2204/2072 2010/2202/2070 
s 4299
f 2196/2400/2268 2198/2401/2269 2197/2402/2270 
s 4300
f 2197/2402/2270 2198/2401/2269 2199/2403/2271 
s 4301
f 2197/2402/2270 2199/2403/2271 2012/2404/2272 
s 4302
f 2198/2401/2269 2200/2405/2273 2199/2403/2271 
s 4303
f 2012/2404/2272 2199/2403/2271 2201/2406/2274 
s 4304
f 2199/2403/2271 2200/2405/2273 2202/2407/2275 
s 4305
f 2199/2403/2271 2202/2407/2275 2201/2406/2274 
s 4306
f 2012/2404/2272 2201/2406/2274 2016/2408/2276 
s 4307
f 2200/2405/2273 2174/2409/2277 2202/2407/2275 
s 4308
f 2016/2408/2276 2201/2406/2274 2203/2410/2278 
s 4309
f 2202/2407/2275 2174/2409/2277 2176/2411/2279 
s 4310
f 2016/2408/2276 2203/2410/2278 2019/2412/2280 
s 4311
f 2201/2406/2274 2204/2413/2281 2203/2410/2278 
s 4312
f 2176/2411/2279 2204/2413/2281 2202/2407/2275 
s 4313
f 2201/2406/2274 2202/2407/2275 2204/2413/2281 
s 4314
f 2019/2412/2280 2203/2410/2278 2205/2414/2282 
s 4315
f 2178/2415/2283 2204/2413/2281 2176/2411/2279 
s 4316
f 2019/2412/2280 2205/2414/2282 2022/2416/2284 
s 4317
f 2203/2410/2278 2206/2417/2285 2205/2414/2282 
s 4318
f 2178/2415/2283 2206/2417/2285 2204/2413/2281 
s 4319
f 2203/2410/2278 2204/2413/2281 2206/2417/2285 
s 4320
f 2022/2416/2284 2205/2414/2282 2207/2418/2286 
s 4321
f 2181/2419/2287 2206/2417/2285 2178/2415/2283 
s 4322
f 2207/2418/2286 2208/2420/2288 2022/2416/2284 
s 4323
f 2205/2414/2282 2209/2421/2289 2207/2418/2286 
s 4324
f 2181/2419/2287 2210/2422/2290 2206/2417/2285 
s 4325
f 2210/2422/2290 2209/2421/2289 2205/2414/2282 
s 4326
f 2205/2414/2282 2206/2417/2285 2210/2422/2290 
s 4327
f 2022/2416/2284 2208/2420/2288 2025/2423/2291 
s 4328
f 2209/2421/2289 2211/2424/2292 2207/2418/2286 
s 4329
f 2184/2425/2293 2210/2422/2290 2181/2419/2287 
s 4330
f 2207/2418/2286 2211/2424/2292 2208/2420/2288 
s 4331
f 2184/2425/2293 2209/2421/2289 2210/2422/2290 
s 4332
f 2208/2420/2288 2212/2426/2294 2025/2423/2291 
s 4333
f 2186/2427/2295 2211/2424/2292 2209/2421/2289 
s 4334
f 2186/2427/2295 2209/2421/2289 2184/2425/2293 
s 4335
f 2211/2424/2292 2213/2428/2296 2208/2420/2288 
s 4336
f 2208/2420/2288 2213/2428/2296 2212/2426/2294 
s 4337
f 2025/2423/2291 2212/2426/2294 2030/2429/2297 
s 4338
f 2189/2430/2298 2211/2424/2292 2186/2427/2295 
s 4339
f 2189/2430/2298 2213/2428/2296 2211/2424/2292 
s 4340
f 2030/2429/2297 2212/2426/2294 2036/2431/2299 
s 4341
f 2191/2432/2300 2213/2428/2296 2189/2430/2298 
s 4342
f 2036/2431/2299 2212/2426/2294 2214/2433/2301 
s 4343
f 2212/2426/2294 2213/2428/2296 2214/2433/2301 
s 4344
f 2191/2432/2300 2190/2434/2302 2213/2428/2296 
s 4345
f 2036/2431/2299 2214/2433/2301 2215/2435/2303 
s 4346
f 2213/2428/2296 2190/2434/2302 2216/2436/2304 
s 4347
f 2214/2433/2301 2213/2428/2296 2216/2436/2304 
s 4348
f 2215/2435/2303 2214/2433/2301 2217/2437/2305 
s 4349
f 2214/2433/2301 2216/2436/2304 2217/2437/2305 
s 4350
f 2187/2438/2306 2216/2436/2304 2190/2434/2302 
s 4351
f 2218/2439/2307 2215/2435/2303 2217/2437/2305 
s 4352
f 2219/2440/2308 2216/2436/2304 2187/2438/2306 
s 4353
f 2217/2437/2305 2219/2440/2308 2218/2439/2307 
s 4354
f 2217/2437/2305 2216/2436/2304 2219/2440/2308 
s 4355
f 2220/2441/2309 2215/2435/2303 2218/2439/2307 
s 4356
f 2185/2442/2310 2219/2440/2308 2187/2438/2306 
s 4357
f 2221/2443/2311 2220/2441/2309 2218/2439/2307 
s 4358
f 2222/2444/2312 2219/2440/2308 2185/2442/2310 
s 4359
f 2218/2439/2307 2219/2440/2308 2222/2444/2312 
s 4360
f 2223/2445/2313 2220/2441/2309 2221/2443/2311 
s 4361
f 2182/2446/2314 2222/2444/2312 2185/2442/2310 
s 4362
f 2222/2444/2312 2224/2447/2315 2218/2439/2307 
s 4363
f 2218/2439/2307 2224/2447/2315 2221/2443/2311 
s 4364
f 2224/2447/2315 2222/2444/2312 2182/2446/2314 
s 4365
f 2223/2445/2313 2221/2443/2311 2086/2448/2316 
s 4366
f 2179/2449/2317 2224/2447/2315 2182/2446/2314 
s 4367
f 2086/2448/2316 2221/2443/2311 2225/2450/2318 
s 4368
f 2226/2451/2319 2224/2447/2315 2179/2449/2317 
s 4369
f 2224/2447/2315 2226/2451/2319 2221/2443/2311 
s 4370
f 2221/2443/2311 2226/2451/2319 2225/2450/2318 
s 4371
f 2227/2452/2320 2086/2448/2316 2225/2450/2318 
s 4372
f 2177/2453/2321 2226/2451/2319 2179/2449/2317 
s 4373
f 2228/2454/2322 2086/2448/2316 2227/2452/2320 
s 4374
f 2226/2451/2319 2229/2455/2323 2225/2450/2318 
s 4375
f 2229/2455/2323 2226/2451/2319 2177/2453/2321 
s 4376
f 2225/2450/2318 2229/2455/2323 2227/2452/2320 
s 4377
f 2198/2456/2324 2228/2454/2322 2227/2452/2320 
s 4378
f 2174/2457/2325 2229/2455/2323 2177/2453/2321 
s 4379
f 2196/2458/2326 2228/2454/2322 2198/2456/2324 
s 4380
f 2229/2455/2323 2200/2459/2327 2227/2452/2320 
s 4381
f 2200/2459/2327 2229/2455/2323 2174/2457/2325 
s 4382
f 2227/2452/2320 2200/2459/2327 2198/2456/2324 
s 4383
f 2230/2460/2328 2054/2246/2114 2050/2242/2110 
s 4384
f 2050/2242/2110 2100/2296/2164 2230/2460/2328 
s 4385
f 2230/2460/2328 2062/2256/2124 2054/2246/2114 
s 4386
f 2047/2239/2107 2100/2296/2164 2050/2242/2110 
s 4387
f 2100/2296/2164 2069/2264/2132 2230/2460/2328 
s 4388
f 2069/2264/2132 2062/2256/2124 2230/2460/2328 
s 4389
f 2134/2337/2205 2128/2329/2197 2231/2461/2329 
s 4390
f 2231/2461/2329 2167/2462/2330 2134/2337/2205 
s 4391
f 2128/2329/2197 2114/2314/2182 2231/2461/2329 
s 4392
f 2134/2337/2205 2167/2462/2330 2165/2463/2331 
s 4393
f 2114/2314/2182 2128/2329/2197 2116/2316/2184 
s 4394
f 2231/2461/2329 2114/2314/2182 2232/2464/2332 
s 4395
f 2231/2461/2329 2168/2465/2333 2167/2462/2330 
s 4396
f 2232/2464/2332 2168/2465/2333 2231/2461/2329 
s 4397
f 2114/2314/2182 2111/2311/2179 2232/2464/2332 
s 4398
f 2233/2466/2334 2168/2465/2333 2232/2464/2332 
s 4399
f 2232/2464/2332 2111/2311/2179 2233/2466/2334 
s 4400
f 2170/2467/2335 2168/2465/2333 2233/2466/2334 
s 4401
f 2115/2315/2183 2233/2466/2334 2111/2311/2179 
s 4402
f 2125/2325/2193 2170/2467/2335 2233/2466/2334 
s 4403
f 2125/2325/2193 2233/2466/2334 2115/2315/2183 
s 4404
f 2127/2328/2196 2170/2467/2335 2125/2325/2193 
s 4405
f 2091/2286/2154 2089/2284/2152 2015/2468/2336 
s 4406
f 1995/2292/2160 2091/2286/2154 2015/2468/2336 
s 4407
f 2015/2468/2336 2089/2284/2152 2018/2469/2337 
s 4408
f 2089/2284/2152 2228/2470/2338 2018/2469/2337 
s 4409
f 2089/2284/2152 2086/2281/2149 2228/2470/2338 
s 4410
f 2018/2469/2337 2228/2470/2338 2196/2471/2339 
s 4411
f 2086/2281/2149 2074/2269/2137 2223/2472/2340 
s 4412
f 2074/2269/2137 2071/2266/2134 2223/2472/2340 
s 4413
f 2223/2472/2340 2071/2266/2134 2220/2473/2341 
s 4414
f 2071/2266/2134 2042/2234/2102 2220/2473/2341 
s 4415
f 2220/2473/2341 2042/2234/2102 2215/2474/2342 
s 4416
f 2042/2234/2102 2036/2228/2096 2215/2474/2342 
s 4417
f 2234/2302/2343 2235/2305/2344 2236/2270/2345 
s 4418
f 2236/2270/2345 2237/2273/2346 2234/2302/2343 
s 4419
f 2236/2270/2345 2235/2305/2344 2238/2262/2347 
s 4420
f 2234/2302/2343 2237/2273/2346 2239/2298/2348 
s 4421
f 2237/2273/2346 2236/2270/2345 2240/2267/2349 
s 4422
f 2240/2267/2349 2236/2270/2345 2238/2262/2347 
s 4423
f 2235/2305/2344 2241/2259/2350 2238/2262/2347 
s 4424
f 2237/2273/2346 2242/2279/2351 2239/2298/2348 
s 4425
f 2243/2276/2352 2237/2273/2346 2240/2267/2349 
s 4426
f 2242/2279/2351 2237/2273/2346 2243/2276/2352 
s 4427
f 2238/2262/2347 2241/2259/2350 2244/2256/2353 
s 4428
f 2239/2298/2348 2242/2279/2351 2245/2297/2165 
s 4429
f 2240/2267/2349 2246/2287/2354 2243/2276/2352 
s 4430
f 2240/2267/2349 2238/2262/2347 2247/2264/2355 
s 4431
f 2247/2264/2355 2238/2262/2347 2244/2256/2353 
s 4432
f 2241/2259/2350 2248/2254/2356 2244/2256/2353 
s 4433
f 2242/2279/2351 2249/2290/2357 2245/2297/2165 
s 4434
f 2247/2264/2355 2246/2287/2354 2240/2267/2349 
s 4435
f 2250/2282/2358 2242/2279/2351 2243/2276/2352 
s 4436
f 2244/2256/2353 2248/2254/2356 2251/2246/2359 
s 4437
f 2249/2290/2357 2242/2279/2351 2250/2282/2358 
s 4438
f 2246/2287/2354 2247/2264/2355 2252/2296/2360 
s 4439
f 2247/2264/2355 2244/2256/2353 2253/2460/2361 
s 4440
f 2253/2460/2361 2244/2256/2353 2251/2246/2359 
s 4441
f 2254/2289/2362 2249/2290/2357 2250/2282/2358 
s 4442
f 2255/2258/2363 2246/2287/2354 2252/2296/2360 
s 4443
f 2252/2296/2360 2247/2264/2355 2253/2460/2361 
s 4444
f 2248/2254/2356 2256/2251/2364 2251/2246/2359 
s 4445
f 2250/2282/2358 2257/2272/2365 2254/2289/2362 
s 4446
f 2255/2258/2363 2252/2296/2360 2258/2253/2366 
s 4447
f 2253/2460/2361 2251/2246/2359 2259/2242/2367 
s 4448
f 2260/2275/2368 2257/2272/2365 2250/2282/2358 
s 4449
f 2260/2275/2368 2246/2287/2354 2255/2258/2363 
s 4450
f 2258/2253/2366 2252/2296/2360 2261/2239/2369 
s 4451
f 2259/2242/2367 2261/2239/2369 2253/2460/2361 
s 4452
f 2243/2276/2352 2260/2275/2368 2250/2282/2358 
s 4453
f 2246/2287/2354 2260/2275/2368 2243/2276/2352 
s 4454
f 2261/2239/2369 2262/2237/2370 2258/2253/2366 
s 4455
f 2253/2460/2361 2261/2239/2369 2252/2296/2360 
s 4456
f 2259/2242/2367 2263/2235/2371 2261/2239/2369 
s 4457
f 2257/2272/2365 2260/2275/2368 2264/2261/2372 
s 4458
f 2261/2239/2369 2263/2235/2371 2262/2237/2370 
s 4459
f 2264/2261/2372 2260/2275/2368 2255/2258/2363 
s 4460
f 2258/2253/2366 2262/2237/2370 2265/2241/2373 
s 4461
f 2257/2272/2365 2264/2261/2372 2266/2269/2374 
s 4462
f 2259/2242/2367 2267/2245/2375 2263/2235/2371 
s 4463
f 2268/2232/2376 2255/2258/2363 2258/2253/2366 
s 4464
f 2257/2272/2365 2266/2269/2374 2254/2289/2362 
s 4465
f 2264/2261/2372 2255/2258/2363 2268/2232/2376 
s 4466
f 2259/2242/2367 2251/2246/2359 2267/2245/2375 
s 4467
f 2268/2232/2376 2258/2253/2366 2269/2229/2377 
s 4468
f 2269/2229/2377 2258/2253/2366 2265/2241/2373 
s 4469
f 2266/2269/2374 2264/2261/2372 2270/2266/2378 
s 4470
f 2271/2249/2379 2267/2245/2375 2251/2246/2359 
s 4471
f 2264/2261/2372 2268/2232/2376 2270/2266/2378 
s 4472
f 2269/2229/2377 2272/2234/2380 2268/2232/2376 
s 4473
f 2254/2289/2362 2266/2269/2374 2273/2278/2381 
s 4474
f 2251/2246/2359 2256/2251/2364 2271/2249/2379 
s 4475
f 2270/2266/2378 2268/2232/2376 2272/2234/2380 
s 4476
f 2254/2289/2362 2273/2278/2381 2274/2286/2382 
s 4477
f 2266/2269/2374 2270/2266/2378 2275/2472/2383 
s 4478
f 2271/2249/2379 2256/2251/2364 2276/2339/2384 
s 4479
f 2274/2286/2382 2249/2290/2357 2254/2289/2362 
s 4480
f 2273/2278/2381 2266/2269/2374 2277/2281/2385 
s 4481
f 2277/2281/2385 2266/2269/2374 2275/2472/2383 
s 4482
f 2276/2339/2384 2256/2251/2364 2278/2336/2386 
s 4483
f 2249/2290/2357 2274/2286/2382 2279/2292/2160 
s 4484
f 2273/2278/2381 2277/2281/2385 2280/2284/2387 
s 4485
f 2276/2339/2384 2278/2336/2386 2281/2333/2388 
s 4486
f 2245/2297/2165 2249/2290/2357 2279/2292/2160 
s 4487
f 2274/2286/2382 2273/2278/2381 2280/2284/2387 
s 4488
f 2271/2249/2379 2276/2339/2384 2282/2341/2389 
s 4489
f 2281/2333/2388 2278/2336/2386 2283/2330/2390 
s 4490
f 2274/2286/2382 2280/2284/2387 2284/2468/2336 
s 4491
f 2279/2292/2160 2274/2286/2382 2284/2468/2336 
s 4492
f 2282/2341/2389 2276/2339/2384 2285/2310/2391 
s 4493
f 2281/2333/2388 2283/2330/2390 2286/2324/2392 
s 4494
f 2284/2468/2336 2280/2284/2387 2287/2469/2337 
s 4495
f 2282/2341/2389 2285/2310/2391 2288/2312/2393 
s 4496
f 2276/2339/2384 2281/2333/2388 2289/2306/2394 
s 4497
f 2286/2324/2392 2283/2330/2390 2290/2327/2395 
s 4498
f 2282/2341/2389 2267/2245/2375 2271/2249/2379 
s 4499
f 2276/2339/2384 2289/2306/2394 2285/2310/2391 
s 4500
f 2286/2324/2392 2290/2327/2395 2291/2323/2396 
s 4501
f 2267/2245/2375 2282/2341/2389 2292/2247/2397 
s 4502
f 2292/2247/2397 2282/2341/2389 2288/2312/2393 
s 4503
f 2289/2306/2394 2281/2333/2388 2293/2313/2398 
s 4504
f 2281/2333/2388 2286/2324/2392 2293/2313/2398 
s 4505
f 2291/2323/2396 2290/2327/2395 2294/2334/2399 
s 4506
f 2263/2235/2371 2267/2245/2375 2292/2247/2397 
s 4507
f 2295/2309/2400 2289/2306/2394 2293/2313/2398 
s 4508
f 2291/2323/2396 2296/2317/2401 2286/2324/2392 
s 4509
f 2292/2247/2397 2297/2227/2402 2263/2235/2371 
s 4510
f 2293/2313/2398 2298/2315/2403 2295/2309/2400 
s 4511
f 2299/2319/2404 2296/2317/2401 2291/2323/2396 
s 4512
f 2293/2313/2398 2286/2324/2392 2296/2317/2401 
s 4513
f 2297/2227/2402 2262/2237/2370 2263/2235/2371 
s 4514
f 2296/2317/2401 2298/2315/2403 2293/2313/2398 
s 4515
f 2300/2325/2405 2296/2317/2401 2299/2319/2404 
s 4516
f 2294/2334/2399 2301/2331/2406 2291/2323/2396 
s 4517
f 2302/2224/2407 2262/2237/2370 2297/2227/2402 
s 4518
f 2298/2315/2403 2296/2317/2401 2300/2325/2405 
s 4519
f 2291/2323/2396 2301/2331/2406 2299/2319/2404 
s 4520
f 2302/2224/2407 2265/2241/2373 2262/2237/2370 
s 4521
f 2300/2325/2405 2303/2466/2408 2298/2315/2403 
s 4522
f 2297/2227/2402 2304/2221/2409 2302/2224/2407 
s 4523
f 2301/2331/2406 2305/2328/2410 2299/2319/2404 
s 4524
f 2299/2319/2404 2305/2328/2410 2300/2325/2405 
s 4525
f 2298/2315/2403 2303/2466/2408 2306/2311/2411 
s 4526
f 2307/2223/2412 2304/2221/2409 2297/2227/2402 
s 4527
f 2308/2244/2413 2265/2241/2373 2302/2224/2407 
s 4528
f 2298/2315/2403 2306/2311/2411 2295/2309/2400 
s 4529
f 2304/2221/2409 2307/2223/2412 2309/2216/2414 
s 4530
f 2308/2244/2413 2310/2215/2415 2265/2241/2373 
s 4531
f 2304/2221/2409 2311/2218/2416 2302/2224/2407 
s 4532
f 2295/2309/2400 2306/2311/2411 2312/2307/2417 
s 4533
f 2302/2224/2407 2311/2218/2416 2308/2244/2413 
s 4534
f 2308/2244/2413 2311/2218/2416 2310/2215/2415 
s 4535
f 2265/2241/2373 2310/2215/2415 2269/2229/2377 
s 4536
f 2312/2307/2417 2313/2304/2418 2295/2309/2400 
s 4537
f 2314/2464/2419 2306/2311/2411 2303/2466/2408 
s 4538
f 2304/2221/2409 2315/2212/2420 2311/2218/2416 
s 4539
f 2309/2216/2414 2315/2212/2420 2304/2221/2409 
s 4540
f 2316/2301/2421 2313/2304/2418 2312/2307/2417 
s 4541
f 2317/2314/2422 2306/2311/2411 2314/2464/2419 
s 4542
f 2318/2180/2423 2315/2212/2420 2309/2216/2414 
s 4543
f 2313/2304/2418 2316/2301/2421 2319/2299/2424 
s 4544
f 2306/2311/2411 2317/2314/2422 2312/2307/2417 
s 4545
f 2320/2183/2425 2315/2212/2420 2318/2180/2423 
s 4546
f 2313/2304/2418 2289/2306/2394 2295/2309/2400 
s 4547
f 2319/2299/2424 2316/2301/2421 2321/2295/2426 
s 4548
f 2322/2174/2427 2320/2183/2425 2318/2180/2423 
s 4549
f 2319/2299/2424 2323/2303/2428 2313/2304/2418 
s 4550
f 2313/2304/2418 2323/2303/2428 2289/2306/2394 
s 4551
f 2324/2322/2429 2321/2295/2426 2316/2301/2421 
s 4552
f 2325/2186/2430 2320/2183/2425 2322/2174/2427 
s 4553
f 2319/2299/2424 2321/2295/2426 2326/2285/2431 
s 4554
f 2285/2310/2391 2289/2306/2394 2323/2303/2428 
s 4555
f 2320/2183/2425 2325/2186/2430 2327/2189/2432 
s 4556
f 2323/2303/2428 2319/2299/2424 2328/2300/2433 
s 4557
f 2328/2300/2433 2319/2299/2424 2326/2285/2431 
s 4558
f 2285/2310/2391 2323/2303/2428 2329/2308/2434 
s 4559
f 2327/2189/2432 2330/2201/2435 2320/2183/2425 
s 4560
f 2329/2308/2434 2323/2303/2428 2328/2300/2433 
s 4561
f 2327/2189/2432 2325/2186/2430 2331/2192/2436 
s 4562
f 2288/2312/2393 2285/2310/2391 2329/2308/2434 
s 4563
f 2320/2183/2425 2330/2201/2435 2315/2212/2420 
s 4564
f 2332/2195/2437 2327/2189/2432 2331/2192/2436 
s 4565
f 2329/2308/2434 2333/2320/2438 2288/2312/2393 
s 4566
f 2334/2190/2439 2331/2192/2436 2325/2186/2430 
s 4567
f 2330/2201/2435 2335/2209/2440 2315/2212/2420 
s 4568
f 2336/2318/2441 2333/2320/2438 2329/2308/2434 
s 4569
f 2328/2300/2433 2336/2318/2441 2329/2308/2434 
s 4570
f 2331/2192/2436 2337/2199/2442 2332/2195/2437 
s 4571
f 2335/2209/2440 2330/2201/2435 2338/2213/2443 
s 4572
f 2339/2283/2444 2336/2318/2441 2328/2300/2433 
s 4573
f 2340/2193/2445 2337/2199/2442 2331/2192/2436 
s 4574
f 2340/2193/2445 2331/2192/2436 2334/2190/2439 
s 4575
f 2338/2213/2443 2330/2201/2435 2341/2206/2446 
s 4576
f 2336/2318/2441 2342/2348/2447 2333/2320/2438 
s 4577
f 2339/2283/2444 2342/2348/2447 2336/2318/2441 
s 4578
f 2340/2193/2445 2343/2196/2448 2337/2199/2442 
s 4579
f 2327/2189/2432 2341/2206/2446 2330/2201/2435 
s 4580
f 2326/2285/2431 2339/2283/2444 2328/2300/2433 
s 4581
f 2334/2190/2439 2344/2184/2449 2340/2193/2445 
s 4582
f 2340/2193/2445 2344/2184/2449 2343/2196/2448 
s 4583
f 2345/2198/2450 2341/2206/2446 2327/2189/2432 
s 4584
f 2346/2277/2451 2339/2283/2444 2326/2285/2431 
s 4585
f 2334/2190/2439 2347/2178/2452 2344/2184/2449 
s 4586
f 2345/2198/2450 2327/2189/2432 2332/2195/2437 
s 4587
f 2326/2285/2431 2348/2288/2453 2346/2277/2451 
s 4588
f 2349/2177/2454 2347/2178/2452 2334/2190/2439 
s 4589
f 2332/2195/2437 2350/2208/2455 2345/2198/2450 
s 4590
f 2326/2285/2431 2321/2295/2426 2348/2288/2453 
s 4591
f 2347/2178/2452 2349/2177/2454 2351/2172/2456 
s 4592
f 2332/2195/2437 2352/2204/2457 2350/2208/2455 
s 4593
f 2345/2198/2450 2350/2208/2455 2353/2211/2458 
s 4594
f 2346/2277/2451 2348/2288/2453 2354/2280/2459 
s 4595
f 2351/2172/2456 2349/2177/2454 2355/2169/2460 
s 4596
f 2345/2198/2450 2353/2211/2458 2341/2206/2446 
s 4597
f 2356/2274/2461 2346/2277/2451 2354/2280/2459 
s 4598
f 2239/2175/2462 2347/2178/2452 2351/2172/2456 
s 4599
f 2355/2169/2460 2357/2168/2463 2351/2172/2456 
s 4600
f 2341/2206/2446 2353/2211/2458 2358/2214/2464 
s 4601
f 2359/2291/2465 2354/2280/2459 2348/2288/2453 
s 4602
f 2360/2166/2466 2357/2168/2463 2355/2169/2460 
s 4603
f 2358/2214/2464 2361/2217/2467 2341/2206/2446 
s 4604
f 2348/2288/2453 2362/2293/2468 2359/2291/2465 
s 4605
f 2360/2166/2466 2235/2167/2469 2357/2168/2463 
s 4606
f 2355/2169/2460 2363/2171/2470 2360/2166/2466 
s 4607
f 2341/2206/2446 2361/2217/2467 2338/2213/2443 
s 4608
f 2362/2293/2468 2364/2294/2471 2359/2291/2465 
s 4609
f 2363/2171/2470 2355/2169/2460 2322/2174/2427 
s 4610
f 2360/2166/2466 2363/2171/2470 2365/2176/2472 
s 4611
f 2361/2217/2467 2366/2222/2473 2338/2213/2443 
s 4612
f 2359/2291/2465 2364/2294/2471 2367/2344/2474 
s 4613
f 2365/2176/2472 2241/2173/2475 2360/2166/2466 
s 4614
f 2360/2166/2466 2241/2173/2475 2235/2167/2469 
s 4615
f 2338/2213/2443 2366/2222/2473 2368/2220/2476 
s 4616
f 2367/2344/2474 2364/2294/2471 2369/2343/2477 
s 4617
f 2241/2173/2475 2365/2176/2472 2248/2179/2478 
s 4618
f 2310/2215/2415 2338/2213/2443 2368/2220/2476 
s 4619
f 2370/2346/2479 2367/2344/2474 2369/2343/2477 
s 4620
f 2369/2343/2477 2364/2294/2471 2371/2342/2480 
s 4621
f 2248/2179/2478 2365/2176/2472 2372/2182/2481 
s 4622
f 2373/2225/2482 2310/2215/2415 2368/2220/2476 
s 4623
f 2368/2220/2476 2366/2222/2473 2373/2225/2482 
s 4624
f 2364/2294/2471 2374/2340/2483 2371/2342/2480 
s 4625
f 2365/2176/2472 2375/2219/2484 2372/2182/2481 
s 4626
f 2269/2229/2377 2310/2215/2415 2373/2225/2482 
s 4627
f 2376/2338/2485 2374/2340/2483 2364/2294/2471 
s 4628
f 2363/2171/2470 2375/2219/2484 2365/2176/2472 
s 4629
f 2373/2225/2482 2272/2234/2380 2269/2229/2377 
s 4630
f 2376/2338/2485 2377/2335/2486 2374/2340/2483 
s 4631
f 2375/2219/2484 2363/2171/2470 2318/2180/2423 
s 4632
f 2272/2234/2380 2373/2225/2482 2378/2474/2487 
s 4633
f 2379/2326/2488 2377/2335/2486 2376/2338/2485 
s 4634
f 2375/2219/2484 2380/2226/2489 2372/2182/2481 
s 4635
f 2375/2219/2484 2318/2180/2423 2380/2226/2489 
s 4636
f 2378/2474/2487 2373/2225/2482 2381/2228/2490 
s 4637
f 2379/2326/2488 2382/2332/2491 2377/2335/2486 
s 4638
f 2372/2182/2481 2380/2226/2489 2383/2230/2492 
s 4639
f 2384/2473/2493 2272/2234/2380 2378/2474/2487 
s 4640
f 2373/2225/2482 2366/2222/2473 2381/2228/2490 
s 4641
f 2372/2182/2481 2383/2230/2492 2385/2188/2494 
s 4642
f 2270/2266/2378 2272/2234/2380 2384/2473/2493 
s 4643
f 2307/2223/2412 2383/2230/2492 2380/2226/2489 
s 4644
f 2386/2329/2495 2382/2332/2491 2379/2326/2488 
s 4645
f 2275/2472/2383 2270/2266/2378 2384/2473/2493 
s 4646
f 2309/2216/2414 2307/2223/2412 2380/2226/2489 
s 4647
f 2382/2332/2491 2386/2329/2495 2387/2337/2496 
s 4648
f 2388/2316/2497 2386/2329/2495 2379/2326/2488 
s 4649
f 2389/2231/2498 2383/2230/2492 2307/2223/2412 
s 4650
f 2380/2226/2489 2318/2180/2423 2309/2216/2414 
s 4651
f 2317/2314/2422 2386/2329/2495 2388/2316/2497 
s 4652
f 2389/2231/2498 2307/2223/2412 2390/2233/2499 
s 4653
f 2389/2231/2498 2391/2236/2500 2383/2230/2492 
s 4654
f 2388/2316/2497 2379/2326/2488 2324/2322/2429 
s 4655
f 2387/2337/2496 2386/2329/2495 2392/2461/2501 
s 4656
f 2386/2329/2495 2317/2314/2422 2392/2461/2501 
s 4657
f 2385/2188/2494 2383/2230/2492 2391/2236/2500 
s 4658
f 2324/2322/2429 2379/2326/2488 2376/2338/2485 
s 4659
f 2387/2337/2496 2392/2461/2501 2393/2463/2502 
s 4660
f 2385/2188/2494 2391/2236/2500 2394/2191/2503 
s 4661
f 2324/2322/2429 2376/2338/2485 2362/2293/2468 
s 4662
f 2392/2461/2501 2317/2314/2422 2314/2464/2419 
s 4663
f 2385/2188/2494 2394/2191/2503 2256/2185/2504 
s 4664
f 2362/2293/2468 2321/2295/2426 2324/2322/2429 
s 4665
f 2393/2463/2502 2392/2461/2501 2395/2462/2505 
s 4666
f 2392/2461/2501 2314/2464/2419 2395/2462/2505 
s 4667
f 2256/2185/2504 2394/2191/2503 2278/2194/2506 
s 4668
f 2321/2295/2426 2362/2293/2468 2348/2288/2453 
s 4669
f 2362/2293/2468 2376/2338/2485 2364/2294/2471 
s 4670
f 2395/2462/2505 2314/2464/2419 2396/2465/2507 
s 4671
f 2394/2191/2503 2397/2197/2508 2278/2194/2506 
s 4672
f 2385/2188/2494 2256/2185/2504 2372/2182/2481 
s 4673
f 2372/2182/2481 2256/2185/2504 2248/2179/2478 
s 4674
f 2314/2464/2419 2303/2466/2408 2396/2465/2507 
s 4675
f 2278/2194/2506 2397/2197/2508 2283/2200/2509 
s 4676
f 2394/2191/2503 2398/2243/2510 2397/2197/2508 
s 4677
f 2396/2465/2507 2303/2466/2408 2399/2467/2511 
s 4678
f 2397/2197/2508 2400/2203/2512 2283/2200/2509 
s 4679
f 2394/2191/2503 2401/2240/2513 2398/2243/2510 
s 4680
f 2300/2325/2405 2399/2467/2511 2303/2466/2408 
s 4681
f 2397/2197/2508 2402/2248/2514 2400/2203/2512 
s 4682
f 2394/2191/2503 2391/2236/2500 2401/2240/2513 
s 4683
f 2397/2197/2508 2398/2243/2510 2402/2248/2514 
s 4684
f 2305/2328/2410 2399/2467/2511 2300/2325/2405 
s 4685
f 2283/2200/2509 2400/2203/2512 2290/2205/2515 
s 4686
f 2391/2236/2500 2403/2238/2516 2401/2240/2513 
s 4687
f 2398/2243/2510 2404/2250/2517 2402/2248/2514 
s 4688
f 2400/2203/2512 2405/2378/2518 2290/2205/2515 
s 4689
f 2403/2238/2516 2391/2236/2500 2389/2231/2498 
s 4690
f 2406/2260/2519 2404/2250/2517 2398/2243/2510 
s 4691
f 2407/2374/2520 2405/2378/2518 2400/2203/2512 
s 4692
f 2400/2203/2512 2402/2248/2514 2407/2374/2520 
s 4693
f 2401/2240/2513 2403/2238/2516 2342/2348/2447 
s 4694
f 2408/2252/2521 2402/2248/2514 2404/2250/2517 
s 4695
f 2290/2205/2515 2405/2378/2518 2294/2379/2522 
s 4696
f 2407/2374/2520 2402/2248/2514 2408/2252/2521 
s 4697
f 2333/2320/2438 2342/2348/2447 2403/2238/2516 
s 4698
f 2403/2238/2516 2389/2231/2498 2333/2320/2438 
s 4699
f 2405/2378/2518 2301/2377/2523 2294/2379/2522 
s 4700
f 2408/2252/2521 2409/2376/2524 2407/2374/2520 
s 4701
f 2342/2348/2447 2410/2352/2525 2401/2240/2513 
s 4702
f 2409/2376/2524 2301/2377/2523 2405/2378/2518 
s 4703
f 2333/2320/2438 2389/2231/2498 2390/2233/2499 
s 4704
f 2409/2376/2524 2405/2378/2518 2407/2374/2520 
s 4705
f 2398/2243/2510 2401/2240/2513 2410/2352/2525 
s 4706
f 2333/2320/2438 2390/2233/2499 2288/2312/2393 
s 4707
f 2411/2372/2526 2409/2376/2524 2408/2252/2521 
s 4708
f 2410/2352/2525 2406/2260/2519 2398/2243/2510 
s 4709
f 2301/2377/2523 2409/2376/2524 2305/2375/2527 
s 4710
f 2288/2312/2393 2390/2233/2499 2292/2247/2397 
s 4711
f 2305/2375/2527 2409/2376/2524 2411/2372/2526 
s 4712
f 2412/2265/2528 2406/2260/2519 2410/2352/2525 
s 4713
f 2411/2372/2526 2408/2252/2521 2413/2369/2529 
s 4714
f 2390/2233/2499 2297/2227/2402 2292/2247/2397 
s 4715
f 2414/2321/2530 2412/2265/2528 2410/2352/2525 
s 4716
f 2305/2375/2527 2411/2372/2526 2399/2373/2531 
s 4717
f 2399/2373/2531 2411/2372/2526 2413/2369/2529 
s 4718
f 2390/2233/2499 2307/2223/2412 2297/2227/2402 
s 4719
f 2415/2271/2532 2412/2265/2528 2414/2321/2530 
s 4720
f 2399/2373/2531 2413/2369/2529 2396/2371/2533 
s 4721
f 2414/2321/2530 2410/2352/2525 2342/2348/2447 
s 4722
f 2413/2369/2529 2408/2252/2521 2416/2255/2534 
s 4723
f 2412/2265/2528 2415/2271/2532 2417/2268/2535 
s 4724
f 2339/2283/2444 2415/2271/2532 2414/2321/2530 
s 4725
f 2414/2321/2530 2342/2348/2447 2339/2283/2444 
s 4726
f 2413/2369/2529 2416/2255/2534 2418/2367/2536 
s 4727
f 2396/2371/2533 2413/2369/2529 2418/2367/2536 
s 4728
f 2417/2268/2535 2415/2271/2532 2356/2274/2461 
s 4729
f 2419/2263/2537 2412/2265/2528 2417/2268/2535 
s 4730
f 2408/2252/2521 2404/2250/2517 2416/2255/2534 
s 4731
f 2420/2366/2538 2396/2371/2533 2418/2367/2536 
s 4732
f 2406/2260/2519 2412/2265/2528 2419/2263/2537 
s 4733
f 2417/2268/2535 2356/2274/2461 2421/2354/2539 
s 4734
f 2422/2364/2540 2420/2366/2538 2418/2367/2536 
s 4735
f 2418/2367/2536 2416/2255/2534 2422/2364/2540 
s 4736
f 2404/2250/2517 2406/2260/2519 2423/2257/2541 
s 4737
f 2423/2257/2541 2406/2260/2519 2419/2263/2537 
s 4738
f 2421/2354/2539 2356/2274/2461 2424/2350/2542 
s 4739
f 2416/2255/2534 2404/2250/2517 2423/2257/2541 
s 4740
f 2416/2255/2534 2423/2257/2541 2422/2364/2540 
s 4741
f 2425/2363/2543 2420/2366/2538 2422/2364/2540 
s 4742
f 2421/2354/2539 2424/2350/2542 2426/2353/2544 
s 4743
f 2356/2274/2461 2354/2280/2459 2424/2350/2542 
s 4744
f 2423/2257/2541 2419/2263/2537 2427/2360/2545 
s 4745
f 2422/2364/2540 2427/2360/2545 2425/2363/2543 
s 4746
f 2426/2353/2544 2424/2350/2542 2428/2349/2546 
s 4747
f 2424/2350/2542 2354/2280/2459 2429/2347/2547 
s 4748
f 2422/2364/2540 2423/2257/2541 2427/2360/2545 
s 4749
f 2425/2363/2543 2430/2365/2548 2420/2366/2538 
s 4750
f 2429/2347/2547 2428/2349/2546 2424/2350/2542 
s 4751
f 2429/2347/2547 2354/2280/2459 2359/2291/2465 
s 4752
f 2425/2363/2543 2427/2360/2545 2431/2361/2549 
s 4753
f 2430/2365/2548 2395/2370/2550 2420/2366/2538 
s 4754
f 2359/2291/2465 2432/2345/2551 2429/2347/2547 
s 4755
f 2432/2345/2551 2428/2349/2546 2429/2347/2547 
s 4756
f 2427/2360/2545 2433/2357/2552 2431/2361/2549 
s 4757
f 2393/2368/2553 2395/2370/2550 2430/2365/2548 
s 4758
f 2395/2370/2550 2396/2371/2533 2420/2366/2538 
s 4759
f 2432/2345/2551 2434/2351/2554 2428/2349/2546 
s 4760
f 2425/2363/2543 2431/2361/2549 2435/2362/2555 
s 4761
f 2435/2362/2555 2430/2365/2548 2425/2363/2543 
s 4762
f 2431/2361/2549 2433/2357/2552 2436/2358/2556 
s 4763
f 2370/2346/2479 2434/2351/2554 2432/2345/2551 
s 4764
f 2435/2362/2555 2431/2361/2549 2437/2359/2557 
s 4765
f 2428/2349/2546 2434/2351/2554 2426/2353/2544 
s 4766
f 2431/2361/2549 2436/2358/2556 2437/2359/2557 
s 4767
f 2432/2345/2551 2367/2344/2474 2370/2346/2479 
s 4768
f 2433/2357/2552 2421/2354/2539 2436/2358/2556 
s 4769
f 2436/2358/2556 2421/2354/2539 2426/2353/2544 
s 4770
f 2426/2353/2544 2434/2351/2554 2438/2355/2558 
s 4771
f 2367/2344/2474 2432/2345/2551 2359/2291/2465 
s 4772
f 2433/2357/2552 2417/2268/2535 2421/2354/2539 
s 4773
f 2438/2355/2558 2439/2356/2559 2426/2353/2544 
s 4774
f 2426/2353/2544 2439/2356/2559 2436/2358/2556 
s 4775
f 2437/2359/2557 2436/2358/2556 2439/2356/2559 
s 4776
f 2419/2263/2537 2417/2268/2535 2433/2357/2552 
s 4777
f 2427/2360/2545 2419/2263/2537 2433/2357/2552 
s 4778
f 2440/2088/1636 2441/2089/1636 2442/2090/1636 
s 4779
f 2442/2090/1636 2443/2091/1636 2440/2088/1636 
s 4780
f 2442/2090/1636 2441/2089/1636 2444/2092/1636 
s 4781
f 2445/2093/1636 2443/2091/1636 2442/2090/1636 
s 4782
f 2444/2092/1636 2446/2094/1636 2442/2090/1636 
s 4783
f 2446/2094/1636 2445/2093/1636 2442/2090/1636 
s 4784
f 2447/2095/1636 2446/2094/1636 2444/2092/1636 
s 4785
f 2448/2096/1636 2445/2093/1636 2446/2094/1636 
s 4786
f 2446/2094/1636 2447/2095/1636 2449/2097/1636 
s 4787
f 2449/2097/1636 2448/2096/1636 2446/2094/1636 
s 4788
f 2449/2097/1636 2447/2095/1636 2450/2098/1636 
s 4789
f 2451/2099/1636 2448/2096/1636 2449/2097/1636 
s 4790
f 2450/2098/1636 2452/2100/1636 2449/2097/1636 
s 4791
f 2451/2099/1636 2449/2097/1636 2453/2101/1636 
s 4792
f 2449/2097/1636 2452/2100/1636 2454/2102/1636 
s 4793
f 2453/2101/1636 2449/2097/1636 2454/2102/1636 
s 4794
f 2452/2100/1636 2455/2103/1636 2454/2102/1636 
s 4795
f 2454/2102/1636 2456/2104/1636 2453/2101/1636 
s 4796
f 2454/2102/1636 2455/2103/1636 2457/2105/1636 
s 4797
f 2457/2105/1636 2456/2104/1636 2454/2102/1636 
s 4798
f 2393/2384/2560 2458/2381/2561 2387/2386/2562 
s 4799
f 2430/2382/2563 2458/2381/2561 2393/2384/2560 
s 4800
f 2387/2386/2562 2458/2381/2561 2382/2388/2564 
s 4801
f 2435/2380/2565 2458/2381/2561 2430/2382/2563 
s 4802
f 2458/2381/2561 2459/2383/2566 2382/2388/2564 
s 4803
f 2435/2380/2565 2459/2383/2566 2458/2381/2561 
s 4804
f 2382/2388/2564 2459/2383/2566 2377/2390/2567 
s 4805
f 2437/2385/2568 2459/2383/2566 2435/2380/2565 
s 4806
f 2460/2387/2569 2377/2390/2567 2459/2383/2566 
s 4807
f 2439/2389/2570 2459/2383/2566 2437/2385/2568 
s 4808
f 2460/2387/2569 2459/2383/2566 2439/2389/2570 
s 4809
f 2374/2392/2571 2377/2390/2567 2460/2387/2569 
s 4810
f 2439/2389/2570 2438/2391/2572 2460/2387/2569 
s 4811
f 2374/2392/2571 2460/2387/2569 2371/2394/2573 
s 4812
f 2460/2387/2569 2438/2391/2572 2461/2393/2574 
s 4813
f 2371/2394/2573 2460/2387/2569 2461/2393/2574 
s 4814
f 2438/2391/2572 2434/2395/2575 2461/2393/2574 
s 4815
f 2371/2394/2573 2461/2393/2574 2369/2396/2576 
s 4816
f 2461/2393/2574 2434/2395/2575 2370/2397/2577 
s 4817
f 2369/2396/2576 2461/2393/2574 2370/2397/2577 
s 4818
f 2280/2284/2387 2462/2470/2338 2287/2469/2337 
s 4819
f 2280/2284/2387 2277/2281/2385 2462/2470/2338 
s 4820
f 2287/2469/2337 2462/2470/2338 2463/2471/2339 
s 4821
f 2463/2475/2326 2462/2476/2578 2464/2477/2579 
s 4822
f 2464/2477/2579 2462/2476/2578 2465/2478/2580 
s 4823
f 2464/2477/2579 2465/2478/2580 2466/2479/2581 
s 4824
f 2462/2476/2578 2277/2480/2582 2465/2478/2580 
s 4825
f 2466/2479/2581 2465/2478/2580 2467/2481/2583 
s 4826
f 2465/2478/2580 2277/2480/2582 2468/2482/2584 
s 4827
f 2465/2478/2580 2468/2482/2584 2467/2481/2583 
s 4828
f 2467/2481/2583 2440/2483/2325 2466/2479/2581 
s 4829
f 2277/2480/2582 2275/2484/2585 2468/2482/2584 
s 4830
f 2441/2485/2586 2440/2483/2325 2467/2481/2583 
s 4831
f 2468/2482/2584 2275/2484/2585 2469/2486/2587 
s 4832
f 2467/2481/2583 2470/2487/2588 2441/2485/2586 
s 4833
f 2468/2482/2584 2469/2486/2587 2470/2487/2588 
s 4834
f 2467/2481/2583 2468/2482/2584 2470/2487/2588 
s 4835
f 2275/2484/2585 2384/2488/2589 2469/2486/2587 
s 4836
f 2441/2485/2586 2470/2487/2588 2444/2489/2590 
s 4837
f 2469/2486/2587 2384/2488/2589 2471/2490/2591 
s 4838
f 2470/2487/2588 2472/2491/2592 2444/2489/2590 
s 4839
f 2469/2486/2587 2471/2490/2591 2472/2491/2592 
s 4840
f 2470/2487/2588 2469/2486/2587 2472/2491/2592 
s 4841
f 2384/2488/2589 2378/2492/2593 2471/2490/2591 
s 4842
f 2444/2489/2590 2472/2491/2592 2447/2493/2594 
s 4843
f 2471/2490/2591 2378/2492/2593 2473/2494/2595 
s 4844
f 2472/2491/2592 2474/2495/2596 2447/2493/2594 
s 4845
f 2472/2491/2592 2471/2490/2591 2474/2495/2596 
s 4846
f 2378/2492/2593 2475/2496/2597 2473/2494/2595 
s 4847
f 2447/2493/2594 2474/2495/2596 2450/2497/2598 
s 4848
f 2473/2494/2595 2476/2498/2599 2471/2490/2591 
s 4849
f 2474/2495/2596 2476/2498/2599 2450/2497/2598 
s 4850
f 2471/2490/2591 2476/2498/2599 2474/2495/2596 
s 4851
f 2381/2499/2600 2475/2496/2597 2378/2492/2593 
s 4852
f 2475/2496/2597 2477/2500/2601 2473/2494/2595 
s 4853
f 2450/2497/2598 2476/2498/2599 2452/2501/2602 
s 4854
f 2476/2498/2599 2477/2500/2601 2452/2501/2602 
s 4855
f 2473/2494/2595 2477/2500/2601 2476/2498/2599 
s 4856
f 2381/2499/2600 2478/2502/2603 2475/2496/2597 
s 4857
f 2452/2501/2602 2477/2500/2601 2455/2503/2604 
s 4858
f 2366/2504/2605 2478/2502/2603 2381/2499/2600 
s 4859
f 2478/2502/2603 2479/2505/2606 2475/2496/2597 
s 4860
f 2477/2500/2601 2479/2505/2606 2455/2503/2604 
s 4861
f 2475/2496/2597 2479/2505/2606 2477/2500/2601 
s 4862
f 2361/2506/2607 2478/2502/2603 2366/2504/2605 
s 4863
f 2455/2503/2604 2479/2505/2606 2457/2507/2608 
s 4864
f 2480/2508/2609 2478/2502/2603 2361/2506/2607 
s 4865
f 2478/2502/2603 2480/2508/2609 2479/2505/2606 
s 4866
f 2457/2507/2608 2479/2505/2606 2456/2509/2610 
s 4867
f 2358/2510/2611 2480/2508/2609 2361/2506/2607 
s 4868
f 2456/2509/2610 2479/2505/2606 2481/2511/2612 
s 4869
f 2479/2505/2606 2480/2508/2609 2481/2511/2612 
s 4870
f 2482/2512/2613 2480/2508/2609 2358/2510/2611 
s 4871
f 2480/2508/2609 2482/2512/2613 2481/2511/2612 
s 4872
f 2481/2511/2612 2453/2513/2614 2456/2509/2610 
s 4873
f 2358/2510/2611 2483/2514/2615 2482/2512/2613 
s 4874
f 2484/2515/2616 2453/2513/2614 2481/2511/2612 
s 4875
f 2482/2512/2613 2483/2514/2615 2484/2515/2616 
s 4876
f 2481/2511/2612 2482/2512/2613 2484/2515/2616 
s 4877
f 2353/2516/2617 2483/2514/2615 2358/2510/2611 
s 4878
f 2484/2515/2616 2451/2517/2618 2453/2513/2614 
s 4879
f 2353/2516/2617 2485/2518/2619 2483/2514/2615 
s 4880
f 2486/2519/2620 2451/2517/2618 2484/2515/2616 
s 4881
f 2484/2515/2616 2483/2514/2615 2486/2519/2620 
s 4882
f 2350/2520/2621 2485/2518/2619 2353/2516/2617 
s 4883
f 2486/2519/2620 2448/2521/2622 2451/2517/2618 
s 4884
f 2485/2518/2619 2487/2522/2623 2483/2514/2615 
s 4885
f 2487/2522/2623 2448/2521/2622 2486/2519/2620 
s 4886
f 2483/2514/2615 2487/2522/2623 2486/2519/2620 
s 4887
f 2352/2523/2624 2485/2518/2619 2350/2520/2621 
s 4888
f 2487/2522/2623 2445/2524/2625 2448/2521/2622 
s 4889
f 2488/2525/2626 2485/2518/2619 2352/2523/2624 
s 4890
f 2489/2526/2627 2445/2524/2625 2487/2522/2623 
s 4891
f 2488/2525/2626 2489/2526/2627 2485/2518/2619 
s 4892
f 2485/2518/2619 2489/2526/2627 2487/2522/2623 
s 4893
f 2352/2523/2624 2490/2527/2628 2488/2525/2626 
s 4894
f 2489/2526/2627 2443/2528/2629 2445/2524/2625 
s 4895
f 2491/2529/2630 2490/2527/2628 2352/2523/2624 
s 4896
f 2490/2527/2628 2492/2530/2631 2488/2525/2626 
s 4897
f 2492/2530/2631 2443/2528/2629 2489/2526/2627 
s 4898
f 2488/2525/2626 2492/2530/2631 2489/2526/2627 
s 4899
f 2491/2529/2630 2464/2531/2632 2490/2527/2628 
s 4900
f 2492/2530/2631 2440/2532/2277 2443/2528/2629 
s 4901
f 2463/2533/2268 2464/2531/2632 2491/2529/2630 
s 4902
f 2464/2531/2632 2466/2534/2633 2490/2527/2628 
s 4903
f 2466/2534/2633 2440/2532/2277 2492/2530/2631 
s 4904
f 2490/2527/2628 2466/2534/2633 2492/2530/2631 
s 4905
f 2357/2168/2463 2235/2167/2469 2234/2170/2634 
s 4906
f 2234/2170/2634 2351/2172/2456 2357/2168/2463 
s 4907
f 2239/2175/2462 2351/2172/2456 2234/2170/2634 
s 4908
f 2245/2181/2049 2347/2178/2452 2239/2175/2462 
s 4909
f 2347/2178/2452 2245/2181/2049 2344/2184/2449 
s 4910
f 2344/2184/2449 2245/2181/2049 2279/2187/2055 
s 4911
f 2279/2187/2055 2343/2196/2448 2344/2184/2449 
s 4912
f 2284/2207/2075 2343/2196/2448 2279/2187/2055 
s 4913
f 2343/2196/2448 2284/2207/2075 2493/2202/2635 
s 4914
f 2337/2199/2442 2343/2196/2448 2493/2202/2635 
s 4915
f 2493/2202/2635 2284/2207/2075 2287/2210/2078 
s 4916
f 2493/2202/2635 2352/2204/2457 2337/2199/2442 
s 4917
f 2287/2210/2078 2491/2399/2267 2493/2202/2635 
s 4918
f 2491/2399/2267 2352/2204/2457 2493/2202/2635 
s 4919
f 2337/2199/2442 2352/2204/2457 2332/2195/2437 
s 4920
f 2463/2398/2266 2491/2399/2267 2287/2210/2078 
s 4921
f 2335/2209/2440 2338/2213/2443 2310/2215/2415 
s 4922
f 2310/2215/2415 2311/2218/2416 2335/2209/2440 
s 4923
f 2315/2212/2420 2335/2209/2440 2311/2218/2416 
s 4924
f 2318/2180/2423 2363/2171/2470 2322/2174/2427 
s 4925
f 2322/2174/2427 2349/2177/2454 2325/2186/2430 
s 4926
f 2322/2174/2427 2355/2169/2460 2349/2177/2454 
s 4927
f 2325/2186/2430 2349/2177/2454 2334/2190/2439 
s 4928
f 2346/2277/2451 2415/2271/2532 2339/2283/2444 
s 4929
f 2415/2271/2532 2346/2277/2451 2356/2274/2461 
s 4930
f 2312/2307/2417 2317/2314/2422 2388/2316/2497 
s 4931
f 2388/2316/2497 2316/2301/2421 2312/2307/2417 
s 4932
f 2324/2322/2429 2316/2301/2421 2388/2316/2497 
s 4933
f 2494/2535/2636 2495/2536/2637 2496/2537/2638 
s 4934
f 2494/2535/2636 2497/2538/2639 2495/2536/2637 
s 4935
f 2496/2537/2638 2495/2536/2637 2498/2539/2640 
s 4936
f 2499/2540/2641 2497/2538/2639 2494/2535/2636 
s 4937
f 2498/2539/2640 2500/2541/2642 2496/2537/2638 
s 4938
f 2501/2542/2643 2497/2538/2639 2499/2540/2641 
s 4939
f 2496/2537/2638 2500/2541/2642 2502/2543/2644 
s 4940
f 2499/2540/2641 2503/2544/2645 2501/2542/2643 
s 4941
f 2500/2541/2642 2504/2545/2646 2502/2543/2644 
s 4942
f 2502/2543/2644 2504/2545/2646 2505/2546/2647 
s 4943
f 2506/2547/2648 2503/2544/2645 2499/2540/2641 
s 4944
f 2507/2548/2649 2503/2544/2645 2506/2547/2648 
s 4945
f 2508/2549/2650 2503/2544/2645 2507/2548/2649 
s 4946
f 2509/2550/2651 2508/2549/2650 2507/2548/2649 
s 4947
f 2510/2551/2652 2508/2549/2650 2509/2550/2651 
s 4948
f 2509/2550/2651 2511/2552/2653 2510/2551/2652 
s 4949
f 2512/2553/2654 2511/2552/2653 2509/2550/2651 
s 4950
f 2511/2552/2653 2512/2553/2654 2513/2554/2655 
s 4951
f 2514/2555/2656 2511/2552/2653 2513/2554/2655 
s 4952
f 2513/2554/2655 2512/2553/2654 2515/2556/2657 
s 4953
f 2516/2557/2658 2514/2555/2656 2513/2554/2655 
s 4954
f 2515/2556/2657 2516/2557/2658 2513/2554/2655 
s 4955
f 2517/2558/2659 2511/2552/2653 2514/2555/2656 
s 4956
f 2518/2559/2660 2516/2557/2658 2515/2556/2657 
s 4957
f 2517/2558/2659 2514/2555/2656 2519/2560/2661 
s 4958
f 2518/2559/2660 2520/2561/2662 2516/2557/2658 
s 4959
f 2521/2562/2663 2514/2555/2656 2516/2557/2658 
s 4960
f 2520/2561/2662 2521/2562/2663 2516/2557/2658 
s 4961
f 2519/2560/2661 2514/2555/2656 2522/2563/2664 
s 4962
f 2521/2562/2663 2522/2563/2664 2514/2555/2656 
s 4963
f 2523/2564/2665 2520/2561/2662 2518/2559/2660 
s 4964
f 2519/2560/2661 2522/2563/2664 2524/2565/2666 
s 4965
f 2525/2566/2667 2521/2562/2663 2520/2561/2662 
s 4966
f 2523/2564/2665 2526/2567/2668 2520/2561/2662 
s 4967
f 2527/2568/2669 2522/2563/2664 2521/2562/2663 
s 4968
f 2525/2566/2667 2527/2568/2669 2521/2562/2663 
s 4969
f 2524/2565/2666 2522/2563/2664 2528/2569/2670 
s 4970
f 2527/2568/2669 2528/2569/2670 2522/2563/2664 
s 4971
f 2520/2561/2662 2526/2567/2668 2529/2570/2671 
s 4972
f 2530/2571/2672 2527/2568/2669 2525/2566/2667 
s 4973
f 2528/2569/2670 2531/2572/2673 2524/2565/2666 
s 4974
f 2529/2570/2671 2532/2573/2674 2520/2561/2662 
s 4975
f 2530/2571/2672 2533/2574/2675 2527/2568/2669 
s 4976
f 2533/2574/2675 2528/2569/2670 2527/2568/2669 
s 4977
f 2520/2561/2662 2532/2573/2674 2525/2566/2667 
s 4978
f 2534/2575/2676 2531/2572/2673 2528/2569/2670 
s 4979
f 2535/2576/2677 2533/2574/2675 2530/2571/2672 
s 4980
f 2526/2567/2668 2536/2577/2678 2529/2570/2671 
s 4981
f 2533/2574/2675 2534/2575/2676 2528/2569/2670 
s 4982
f 2534/2575/2676 2537/2578/2679 2531/2572/2673 
s 4983
f 2525/2566/2667 2538/2579/2680 2530/2571/2672 
s 4984
f 2532/2573/2674 2538/2579/2680 2525/2566/2667 
s 4985
f 2539/2580/2681 2534/2575/2676 2533/2574/2675 
s 4986
f 2535/2576/2677 2539/2580/2681 2533/2574/2675 
s 4987
f 2540/2581/2682 2537/2578/2679 2534/2575/2676 
s 4988
f 2529/2570/2671 2541/2582/2683 2532/2573/2674 
s 4989
f 2542/2583/2684 2539/2580/2681 2535/2576/2677 
s 4990
f 2539/2580/2681 2540/2581/2682 2534/2575/2676 
s 4991
f 2532/2573/2674 2543/2584/2685 2538/2579/2680 
s 4992
f 2541/2582/2683 2543/2584/2685 2532/2573/2674 
s 4993
f 2542/2583/2684 2544/2585/2686 2539/2580/2681 
s 4994
f 2544/2585/2686 2540/2581/2682 2539/2580/2681 
s 4995
f 2535/2576/2677 2545/2586/2687 2542/2583/2684 
s 4996
f 2546/2587/2688 2541/2582/2683 2529/2570/2671 
s 4997
f 2547/2588/2689 2544/2585/2686 2542/2583/2684 
s 4998
f 2543/2584/2685 2541/2582/2683 2548/2589/2690 
s 4999
f 2545/2586/2687 2549/2590/2691 2542/2583/2684 
s 5000
f 2529/2570/2671 2536/2577/2678 2546/2587/2688 
s 5001
f 2542/2583/2684 2549/2590/2691 2547/2588/2689 
s 5002
f 2546/2587/2688 2550/2591/2692 2541/2582/2683 
s 5003
f 2545/2586/2687 2551/2592/2693 2549/2590/2691 
s 5004
f 2536/2577/2678 2552/2593/2694 2546/2587/2688 
s 5005
f 2548/2589/2690 2541/2582/2683 2553/2594/2695 
s 5006
f 2546/2587/2688 2552/2593/2694 2550/2591/2692 
s 5007
f 2554/2595/2696 2551/2592/2693 2545/2586/2687 
s 5008
f 2555/2596/2697 2543/2584/2685 2548/2589/2690 
s 5009
f 2541/2582/2683 2550/2591/2692 2553/2594/2695 
s 5010
f 2556/2597/2698 2554/2595/2696 2545/2586/2687 
s 5011
f 2557/2598/2699 2543/2584/2685 2555/2596/2697 
s 5012
f 2551/2592/2693 2554/2595/2696 2558/2599/2700 
s 5013
f 2552/2593/2694 2559/2600/2701 2550/2591/2692 
s 5014
f 2557/2598/2699 2554/2595/2696 2556/2597/2698 
s 5015
f 2560/2601/2702 2557/2598/2699 2555/2596/2697 
s 5016
f 2558/2599/2700 2554/2595/2696 2560/2601/2702 
s 5017
f 2543/2584/2685 2557/2598/2699 2538/2579/2680 
s 5018
f 2550/2591/2692 2559/2600/2701 2561/2602/2703 
s 5019
f 2538/2579/2680 2557/2598/2699 2556/2597/2698 
s 5020
f 2554/2595/2696 2557/2598/2699 2560/2601/2702 
s 5021
f 2556/2597/2698 2545/2586/2687 2535/2576/2677 
s 5022
f 2559/2600/2701 2562/2603/2704 2561/2602/2703 
s 5023
f 2538/2579/2680 2556/2597/2698 2530/2571/2672 
s 5024
f 2530/2571/2672 2556/2597/2698 2535/2576/2677 
s 5025
f 2563/2604/2705 2562/2603/2704 2559/2600/2701 
s 5026
f 2563/2604/2705 2564/2605/2706 2562/2603/2704 
s 5027
f 2565/2606/2707 2564/2605/2706 2563/2604/2705 
s 5028
f 2565/2606/2707 2566/2607/2708 2564/2605/2706 
s 5029
f 2564/2605/2706 2566/2607/2708 2567/2608/2709 
s 5030
f 2566/2607/2708 2568/2609/2710 2567/2608/2709 
s 5031
f 2569/2610/2711 2568/2609/2710 2566/2607/2708 
s 5032
f 2569/2610/2711 2570/2611/2712 2568/2609/2710 
s 5033
f 2569/2610/2711 2571/2612/2713 2570/2611/2712 
s 5034
f 2570/2611/2712 2571/2612/2713 2572/2613/2714 
s 5035
f 2572/2613/2714 2571/2612/2713 2573/2614/2715 
s 5036
f 2573/2614/2715 2571/2612/2713 2574/2615/2716 
s 5037
f 2574/2615/2716 2504/2616/2717 2573/2614/2715 
s 5038
f 2505/2617/2718 2504/2616/2717 2574/2615/2716 
s 5039
f 2575/2618/2719 2498/2619/2720 2576/2620/2721 
s 5040
f 2575/2618/2719 2500/2621/2722 2498/2619/2720 
s 5041
f 2576/2620/2721 2498/2619/2720 2495/2622/2723 
s 5042
f 2577/2623/2724 2500/2621/2722 2575/2618/2719 
s 5043
f 2497/2624/2725 2576/2620/2721 2495/2622/2723 
s 5044
f 2578/2625/2726 2500/2621/2722 2577/2623/2724 
s 5045
f 2575/2618/2719 2579/2626/2727 2577/2623/2724 
s 5046
f 2580/2627/2728 2576/2620/2721 2497/2624/2725 
s 5047
f 2577/2623/2724 2581/2628/2729 2578/2625/2726 
s 5048
f 2504/2629/2730 2500/2621/2722 2578/2625/2726 
s 5049
f 2579/2626/2727 2582/2630/2731 2577/2623/2724 
s 5050
f 2583/2631/2732 2575/2618/2719 2576/2620/2721 
s 5051
f 2577/2623/2724 2582/2630/2731 2581/2628/2729 
s 5052
f 2580/2627/2728 2584/2632/2733 2576/2620/2721 
s 5053
f 2582/2630/2731 2579/2626/2727 2585/2633/2734 
s 5054
f 2576/2620/2721 2584/2632/2733 2583/2631/2732 
s 5055
f 2586/2634/2735 2579/2626/2727 2575/2618/2719 
s 5056
f 2580/2627/2728 2587/2635/2736 2584/2632/2733 
s 5057
f 2585/2633/2734 2579/2626/2727 2588/2636/2737 
s 5058
f 2586/2634/2735 2575/2618/2719 2583/2631/2732 
s 5059
f 2589/2637/2738 2587/2635/2736 2580/2627/2728 
s 5060
f 2585/2633/2734 2588/2636/2737 2590/2638/2739 
s 5061
f 2579/2626/2727 2586/2634/2735 2588/2636/2737 
s 5062
f 2584/2632/2733 2591/2639/2740 2583/2631/2732 
s 5063
f 2587/2635/2736 2592/2640/2741 2584/2632/2733 
s 5064
f 2590/2638/2739 2588/2636/2737 2593/2641/2742 
s 5065
f 2586/2634/2735 2583/2631/2732 2594/2642/2743 
s 5066
f 2584/2632/2733 2592/2640/2741 2591/2639/2740 
s 5067
f 2593/2641/2742 2595/2643/2744 2590/2638/2739 
s 5068
f 2588/2636/2737 2586/2634/2735 2594/2642/2743 
s 5069
f 2583/2631/2732 2591/2639/2740 2596/2644/2745 
s 5070
f 2594/2642/2743 2593/2641/2742 2588/2636/2737 
s 5071
f 2595/2643/2744 2593/2641/2742 2597/2645/2746 
s 5072
f 2590/2638/2739 2595/2643/2744 2598/2646/2747 
s 5073
f 2594/2642/2743 2583/2631/2732 2596/2644/2745 
s 5074
f 2592/2640/2741 2599/2647/2748 2591/2639/2740 
s 5075
f 2598/2646/2747 2600/2648/2749 2590/2638/2739 
s 5076
f 2601/2649/2750 2593/2641/2742 2594/2642/2743 
s 5077
f 2596/2644/2745 2601/2649/2750 2594/2642/2743 
s 5078
f 2597/2645/2746 2593/2641/2742 2601/2649/2750 
s 5079
f 2591/2639/2740 2599/2647/2748 2602/2650/2751 
s 5080
f 2590/2638/2739 2600/2648/2749 2585/2633/2734 
s 5081
f 2603/2651/2752 2595/2643/2744 2597/2645/2746 
s 5082
f 2602/2650/2751 2604/2652/2753 2591/2639/2740 
s 5083
f 2604/2652/2753 2601/2649/2750 2596/2644/2745 
s 5084
f 2605/2653/2754 2585/2633/2734 2600/2648/2749 
s 5085
f 2601/2649/2750 2604/2652/2753 2597/2645/2746 
s 5086
f 2604/2652/2753 2602/2650/2751 2606/2654/2755 
s 5087
f 2591/2639/2740 2604/2652/2753 2596/2644/2745 
s 5088
f 2597/2645/2746 2606/2654/2755 2603/2651/2752 
s 5089
f 2606/2654/2755 2602/2650/2751 2599/2647/2748 
s 5090
f 2600/2648/2749 2607/2655/2756 2605/2653/2754 
s 5091
f 2597/2645/2746 2604/2652/2753 2606/2654/2755 
s 5092
f 2608/2656/2757 2595/2643/2744 2603/2651/2752 
s 5093
f 2609/2657/2758 2607/2655/2756 2600/2648/2749 
s 5094
f 2582/2630/2731 2585/2633/2734 2605/2653/2754 
s 5095
f 2608/2656/2757 2598/2646/2747 2595/2643/2744 
s 5096
f 2600/2648/2749 2610/2658/2759 2609/2657/2758 
s 5097
f 2605/2653/2754 2581/2628/2729 2582/2630/2731 
s 5098
f 2610/2658/2759 2598/2646/2747 2608/2656/2757 
s 5099
f 2607/2655/2756 2611/2659/2760 2605/2653/2754 
s 5100
f 2598/2646/2747 2610/2658/2759 2600/2648/2749 
s 5101
f 2612/2660/2761 2581/2628/2729 2605/2653/2754 
s 5102
f 2608/2656/2757 2613/2661/2762 2610/2658/2759 
s 5103
f 2605/2653/2754 2611/2659/2760 2612/2660/2761 
s 5104
f 2611/2659/2760 2607/2655/2756 2614/2662/2763 
s 5105
f 2607/2655/2756 2609/2657/2758 2614/2662/2763 
s 5106
f 2613/2661/2762 2608/2656/2757 2615/2663/2764 
s 5107
f 2610/2658/2759 2613/2661/2762 2616/2664/2765 
s 5108
f 2617/2665/2766 2612/2660/2761 2611/2659/2760 
s 5109
f 2614/2662/2763 2609/2657/2758 2616/2664/2765 
s 5110
f 2615/2663/2764 2608/2656/2757 2603/2651/2752 
s 5111
f 2616/2664/2765 2609/2657/2758 2610/2658/2759 
s 5112
f 2581/2628/2729 2612/2660/2761 2618/2666/2767 
s 5113
f 2615/2663/2764 2603/2651/2752 2619/2667/2768 
s 5114
f 2616/2664/2765 2613/2661/2762 2620/2668/2769 
s 5115
f 2616/2664/2765 2620/2668/2769 2614/2662/2763 
s 5116
f 2618/2666/2767 2612/2660/2761 2621/2669/2770 
s 5117
f 2621/2669/2770 2612/2660/2761 2617/2665/2766 
s 5118
f 2578/2625/2726 2581/2628/2729 2618/2666/2767 
s 5119
f 2622/2670/2771 2613/2661/2762 2615/2663/2764 
s 5120
f 2621/2669/2770 2617/2665/2766 2623/2671/2772 
s 5121
f 2614/2662/2763 2620/2668/2769 2624/2672/2773 
s 5122
f 2622/2670/2771 2615/2663/2764 2625/2673/2774 
s 5123
f 2625/2673/2774 2615/2663/2764 2619/2667/2768 
s 5124
f 2623/2671/2772 2617/2665/2766 2626/2674/2775 
s 5125
f 2624/2672/2773 2620/2668/2769 2627/2675/2776 
s 5126
f 2622/2670/2771 2625/2673/2774 2628/2676/2777 
s 5127
f 2626/2674/2775 2629/2677/2778 2623/2671/2772 
s 5128
f 2630/2678/2779 2624/2672/2773 2627/2675/2776 
s 5129
f 2628/2676/2777 2631/2679/2780 2622/2670/2771 
s 5130
f 2632/2680/2781 2629/2677/2778 2626/2674/2775 
s 5131
f 2633/2681/2782 2624/2672/2773 2630/2678/2779 
s 5132
f 2628/2676/2777 2625/2673/2774 2634/2682/2783 
s 5133
f 2632/2680/2781 2635/2683/2784 2629/2677/2778 
s 5134
f 2636/2684/2785 2624/2672/2773 2633/2681/2782 
s 5135
f 2637/2685/2786 2628/2676/2777 2634/2682/2783 
s 5136
f 2638/2686/2787 2635/2683/2784 2632/2680/2781 
s 5137
f 2614/2662/2763 2624/2672/2773 2636/2684/2785 
s 5138
f 2639/2687/2788 2628/2676/2777 2637/2685/2786 
s 5139
f 2640/2688/2789 2635/2683/2784 2638/2686/2787 
s 5140
f 2636/2684/2785 2611/2659/2760 2614/2662/2763 
s 5141
f 2641/2689/2790 2628/2676/2777 2639/2687/2788 
s 5142
f 2642/2690/2791 2635/2683/2784 2640/2688/2789 
s 5143
f 2617/2665/2766 2611/2659/2760 2636/2684/2785 
s 5144
f 2631/2679/2780 2628/2676/2777 2641/2689/2790 
s 5145
f 2640/2688/2789 2643/2691/2792 2642/2690/2791 
s 5146
f 2617/2665/2766 2636/2684/2785 2626/2674/2775 
s 5147
f 2644/2692/2793 2631/2679/2780 2641/2689/2790 
s 5148
f 2643/2691/2792 2640/2688/2789 2645/2693/2794 
s 5149
f 2642/2690/2791 2643/2691/2792 2646/2694/2795 
s 5150
f 2626/2674/2775 2636/2684/2785 2647/2695/2796 
s 5151
f 2648/2696/2797 2631/2679/2780 2644/2692/2793 
s 5152
f 2646/2694/2795 2649/2697/2798 2642/2690/2791 
s 5153
f 2626/2674/2775 2647/2695/2796 2632/2680/2781 
s 5154
f 2648/2696/2797 2650/2698/2799 2631/2679/2780 
s 5155
f 2643/2691/2792 2651/2699/2800 2646/2694/2795 
s 5156
f 2649/2697/2798 2635/2683/2784 2642/2690/2791 
s 5157
f 2620/2668/2769 2650/2698/2799 2648/2696/2797 
s 5158
f 2651/2699/2800 2643/2691/2792 2652/2700/2801 
s 5159
f 2653/2701/2802 2649/2697/2798 2646/2694/2795 
s 5160
f 2627/2675/2776 2620/2668/2769 2648/2696/2797 
s 5161
f 2646/2694/2795 2651/2699/2800 2654/2702/2803 
s 5162
f 2652/2700/2801 2643/2691/2792 2645/2693/2794 
s 5163
f 2646/2694/2795 2654/2702/2803 2653/2701/2802 
s 5164
f 2620/2668/2769 2613/2661/2762 2650/2698/2799 
s 5165
f 2655/2703/2804 2651/2699/2800 2652/2700/2801 
s 5166
f 2645/2693/2794 2656/2704/2805 2652/2700/2801 
s 5167
f 2657/2705/2806 2649/2697/2798 2653/2701/2802 
s 5168
f 2650/2698/2799 2613/2661/2762 2622/2670/2771 
s 5169
f 2658/2706/2807 2656/2704/2805 2645/2693/2794 
s 5170
f 2653/2701/2802 2659/2707/2808 2657/2705/2806 
s 5171
f 2622/2670/2771 2631/2679/2780 2650/2698/2799 
s 5172
f 2660/2708/2809 2656/2704/2805 2658/2706/2807 
s 5173
f 2661/2709/2810 2659/2707/2808 2653/2701/2802 
s 5174
f 2662/2710/2811 2649/2697/2798 2657/2705/2806 
s 5175
f 2660/2708/2809 2658/2706/2807 2663/2711/2812 
s 5176
f 2661/2709/2810 2664/2712/2813 2659/2707/2808 
s 5177
f 2665/2713/2814 2662/2710/2811 2657/2705/2806 
s 5178
f 2666/2714/2815 2660/2708/2809 2663/2711/2812 
s 5179
f 2667/2715/2816 2664/2712/2813 2661/2709/2810 
s 5180
f 2657/2705/2806 2668/2716/2817 2665/2713/2814 
s 5181
f 2659/2707/2808 2668/2716/2817 2657/2705/2806 
s 5182
f 2669/2717/2818 2660/2708/2809 2666/2714/2815 
s 5183
f 2664/2712/2813 2670/2718/2819 2659/2707/2808 
s 5184
f 2671/2719/2820 2662/2710/2811 2665/2713/2814 
s 5185
f 2659/2707/2808 2670/2718/2819 2668/2716/2817 
s 5186
f 2660/2708/2809 2669/2717/2818 2672/2720/2821 
s 5187
f 2673/2721/2822 2671/2719/2820 2665/2713/2814 
s 5188
f 2629/2677/2778 2662/2710/2811 2671/2719/2820 
s 5189
f 2668/2716/2817 2674/2722/2823 2665/2713/2814 
s 5190
f 2670/2718/2819 2674/2722/2823 2668/2716/2817 
s 5191
f 2672/2720/2821 2669/2717/2818 2675/2723/2824 
s 5192
f 2665/2713/2814 2674/2722/2823 2673/2721/2822 
s 5193
f 2676/2724/2825 2671/2719/2820 2673/2721/2822 
s 5194
f 2671/2719/2820 2676/2724/2825 2629/2677/2778 
s 5195
f 2677/2725/2826 2672/2720/2821 2675/2723/2824 
s 5196
f 2678/2726/2827 2670/2718/2819 2664/2712/2813 
s 5197
f 2673/2721/2822 2674/2722/2823 2573/2727/2828 
s 5198
f 2679/2728/2829 2672/2720/2821 2677/2725/2826 
s 5199
f 2680/2729/2830 2670/2718/2819 2678/2726/2827 
s 5200
f 2673/2721/2822 2578/2730/2831 2676/2724/2825 
s 5201
f 2573/2727/2828 2578/2730/2831 2673/2721/2822 
s 5202
f 2679/2728/2829 2681/2731/2832 2672/2720/2821 
s 5203
f 2682/2732/2833 2674/2722/2823 2670/2718/2819 
s 5204
f 2680/2729/2830 2682/2732/2833 2670/2718/2819 
s 5205
f 2676/2724/2825 2578/2730/2831 2618/2733/2834 
s 5206
f 2672/2720/2821 2681/2731/2832 2656/2704/2805 
s 5207
f 2683/2734/2835 2680/2729/2830 2678/2726/2827 
s 5208
f 2618/2733/2834 2623/2671/2772 2676/2724/2825 
s 5209
f 2672/2720/2821 2656/2704/2805 2660/2708/2809 
s 5210
f 2678/2726/2827 2684/2735/2836 2683/2734/2835 
s 5211
f 2621/2669/2770 2623/2671/2772 2618/2733/2834 
s 5212
f 2629/2677/2778 2676/2724/2825 2623/2671/2772 
s 5213
f 2656/2704/2805 2681/2731/2832 2652/2700/2801 
s 5214
f 2685/2736/2837 2680/2729/2830 2683/2734/2835 
s 5215
f 2686/2737/2838 2684/2735/2836 2678/2726/2827 
s 5216
f 2635/2683/2784 2662/2710/2811 2629/2677/2778 
s 5217
f 2685/2736/2837 2683/2734/2835 2687/2738/2839 
s 5218
f 2678/2726/2827 2667/2715/2816 2686/2737/2838 
s 5219
f 2662/2710/2811 2635/2683/2784 2649/2697/2798 
s 5220
f 2685/2736/2837 2688/2739/2840 2680/2729/2830 
s 5221
f 2664/2712/2813 2667/2715/2816 2678/2726/2827 
s 5222
f 2684/2735/2836 2686/2737/2838 2689/2740/2841 
s 5223
f 2690/2741/2842 2688/2739/2840 2685/2736/2837 
s 5224
f 2685/2736/2837 2687/2738/2839 2690/2741/2842 
s 5225
f 2689/2740/2841 2686/2737/2838 2667/2715/2816 
s 5226
f 2688/2739/2840 2682/2732/2833 2680/2729/2830 
s 5227
f 2684/2735/2836 2691/2742/2843 2683/2734/2835 
s 5228
f 2687/2738/2839 2683/2734/2835 2691/2742/2843 
s 5229
f 2692/2743/2844 2684/2735/2836 2689/2740/2841 
s 5230
f 2568/2744/2845 2682/2732/2833 2688/2739/2840 
s 5231
f 2690/2741/2842 2687/2738/2839 2693/2745/2846 
s 5232
f 2694/2746/2847 2684/2735/2836 2692/2743/2844 
s 5233
f 2694/2746/2847 2691/2742/2843 2684/2735/2836 
s 5234
f 2570/2747/2848 2682/2732/2833 2568/2744/2845 
s 5235
f 2693/2745/2846 2687/2738/2839 2695/2748/2849 
s 5236
f 2691/2742/2843 2694/2746/2847 2695/2748/2849 
s 5237
f 2692/2743/2844 2689/2740/2841 2651/2699/2800 
s 5238
f 2570/2747/2848 2572/2749/2850 2682/2732/2833 
s 5239
f 2695/2748/2849 2687/2738/2839 2691/2742/2843 
s 5240
f 2692/2743/2844 2651/2699/2800 2655/2703/2804 
s 5241
f 2651/2699/2800 2689/2740/2841 2654/2702/2803 
s 5242
f 2682/2732/2833 2572/2749/2850 2674/2722/2823 
s 5243
f 2695/2748/2849 2694/2746/2847 2696/2750/2851 
s 5244
f 2696/2750/2851 2692/2743/2844 2655/2703/2804 
s 5245
f 2689/2740/2841 2667/2715/2816 2654/2702/2803 
s 5246
f 2573/2727/2828 2674/2722/2823 2572/2749/2850 
s 5247
f 2694/2746/2847 2692/2743/2844 2696/2750/2851 
s 5248
f 2655/2703/2804 2697/2751/2852 2696/2750/2851 
s 5249
f 2654/2702/2803 2667/2715/2816 2661/2709/2810 
s 5250
f 2696/2750/2851 2698/2752/2853 2695/2748/2849 
s 5251
f 2504/2753/2854 2578/2730/2831 2573/2727/2828 
s 5252
f 2697/2751/2852 2698/2752/2853 2696/2750/2851 
s 5253
f 2653/2701/2802 2654/2702/2803 2661/2709/2810 
s 5254
f 2698/2752/2853 2693/2745/2846 2695/2748/2849 
s 5255
f 2681/2731/2832 2697/2751/2852 2655/2703/2804 
s 5256
f 2698/2752/2853 2697/2751/2852 2679/2728/2829 
s 5257
f 2679/2728/2829 2697/2751/2852 2681/2731/2832 
s 5258
f 2652/2700/2801 2681/2731/2832 2655/2703/2804 
s 5259
f 2699/2754/2855 2693/2745/2846 2698/2752/2853 
s 5260
f 2679/2728/2829 2699/2754/2855 2698/2752/2853 
s 5261
f 2677/2725/2826 2699/2754/2855 2679/2728/2829 
s 5262
f 2630/2678/2779 2627/2675/2776 2700/2755/2856 
s 5263
f 2700/2755/2856 2701/2756/2857 2630/2678/2779 
s 5264
f 2700/2755/2856 2627/2675/2776 2702/2757/2858 
s 5265
f 2701/2756/2857 2703/2758/2859 2630/2678/2779 
s 5266
f 2704/2759/2860 2701/2756/2857 2700/2755/2856 
s 5267
f 2627/2675/2776 2648/2696/2797 2702/2757/2858 
s 5268
f 2702/2757/2858 2648/2696/2797 2644/2692/2793 
s 5269
f 2630/2678/2779 2703/2758/2859 2633/2681/2782 
s 5270
f 2703/2758/2859 2701/2756/2857 2705/2760/2861 
s 5271
f 2704/2759/2860 2663/2711/2812 2701/2756/2857 
s 5272
f 2705/2760/2861 2701/2756/2857 2663/2711/2812 
s 5273
f 2633/2681/2782 2703/2758/2859 2636/2684/2785 
s 5274
f 2666/2714/2815 2663/2711/2812 2704/2759/2860 
s 5275
f 2663/2711/2812 2658/2706/2807 2705/2760/2861 
s 5276
f 2705/2760/2861 2647/2695/2796 2703/2758/2859 
s 5277
f 2636/2684/2785 2703/2758/2859 2647/2695/2796 
s 5278
f 2658/2706/2807 2645/2693/2794 2705/2760/2861 
s 5279
f 2706/2761/2862 2647/2695/2796 2705/2760/2861 
s 5280
f 2705/2760/2861 2645/2693/2794 2706/2761/2862 
s 5281
f 2647/2695/2796 2706/2761/2862 2638/2686/2787 
s 5282
f 2645/2693/2794 2640/2688/2789 2706/2761/2862 
s 5283
f 2638/2686/2787 2706/2761/2862 2640/2688/2789 
s 5284
f 2647/2695/2796 2638/2686/2787 2632/2680/2781 
s 5285
f 2707/2762/2863 2592/2640/2741 2708/2763/2864 
s 5286
f 2592/2640/2741 2707/2762/2863 2599/2647/2748 
s 5287
f 2708/2763/2864 2592/2640/2741 2587/2635/2736 
s 5288
f 2599/2647/2748 2707/2762/2863 2709/2764/2865 
s 5289
f 2589/2637/2738 2708/2763/2864 2587/2635/2736 
s 5290
f 2709/2764/2865 2710/2765/2866 2599/2647/2748 
s 5291
f 2707/2762/2863 2708/2763/2864 2711/2766/2867 
s 5292
f 2707/2762/2863 2711/2766/2867 2709/2764/2865 
s 5293
f 2712/2767/2868 2708/2763/2864 2589/2637/2738 
s 5294
f 2711/2766/2867 2708/2763/2864 2712/2767/2868 
s 5295
f 2599/2647/2748 2710/2765/2866 2606/2654/2755 
s 5296
f 2713/2768/2869 2710/2765/2866 2709/2764/2865 
s 5297
f 2709/2764/2865 2711/2766/2867 2713/2768/2869 
s 5298
f 2711/2766/2867 2712/2767/2868 2714/2769/2870 
s 5299
f 2714/2769/2870 2713/2768/2869 2711/2766/2867 
s 5300
f 2603/2651/2752 2606/2654/2755 2710/2765/2866 
s 5301
f 2714/2769/2870 2712/2767/2868 2715/2770/2871 
s 5302
f 2619/2667/2768 2710/2765/2866 2713/2768/2869 
s 5303
f 2619/2667/2768 2603/2651/2752 2710/2765/2866 
s 5304
f 2714/2769/2870 2715/2770/2871 2634/2682/2783 
s 5305
f 2716/2771/2872 2713/2768/2869 2714/2769/2870 
s 5306
f 2716/2771/2872 2619/2667/2768 2713/2768/2869 
s 5307
f 2634/2682/2783 2716/2771/2872 2714/2769/2870 
s 5308
f 2634/2682/2783 2715/2770/2871 2637/2685/2786 
s 5309
f 2625/2673/2774 2619/2667/2768 2716/2771/2872 
s 5310
f 2625/2673/2774 2716/2771/2872 2634/2682/2783 
s 5311
f 2717/2772/2873 2718/2773/2874 2719/2774/2875 
s 5312
f 2719/2774/2875 2720/2775/2876 2717/2772/2873 
s 5313
f 2719/2774/2875 2718/2773/2874 2721/2776/2877 
s 5314
f 2719/2774/2875 2722/2777/2878 2720/2775/2876 
s 5315
f 2717/2772/2873 2720/2775/2876 2723/2778/2879 
s 5316
f 2724/2779/2880 2721/2776/2877 2718/2773/2874 
s 5317
f 2719/2774/2875 2721/2776/2877 2725/2780/2881 
s 5318
f 2725/2780/2881 2722/2777/2878 2719/2774/2875 
s 5319
f 2717/2772/2873 2723/2778/2879 2726/2781/2882 
s 5320
f 2727/2782/2883 2721/2776/2877 2724/2779/2880 
s 5321
f 2725/2780/2881 2721/2776/2877 2728/2783/2884 
s 5322
f 2725/2780/2881 2729/2784/2885 2722/2777/2878 
s 5323
f 2726/2781/2882 2723/2778/2879 2730/2785/2886 
s 5324
f 2727/2782/2883 2728/2783/2884 2721/2776/2877 
s 5325
f 2731/2786/2887 2729/2784/2885 2725/2780/2881 
s 5326
f 2730/2785/2886 2732/2787/2888 2726/2781/2882 
s 5327
f 2733/2788/2889 2728/2783/2884 2727/2782/2883 
s 5328
f 2728/2783/2884 2731/2786/2887 2725/2780/2881 
s 5329
f 2729/2784/2885 2731/2786/2887 2734/2789/2890 
s 5330
f 2735/2790/2891 2732/2787/2888 2730/2785/2886 
s 5331
f 2724/2779/2880 2736/2791/2892 2727/2782/2883 
s 5332
f 2729/2784/2885 2737/2792/2893 2722/2777/2878 
s 5333
f 2738/2793/2894 2732/2787/2888 2735/2790/2891 
s 5334
f 2736/2791/2892 2724/2779/2880 2739/2794/2895 
s 5335
f 2737/2792/2893 2729/2784/2885 2740/2795/2896 
s 5336
f 2740/2795/2896 2729/2784/2885 2734/2789/2890 
s 5337
f 2741/2796/2897 2732/2787/2888 2738/2793/2894 
s 5338
f 2739/2794/2895 2724/2779/2880 2742/2797/2898 
s 5339
f 1346/2798/2899 2737/2792/2893 2740/2795/2896 
s 5340
f 2732/2787/2888 2741/2796/2897 2743/2799/2900 
s 5341
f 2744/2800/2901 2736/2791/2892 2739/2794/2895 
s 5342
f 1349/2801/2902 2737/2792/2893 1346/2798/2899 
s 5343
f 2732/2787/2888 2743/2799/2900 2726/2781/2882 
s 5344
f 2745/2802/2903 2736/2791/2892 2744/2800/2901 
s 5345
f 2737/2792/2893 1349/2801/2902 2746/2803/2904 
s 5346
f 2739/2794/2895 2747/2804/2905 2744/2800/2901 
s 5347
f 2726/2781/2882 2743/2799/2900 2748/2805/2906 
s 5348
f 2722/2777/2878 2737/2792/2893 2746/2803/2904 
s 5349
f 2749/2806/2907 2747/2804/2905 2739/2794/2895 
s 5350
f 2748/2805/2906 2717/2772/2873 2726/2781/2882 
s 5351
f 2722/2777/2878 2746/2803/2904 2720/2775/2876 
s 5352
f 2749/2806/2907 2750/2807/2908 2747/2804/2905 
s 5353
f 2751/2808/2909 2748/2805/2906 2743/2799/2900 
s 5354
f 2718/2773/2874 2717/2772/2873 2748/2805/2906 
s 5355
f 2720/2775/2876 2746/2803/2904 2752/2809/2910 
s 5356
f 2750/2807/2908 2753/2810/2911 2747/2804/2905 
s 5357
f 2742/2797/2898 2718/2773/2874 2748/2805/2906 
s 5358
f 2742/2797/2898 2748/2805/2906 2751/2808/2909 
s 5359
f 2751/2808/2909 2749/2806/2907 2742/2797/2898 
s 5360
f 2742/2797/2898 2749/2806/2907 2739/2794/2895 
s 5361
f 2750/2807/2908 2754/2811/2912 2753/2810/2911 
s 5362
f 2724/2779/2880 2718/2773/2874 2742/2797/2898 
s 5363
f 2743/2799/2900 2755/2812/2913 2751/2808/2909 
s 5364
f 2756/2813/2914 2754/2811/2912 2750/2807/2908 
s 5365
f 2747/2804/2905 2753/2810/2911 2757/2814/2915 
s 5366
f 2743/2799/2900 2741/2796/2897 2755/2812/2913 
s 5367
f 2750/2807/2908 2758/2815/2916 2756/2813/2914 
s 5368
f 2751/2808/2909 2758/2815/2916 2749/2806/2907 
s 5369
f 2747/2804/2905 2757/2814/2915 2744/2800/2901 
s 5370
f 2741/2796/2897 2759/2816/2917 2755/2812/2913 
s 5371
f 2758/2815/2916 2750/2807/2908 2749/2806/2907 
s 5372
f 2751/2808/2909 2755/2812/2913 2760/2817/2918 
s 5373
f 2744/2800/2901 2757/2814/2915 2761/2818/2919 
s 5374
f 2760/2817/2918 2758/2815/2916 2751/2808/2909 
s 5375
f 2755/2812/2913 2759/2816/2917 2762/2819/2920 
s 5376
f 2761/2818/2919 2763/2820/2921 2744/2800/2901 
s 5377
f 2755/2812/2913 2762/2819/2920 2760/2817/2918 
s 5378
f 2756/2813/2914 2758/2815/2916 2764/2821/2922 
s 5379
f 2757/2814/2915 2765/2822/2923 2761/2818/2919 
s 5380
f 2744/2800/2901 2763/2820/2921 2745/2802/2903 
s 5381
f 2760/2817/2918 2764/2821/2922 2758/2815/2916 
s 5382
f 2757/2814/2915 2766/2823/2924 2765/2822/2923 
s 5383
f 2761/2818/2919 2765/2822/2923 2767/2824/2925 
s 5384
f 2763/2820/2921 2768/2825/2926 2745/2802/2903 
s 5385
f 2764/2821/2922 2769/2826/2927 2756/2813/2914 
s 5386
f 2763/2820/2921 2761/2818/2919 2770/2827/2928 
s 5387
f 2770/2827/2928 2761/2818/2919 2767/2824/2925 
s 5388
f 2745/2802/2903 2768/2825/2926 2771/2828/2929 
s 5389
f 2772/2829/2930 2769/2826/2927 2764/2821/2922 
s 5390
f 2770/2827/2928 2767/2824/2925 2773/2830/2931 
s 5391
f 2774/2831/2932 2745/2802/2903 2771/2828/2929 
s 5392
f 2764/2821/2922 2775/2832/2933 2772/2829/2930 
s 5393
f 2776/2833/2934 2770/2827/2928 2773/2830/2931 
s 5394
f 2774/2831/2932 2771/2828/2929 2777/2834/2935 
s 5395
f 2778/2835/2936 2775/2832/2933 2764/2821/2922 
s 5396
f 2773/2830/2931 2494/2836/2937 2776/2833/2934 
s 5397
f 2736/2791/2892 2745/2802/2903 2774/2831/2932 
s 5398
f 2778/2835/2936 2779/2837/2938 2775/2832/2933 
s 5399
f 2499/2838/2939 2494/2836/2937 2773/2830/2931 
s 5400
f 2727/2782/2883 2736/2791/2892 2774/2831/2932 
s 5401
f 2762/2819/2920 2779/2837/2938 2778/2835/2936 
s 5402
f 2780/2839/2940 2499/2838/2939 2773/2830/2931 
s 5403
f 2727/2782/2883 2774/2831/2932 2733/2788/2889 
s 5404
f 2733/2788/2889 2774/2831/2932 2777/2834/2935 
s 5405
f 2759/2816/2917 2779/2837/2938 2762/2819/2920 
s 5406
f 2506/2840/2941 2499/2838/2939 2780/2839/2940 
s 5407
f 2777/2834/2935 2781/2841/2942 2733/2788/2889 
s 5408
f 2782/2842/2943 2779/2837/2938 2759/2816/2917 
s 5409
f 2780/2839/2940 2507/2843/2944 2506/2840/2941 
s 5410
f 2783/2844/2945 2781/2841/2942 2777/2834/2935 
s 5411
f 2782/2842/2943 2784/2845/2946 2779/2837/2938 
s 5412
f 2785/2846/2947 2507/2843/2944 2780/2839/2940 
s 5413
f 2786/2847/2948 2783/2844/2945 2777/2834/2935 
s 5414
f 2787/2848/2949 2784/2845/2946 2782/2842/2943 
s 5415
f 2785/2846/2947 2509/2849/2950 2507/2843/2944 
s 5416
f 2777/2834/2935 2771/2828/2929 2786/2847/2948 
s 5417
f 2788/2850/2951 2787/2848/2949 2782/2842/2943 
s 5418
f 2789/2851/2952 2509/2849/2950 2785/2846/2947 
s 5419
f 2784/2845/2946 2790/2852/2953 2779/2837/2938 
s 5420
f 2788/2850/2951 2782/2842/2943 2791/2853/2954 
s 5421
f 2789/2851/2952 2512/2854/2955 2509/2849/2950 
s 5422
f 2785/2846/2947 2765/2822/2923 2789/2851/2952 
s 5423
f 2779/2837/2938 2790/2852/2953 2775/2832/2933 
s 5424
f 2791/2853/2954 2738/2793/2894 2788/2850/2951 
s 5425
f 2785/2846/2947 2767/2824/2925 2765/2822/2923 
s 5426
f 2792/2855/2956 2512/2854/2955 2789/2851/2952 
s 5427
f 2791/2853/2954 2741/2796/2897 2738/2793/2894 
s 5428
f 2780/2839/2940 2767/2824/2925 2785/2846/2947 
s 5429
f 2793/2856/2957 2512/2854/2955 2792/2855/2956 
s 5430
f 2759/2816/2917 2741/2796/2897 2791/2853/2954 
s 5431
f 2773/2830/2931 2767/2824/2925 2780/2839/2940 
s 5432
f 2515/2857/2958 2512/2854/2955 2793/2856/2957 
s 5433
f 2791/2853/2954 2782/2842/2943 2759/2816/2917 
s 5434
f 2792/2855/2956 2794/2858/2959 2793/2856/2957 
s 5435
f 2789/2851/2952 2766/2823/2924 2792/2855/2956 
s 5436
f 2795/2859/2960 2515/2857/2958 2793/2856/2957 
s 5437
f 2794/2858/2959 2796/2860/2961 2793/2856/2957 
s 5438
f 2793/2856/2957 2796/2860/2961 2795/2859/2960 
s 5439
f 2789/2851/2952 2765/2822/2923 2766/2823/2924 
s 5440
f 2797/2861/2962 2794/2858/2959 2792/2855/2956 
s 5441
f 2518/2862/2963 2515/2857/2958 2795/2859/2960 
s 5442
f 2796/2860/2961 2798/2863/2964 2795/2859/2960 
s 5443
f 2792/2855/2956 2766/2823/2924 2797/2861/2962 
s 5444
f 2794/2858/2959 2799/2864/2965 2796/2860/2961 
s 5445
f 2800/2865/2966 2518/2862/2963 2795/2859/2960 
s 5446
f 2795/2859/2960 2798/2863/2964 2800/2865/2966 
s 5447
f 2753/2810/2911 2797/2861/2962 2766/2823/2924 
s 5448
f 2801/2866/2967 2796/2860/2961 2799/2864/2965 
s 5449
f 2523/2867/2968 2518/2862/2963 2800/2865/2966 
s 5450
f 2798/2863/2964 2796/2860/2961 2801/2866/2967 
s 5451
f 2797/2861/2962 2802/2868/2969 2794/2858/2959 
s 5452
f 2802/2868/2969 2799/2864/2965 2794/2858/2959 
s 5453
f 2753/2810/2911 2766/2823/2924 2757/2814/2915 
s 5454
f 2801/2866/2967 2799/2864/2965 2803/2869/2970 
s 5455
f 2754/2811/2912 2802/2868/2969 2797/2861/2962 
s 5456
f 2754/2811/2912 2797/2861/2962 2753/2810/2911 
s 5457
f 2799/2864/2965 2802/2868/2969 2804/2870/2971 
s 5458
f 2803/2869/2970 2799/2864/2965 2804/2870/2971 
s 5459
f 2754/2811/2912 2805/2871/2972 2802/2868/2969 
s 5460
f 2804/2870/2971 2802/2868/2969 2805/2871/2972 
s 5461
f 2803/2869/2970 2804/2870/2971 2806/2872/2973 
s 5462
f 2756/2813/2914 2805/2871/2972 2754/2811/2912 
s 5463
f 2806/2872/2973 2804/2870/2971 2807/2873/2974 
s 5464
f 2804/2870/2971 2805/2871/2972 2807/2873/2974 
s 5465
f 2756/2813/2914 2808/2874/2975 2805/2871/2972 
s 5466
f 2807/2873/2974 2805/2871/2972 2808/2874/2975 
s 5467
f 2806/2872/2973 2807/2873/2974 2809/2875/2976 
s 5468
f 2769/2826/2927 2808/2874/2975 2756/2813/2914 
s 5469
f 2809/2875/2976 2807/2873/2974 2810/2876/2977 
s 5470
f 2811/2877/2978 2808/2874/2975 2769/2826/2927 
s 5471
f 2808/2874/2975 2812/2878/2979 2807/2873/2974 
s 5472
f 2807/2873/2974 2812/2878/2979 2810/2876/2977 
s 5473
f 2812/2878/2979 2808/2874/2975 2811/2877/2978 
s 5474
f 2772/2829/2930 2811/2877/2978 2769/2826/2927 
s 5475
f 2813/2879/2980 2811/2877/2978 2772/2829/2930 
s 5476
f 2772/2829/2930 2790/2852/2953 2813/2879/2980 
s 5477
f 2775/2832/2933 2790/2852/2953 2772/2829/2930 
s 5478
f 2760/2817/2918 2762/2819/2920 2778/2835/2936 
s 5479
f 2778/2835/2936 2764/2821/2922 2760/2817/2918 
s 5480
f 2768/2825/2926 2814/2880/2981 2771/2828/2929 
s 5481
f 2768/2825/2926 2815/2881/2982 2814/2880/2981 
s 5482
f 2771/2828/2929 2814/2880/2981 2786/2847/2948 
s 5483
f 2816/2882/2983 2815/2881/2982 2768/2825/2926 
s 5484
f 2814/2880/2981 2817/2883/2984 2786/2847/2948 
s 5485
f 2815/2881/2982 2816/2882/2983 2818/2884/2985 
s 5486
f 2763/2820/2921 2816/2882/2983 2768/2825/2926 
s 5487
f 2817/2883/2984 2814/2880/2981 2819/2885/2986 
s 5488
f 2786/2847/2948 2817/2883/2984 2820/2886/2987 
s 5489
f 2819/2885/2986 2814/2880/2981 2815/2881/2982 
s 5490
f 2770/2827/2928 2816/2882/2983 2763/2820/2921 
s 5491
f 2820/2886/2987 2783/2844/2945 2786/2847/2948 
s 5492
f 2819/2885/2986 2815/2881/2982 2821/2887/2988 
s 5493
f 2821/2887/2988 2815/2881/2982 2818/2884/2985 
s 5494
f 2816/2882/2983 2770/2827/2928 2776/2833/2934 
s 5495
f 2820/2886/2987 2822/2888/2989 2783/2844/2945 
s 5496
f 2818/2884/2985 2502/2889/2990 2821/2887/2988 
s 5497
f 2818/2884/2985 2816/2882/2983 2776/2833/2934 
s 5498
f 2823/2890/2991 2819/2885/2986 2821/2887/2988 
s 5499
f 2824/2891/2992 2822/2888/2989 2820/2886/2987 
s 5500
f 2776/2833/2934 2496/2892/2993 2818/2884/2985 
s 5501
f 2496/2892/2993 2502/2889/2990 2818/2884/2985 
s 5502
f 2825/2893/2994 2819/2885/2986 2823/2890/2991 
s 5503
f 2822/2888/2989 2826/2894/2995 2783/2844/2945 
s 5504
f 2494/2836/2937 2496/2892/2993 2776/2833/2934 
s 5505
f 2825/2893/2994 2827/2895/2996 2819/2885/2986 
s 5506
f 2821/2887/2988 2505/2896/2997 2823/2890/2991 
s 5507
f 2502/2889/2990 2505/2896/2997 2821/2887/2988 
s 5508
f 2783/2844/2945 2826/2894/2995 2781/2841/2942 
s 5509
f 2819/2885/2986 2827/2895/2996 2817/2883/2984 
s 5510
f 2828/2897/2998 2781/2841/2942 2826/2894/2995 
s 5511
f 2827/2895/2996 2824/2891/2992 2817/2883/2984 
s 5512
f 2817/2883/2984 2824/2891/2992 2820/2886/2987 
s 5513
f 2829/2898/2999 2781/2841/2942 2828/2897/2998 
s 5514
f 2828/2897/2998 2830/2899/3000 2829/2898/2999 
s 5515
f 2781/2841/2942 2829/2898/2999 2733/2788/2889 
s 5516
f 2829/2898/2999 2830/2899/3000 2731/2786/2887 
s 5517
f 2733/2788/2889 2829/2898/2999 2728/2783/2884 
s 5518
f 2829/2898/2999 2731/2786/2887 2728/2783/2884 
s 5519
f 2734/2789/2890 2731/2786/2887 2830/2899/3000 
s 5520
f 2730/2785/2886 2831/2900/3001 2735/2790/2891 
s 5521
f 2831/2900/3001 2730/2785/2886 2832/2901/3002 
s 5522
f 2735/2790/2891 2831/2900/3001 2833/2902/3003 
s 5523
f 2832/2901/3002 2730/2785/2886 2723/2778/2879 
s 5524
f 2834/2903/3004 2735/2790/2891 2833/2902/3003 
s 5525
f 2831/2900/3001 1351/2904/3005 2833/2902/3003 
s 5526
f 1352/2905/3006 2831/2900/3001 2832/2901/3002 
s 5527
f 1351/2904/3005 2831/2900/3001 1352/2905/3006 
s 5528
f 2723/2778/2879 2752/2809/2910 2832/2901/3002 
s 5529
f 2738/2793/2894 2735/2790/2891 2834/2903/3004 
s 5530
f 2833/2902/3003 1351/2904/3005 1355/2906/3007 
s 5531
f 2720/2775/2876 2752/2809/2910 2723/2778/2879 
s 5532
f 2788/2850/2951 2738/2793/2894 2834/2903/3004 
s 5533
f 1355/2906/3007 2834/2903/3004 2833/2902/3003 
s 5534
f 2752/2809/2910 1354/2907/3008 2832/2901/3002 
s 5535
f 2832/2901/3002 1354/2907/3008 1352/2905/3006 
s 5536
f 2788/2850/2951 2834/2903/3004 2835/2908/3009 
s 5537
f 1327/2909/3010 2834/2903/3004 1355/2906/3007 
s 5538
f 2752/2809/2910 1353/2910/3011 1354/2907/3008 
s 5539
f 2835/2908/3009 2834/2903/3004 1327/2909/3010 
s 5540
f 2835/2908/3009 2787/2848/2949 2788/2850/2951 
s 5541
f 2746/2803/2904 1353/2910/3011 2752/2809/2910 
s 5542
f 2746/2803/2904 1349/2801/2902 1353/2910/3011 
s 5543
f 2836/2911/3012 2837/2912/3013 2838/2913/3014 
s 5544
f 2836/2911/3012 2810/2914/3015 2837/2912/3013 
s 5545
f 2838/2913/3014 2837/2912/3013 2839/2915/3016 
s 5546
f 2809/2916/3017 2810/2914/3015 2836/2911/3012 
s 5547
f 2838/2913/3014 2839/2915/3016 2840/2917/3018 
s 5548
f 2837/2912/3013 2841/2918/3019 2839/2915/3016 
s 5549
f 2810/2914/3015 2841/2918/3019 2837/2912/3013 
s 5550
f 2836/2911/3012 2842/2919/3020 2809/2916/3017 
s 5551
f 2838/2913/3014 2843/2920/3021 2836/2911/3012 
s 5552
f 2840/2917/3018 2839/2915/3016 2844/2921/3018 
s 5553
f 2839/2915/3016 2841/2918/3019 2845/2922/3022 
s 5554
f 2843/2920/3021 2842/2919/3020 2836/2911/3012 
s 5555
f 2846/2923/3023 2843/2920/3021 2838/2913/3014 
s 5556
f 2839/2915/3016 2845/2922/3022 2844/2921/3018 
s 5557
f 2840/2917/3018 2846/2923/3023 2838/2913/3014 
s 5558
f 2847/2924/3024 2842/2919/3020 2843/2920/3021 
s 5559
f 2812/2925/3025 2841/2918/3019 2810/2914/3015 
s 5560
f 2812/2925/3025 2845/2922/3022 2841/2918/3019 
s 5561
f 2843/2920/3021 2846/2923/3023 2847/2924/3024 
s 5562
f 2844/2921/3018 2848/2926/3026 2840/2917/3018 
s 5563
f 2811/2927/3027 2845/2922/3022 2812/2925/3025 
s 5564
f 2849/2928/3028 2842/2919/3020 2847/2924/3024 
s 5565
f 2850/2929/3029 2848/2926/3026 2844/2921/3018 
s 5566
f 2845/2922/3022 2811/2927/3027 2851/2930/3018 
s 5567
f 2847/2924/3024 2852/2931/3030 2849/2928/3028 
s 5568
f 2851/2930/3018 2850/2929/3029 2844/2921/3018 
s 5569
f 2847/2924/3024 2846/2923/3023 2852/2931/3030 
s 5570
f 2844/2921/3018 2845/2922/3022 2851/2930/3018 
s 5571
f 2851/2930/3018 2811/2927/3027 2813/2932/3031 
s 5572
f 2848/2926/3026 2850/2929/3029 2853/2933/3032 
s 5573
f 2854/2934/3018 2852/2931/3030 2846/2923/3023 
s 5574
f 2854/2934/3018 2846/2923/3023 2840/2917/3018 
s 5575
f 2855/2935/3033 2850/2929/3029 2851/2930/3018 
s 5576
f 2840/2917/3018 2848/2926/3026 2854/2934/3018 
s 5577
f 2813/2932/3031 2855/2935/3033 2851/2930/3018 
s 5578
f 2856/2936/3018 2852/2931/3030 2854/2934/3018 
s 5579
f 2853/2933/3032 2850/2929/3029 2857/2937/3034 
s 5580
f 2790/2938/3035 2855/2935/3033 2813/2932/3031 
s 5581
f 2854/2934/3018 2858/2939/3036 2856/2936/3018 
s 5582
f 2853/2933/3032 2858/2939/3036 2848/2926/3026 
s 5583
f 2850/2929/3029 2855/2935/3033 2857/2937/3034 
s 5584
f 2855/2935/3033 2790/2938/3035 2859/2940/3037 
s 5585
f 2854/2934/3018 2848/2926/3026 2858/2939/3036 
s 5586
f 2853/2933/3032 2857/2937/3034 2860/2941/3038 
s 5587
f 2857/2937/3034 2855/2935/3033 2859/2940/3037 
s 5588
f 2859/2940/3037 2790/2938/3035 2784/2942/3039 
s 5589
f 2856/2936/3018 2858/2939/3036 2861/2943/3040 
s 5590
f 2860/2941/3038 2857/2937/3034 2862/2944/3041 
s 5591
f 2857/2937/3034 2859/2940/3037 2862/2944/3041 
s 5592
f 2863/2945/3042 2858/2939/3036 2853/2933/3032 
s 5593
f 2856/2936/3018 2861/2943/3040 2864/2946/3031 
s 5594
f 2860/2941/3038 2863/2945/3042 2853/2933/3032 
s 5595
f 2862/2944/3041 2859/2940/3037 2865/2947/3043 
s 5596
f 2863/2945/3042 2861/2943/3040 2858/2939/3036 
s 5597
f 2859/2940/3037 2784/2942/3039 2865/2947/3043 
s 5598
f 2860/2941/3038 2862/2944/3041 2866/2948/3044 
s 5599
f 2867/2949/3045 2863/2945/3042 2860/2941/3038 
s 5600
f 2868/2950/3046 2861/2943/3040 2863/2945/3042 
s 5601
f 2865/2947/3043 2784/2942/3039 2787/2951/3047 
s 5602
f 2866/2948/3044 2867/2949/3045 2860/2941/3038 
s 5603
f 2867/2949/3045 2868/2950/3046 2863/2945/3042 
s 5604
f 2864/2946/3031 2861/2943/3040 2869/2952/3048 
s 5605
f 2865/2947/3043 2787/2951/3047 2870/2953/3049 
s 5606
f 2871/2954/3050 2867/2949/3045 2866/2948/3044 
s 5607
f 2868/2950/3046 2869/2952/3048 2861/2943/3040 
s 5608
f 2862/2944/3041 2865/2947/3043 2872/2955/3051 
s 5609
f 2872/2955/3051 2865/2947/3043 2870/2953/3049 
s 5610
f 2873/2956/3052 2868/2950/3046 2867/2949/3045 
s 5611
f 2866/2948/3044 2862/2944/3041 2872/2955/3051 
s 5612
f 2871/2954/3050 2873/2956/3052 2867/2949/3045 
s 5613
f 2874/2957/3053 2869/2952/3048 2868/2950/3046 
s 5614
f 2866/2948/3044 2872/2955/3051 2875/2958/3054 
s 5615
f 2875/2958/3054 2871/2954/3050 2866/2948/3044 
s 5616
f 2873/2956/3052 2874/2957/3053 2868/2950/3046 
s 5617
f 2872/2955/3051 2870/2953/3049 2876/2959/3055 
s 5618
f 2875/2958/3054 2872/2955/3051 2876/2959/3055 
s 5619
f 2877/2960/3056 2871/2954/3050 2875/2958/3054 
s 5620
f 2878/2961/3057 2873/2956/3052 2871/2954/3050 
s 5621
f 2879/2962/3058 2874/2957/3053 2873/2956/3052 
s 5622
f 2876/2959/3055 2870/2953/3049 2880/2963/3059 
s 5623
f 2877/2960/3056 2878/2961/3057 2871/2954/3050 
s 5624
f 2878/2961/3057 2879/2962/3058 2873/2956/3052 
s 5625
f 2875/2958/3054 2876/2959/3055 2881/2964/3060 
s 5626
f 2876/2959/3055 2880/2963/3059 2882/2965/3061 
s 5627
f 2881/2964/3060 2877/2960/3056 2875/2958/3054 
s 5628
f 2883/2966/3062 2878/2961/3057 2877/2960/3056 
s 5629
f 2884/2967/3063 2879/2962/3058 2878/2961/3057 
s 5630
f 2881/2964/3060 2876/2959/3055 2882/2965/3061 
s 5631
f 2882/2965/3061 2880/2963/3059 2885/2968/3064 
s 5632
f 2883/2966/3062 2884/2967/3063 2878/2961/3057 
s 5633
f 2886/2969/3065 2877/2960/3056 2881/2964/3060 
s 5634
f 2882/2965/3061 2887/2970/3066 2881/2964/3060 
s 5635
f 2885/2968/3064 2888/2971/3067 2882/2965/3061 
s 5636
f 2886/2969/3065 2883/2966/3062 2877/2960/3056 
s 5637
f 1304/2972/3068 2884/2967/3063 2883/2966/3062 
s 5638
f 2882/2965/3061 2888/2971/3067 2887/2970/3066 
s 5639
f 2880/2963/3059 1327/2973/3069 2885/2968/3064 
s 5640
f 2889/2974/3070 1304/2972/3068 2883/2966/3062 
s 5641
f 2889/2974/3070 2883/2966/3062 2886/2969/3065 
s 5642
f 2888/2971/3067 2890/2975/3071 2887/2970/3066 
s 5643
f 2880/2963/3059 2835/2976/3072 1327/2973/3069 
s 5644
f 2889/2974/3070 2886/2969/3065 2891/2977/3073 
s 5645
f 2885/2968/3064 1351/2978/3074 2888/2971/3067 
s 5646
f 2870/2953/3049 2835/2976/3072 2880/2963/3059 
s 5647
f 1307/2979/3075 1304/2972/3068 2889/2974/3070 
s 5648
f 2885/2968/3064 1327/2973/3069 1355/2980/3076 
s 5649
f 1355/2980/3076 1351/2978/3074 2885/2968/3064 
s 5650
f 2870/2953/3049 2787/2951/3047 2835/2976/3072 
s 5651
f 1307/2979/3075 2889/2974/3070 1313/2981/3077 
s 5652
f 1313/2981/3077 2889/2974/3070 2891/2977/3073 
s 5653
f 1351/2978/3074 1352/2982/3078 2888/2971/3067 
s 5654
f 2891/2977/3073 2886/2969/3065 2892/2983/3079 
s 5655
f 1313/2981/3077 2891/2977/3073 1318/2984/3080 
s 5656
f 2888/2971/3067 1352/2982/3078 2890/2975/3071 
s 5657
f 2886/2969/3065 2881/2964/3060 2892/2983/3079 
s 5658
f 2891/2977/3073 2892/2983/3079 2893/2985/3081 
s 5659
f 1318/2984/3080 2891/2977/3073 2893/2985/3081 
s 5660
f 1354/2986/3082 2890/2975/3071 1352/2982/3078 
s 5661
f 2892/2983/3079 2881/2964/3060 2894/2987/3083 
s 5662
f 2893/2985/3081 1440/2988/3084 1318/2984/3080 
s 5663
f 2895/2989/3085 2890/2975/3071 1354/2986/3082 
s 5664
f 2892/2983/3079 2894/2987/3083 2896/2990/3086 
s 5665
f 2893/2985/3081 2892/2983/3079 2896/2990/3086 
s 5666
f 2897/2991/3087 1440/2988/3084 2893/2985/3081 
s 5667
f 2895/2989/3085 2898/2992/3088 2890/2975/3071 
s 5668
f 2881/2964/3060 2887/2970/3066 2894/2987/3083 
s 5669
f 2896/2990/3086 2897/2991/3087 2893/2985/3081 
s 5670
f 2899/2993/3089 2898/2992/3088 2895/2989/3085 
s 5671
f 2887/2970/3066 2890/2975/3071 2898/2992/3088 
s 5672
f 2887/2970/3066 2898/2992/3088 2894/2987/3083 
s 5673
f 2896/2990/3086 2894/2987/3083 2900/2994/3090 
s 5674
f 2901/2995/3091 2897/2991/3087 2896/2990/3086 
s 5675
f 2899/2993/3089 2900/2994/3090 2898/2992/3088 
s 5676
f 1353/2996/3092 2895/2989/3085 1354/2986/3082 
s 5677
f 2900/2994/3090 2901/2995/3091 2896/2990/3086 
s 5678
f 2894/2987/3083 2898/2992/3088 2900/2994/3090 
s 5679
f 2902/2997/3093 2900/2994/3090 2899/2993/3089 
s 5680
f 2903/2998/3094 2895/2989/3085 1353/2996/3092 
s 5681
f 2902/2997/3093 2901/2995/3091 2900/2994/3090 
s 5682
f 2901/2995/3091 2904/2999/3095 2897/2991/3087 
s 5683
f 2903/2998/3094 2899/2993/3089 2895/2989/3085 
s 5684
f 1349/3000/3096 2903/2998/3094 1353/2996/3092 
s 5685
f 2905/3001/3097 2902/2997/3093 2899/2993/3089 
s 5686
f 2904/2999/3095 1447/3002/3098 2897/2991/3087 
s 5687
f 2905/3001/3097 2903/2998/3094 1349/3000/3096 
s 5688
f 2906/3003/3099 2904/2999/3095 2901/2995/3091 
s 5689
f 2905/3001/3097 2899/2993/3089 2903/2998/3094 
s 5690
f 2902/2997/3093 2906/3003/3099 2901/2995/3091 
s 5691
f 2897/2991/3087 1447/3002/3098 1440/2988/3084 
s 5692
f 2905/3001/3097 1349/3000/3096 2907/3004/3100 
s 5693
f 2907/3004/3100 2902/2997/3093 2905/3001/3097 
s 5694
f 2907/3004/3100 2906/3003/3099 2902/2997/3093 
s 5695
f 1447/3002/3098 2904/2999/3095 1446/3005/3101 
s 5696
f 2907/3004/3100 1446/3005/3101 2906/3003/3099 
s 5697
f 1446/3005/3101 2904/2999/3095 2906/3003/3099 
s 5698
f 2907/3004/3100 1349/3000/3096 1346/3006/3102 
s 5699
f 1346/3006/3102 1446/3005/3101 2907/3004/3100 
s 5700
f 2908/3007/3103 2909/3008/3104 2910/3009/3105 
s 5701
f 2908/3007/3103 2911/3010/3106 2909/3008/3104 
s 5702
f 2910/3009/3105 2909/3008/3104 2912/3011/3107 
s 5703
f 2913/3012/3108 2911/3010/3106 2908/3007/3103 
s 5704
f 2912/3011/3107 2914/3013/3109 2910/3009/3105 
s 5705
f 2909/3008/3104 2915/3014/3110 2912/3011/3107 
s 5706
f 2908/3007/3103 2916/3015/3111 2913/3012/3108 
s 5707
f 2911/3010/3106 2917/3016/3112 2909/3008/3104 
s 5708
f 2914/3013/3109 2918/3017/3113 2910/3009/3105 
s 5709
f 2909/3008/3104 2917/3016/3112 2915/3014/3110 
s 5710
f 2913/3012/3108 2916/3015/3111 2919/3018/3114 
s 5711
f 2920/3019/3115 2914/3013/3109 2912/3011/3107 
s 5712
f 2910/3009/3105 2918/3017/3113 2921/3020/3116 
s 5713
f 2916/3015/3111 2908/3007/3103 2921/3020/3116 
s 5714
f 2922/3021/3117 2919/3018/3114 2916/3015/3111 
s 5715
f 2914/3013/3109 2923/3022/3118 2918/3017/3113 
s 5716
f 2921/3020/3116 2908/3007/3103 2910/3009/3105 
s 5717
f 2924/3023/3119 2919/3018/3114 2922/3021/3117 
s 5718
f 2925/3024/3120 2923/3022/3118 2914/3013/3109 
s 5719
f 2914/3013/3109 2920/3019/3115 2925/3024/3120 
s 5720
f 2918/3017/3113 2926/3025/3121 2921/3020/3116 
s 5721
f 2924/3023/3119 2927/3026/3122 2919/3018/3114 
s 5722
f 2923/3022/3118 2925/3024/3120 2928/3027/3123 
s 5723
f 2926/3025/3121 2918/3017/3113 2929/3028/3124 
s 5724
f 2924/3023/3119 2922/3021/3117 2930/3029/3125 
s 5725
f 2929/3028/3124 2918/3017/3113 2923/3022/3118 
s 5726
f 2928/3027/3123 2925/3024/3120 2931/3030/3126 
s 5727
f 2932/3031/3127 2927/3026/3122 2924/3023/3119 
s 5728
f 2929/3028/3124 2923/3022/3118 2933/3032/3128 
s 5729
f 2933/3032/3128 2923/3022/3118 2928/3027/3123 
s 5730
f 2925/3024/3120 2934/3033/3129 2931/3030/3126 
s 5731
f 2927/3026/3122 2932/3031/3127 1313/3034/3130 
s 5732
f 2933/3032/3128 2928/3027/3123 2935/3035/3131 
s 5733
f 2925/3024/3120 2920/3019/3115 2934/3033/3129 
s 5734
f 1313/3034/3130 1318/3036/3132 2927/3026/3122 
s 5735
f 2936/3037/3133 2933/3032/3128 2935/3035/3131 
s 5736
f 2935/3035/3131 2928/3027/3123 2937/3038/3134 
s 5737
f 2931/3030/3126 2934/3033/3129 2938/3039/3135 
s 5738
f 2927/3026/3122 1318/3036/3132 2939/3040/3136 
s 5739
f 2936/3037/3133 2935/3035/3131 2940/3041/3137 
s 5740
f 2938/3039/3135 2941/3042/3138 2931/3030/3126 
s 5741
f 2939/3040/3136 2919/3018/3114 2927/3026/3122 
s 5742
f 2942/3043/3139 2933/3032/3128 2936/3037/3133 
s 5743
f 2938/3039/3135 2943/3044/3140 2941/3042/3138 
s 5744
f 1440/3045/3141 2939/3040/3136 1318/3036/3132 
s 5745
f 2944/3046/3142 2942/3043/3139 2936/3037/3133 
s 5746
f 2945/3047/3143 2943/3044/3140 2938/3039/3135 
s 5747
f 2946/3048/3144 2939/3040/3136 1440/3045/3141 
s 5748
f 2947/3049/3145 2942/3043/3139 2944/3046/3142 
s 5749
f 2938/3039/3135 2948/3050/3146 2945/3047/3143 
s 5750
f 1447/3051/3147 2946/3048/3144 1440/3045/3141 
s 5751
f 2942/3043/3139 2947/3049/3145 2949/3052/3148 
s 5752
f 2934/3033/3129 2948/3050/3146 2938/3039/3135 
s 5753
f 2950/3053/3149 2946/3048/3144 1447/3051/3147 
s 5754
f 2949/3052/3148 2929/3028/3124 2942/3043/3139 
s 5755
f 2934/3033/3129 2951/3054/3150 2948/3050/3146 
s 5756
f 1446/3055/3151 2950/3053/3149 1447/3051/3147 
s 5757
f 2949/3052/3148 2947/3049/3145 2952/3056/3152 
s 5758
f 2920/3019/3115 2951/3054/3150 2934/3033/3129 
s 5759
f 2953/3057/3153 2950/3053/3149 1446/3055/3151 
s 5760
f 2952/3056/3152 2954/3058/3154 2949/3052/3148 
s 5761
f 2951/3054/3150 2920/3019/3115 2955/3059/3155 
s 5762
f 1446/3055/3151 1346/3060/3156 2953/3057/3153 
s 5763
f 2947/3049/3145 2956/3061/3157 2952/3056/3152 
s 5764
f 2957/3062/3158 2951/3054/3150 2955/3059/3155 
s 5765
f 2955/3059/3155 2920/3019/3115 2912/3011/3107 
s 5766
f 2953/3057/3153 1346/3060/3156 2740/3063/3159 
s 5767
f 2952/3056/3152 2956/3061/3157 2958/3064/3160 
s 5768
f 2912/3011/3107 2915/3014/3110 2955/3059/3155 
s 5769
f 2740/3063/3159 2959/3065/3161 2953/3057/3153 
s 5770
f 2960/3066/3162 2952/3056/3152 2958/3064/3160 
s 5771
f 2947/3049/3145 2961/3067/3163 2956/3061/3157 
s 5772
f 2734/3068/3164 2959/3065/3161 2740/3063/3159 
s 5773
f 2962/3069/3165 2952/3056/3152 2960/3066/3162 
s 5774
f 2963/3070/3166 2961/3067/3163 2947/3049/3145 
s 5775
f 2959/3065/3161 2734/3068/3164 2964/3071/3167 
s 5776
f 2915/3014/3110 2964/3071/3167 2955/3059/3155 
s 5777
f 2965/3072/3168 2962/3069/3165 2960/3066/3162 
s 5778
f 2947/3049/3145 2944/3046/3142 2963/3070/3166 
s 5779
f 2915/3014/3110 2959/3065/3161 2964/3071/3167 
s 5780
f 2966/3073/3169 2962/3069/3165 2965/3072/3168 
s 5781
f 2960/3066/3162 2869/3074/3170 2965/3072/3168 
s 5782
f 2963/3070/3166 2967/3075/3171 2961/3067/3163 
s 5783
f 2964/3071/3167 2734/3068/3164 2830/3076/3172 
s 5784
f 2960/3066/3162 2958/3064/3160 2869/3074/3170 
s 5785
f 2968/3077/3173 2967/3075/3171 2963/3070/3166 
s 5786
f 2964/3071/3167 2830/3076/3172 2957/3062/3158 
s 5787
f 2967/3075/3171 2849/3078/3174 2961/3067/3163 
s 5788
f 2869/3074/3170 2958/3064/3160 2864/3079/3175 
s 5789
f 2955/3059/3155 2964/3071/3167 2957/3062/3158 
s 5790
f 2967/3075/3171 2968/3077/3173 2806/3080/3176 
s 5791
f 2965/3072/3168 2869/3074/3170 2874/3081/3177 
s 5792
f 2958/3064/3160 2969/3082/3178 2864/3079/3175 
s 5793
f 2969/3082/3178 2961/3067/3163 2849/3078/3174 
s 5794
f 2806/3080/3176 2968/3077/3173 2803/3083/3179 
s 5795
f 2874/3081/3177 2970/3084/3180 2965/3072/3168 
s 5796
f 2956/3061/3157 2961/3067/3163 2969/3082/3178 
s 5797
f 2956/3061/3157 2969/3082/3178 2958/3064/3160 
s 5798
f 2968/3077/3173 2971/3085/3181 2803/3083/3179 
s 5799
f 2970/3084/3180 2972/3086/3182 2965/3072/3168 
s 5800
f 2879/3087/3183 2970/3084/3180 2874/3081/3177 
s 5801
f 2809/3088/3184 2967/3075/3171 2806/3080/3176 
s 5802
f 2803/3083/3179 2971/3085/3181 2801/3089/3185 
s 5803
f 2879/3087/3183 2973/3090/3186 2970/3084/3180 
s 5804
f 2842/3091/3187 2967/3075/3171 2809/3088/3184 
s 5805
f 2965/3072/3168 2972/3086/3182 2966/3073/3169 
s 5806
f 2884/3092/3188 2973/3090/3186 2879/3087/3183 
s 5807
f 2842/3091/3187 2849/3078/3174 2967/3075/3171 
s 5808
f 2973/3090/3186 2974/3093/3189 2970/3084/3180 
s 5809
f 2970/3084/3180 2974/3093/3189 2972/3086/3182 
s 5810
f 2884/3092/3188 2975/3094/3190 2973/3090/3186 
s 5811
f 2972/3086/3182 2976/3095/3191 2966/3073/3169 
s 5812
f 2971/3085/3181 2977/3096/3192 2801/3089/3185 
s 5813
f 1304/3097/3193 2975/3094/3190 2884/3092/3188 
s 5814
f 2978/3098/3194 2976/3095/3191 2972/3086/3182 
s 5815
f 2974/3093/3189 2978/3098/3194 2972/3086/3182 
s 5816
f 2801/3089/3185 2977/3096/3192 2798/3099/3195 
s 5817
f 2975/3094/3190 2930/3029/3125 2973/3090/3186 
s 5818
f 2973/3090/3186 2930/3029/3125 2974/3093/3189 
s 5819
f 2930/3029/3125 2978/3098/3194 2974/3093/3189 
s 5820
f 2954/3058/3154 2966/3073/3169 2976/3095/3191 
s 5821
f 2979/3100/3196 2798/3099/3195 2977/3096/3192 
s 5822
f 2930/3029/3125 2922/3021/3117 2978/3098/3194 
s 5823
f 2962/3069/3165 2966/3073/3169 2954/3058/3154 
s 5824
f 2800/3101/3197 2798/3099/3195 2979/3100/3196 
s 5825
f 2930/3029/3125 2975/3094/3190 2924/3023/3119 
s 5826
f 2962/3069/3165 2954/3058/3154 2952/3056/3152 
s 5827
f 2979/3100/3196 2526/3102/3198 2800/3101/3197 
s 5828
f 2922/3021/3117 2980/3103/3199 2978/3098/3194 
s 5829
f 2978/3098/3194 2980/3103/3199 2976/3095/3191 
s 5830
f 2954/3058/3154 2976/3095/3191 2926/3025/3121 
s 5831
f 2526/3102/3198 2979/3100/3196 2536/3104/3200 
s 5832
f 2800/3101/3197 2526/3102/3198 2523/3105/3201 
s 5833
f 2926/3025/3121 2976/3095/3191 2980/3103/3199 
s 5834
f 2954/3058/3154 2926/3025/3121 2949/3052/3148 
s 5835
f 2536/3104/3200 2979/3100/3196 2981/3106/3202 
s 5836
f 2916/3015/3111 2980/3103/3199 2922/3021/3117 
s 5837
f 2921/3020/3116 2926/3025/3121 2980/3103/3199 
s 5838
f 2949/3052/3148 2926/3025/3121 2929/3028/3124 
s 5839
f 2979/3100/3196 2977/3096/3192 2981/3106/3202 
s 5840
f 2921/3020/3116 2980/3103/3199 2916/3015/3111 
s 5841
f 2536/3104/3200 2981/3106/3202 2552/3107/3203 
s 5842
f 2942/3043/3139 2929/3028/3124 2933/3032/3128 
s 5843
f 2981/3106/3202 2977/3096/3192 2982/3108/3204 
s 5844
f 2552/3107/3203 2981/3106/3202 2983/3109/3205 
s 5845
f 2981/3106/3202 2982/3108/3204 2983/3109/3205 
s 5846
f 2977/3096/3192 2971/3085/3181 2982/3108/3204 
s 5847
f 2983/3109/3205 2984/3110/3206 2552/3107/3203 
s 5848
f 2982/3108/3204 2971/3085/3181 2985/3111/3207 
s 5849
f 2983/3109/3205 2982/3108/3204 2986/3112/3208 
s 5850
f 2982/3108/3204 2985/3111/3207 2986/3112/3208 
s 5851
f 2552/3107/3203 2984/3110/3206 2559/3113/3209 
s 5852
f 2971/3085/3181 2968/3077/3173 2985/3111/3207 
s 5853
f 2984/3110/3206 2983/3109/3205 2940/3041/3137 
s 5854
f 2940/3041/3137 2983/3109/3205 2986/3112/3208 
s 5855
f 2984/3110/3206 2987/3114/3210 2559/3113/3209 
s 5856
f 2985/3111/3207 2968/3077/3173 2963/3070/3166 
s 5857
f 2988/3115/3211 2984/3110/3206 2940/3041/3137 
s 5858
f 2986/3112/3208 2985/3111/3207 2944/3046/3142 
s 5859
f 2987/3114/3210 2984/3110/3206 2988/3115/3211 
s 5860
f 2559/3113/3209 2987/3114/3210 2563/3116/3212 
s 5861
f 2963/3070/3166 2944/3046/3142 2985/3111/3207 
s 5862
f 2944/3046/3142 2936/3037/3133 2986/3112/3208 
s 5863
f 2986/3112/3208 2936/3037/3133 2940/3041/3137 
s 5864
f 2989/3117/3213 2987/3114/3210 2988/3115/3211 
s 5865
f 2987/3114/3210 2990/3118/3214 2563/3116/3212 
s 5866
f 2990/3118/3214 2987/3114/3210 2989/3117/3213 
s 5867
f 2940/3041/3137 2935/3035/3131 2988/3115/3211 
s 5868
f 2563/3116/3212 2990/3118/3214 2565/3119/3215 
s 5869
f 2990/3118/3214 2989/3117/3213 2991/3120/3216 
s 5870
f 2935/3035/3131 2937/3038/3134 2988/3115/3211 
s 5871
f 2988/3115/3211 2937/3038/3134 2989/3117/3213 
s 5872
f 2565/3119/3215 2990/3118/3214 2566/3121/3217 
s 5873
f 2566/3121/3217 2990/3118/3214 2991/3120/3216 
s 5874
f 2989/3117/3213 2937/3038/3134 2992/3122/3218 
s 5875
f 2991/3120/3216 2989/3117/3213 2992/3122/3218 
s 5876
f 2991/3120/3216 2569/3123/3219 2566/3121/3217 
s 5877
f 2992/3122/3218 2937/3038/3134 2993/3124/3220 
s 5878
f 2994/3125/3221 2569/3123/3219 2991/3120/3216 
s 5879
f 2991/3120/3216 2992/3122/3218 2994/3125/3221 
s 5880
f 2937/3038/3134 2928/3027/3123 2993/3124/3220 
s 5881
f 2994/3125/3221 2571/3126/3222 2569/3123/3219 
s 5882
f 2994/3125/3221 2992/3122/3218 2995/3127/3223 
s 5883
f 2993/3124/3220 2995/3127/3223 2992/3122/3218 
s 5884
f 2993/3124/3220 2928/3027/3123 2931/3030/3126 
s 5885
f 2996/3128/3224 2571/3126/3222 2994/3125/3221 
s 5886
f 2994/3125/3221 2995/3127/3223 2996/3128/3224 
s 5887
f 2931/3030/3126 2941/3042/3138 2993/3124/3220 
s 5888
f 2941/3042/3138 2995/3127/3223 2993/3124/3220 
s 5889
f 2571/3126/3222 2996/3128/3224 2574/3129/3225 
s 5890
f 2941/3042/3138 2997/3130/3226 2995/3127/3223 
s 5891
f 2996/3128/3224 2995/3127/3223 2997/3130/3226 
s 5892
f 2574/3129/3225 2996/3128/3224 2998/3131/3227 
s 5893
f 2996/3128/3224 2997/3130/3226 2998/3131/3227 
s 5894
f 2943/3044/3140 2997/3130/3226 2941/3042/3138 
s 5895
f 2574/3129/3225 2998/3131/3227 2505/3132/3228 
s 5896
f 2997/3130/3226 2943/3044/3140 2999/3133/3229 
s 5897
f 2998/3131/3227 2997/3130/3226 2999/3133/3229 
s 5898
f 2505/3132/3228 2998/3131/3227 2823/3134/3230 
s 5899
f 2999/3133/3229 2823/3134/3230 2998/3131/3227 
s 5900
f 2999/3133/3229 2943/3044/3140 3000/3135/3231 
s 5901
f 2825/3136/3232 2823/3134/3230 2999/3133/3229 
s 5902
f 2943/3044/3140 2945/3047/3143 3000/3135/3231 
s 5903
f 2825/3136/3232 2999/3133/3229 2827/3137/3233 
s 5904
f 2827/3137/3233 2999/3133/3229 3000/3135/3231 
s 5905
f 3000/3135/3231 2945/3047/3143 3001/3138/3234 
s 5906
f 3000/3135/3231 2824/3139/3235 2827/3137/3233 
s 5907
f 3001/3138/3234 2824/3139/3235 3000/3135/3231 
s 5908
f 2945/3047/3143 3002/3140/3236 3001/3138/3234 
s 5909
f 3001/3138/3234 2822/3141/3237 2824/3139/3235 
s 5910
f 3002/3140/3236 2822/3141/3237 3001/3138/3234 
s 5911
f 2948/3050/3146 3002/3140/3236 2945/3047/3143 
s 5912
f 2822/3141/3237 3002/3140/3236 2826/3142/3238 
s 5913
f 3002/3140/3236 2948/3050/3146 3003/3143/3239 
s 5914
f 2826/3142/3238 3002/3140/3236 3003/3143/3239 
s 5915
f 3003/3143/3239 2948/3050/3146 2951/3054/3150 
s 5916
f 2826/3142/3238 3003/3143/3239 2828/3144/3240 
s 5917
f 3003/3143/3239 2951/3054/3150 2957/3062/3158 
s 5918
f 2828/3144/3240 3003/3143/3239 2957/3062/3158 
s 5919
f 2957/3062/3158 2830/3076/3172 2828/3144/3240 
s 5920
f 2924/3023/3119 2975/3094/3190 2932/3031/3127 
s 5921
f 2975/3094/3190 1307/3145/3241 2932/3031/3127 
s 5922
f 1304/3097/3193 1307/3145/3241 2975/3094/3190 
s 5923
f 1313/3034/3130 2932/3031/3127 1307/3145/3241 
s 5924
f 2917/3016/3112 2959/3065/3161 2915/3014/3110 
s 5925
f 2959/3065/3161 2917/3016/3112 2953/3057/3153 
s 5926
f 2953/3057/3153 2917/3016/3112 2950/3053/3149 
s 5927
f 2917/3016/3112 2911/3010/3106 2950/3053/3149 
s 5928
f 2950/3053/3149 2911/3010/3106 2946/3048/3144 
s 5929
f 2911/3010/3106 2913/3012/3108 2946/3048/3144 
s 5930
f 2946/3048/3144 2913/3012/3108 2939/3040/3136 
s 5931
f 2913/3012/3108 2919/3018/3114 2939/3040/3136 
s 5932
f 2864/2946/3031 2969/3146/3027 2856/2936/3018 
s 5933
f 2856/2936/3018 2969/3146/3027 2852/2931/3030 
s 5934
f 2849/2928/3028 2852/2931/3030 2969/3146/3027 
s 5935
f 3004/3147/694 3005/3148/694 3006/3149/694 
s 5936
f 3007/3150/694 3004/3147/694 3006/3149/694 
s 5937
f 3006/3149/694 3005/3148/694 3008/3151/694 
s 5938
f 3009/3152/694 3004/3147/694 3007/3150/694 
s 5939
f 3005/3148/694 3010/3153/694 3008/3151/694 
s 5940
f 3007/3150/694 3011/3154/694 3009/3152/694 
s 5941
f 3008/3151/694 3010/3153/694 3012/3155/694 
s 5942
f 3013/3156/694 3011/3154/694 3007/3150/694 
s 5943
f 3012/3155/694 3014/3157/694 3008/3151/694 
s 5944
f 3010/3153/694 3015/3158/694 3012/3155/694 
s 5945
f 3013/3156/694 3016/3159/694 3011/3154/694 
s 5946
f 3008/3151/694 3014/3157/694 3017/3160/694 
s 5947
f 3012/3155/694 3015/3158/694 3018/3161/694 
s 5948
f 3019/3162/694 3016/3159/694 3013/3156/694 
s 5949
f 3017/3160/694 3020/3163/694 3008/3151/694 
s 5950
f 3012/3155/694 3018/3161/694 3014/3157/694 
s 5951
f 3019/3162/694 3021/3164/694 3016/3159/694 
s 5952
f 3022/3165/694 3020/3163/694 3017/3160/694 
s 5953
f 3014/3157/694 3018/3161/694 3023/3166/694 
s 5954
f 3024/3167/694 3021/3164/694 3019/3162/694 
s 5955
f 3022/3165/694 3025/3168/694 3020/3163/694 
s 5956
f 3017/3160/694 3014/3157/694 3026/3169/694 
s 5957
f 3024/3167/694 3027/3170/694 3021/3164/694 
s 5958
f 3028/3171/694 3025/3168/694 3022/3165/694 
s 5959
f 3029/3172/694 3017/3160/694 3026/3169/694 
s 5960
f 3030/3173/694 3027/3170/694 3024/3167/694 
s 5961
f 3028/3171/694 3031/3174/694 3025/3168/694 
s 5962
f 3032/3175/694 3017/3160/694 3029/3172/694 
s 5963
f 3030/3173/694 3033/3176/694 3027/3170/694 
s 5964
f 3034/3177/694 3031/3174/694 3028/3171/694 
s 5965
f 3035/3178/694 3032/3175/694 3029/3172/694 
s 5966
f 3036/3179/694 3033/3176/694 3030/3173/694 
s 5967
f 3034/3177/694 3037/3180/694 3031/3174/694 
s 5968
f 3038/3181/694 3032/3175/694 3035/3178/694 
s 5969
f 3036/3179/694 3039/3182/694 3033/3176/694 
s 5970
f 3040/3183/694 3037/3180/694 3034/3177/694 
s 5971
f 3041/3184/694 3038/3181/694 3035/3178/694 
s 5972
f 3042/3185/694 3039/3182/694 3036/3179/694 
s 5973
f 3040/3183/694 3043/3186/694 3037/3180/694 
s 5974
f 3044/3187/694 3038/3181/694 3041/3184/694 
s 5975
f 3045/3188/694 3043/3186/694 3040/3183/694 
s 5976
f 3041/3184/694 3046/3189/694 3044/3187/694 
s 5977
f 3045/3188/694 3047/3190/694 3043/3186/694 
s 5978
f 3048/3191/694 3046/3189/694 3041/3184/694 
s 5979
f 3049/3192/694 3047/3190/694 3045/3188/694 
s 5980
f 3048/3191/694 3050/3193/694 3046/3189/694 
s 5981
f 3049/3192/694 3051/3194/694 3047/3190/694 
s 5982
f 3052/3195/694 3050/3193/694 3048/3191/694 
s 5983
f 3053/3196/694 3051/3194/694 3049/3192/694 
s 5984
f 3052/3195/694 3054/3197/694 3050/3193/694 
s 5985
f 3053/3196/694 3055/3198/694 3051/3194/694 
s 5986
f 3056/3199/694 3054/3197/694 3052/3195/694 
s 5987
f 3057/3200/694 3055/3198/694 3053/3196/694 
s 5988
f 3056/3199/694 3058/3201/694 3054/3197/694 
s 5989
f 3057/3200/694 3059/3202/694 3055/3198/694 
s 5990
f 3060/3203/694 3058/3201/694 3056/3199/694 
s 5991
f 3061/3204/694 3059/3202/694 3057/3200/694 
s 5992
f 3060/3203/694 3062/3205/694 3058/3201/694 
s 5993
f 3061/3204/694 3063/3206/694 3059/3202/694 
s 5994
f 3064/3207/694 3063/3206/694 3061/3204/694 
s 5995
f 3065/3208/694 3062/3205/694 3060/3203/694 
s 5996
f 3065/3208/694 3066/3209/694 3062/3205/694 
s 5997
f 3067/3210/694 3066/3209/694 3065/3208/694 
s 5998
f 3067/3210/694 3068/3211/694 3066/3209/694 
s 5999
f 3069/3212/694 3068/3211/694 3067/3210/694 
s 6000
f 3026/3169/694 3014/3157/694 3070/3213/694 
s 6001
f 3014/3157/694 3023/3166/694 3070/3213/694 
s 6002
f 3070/3213/694 3023/3166/694 3071/3214/694 
s 6003
f 3072/3215/618 3073/3216/618 3074/3217/618 
s 6004
f 3073/3216/618 3072/3215/618 3075/3218/618 
s 6005
f 3074/3217/618 3073/3216/618 3076/3219/618 
s 6006
f 3075/3218/618 3072/3215/618 3077/3220/618 
s 6007
f 3074/3217/618 3076/3219/618 3078/3221/618 
s 6008
f 3075/3218/618 3077/3220/618 3079/3222/618 
s 6009
f 3072/3215/618 3080/3223/618 3077/3220/618 
s 6010
f 3078/3221/618 3076/3219/618 3081/3224/618 
s 6011
f 3079/3222/618 3077/3220/618 3082/3225/618 
s 6012
f 3077/3220/618 3080/3223/618 3082/3225/618 
s 6013
f 3083/3226/618 3080/3223/618 3072/3215/618 
s 6014
f 3084/3227/618 3078/3221/618 3081/3224/618 
s 6015
f 3082/3225/618 3080/3223/618 3085/3228/618 
s 6016
f 3086/3229/618 3083/3226/618 3072/3215/618 
s 6017
f 3087/3230/618 3078/3221/618 3084/3227/618 
s 6018
f 3083/3226/618 3088/3231/618 3080/3223/618 
s 6019
f 3080/3223/618 3089/3232/618 3085/3228/618 
s 6020
f 3090/3233/618 3083/3226/618 3086/3229/618 
s 6021
f 3091/3234/618 3087/3230/618 3084/3227/618 
s 6022
f 3080/3223/618 3088/3231/618 3089/3232/618 
s 6023
f 3085/3228/618 3089/3232/618 3092/3235/618 
s 6024
f 3093/3236/618 3090/3233/618 3086/3229/618 
s 6025
f 3094/3237/618 3087/3230/618 3091/3234/618 
s 6026
f 3088/3231/618 3083/3226/618 3095/3238/618 
s 6027
f 3096/3239/618 3090/3233/618 3093/3236/618 
s 6028
f 3097/3240/618 3094/3237/618 3091/3234/618 
s 6029
f 3095/3238/618 3083/3226/618 3098/3241/618 
s 6030
f 3099/3242/618 3096/3239/618 3093/3236/618 
s 6031
f 3100/3243/618 3094/3237/618 3097/3240/618 
s 6032
f 3095/3238/618 3098/3241/618 3101/3244/618 
s 6033
f 3102/3245/618 3096/3239/618 3099/3242/618 
s 6034
f 3103/3246/618 3100/3243/618 3097/3240/618 
s 6035
f 3101/3244/618 3098/3241/618 3104/3247/618 
s 6036
f 3105/3248/618 3102/3245/618 3099/3242/618 
s 6037
f 3106/3249/618 3100/3243/618 3103/3246/618 
s 6038
f 3101/3244/618 3104/3247/618 3107/3250/618 
s 6039
f 3108/3251/618 3102/3245/618 3105/3248/618 
s 6040
f 3109/3252/618 3106/3249/618 3103/3246/618 
s 6041
f 3107/3250/618 3104/3247/618 3110/3253/618 
s 6042
f 3111/3254/618 3108/3251/618 3105/3248/618 
s 6043
f 3112/3255/618 3106/3249/618 3109/3252/618 
s 6044
f 3113/3256/618 3107/3250/618 3110/3253/618 
s 6045
f 3114/3257/618 3108/3251/618 3111/3254/618 
s 6046
f 3115/3258/618 3112/3255/618 3109/3252/618 
s 6047
f 3116/3259/618 3107/3250/618 3113/3256/618 
s 6048
f 3117/3260/618 3114/3257/618 3111/3254/618 
s 6049
f 3118/3261/618 3112/3255/618 3115/3258/618 
s 6050
f 3119/3262/618 3116/3259/618 3113/3256/618 
s 6051
f 3120/3263/618 3114/3257/618 3117/3260/618 
s 6052
f 3121/3264/618 3116/3259/618 3119/3262/618 
s 6053
f 3122/3265/618 3120/3263/618 3117/3260/618 
s 6054
f 3123/3266/618 3121/3264/618 3119/3262/618 
s 6055
f 3124/3267/618 3120/3263/618 3122/3265/618 
s 6056
f 3125/3268/618 3121/3264/618 3123/3266/618 
s 6057
f 3126/3269/618 3124/3267/618 3122/3265/618 
s 6058
f 3127/3270/618 3125/3268/618 3123/3266/618 
s 6059
f 3128/3271/618 3124/3267/618 3126/3269/618 
s 6060
f 3129/3272/618 3125/3268/618 3127/3270/618 
s 6061
f 3130/3273/618 3128/3271/618 3126/3269/618 
s 6062
f 3131/3274/618 3129/3272/618 3127/3270/618 
s 6063
f 3132/3275/618 3128/3271/618 3130/3273/618 
s 6064
f 3133/3276/618 3129/3272/618 3131/3274/618 
s 6065
f 3134/3277/618 3132/3275/618 3130/3273/618 
s 6066
f 3135/3278/618 3132/3275/618 3134/3277/618 
s 6067
f 3136/3279/618 3133/3276/618 3131/3274/618 
s 6068
f 3137/3280/618 3133/3276/618 3136/3279/618 
s 6069
f 3138/3281/618 3137/3280/618 3136/3279/618 
s 6070
f 3139/3282/618 3137/3280/618 3138/3281/618 
s 6071
f 3047/3283/3242 3117/3284/3242 3043/3285/3243 
s 6072
f 3047/3283/3242 3122/3286/3244 3117/3284/3242 
s 6073
f 3043/3285/3243 3117/3284/3242 3111/3287/3243 
s 6074
f 3051/3288/3244 3122/3286/3244 3047/3283/3242 
s 6075
f 3043/3285/3243 3111/3287/3243 3037/3289/3245 
s 6076
f 3051/3288/3244 3126/3290/3246 3122/3286/3244 
s 6077
f 3037/3289/3245 3111/3287/3243 3105/3291/3245 
s 6078
f 3055/3292/3246 3126/3290/3246 3051/3288/3244 
s 6079
f 3037/3289/3245 3105/3291/3245 3031/3293/3247 
s 6080
f 3055/3292/3246 3130/3294/3248 3126/3290/3246 
s 6081
f 3031/3293/3247 3105/3291/3245 3099/3295/3247 
s 6082
f 3059/3296/3248 3130/3294/3248 3055/3292/3246 
s 6083
f 3031/3293/3247 3099/3295/3247 3025/3297/3249 
s 6084
f 3059/3296/3248 3134/3298/3250 3130/3294/3248 
s 6085
f 3025/3297/3249 3099/3295/3247 3093/3299/3249 
s 6086
f 3063/3300/3250 3134/3298/3250 3059/3296/3248 
s 6087
f 3025/3297/3249 3093/3299/3249 3020/3301/3251 
s 6088
f 3063/3300/3250 3135/3302/3252 3134/3298/3250 
s 6089
f 3020/3301/3251 3093/3299/3249 3086/3303/3251 
s 6090
f 3064/3304/3252 3135/3302/3252 3063/3300/3250 
s 6091
f 3020/3301/3251 3086/3303/3251 3008/3305/3253 
s 6092
f 3064/3304/3252 3132/3306/3254 3135/3302/3252 
s 6093
f 3008/3305/3253 3086/3303/3251 3072/3307/3253 
s 6094
f 3061/3308/3254 3132/3306/3254 3064/3304/3252 
s 6095
f 3008/3305/3253 3072/3307/3253 3006/3309/3255 
s 6096
f 3061/3308/3254 3128/3310/3256 3132/3306/3254 
s 6097
f 3006/3309/3255 3072/3307/3253 3074/3311/3255 
s 6098
f 3057/3312/3256 3128/3310/3256 3061/3308/3254 
s 6099
f 3006/3309/3255 3074/3311/3255 3007/3313/3257 
s 6100
f 3057/3312/3256 3124/3314/3258 3128/3310/3256 
s 6101
f 3007/3313/3257 3074/3311/3255 3078/3315/3257 
s 6102
f 3053/3316/3258 3124/3314/3258 3057/3312/3256 
s 6103
f 3007/3313/3257 3078/3315/3257 3013/3317/3259 
s 6104
f 3053/3316/3258 3120/3318/3260 3124/3314/3258 
s 6105
f 3013/3317/3259 3078/3315/3257 3087/3319/3259 
s 6106
f 3049/3320/3260 3120/3318/3260 3053/3316/3258 
s 6107
f 3013/3317/3259 3087/3319/3259 3019/3321/3261 
s 6108
f 3049/3320/3260 3114/3322/3262 3120/3318/3260 
s 6109
f 3019/3321/3261 3087/3319/3259 3094/3323/3261 
s 6110
f 3045/3324/3262 3114/3322/3262 3049/3320/3260 
s 6111
f 3019/3321/3261 3094/3323/3261 3024/3325/3263 
s 6112
f 3045/3324/3262 3108/3326/3264 3114/3322/3262 
s 6113
f 3024/3325/3263 3094/3323/3261 3100/3327/3263 
s 6114
f 3040/3328/3264 3108/3326/3264 3045/3324/3262 
s 6115
f 3024/3325/3263 3100/3327/3263 3030/3329/3265 
s 6116
f 3040/3328/3264 3102/3330/3266 3108/3326/3264 
s 6117
f 3030/3329/3265 3100/3327/3263 3106/3331/3265 
s 6118
f 3034/3332/3266 3102/3330/3266 3040/3328/3264 
s 6119
f 3030/3329/3265 3106/3331/3265 3036/3333/3267 
s 6120
f 3034/3332/3266 3096/3334/3268 3102/3330/3266 
s 6121
f 3036/3333/3267 3106/3331/3265 3112/3335/3267 
s 6122
f 3028/3336/3268 3096/3334/3268 3034/3332/3266 
s 6123
f 3036/3333/3267 3112/3335/3267 3042/3337/3269 
s 6124
f 3028/3336/3268 3090/3338/3270 3096/3334/3268 
s 6125
f 3042/3337/3269 3112/3335/3267 3118/3339/3269 
s 6126
f 3022/3340/3270 3090/3338/3270 3028/3336/3268 
s 6127
f 3042/3337/3269 3118/3339/3269 3039/3341/3271 
s 6128
f 3022/3340/3270 3083/3342/3272 3090/3338/3270 
s 6129
f 3039/3341/3271 3118/3339/3269 3115/3343/3271 
s 6130
f 3017/3344/3272 3083/3342/3272 3022/3340/3270 
s 6131
f 3039/3341/3271 3115/3343/3271 3033/3345/3273 
s 6132
f 3017/3344/3272 3098/3346/3274 3083/3342/3272 
s 6133
f 3033/3345/3273 3115/3343/3271 3109/3347/3273 
s 6134
f 3032/3348/3274 3098/3346/3274 3017/3344/3272 
s 6135
f 3033/3345/3273 3109/3347/3273 3027/3349/3275 
s 6136
f 3032/3348/3274 3104/3350/3276 3098/3346/3274 
s 6137
f 3027/3349/3275 3109/3347/3273 3103/3351/3275 
s 6138
f 3038/3352/3276 3104/3350/3276 3032/3348/3274 
s 6139
f 3027/3349/3275 3103/3351/3275 3021/3353/3277 
s 6140
f 3038/3352/3276 3110/3354/3278 3104/3350/3276 
s 6141
f 3021/3353/3277 3103/3351/3275 3097/3355/3277 
s 6142
f 3044/3356/3278 3110/3354/3278 3038/3352/3276 
s 6143
f 3021/3353/3277 3097/3355/3277 3016/3357/3279 
s 6144
f 3044/3356/3278 3113/3358/3280 3110/3354/3278 
s 6145
f 3016/3357/3279 3097/3355/3277 3091/3359/3279 
s 6146
f 3046/3360/3280 3113/3358/3280 3044/3356/3278 
s 6147
f 3016/3357/3279 3091/3359/3279 3011/3361/3281 
s 6148
f 3046/3360/3280 3119/3362/3282 3113/3358/3280 
s 6149
f 3011/3361/3281 3091/3359/3279 3084/3363/3281 
s 6150
f 3050/3364/3282 3119/3362/3282 3046/3360/3280 
s 6151
f 3011/3361/3281 3084/3363/3281 3009/3365/3283 
s 6152
f 3050/3364/3282 3123/3366/3284 3119/3362/3282 
s 6153
f 3009/3365/3283 3084/3363/3281 3081/3367/3283 
s 6154
f 3054/3368/3284 3123/3366/3284 3050/3364/3282 
s 6155
f 3009/3365/3283 3081/3367/3283 3004/3369/3285 
s 6156
f 3054/3368/3284 3127/3370/3286 3123/3366/3284 
s 6157
f 3004/3369/3285 3081/3367/3283 3076/3371/3285 
s 6158
f 3058/3372/3286 3127/3370/3286 3054/3368/3284 
s 6159
f 3004/3369/3285 3076/3371/3285 3005/3373/3287 
s 6160
f 3058/3372/3286 3131/3374/3288 3127/3370/3286 
s 6161
f 3005/3373/3287 3076/3371/3285 3073/3375/3287 
s 6162
f 3062/3376/3288 3131/3374/3288 3058/3372/3286 
s 6163
f 3005/3373/3287 3073/3375/3287 3010/3377/3289 
s 6164
f 3062/3376/3288 3136/3378/3290 3131/3374/3288 
s 6165
f 3010/3377/3289 3073/3375/3287 3075/3379/3289 
s 6166
f 3066/3380/3290 3136/3378/3290 3062/3376/3288 
s 6167
f 3010/3377/3289 3075/3379/3289 3015/3381/3291 
s 6168
f 3066/3380/3290 3138/3382/3292 3136/3378/3290 
s 6169
f 3015/3381/3291 3075/3379/3289 3079/3383/3291 
s 6170
f 3068/3384/3292 3138/3382/3292 3066/3380/3290 
s 6171
f 3015/3381/3291 3079/3383/3291 3018/3385/3293 
s 6172
f 3068/3384/3292 3139/3386/3294 3138/3382/3292 
s 6173
f 3018/3385/3293 3079/3383/3291 3082/3387/3293 
s 6174
f 3069/3388/3294 3139/3386/3294 3068/3384/3292 
s 6175
f 3018/3385/3293 3082/3387/3293 3023/3389/3295 
s 6176
f 3069/3388/3294 3137/3390/3296 3139/3386/3294 
s 6177
f 3023/3389/3295 3082/3387/3293 3085/3391/3295 
s 6178
f 3067/3392/3296 3137/3390/3296 3069/3388/3294 
s 6179
f 3023/3389/3295 3085/3391/3295 3071/3393/3297 
s 6180
f 3071/3393/3297 3085/3391/3295 3092/3394/3297 
s 6181
f 3067/3392/3296 3133/3395/3298 3137/3390/3296 
s 6182
f 3065/3396/3298 3133/3395/3298 3067/3392/3296 
s 6183
f 3065/3396/3298 3129/3397/3299 3133/3395/3298 
s 6184
f 3060/3398/3299 3129/3397/3299 3065/3396/3298 
s 6185
f 3060/3398/3299 3125/3399/3300 3129/3397/3299 
s 6186
f 3056/3400/3300 3125/3399/3300 3060/3398/3299 
s 6187
f 3052/3401/3301 3121/3402/3301 3056/3403/3302 
s 6188
f 3052/3401/3301 3116/3404/3303 3121/3402/3301 
s 6189
f 3056/3403/3302 3121/3402/3301 3125/3405/3302 
s 6190
f 3048/3406/3303 3116/3404/3303 3052/3401/3301 
s 6191
f 3048/3406/3303 3107/3407/3304 3116/3404/3303 
s 6192
f 3041/3408/3304 3107/3407/3304 3048/3406/3303 
s 6193
f 3041/3408/3304 3101/3409/3305 3107/3407/3304 
s 6194
f 3035/3410/3305 3101/3409/3305 3041/3408/3304 
s 6195
f 3035/3410/3305 3095/3411/3306 3101/3409/3305 
s 6196
f 3029/3412/3306 3095/3411/3306 3035/3410/3305 
s 6197
f 3029/3412/3306 3088/3413/3307 3095/3411/3306 
s 6198
f 3026/3414/3307 3088/3413/3307 3029/3412/3306 
s 6199
f 3026/3414/3307 3089/3415/3308 3088/3413/3307 
s 6200
f 3070/3416/3308 3089/3415/3308 3026/3414/3307 
s 6201
f 3070/3416/3308 3092/3417/3309 3089/3415/3308 
s 6202
f 3071/3418/3309 3092/3417/3309 3070/3416/3308 
s 6203
f 3140/3419/694 3141/3420/694 3142/3421/694 
s 6204
f 3140/3419/694 3143/3422/694 3141/3420/694 
s 6205
f 3142/3421/694 3141/3420/694 3144/3423/694 
s 6206
f 3145/3424/694 3143/3422/694 3140/3419/694 
s 6207
f 3141/3420/694 3146/3425/694 3144/3423/694 
s 6208
f 3145/3424/694 3147/3426/694 3143/3422/694 
s 6209
f 3143/3422/694 3148/3427/694 3141/3420/694 
s 6210
f 3141/3420/694 3148/3427/694 3146/3425/694 
s 6211
f 3144/3423/694 3146/3425/694 3149/3428/694 
s 6212
f 3150/3429/694 3147/3426/694 3145/3424/694 
s 6213
f 3147/3426/694 3151/3430/694 3143/3422/694 
s 6214
f 3143/3422/694 3151/3430/694 3148/3427/694 
s 6215
f 3146/3425/694 3152/3431/694 3149/3428/694 
s 6216
f 3150/3429/694 3153/3432/694 3147/3426/694 
s 6217
f 3147/3426/694 3153/3432/694 3151/3430/694 
s 6218
f 3148/3427/694 3154/3433/694 3146/3425/694 
s 6219
f 3146/3425/694 3154/3433/694 3152/3431/694 
s 6220
f 3149/3428/694 3152/3431/694 3155/3434/694 
s 6221
f 3156/3435/694 3153/3432/694 3150/3429/694 
s 6222
f 3148/3427/694 3151/3430/694 3154/3433/694 
s 6223
f 3156/3435/694 3157/3436/694 3153/3432/694 
s 6224
f 3154/3433/694 3151/3430/694 3158/3437/694 
s 6225
f 3159/3438/694 3157/3436/694 3156/3435/694 
s 6226
f 3151/3430/694 3153/3432/694 3160/3439/694 
s 6227
f 3151/3430/694 3160/3439/694 3158/3437/694 
s 6228
f 3153/3432/694 3157/3436/694 3160/3439/694 
s 6229
f 3159/3438/694 3161/3440/694 3157/3436/694 
s 6230
f 3158/3437/694 3160/3439/694 3162/3441/694 
s 6231
f 3157/3436/694 3161/3440/694 3163/3442/694 
s 6232
f 3160/3439/694 3157/3436/694 3164/3443/694 
s 6233
f 3160/3439/694 3164/3443/694 3162/3441/694 
s 6234
f 3157/3436/694 3163/3442/694 3164/3443/694 
s 6235
f 3161/3440/694 3165/3444/694 3163/3442/694 
s 6236
f 3162/3441/694 3164/3443/694 3166/3445/694 
s 6237
f 3163/3442/694 3165/3444/694 3167/3446/694 
s 6238
f 3164/3443/694 3163/3442/694 3168/3447/694 
s 6239
f 3164/3443/694 3168/3447/694 3166/3445/694 
s 6240
f 3163/3442/694 3167/3446/694 3168/3447/694 
s 6241
f 3165/3444/694 3169/3448/694 3167/3446/694 
s 6242
f 3166/3445/694 3168/3447/694 3170/3449/694 
s 6243
f 3171/3450/694 3169/3448/694 3165/3444/694 
s 6244
f 3168/3447/694 3167/3446/694 3172/3451/694 
s 6245
f 3168/3447/694 3172/3451/694 3170/3449/694 
s 6246
f 3171/3450/694 3173/3452/694 3169/3448/694 
s 6247
f 3167/3446/694 3174/3453/694 3172/3451/694 
s 6248
f 3170/3449/694 3172/3451/694 3175/3454/694 
s 6249
f 3176/3455/694 3173/3452/694 3171/3450/694 
s 6250
f 3172/3451/694 3174/3453/694 3177/3456/694 
s 6251
f 3172/3451/694 3177/3456/694 3175/3454/694 
s 6252
f 3176/3455/694 3178/3457/694 3173/3452/694 
s 6253
f 3174/3453/694 3179/3458/694 3177/3456/694 
s 6254
f 3175/3454/694 3177/3456/694 3180/3459/694 
s 6255
f 3173/3452/694 3178/3457/694 3181/3460/694 
s 6256
f 3177/3456/694 3179/3458/694 3182/3461/694 
s 6257
f 3177/3456/694 3182/3461/694 3180/3459/694 
s 6258
f 3178/3457/694 3183/3462/694 3181/3460/694 
s 6259
f 3181/3460/694 3183/3462/694 3184/3463/694 
s 6260
f 3179/3458/694 3185/3464/694 3182/3461/694 
s 6261
f 3180/3459/694 3182/3461/694 3186/3465/694 
s 6262
f 3182/3461/694 3185/3464/694 3187/3466/694 
s 6263
f 3182/3461/694 3188/3467/694 3186/3465/694 
s 6264
f 3187/3466/694 3188/3467/694 3182/3461/694 
s 6265
f 3185/3464/694 3189/3468/694 3187/3466/694 
s 6266
f 3187/3466/694 3190/3469/694 3188/3467/694 
s 6267
f 3187/3466/694 3189/3468/694 3191/3470/694 
s 6268
f 3191/3470/694 3190/3469/694 3187/3466/694 
s 6269
f 3189/3468/694 3192/3471/694 3191/3470/694 
s 6270
f 3191/3470/694 3193/3472/694 3190/3469/694 
s 6271
f 3191/3470/694 3192/3471/694 3194/3473/694 
s 6272
f 3194/3473/694 3193/3472/694 3191/3470/694 
s 6273
f 3192/3471/694 3195/3474/694 3194/3473/694 
s 6274
f 3194/3473/694 3196/3475/694 3193/3472/694 
s 6275
f 3194/3473/694 3195/3474/694 3197/3476/694 
s 6276
f 3198/3477/694 3196/3475/694 3194/3473/694 
s 6277
f 3195/3474/694 3199/3478/694 3197/3476/694 
s 6278
f 3198/3477/694 3200/3479/694 3196/3475/694 
s 6279
f 3201/3480/694 3199/3478/694 3195/3474/694 
s 6280
f 3202/3481/694 3200/3479/694 3198/3477/694 
s 6281
f 3201/3480/694 3203/3482/694 3199/3478/694 
s 6282
f 3199/3478/694 3203/3482/694 3204/3483/694 
s 6283
f 3202/3481/694 3205/3484/694 3200/3479/694 
s 6284
f 3206/3485/694 3205/3484/694 3202/3481/694 
s 6285
f 3206/3485/694 3207/3486/694 3205/3484/694 
s 6286
f 3208/3487/694 3207/3486/694 3206/3485/694 
s 6287
f 3208/3487/694 3209/3488/694 3207/3486/694 
s 6288
f 3210/3489/694 3209/3488/694 3208/3487/694 
s 6289
f 3210/3489/694 3211/3490/694 3209/3488/694 
s 6290
f 3212/3491/694 3211/3490/694 3210/3489/694 
s 6291
f 3212/3491/694 3213/3492/694 3211/3490/694 
s 6292
f 3211/3490/694 3213/3492/694 3214/3493/694 
s 6293
f 3213/3492/694 3215/3494/694 3214/3493/694 
s 6294
f 3214/3493/694 3215/3494/694 3216/3495/694 
s 6295
f 3217/3496/618 3218/3497/618 3219/3498/618 
s 6296
f 3217/3496/618 3220/3499/618 3218/3497/618 
s 6297
f 3219/3498/618 3218/3497/618 3221/3500/618 
s 6298
f 3222/3501/618 3220/3499/618 3217/3496/618 
s 6299
f 3218/3497/618 3223/3502/618 3221/3500/618 
s 6300
f 3222/3501/618 3224/3503/618 3220/3499/618 
s 6301
f 3220/3499/618 3225/3504/618 3218/3497/618 
s 6302
f 3218/3497/618 3225/3504/618 3223/3502/618 
s 6303
f 3221/3500/618 3223/3502/618 3226/3505/618 
s 6304
f 3227/3506/618 3224/3503/618 3222/3501/618 
s 6305
f 3224/3503/618 3228/3507/618 3220/3499/618 
s 6306
f 3220/3499/618 3228/3507/618 3225/3504/618 
s 6307
f 3223/3502/618 3229/3508/618 3226/3505/618 
s 6308
f 3225/3504/618 3228/3507/618 3230/3509/618 
s 6309
f 3225/3504/618 3230/3509/618 3223/3502/618 
s 6310
f 3223/3502/618 3230/3509/618 3229/3508/618 
s 6311
f 3226/3505/618 3229/3508/618 3231/3510/618 
s 6312
f 3230/3509/618 3228/3507/618 3232/3511/618 
s 6313
f 3229/3508/618 3233/3512/618 3231/3510/618 
s 6314
f 3229/3508/618 3230/3509/618 3233/3512/618 
s 6315
f 3230/3509/618 3232/3511/618 3234/3513/618 
s 6316
f 3233/3512/618 3230/3509/618 3234/3513/618 
s 6317
f 3231/3510/618 3233/3512/618 3235/3514/618 
s 6318
f 3234/3513/618 3232/3511/618 3236/3515/618 
s 6319
f 3233/3512/618 3237/3516/618 3235/3514/618 
s 6320
f 3233/3512/618 3234/3513/618 3237/3516/618 
s 6321
f 3234/3513/618 3236/3515/618 3238/3517/618 
s 6322
f 3237/3516/618 3234/3513/618 3238/3517/618 
s 6323
f 3235/3514/618 3237/3516/618 3239/3518/618 
s 6324
f 3238/3517/618 3236/3515/618 3240/3519/618 
s 6325
f 3239/3518/618 3237/3516/618 3241/3520/618 
s 6326
f 3237/3516/618 3238/3517/618 3242/3521/618 
s 6327
f 3241/3520/618 3237/3516/618 3242/3521/618 
s 6328
f 3238/3517/618 3240/3519/618 3243/3522/618 
s 6329
f 3242/3521/618 3238/3517/618 3243/3522/618 
s 6330
f 3241/3520/618 3242/3521/618 3244/3523/618 
s 6331
f 3243/3522/618 3240/3519/618 3245/3524/618 
s 6332
f 3244/3523/618 3242/3521/618 3246/3525/618 
s 6333
f 3242/3521/618 3243/3522/618 3246/3525/618 
s 6334
f 3243/3522/618 3245/3524/618 3247/3526/618 
s 6335
f 3246/3525/618 3243/3522/618 3247/3526/618 
s 6336
f 3246/3525/618 3248/3527/618 3244/3523/618 
s 6337
f 3247/3526/618 3245/3524/618 3249/3528/618 
s 6338
f 3246/3525/618 3247/3526/618 3250/3529/618 
s 6339
f 3244/3523/618 3248/3527/618 3251/3530/618 
s 6340
f 3247/3526/618 3249/3528/618 3252/3531/618 
s 6341
f 3250/3529/618 3247/3526/618 3252/3531/618 
s 6342
f 3248/3527/618 3253/3532/618 3251/3530/618 
s 6343
f 3252/3531/618 3249/3528/618 3254/3533/618 
s 6344
f 3250/3529/618 3252/3531/618 3255/3534/618 
s 6345
f 3251/3530/618 3253/3532/618 3256/3535/618 
s 6346
f 3252/3531/618 3254/3533/618 3257/3536/618 
s 6347
f 3255/3534/618 3252/3531/618 3257/3536/618 
s 6348
f 3256/3535/618 3253/3532/618 3258/3537/618 
s 6349
f 3257/3536/618 3254/3533/618 3259/3538/618 
s 6350
f 3255/3534/618 3257/3536/618 3260/3539/618 
s 6351
f 3258/3537/618 3253/3532/618 3261/3540/618 
s 6352
f 3259/3538/618 3262/3541/618 3257/3536/618 
s 6353
f 3260/3539/618 3257/3536/618 3263/3542/618 
s 6354
f 3257/3536/618 3262/3541/618 3263/3542/618 
s 6355
f 3258/3537/618 3261/3540/618 3264/3543/618 
s 6356
f 3264/3543/618 3261/3540/618 3265/3544/618 
s 6357
f 3260/3539/618 3263/3542/618 3266/3545/618 
s 6358
f 3262/3541/618 3267/3546/618 3263/3542/618 
s 6359
f 3266/3545/618 3263/3542/618 3268/3547/618 
s 6360
f 3263/3542/618 3267/3546/618 3268/3547/618 
s 6361
f 3266/3545/618 3268/3547/618 3269/3548/618 
s 6362
f 3267/3546/618 3270/3549/618 3268/3547/618 
s 6363
f 3269/3548/618 3268/3547/618 3271/3550/618 
s 6364
f 3268/3547/618 3270/3549/618 3271/3550/618 
s 6365
f 3269/3548/618 3271/3550/618 3272/3551/618 
s 6366
f 3270/3549/618 3273/3552/618 3271/3550/618 
s 6367
f 3272/3551/618 3271/3550/618 3274/3553/618 
s 6368
f 3271/3550/618 3273/3552/618 3275/3554/618 
s 6369
f 3274/3553/618 3276/3555/618 3272/3551/618 
s 6370
f 3273/3552/618 3277/3556/618 3275/3554/618 
s 6371
f 3272/3551/618 3276/3555/618 3278/3557/618 
s 6372
f 3275/3554/618 3277/3556/618 3279/3558/618 
s 6373
f 3278/3557/618 3276/3555/618 3280/3559/618 
s 6374
f 3280/3559/618 3276/3555/618 3281/3560/618 
s 6375
f 3277/3556/618 3282/3561/618 3279/3558/618 
s 6376
f 3279/3558/618 3282/3561/618 3283/3562/618 
s 6377
f 3282/3561/618 3284/3563/618 3283/3562/618 
s 6378
f 3283/3562/618 3284/3563/618 3285/3564/618 
s 6379
f 3284/3563/618 3286/3565/618 3285/3564/618 
s 6380
f 3285/3564/618 3286/3565/618 3287/3566/618 
s 6381
f 3286/3565/618 3288/3567/618 3287/3566/618 
s 6382
f 3287/3566/618 3288/3567/618 3289/3568/618 
s 6383
f 3289/3568/618 3288/3567/618 3290/3569/618 
s 6384
f 3290/3569/618 3288/3567/618 3291/3570/618 
s 6385
f 3290/3569/618 3291/3570/618 3292/3571/618 
s 6386
f 3292/3571/618 3291/3570/618 3293/3572/618 
s 6387
f 3145/3573/3310 3226/3574/3310 3150/3575/3311 
s 6388
f 3145/3573/3310 3221/3576/3312 3226/3574/3310 
s 6389
f 3150/3575/3311 3226/3574/3310 3231/3577/3311 
s 6390
f 3140/3578/3312 3221/3576/3312 3145/3573/3310 
s 6391
f 3150/3575/3311 3231/3577/3311 3156/3579/3313 
s 6392
f 3140/3578/3312 3219/3580/3314 3221/3576/3312 
s 6393
f 3156/3579/3313 3231/3577/3311 3235/3581/3313 
s 6394
f 3142/3582/3314 3219/3580/3314 3140/3578/3312 
s 6395
f 3156/3579/3313 3235/3581/3313 3159/3583/3315 
s 6396
f 3142/3582/3314 3217/3584/3316 3219/3580/3314 
s 6397
f 3159/3583/3315 3235/3581/3313 3239/3585/3315 
s 6398
f 3144/3586/3316 3217/3584/3316 3142/3582/3314 
s 6399
f 3159/3583/3315 3239/3585/3315 3161/3587/3317 
s 6400
f 3144/3586/3316 3222/3588/3318 3217/3584/3316 
s 6401
f 3161/3587/3317 3239/3585/3315 3241/3589/3317 
s 6402
f 3149/3590/3318 3222/3588/3318 3144/3586/3316 
s 6403
f 3161/3587/3317 3241/3589/3317 3165/3591/3319 
s 6404
f 3149/3590/3318 3227/3592/3320 3222/3588/3318 
s 6405
f 3155/3593/3320 3227/3592/3320 3149/3590/3318 
s 6406
f 3165/3591/3319 3241/3589/3317 3244/3594/3319 
s 6407
f 3165/3591/3319 3244/3594/3319 3171/3595/3321 
s 6408
f 3171/3595/3321 3244/3594/3319 3251/3596/3321 
s 6409
f 3171/3595/3321 3251/3596/3321 3176/3597/3322 
s 6410
f 3176/3597/3322 3251/3596/3321 3256/3598/3322 
s 6411
f 3176/3597/3322 3256/3598/3322 3178/3599/3323 
s 6412
f 3178/3599/3323 3256/3598/3322 3258/3600/3323 
s 6413
f 3178/3599/3323 3258/3600/3323 3183/3601/3324 
s 6414
f 3183/3601/3324 3258/3600/3323 3264/3602/3324 
s 6415
f 3183/3601/3324 3264/3602/3324 3184/3603/3325 
s 6416
f 3184/3603/3325 3264/3602/3324 3265/3604/3325 
s 6417
f 3184/3603/3325 3265/3604/3325 3181/3605/3326 
s 6418
f 3181/3605/3326 3265/3604/3325 3261/3606/3326 
s 6419
f 3181/3605/3326 3261/3606/3326 3173/3607/3327 
s 6420
f 3173/3607/3327 3261/3606/3326 3253/3608/3327 
s 6421
f 3173/3607/3327 3253/3608/3327 3169/3609/3328 
s 6422
f 3169/3609/3328 3253/3608/3327 3248/3610/3328 
s 6423
f 3169/3609/3328 3248/3610/3328 3167/3611/3329 
s 6424
f 3167/3611/3329 3248/3610/3328 3246/3612/3329 
s 6425
f 3167/3611/3329 3246/3612/3329 3174/3613/3330 
s 6426
f 3174/3613/3330 3246/3612/3329 3250/3614/3330 
s 6427
f 3174/3613/3330 3250/3614/3330 3179/3615/3331 
s 6428
f 3179/3615/3331 3250/3614/3330 3255/3616/3331 
s 6429
f 3179/3615/3331 3255/3616/3331 3185/3617/3332 
s 6430
f 3185/3617/3332 3255/3616/3331 3260/3618/3332 
s 6431
f 3185/3617/3332 3260/3618/3332 3189/3619/3333 
s 6432
f 3189/3619/3333 3260/3618/3332 3266/3620/3333 
s 6433
f 3189/3619/3333 3266/3620/3333 3192/3621/3334 
s 6434
f 3192/3621/3334 3266/3620/3333 3269/3622/3334 
s 6435
f 3192/3621/3334 3269/3622/3334 3195/3623/3335 
s 6436
f 3195/3623/3335 3269/3622/3334 3272/3624/3335 
s 6437
f 3195/3623/3335 3272/3624/3335 3201/3625/3336 
s 6438
f 3201/3625/3336 3272/3624/3335 3278/3626/3336 
s 6439
f 3201/3625/3336 3278/3626/3336 3203/3627/3337 
s 6440
f 3203/3627/3337 3278/3626/3336 3280/3628/3337 
s 6441
f 3203/3627/3337 3280/3628/3337 3204/3629/3338 
s 6442
f 3204/3629/3338 3280/3628/3337 3281/3630/3338 
s 6443
f 3204/3629/3338 3281/3630/3338 3199/3631/3339 
s 6444
f 3199/3631/3339 3281/3630/3338 3276/3632/3339 
s 6445
f 3199/3631/3339 3276/3632/3339 3197/3633/3340 
s 6446
f 3197/3633/3340 3276/3632/3339 3274/3634/3340 
s 6447
f 3197/3633/3340 3274/3634/3340 3194/3635/3341 
s 6448
f 3194/3635/3341 3274/3634/3340 3271/3636/3341 
s 6449
f 3194/3635/3341 3271/3636/3341 3198/3637/3342 
s 6450
f 3198/3637/3342 3271/3636/3341 3275/3638/3342 
s 6451
f 3198/3637/3342 3275/3638/3342 3202/3639/3343 
s 6452
f 3202/3639/3343 3275/3638/3342 3279/3640/3343 
s 6453
f 3202/3639/3343 3279/3640/3343 3206/3641/3344 
s 6454
f 3206/3641/3344 3279/3640/3343 3283/3642/3344 
s 6455
f 3206/3641/3344 3283/3642/3344 3208/3643/3345 
s 6456
f 3208/3643/3345 3283/3642/3344 3285/3644/3345 
s 6457
f 3208/3643/3345 3285/3644/3345 3210/3645/3346 
s 6458
f 3210/3645/3346 3285/3644/3345 3287/3646/3346 
s 6459
f 3210/3645/3346 3287/3646/3346 3212/3647/3347 
s 6460
f 3212/3647/3347 3287/3646/3346 3289/3648/3347 
s 6461
f 3212/3647/3347 3289/3648/3347 3213/3649/3348 
s 6462
f 3213/3649/3348 3289/3648/3347 3290/3650/3348 
s 6463
f 3213/3649/3348 3290/3650/3348 3215/3651/3349 
s 6464
f 3215/3651/3349 3290/3650/3348 3292/3652/3349 
s 6465
f 3215/3651/3349 3292/3652/3349 3216/3653/3350 
s 6466
f 3216/3653/3350 3292/3652/3349 3293/3654/3350 
s 6467
f 3216/3653/3350 3293/3654/3350 3214/3655/3351 
s 6468
f 3214/3655/3351 3293/3654/3350 3291/3656/3351 
s 6469
f 3214/3655/3351 3291/3656/3351 3211/3657/3352 
s 6470
f 3211/3657/3352 3291/3656/3351 3288/3658/3352 
s 6471
f 3211/3657/3352 3288/3658/3352 3209/3659/3353 
s 6472
f 3209/3659/3353 3288/3658/3352 3286/3660/3353 
s 6473
f 3152/3661/3354 3224/3662/3354 3155/3418/3355 
s 6474
f 3152/3661/3354 3228/3663/3356 3224/3662/3354 
s 6475
f 3155/3418/3355 3224/3662/3354 3227/3417/3355 
s 6476
f 3154/3664/3356 3228/3663/3356 3152/3661/3354 
s 6477
f 3154/3664/3356 3232/3665/3357 3228/3663/3356 
s 6478
f 3158/3666/3357 3232/3665/3357 3154/3664/3356 
s 6479
f 3158/3666/3357 3236/3667/3358 3232/3665/3357 
s 6480
f 3162/3668/3358 3236/3667/3358 3158/3666/3357 
s 6481
f 3162/3668/3358 3240/3669/3359 3236/3667/3358 
s 6482
f 3166/3670/3359 3240/3669/3359 3162/3668/3358 
s 6483
f 3166/3670/3359 3245/3671/3360 3240/3669/3359 
s 6484
f 3170/3672/3360 3245/3671/3360 3166/3670/3359 
s 6485
f 3170/3672/3360 3249/3673/3361 3245/3671/3360 
s 6486
f 3175/3674/3361 3249/3673/3361 3170/3672/3360 
s 6487
f 3175/3674/3361 3254/3675/3362 3249/3673/3361 
s 6488
f 3180/3676/3362 3254/3675/3362 3175/3674/3361 
s 6489
f 3180/3676/3362 3259/3677/3363 3254/3675/3362 
s 6490
f 3186/3678/3363 3259/3677/3363 3180/3676/3362 
s 6491
f 3186/3678/3363 3262/3679/3364 3259/3677/3363 
s 6492
f 3188/3680/3364 3262/3679/3364 3186/3678/3363 
s 6493
f 3188/3680/3364 3267/3681/3365 3262/3679/3364 
s 6494
f 3190/3682/3365 3267/3681/3365 3188/3680/3364 
s 6495
f 3190/3682/3365 3270/3683/3366 3267/3681/3365 
s 6496
f 3193/3684/3366 3270/3683/3366 3190/3682/3365 
s 6497
f 3193/3684/3366 3273/3685/3367 3270/3683/3366 
s 6498
f 3196/3686/3367 3273/3685/3367 3193/3684/3366 
s 6499
f 3196/3686/3367 3277/3687/3368 3273/3685/3367 
s 6500
f 3200/3688/3368 3277/3687/3368 3196/3686/3367 
s 6501
f 3200/3688/3368 3282/3689/3369 3277/3687/3368 
s 6502
f 3205/3690/3369 3282/3689/3369 3200/3688/3368 
s 6503
f 3205/3690/3369 3284/3691/3370 3282/3689/3369 
s 6504
f 3207/3692/3370 3284/3691/3370 3205/3690/3369 
s 6505
f 3207/3692/3370 3286/3693/3371 3284/3691/3370 
s 6506
f 3209/3694/3371 3286/3693/3371 3207/3692/3370 
# 6506 faces

#
# object Mesh_0005
#

v  0.8636 7.5608 5.6253
v  0.9821 7.5584 5.6288
v  0.9202 7.5833 5.4557
v  0.8583 7.5715 5.4259
v  0.9815 7.5821 5.4575
v  0.7577 7.5420 5.5777
v  0.9641 7.5408 5.2921
v  1.1069 7.5390 5.5961
v  0.8111 7.4786 5.7988
v  1.0396 7.5701 5.4358
v  0.9718 7.4732 5.7987
v  0.6692 7.4545 5.7371
v  1.0905 7.5505 5.3976
v  1.1483 7.4457 5.7525
v  1.2052 7.5012 5.5222
v  0.9672 7.3370 5.9671
v  1.1199 7.5244 5.3438
v  0.7685 7.3431 5.9658
v  1.2873 7.3922 5.6480
v  1.1834 7.3034 5.9105
v  0.5989 7.3148 5.8933
v  0.9598 7.1566 6.1162
v  1.2620 7.4507 5.4184
v  1.3537 7.2379 5.7826
v  0.7450 7.1654 6.1197
v  1.1299 7.4977 5.2875
v  0.5515 7.1326 6.0357
v  1.2009 7.1190 6.0531
v  1.2687 7.3954 5.3004
v  0.9558 6.9458 6.2399
v  0.7320 6.9544 6.2424
v  1.1141 7.4730 5.2336
v  0.5304 6.9201 6.1545
v  1.3909 7.0459 5.9103
v  1.2381 7.3477 5.1963
v  0.7303 6.7247 6.3257
v  1.2055 6.9069 6.1745
v  1.0681 7.4521 5.1855
v  0.5368 6.6919 6.2417
v  1.4021 6.8312 6.0267
v  1.1630 7.3114 5.1133
v  0.9450 6.7159 6.3222
v  1.5157 6.7304 5.8191
v  1.3407 7.1773 5.1920
v  1.1862 6.6783 6.2590
v  1.5006 6.9485 5.7097
v  1.3771 7.2426 5.3343
v  0.7400 6.4917 6.3637
v  1.4521 7.1505 5.6027
v  0.5704 6.4635 6.2912
v  1.3677 7.3209 5.5012
v  1.4636 7.0546 5.3984
v  1.4170 6.9740 5.2227
v  0.6289 6.2505 6.2999
v  1.2424 7.1284 5.0803
v  1.5134 6.8415 5.4818
v  0.7709 6.2746 6.3616
v  0.9387 6.4857 6.3651
v  0.7083 6.0675 6.2669
v  1.3009 6.9154 5.0889
v  1.4684 6.7537 5.2908
v  0.9315 6.2692 6.3615
v  1.5290 6.6196 5.5831
v  1.1550 6.4520 6.3085
v  1.1081 6.2417 6.3153
v  1.3345 6.6870 5.1385
v  1.4809 6.5283 5.3843
v  1.3761 6.6052 6.1163
v  1.3252 6.3865 6.1805
v  1.4858 6.5078 5.9157
v  1.2471 6.1882 6.2108
v  1.3410 6.4588 5.2257
v  1.4236 6.2992 6.0007
v  1.3274 6.1169 6.0639
v  1.4537 6.3131 5.4968
v  1.0576 6.0644 6.2854
v  1.3198 6.2463 5.3445
v  0.9328 6.0839 6.3181
v  1.3368 6.0386 5.8971
v  1.4987 6.4008 5.6878
v  1.4351 6.2033 5.7963
v  1.3886 6.1227 5.6206
v  0.8143 6.0862 6.3146
v  1.2724 6.0641 5.4869
v  0.8653 5.9387 6.2245
v  1.3004 5.9733 5.7548
v  0.9265 5.9375 6.2263
v  1.1888 5.8732 5.8855
v  1.2021 5.9244 5.6431
v  1.1137 5.8369 5.8025
v  1.2194 5.9208 5.9897
v  0.8033 5.9268 6.1947
v  0.9846 5.9254 6.2046
v  1.1559 6.0266 6.2115
v  1.2127 5.9762 6.1077
v  0.9072 5.8381 6.0880
v  1.0749 5.8530 6.0563
v  1.0355 5.9058 6.1664
v  1.0649 5.8797 6.1126
v  1.0591 5.8284 6.0024
v  1.0131 5.8074 5.9543
# 101 vertices

vn -0.1240 0.9566 0.2636
vn 0.0961 0.9541 0.2835
vn -0.0608 0.9966 -0.0551
vn -0.1435 0.9858 -0.0874
vn 0.0997 0.9941 -0.0422
vn -0.2588 0.9427 0.2104
vn 0.1320 0.9289 -0.3461
vn 0.3569 0.9004 0.2486
vn -0.1580 0.8507 0.5013
vn 0.2303 0.9688 -0.0920
vn 0.1435 0.8281 0.5419
vn -0.3318 0.8338 0.4412
vn 0.3347 0.9272 -0.1683
vn 0.4247 0.7714 0.4738
vn 0.2506 0.8591 0.4463
vn 0.5677 0.8184 0.0890
vn 0.1515 0.6971 0.7008
vn 0.3938 0.8757 -0.2793
vn -0.1846 0.7198 0.6692
vn 0.6941 0.6650 0.2755
vn 0.4598 0.6401 0.6155
vn -0.3774 0.6996 0.6068
vn 0.1609 0.5641 0.8099
vn 0.6909 0.7104 -0.1341
vn 0.7530 0.5252 0.3964
vn -0.1917 0.5803 0.7916
vn 0.4165 0.8138 -0.4052
vn -0.4095 0.5514 0.7268
vn 0.4744 0.5060 0.7203
vn 0.7046 0.6107 -0.3614
vn 0.1608 0.4135 0.8962
vn -0.2037 0.4202 0.8843
vn 0.3676 0.7528 -0.5460
vn -0.4230 0.3953 0.8154
vn 0.7813 0.3871 0.4897
vn 0.5338 0.5599 -0.6338
vn -0.2029 0.2460 0.9478
vn 0.4773 0.3590 0.8021
vn 0.3149 0.7249 -0.6126
vn -0.4204 0.2267 0.8786
vn 0.7873 0.2393 0.5683
vn 0.5273 0.4954 -0.6903
vn 0.1504 0.2510 0.9562
vn 0.9673 0.0801 0.2406
vn 0.7647 0.3257 -0.5560
vn 0.4642 0.2024 0.8623
vn 0.9590 0.2302 0.1650
vn 0.7757 0.4639 -0.4278
vn 0.8631 0.4186 -0.2825
vn -0.2066 0.0626 0.9764
vn 0.9223 0.3769 0.0856
vn -0.3995 0.0382 0.9159
vn 0.8474 0.5309 -0.0104
vn 0.9466 0.2447 -0.2102
vn 0.8477 0.1323 -0.5137
vn -0.3656 -0.1772 0.9137
vn 0.6632 0.2676 -0.6989
vn 0.9862 0.0945 -0.1358
vn -0.1915 -0.1514 0.9697
vn 0.1310 0.0829 0.9879
vn -0.3046 -0.4277 0.8510
vn 0.7382 0.0648 -0.6715
vn 0.8921 -0.0365 -0.4503
vn 0.1358 -0.0970 0.9860
vn 0.9962 -0.0618 -0.0610
vn 0.4396 0.0371 0.8974
vn 0.3938 -0.1537 0.9063
vn 0.7708 -0.1202 -0.6256
vn 0.9007 -0.2083 -0.3812
vn 0.7712 0.0848 0.6309
vn 0.7330 -0.0735 0.6762
vn 0.9489 -0.0734 0.3070
vn 0.6634 -0.2524 0.7044
vn 0.7772 -0.2876 -0.5597
vn 0.9021 -0.2261 0.3675
vn 0.8164 -0.3942 0.4220
vn 0.8810 -0.3707 -0.2940
vn 0.3133 -0.4052 0.8589
vn 0.7600 -0.4449 -0.4738
vn 0.0755 -0.3735 0.9245
vn 0.8313 -0.5318 0.1617
vn 0.9757 -0.2186 0.0106
vn 0.9260 -0.3696 0.0770
vn 0.8258 -0.5249 -0.2065
vn -0.1695 -0.4033 0.8992
vn 0.7161 -0.5966 -0.3623
vn -0.0077 -0.2436 0.9698
vn -0.1168 -0.6766 0.7271
vn 0.7312 -0.6765 -0.0875
vn 0.0439 -0.6739 0.7375
vn 0.5666 -0.8221 0.0559
vn 0.6294 -0.7434 -0.2263
vn 0.4815 -0.8750 -0.0497
vn 0.6606 -0.7064 0.2542
vn -0.1995 -0.6899 0.6959
vn 0.1744 -0.7030 0.6895
vn 0.5240 -0.4866 0.6990
vn 0.6473 -0.5952 0.4762
vn 0.0719 -0.8669 0.4933
vn 0.3607 -0.8542 0.3745
vn 0.2789 -0.7407 0.6112
vn 0.3379 -0.7960 0.5022
vn 0.3117 -0.9204 0.2361
vn 0.2589 -0.9507 0.1707
# 104 vertex normals

vt 1.5078 0.7795 0.0000
vt 1.4707 0.7577 0.0000
vt 1.4639 0.8303 0.0000
vt 1.4795 0.8551 0.0000
vt 1.4434 0.8131 0.0000
vt 1.5439 0.8129 0.0000
vt 1.3975 0.8705 0.0000
vt 1.4346 0.7456 0.0000
vt 1.5400 0.7231 0.0000
vt 1.4219 0.8029 0.0000
vt 1.4902 0.7026 0.0000
vt 1.5947 0.7556 0.0000
vt 1.3994 0.7996 0.0000
vt 1.4434 0.6914 0.0000
vt 1.3994 0.7417 0.0000
vt 1.5039 0.6460 0.0000
vt 1.3770 0.8030 0.0000
vt 1.5635 0.6616 0.0000
vt 1.3994 0.6880 0.0000
vt 1.4492 0.6377 0.0000
vt 1.6328 0.6868 0.0000
vt 1.5117 0.5879 0.0000
vt 1.3643 0.7458 0.0000
vt 1.3984 0.6353 0.0000
vt 1.5771 0.5962 0.0000
vt 1.3555 0.8132 0.0000
vt 1.6563 0.6099 0.0000
vt 1.4531 0.5833 0.0000
vt 1.3281 0.7584 0.0000
vt 1.5137 0.5283 0.0000
vt 1.5820 0.5286 0.0000
vt 1.3369 0.8306 0.0000
vt 1.6641 0.5288 0.0000
vt 1.3984 0.5820 0.0000
vt 1.2930 0.7805 0.0000
vt 1.5771 0.4609 0.0000
vt 1.4541 0.5283 0.0000
vt 1.3223 0.8550 0.0000
vt 1.6553 0.4478 0.0000
vt 1.3975 0.5283 0.0000
vt 1.2578 0.8141 0.0000
vt 1.5107 0.4692 0.0000
vt 1.3418 0.5286 0.0000
vt 1.2588 0.7249 0.0000
vt 1.4521 0.4736 0.0000
vt 1.3428 0.5837 0.0000
vt 1.3086 0.7039 0.0000
vt 1.5625 0.3955 0.0000
vt 1.3477 0.6382 0.0000
vt 1.6318 0.3711 0.0000
vt 1.3545 0.6919 0.0000
vt 1.2939 0.6475 0.0000
vt 1.2344 0.6638 0.0000
vt 1.5947 0.3022 0.0000
vt 1.2061 0.7583 0.0000
vt 1.2842 0.5889 0.0000
vt 1.5400 0.3340 0.0000
vt 1.5029 0.4106 0.0000
vt 1.5449 0.2446 0.0000
vt 1.1660 0.6907 0.0000
vt 1.2188 0.5984 0.0000
vt 1.4893 0.3535 0.0000
vt 1.2813 0.5291 0.0000
vt 1.4482 0.4189 0.0000
vt 1.4424 0.3643 0.0000
vt 1.1396 0.6138 0.0000
vt 1.2119 0.5300 0.0000
vt 1.3975 0.4746 0.0000
vt 1.3975 0.4214 0.0000
vt 1.3418 0.4736 0.0000
vt 1.3975 0.3677 0.0000
vt 1.1299 0.5317 0.0000
vt 1.3457 0.4185 0.0000
vt 1.3516 0.3633 0.0000
vt 1.2158 0.4614 0.0000
vt 1.4336 0.3091 0.0000
vt 1.1357 0.4487 0.0000
vt 1.4707 0.2979 0.0000
vt 1.3037 0.3516 0.0000
vt 1.2832 0.4692 0.0000
vt 1.2900 0.4097 0.0000
vt 1.2285 0.3940 0.0000
vt 1.5078 0.2769 0.0000
vt 1.1572 0.3691 0.0000
vt 1.4648 0.2241 0.0000
vt 1.2520 0.3306 0.0000
vt 1.4443 0.2407 0.0000
vt 1.2861 0.2710 0.0000
vt 1.1953 0.2974 0.0000
vt 1.2471 0.2358 0.0000
vt 1.3232 0.2944 0.0000
vt 1.4824 0.2007 0.0000
vt 1.4209 0.2500 0.0000
vt 1.3975 0.3125 0.0000
vt 1.3604 0.3076 0.0000
vt 1.3975 0.1797 0.0000
vt 1.3525 0.2363 0.0000
vt 1.3975 0.2524 0.0000
vt 1.3750 0.2480 0.0000
vt 1.3330 0.2168 0.0000
vt 1.3174 0.1890 0.0000
# 101 texture coords

o Mesh_0005
g Mesh_0005
usemtl Bullsey_Material__48
s 1
f 3294/3695/3372 3295/3696/3373 3296/3697/3374 
s 2
f 3297/3698/3375 3294/3695/3372 3296/3697/3374 
s 3
f 3296/3697/3374 3295/3696/3373 3298/3699/3376 
s 4
f 3299/3700/3377 3294/3695/3372 3297/3698/3375 
s 5
f 3298/3699/3376 3300/3701/3378 3296/3697/3374 
s 6
f 3296/3697/3374 3300/3701/3378 3297/3698/3375 
s 7
f 3295/3696/3373 3301/3702/3379 3298/3699/3376 
s 8
f 3299/3700/3377 3302/3703/3380 3294/3695/3372 
s 9
f 3303/3704/3381 3300/3701/3378 3298/3699/3376 
s 10
f 3298/3699/3376 3301/3702/3379 3303/3704/3381 
s 11
f 3294/3695/3372 3304/3705/3382 3295/3696/3373 
s 12
f 3305/3706/3383 3302/3703/3380 3299/3700/3377 
s 13
f 3306/3707/3384 3300/3701/3378 3303/3704/3381 
s 14
f 3302/3703/3380 3304/3705/3382 3294/3695/3372 
s 15
f 3304/3705/3382 3307/3708/3385 3295/3696/3373 
s 16
f 3295/3696/3386 3307/3708/3385 3301/3702/3379 
s 17
f 3303/3704/3381 3308/3709/3387 3306/3707/3384 
s 18
f 3302/3703/3380 3309/3710/3388 3304/3705/3382 
s 19
f 3310/3711/3389 3300/3701/3378 3306/3707/3384 
s 20
f 3301/3702/3379 3308/3709/3387 3303/3704/3381 
s 21
f 3311/3712/3390 3309/3710/3388 3302/3703/3380 
s 22
f 3306/3707/3384 3308/3709/3387 3310/3711/3389 
s 23
f 3305/3706/3383 3311/3712/3390 3302/3703/3380 
s 24
f 3307/3708/3385 3312/3713/3391 3301/3702/3379 
s 25
f 3309/3710/3388 3313/3714/3392 3304/3705/3382 
s 26
f 3301/3702/3379 3312/3713/3391 3308/3709/3387 
s 27
f 3314/3715/3393 3311/3712/3390 3305/3706/3383 
s 28
f 3304/3705/3382 3313/3714/3392 3307/3708/3385 
s 29
f 3311/3712/3390 3315/3716/3394 3309/3710/3388 
s 30
f 3310/3711/3389 3308/3709/3387 3316/3717/3395 
s 31
f 3308/3709/3387 3312/3713/3391 3316/3717/3395 
s 32
f 3313/3714/3392 3317/3718/3396 3307/3708/3385 
s 33
f 3318/3719/3397 3315/3716/3394 3311/3712/3390 
s 34
f 3314/3715/3393 3318/3719/3397 3311/3712/3390 
s 35
f 3307/3708/3385 3317/3718/3396 3312/3713/3391 
s 36
f 3310/3711/3389 3316/3717/3395 3319/3720/3398 
s 37
f 3320/3721/3399 3318/3719/3397 3314/3715/3393 
s 38
f 3315/3716/3394 3321/3722/3400 3309/3710/3388 
s 39
f 3309/3710/3388 3321/3722/3400 3313/3714/3392 
s 40
f 3319/3720/3398 3316/3717/3395 3322/3723/3401 
s 41
f 3318/3719/3397 3323/3724/3402 3315/3716/3394 
s 42
f 3320/3721/3399 3324/3725/3403 3318/3719/3397 
s 43
f 3315/3716/3394 3323/3724/3402 3321/3722/3400 
s 44
f 3319/3720/3398 3322/3723/3401 3325/3726/3404 
s 45
f 3326/3727/3405 3324/3725/3403 3320/3721/3399 
s 46
f 3324/3725/3403 3323/3724/3402 3318/3719/3397 
s 47
f 3321/3722/3400 3327/3728/3406 3313/3714/3392 
s 48
f 3325/3726/3404 3322/3723/3401 3328/3729/3407 
s 49
f 3324/3725/3403 3329/3730/3408 3323/3724/3402 
s 50
f 3321/3722/3400 3323/3724/3402 3330/3731/3409 
s 51
f 3321/3722/3400 3330/3731/3409 3327/3728/3406 
s 52
f 3325/3726/3404 3328/3729/3407 3331/3732/3410 
s 53
f 3326/3727/3405 3332/3733/3411 3324/3725/3403 
s 54
f 3324/3725/3403 3332/3733/3411 3329/3730/3408 
s 55
f 3327/3728/3406 3330/3731/3409 3333/3734/3412 
s 56
f 3331/3732/3410 3328/3729/3407 3334/3735/3413 
s 57
f 3331/3732/3410 3300/3701/3378 3325/3726/3404 
s 58
f 3323/3724/3402 3329/3730/3408 3335/3736/3414 
s 59
f 3333/3734/3412 3336/3737/3415 3327/3728/3406 
s 60
f 3328/3729/3407 3337/3738/3416 3334/3735/3413 
s 61
f 3335/3736/3414 3338/3739/3417 3323/3724/3402 
s 62
f 3323/3724/3402 3338/3739/3417 3330/3731/3409 
s 63
f 3327/3728/3406 3336/3737/3415 3339/3740/3418 
s 64
f 3328/3729/3419 3340/3741/3420 3337/3738/3416 
s 65
f 3329/3730/3408 3341/3742/3421 3335/3736/3414 
s 66
f 3342/3743/3422 3327/3728/3406 3339/3740/3418 
s 67
f 3322/3723/3401 3340/3741/3420 3328/3729/3419 
s 68
f 3329/3730/3408 3343/3744/3423 3341/3742/3421 
s 69
f 3344/3745/3424 3342/3743/3422 3340/3741/3420 
s 70
f 3342/3743/3422 3339/3740/3418 3345/3746/3425 
s 71
f 3322/3723/3401 3344/3745/3424 3340/3741/3420 
s 72
f 3340/3741/3420 3345/3746/3425 3337/3738/3416 
s 73
f 3332/3733/3411 3343/3744/3423 3329/3730/3408 
s 74
f 3340/3741/3420 3342/3743/3422 3345/3746/3425 
s 75
f 3316/3717/3395 3344/3745/3424 3322/3723/3401 
s 76
f 3337/3738/3416 3345/3746/3425 3346/3747/3426 
s 77
f 3343/3744/3423 3347/3748/3427 3341/3742/3421 
s 78
f 3316/3717/3395 3312/3713/3391 3344/3745/3424 
s 79
f 3337/3738/3416 3346/3747/3426 3348/3749/3428 
s 80
f 3345/3746/3425 3339/3740/3418 3349/3750/3429 
s 81
f 3341/3742/3421 3347/3748/3427 3350/3751/3430 
s 82
f 3334/3735/3413 3337/3738/3416 3348/3749/3428 
s 83
f 3345/3746/3425 3349/3750/3429 3346/3747/3426 
s 84
f 3341/3742/3421 3350/3751/3430 3351/3752/3431 
s 85
f 3347/3748/3427 3352/3753/3432 3350/3751/3430 
s 86
f 3348/3749/3428 3346/3747/3426 3353/3754/3433 
s 87
f 3346/3747/3426 3349/3750/3429 3354/3755/3434 
s 88
f 3335/3736/3414 3341/3742/3421 3351/3752/3431 
s 89
f 3351/3752/3431 3350/3751/3430 3355/3756/3435 
s 90
f 3346/3747/3426 3354/3755/3434 3353/3754/3433 
s 91
f 3339/3740/3418 3356/3757/3436 3349/3750/3429 
s 92
f 3335/3736/3414 3351/3752/3431 3338/3739/3417 
s 93
f 3351/3752/3431 3355/3756/3435 3357/3758/3437 
s 94
f 3349/3750/3429 3356/3757/3436 3354/3755/3434 
s 95
f 3336/3737/3415 3356/3757/3436 3339/3740/3418 
s 96
f 3338/3739/3417 3351/3752/3431 3357/3758/3437 
s 97
f 3357/3758/3437 3355/3756/3435 3358/3759/3438 
s 98
f 3353/3754/3433 3354/3755/3434 3359/3760/3439 
s 99
f 3354/3755/3434 3356/3757/3436 3360/3761/3440 
s 100
f 3338/3739/3417 3357/3758/3437 3361/3762/3441 
s 101
f 3357/3758/3437 3358/3759/3438 3362/3763/3442 
s 102
f 3354/3755/3434 3360/3761/3440 3359/3760/3439 
s 103
f 3336/3737/3415 3363/3764/3443 3356/3757/3436 
s 104
f 3361/3762/3441 3357/3758/3437 3362/3763/3442 
s 105
f 3362/3763/3442 3358/3759/3438 3364/3765/3444 
s 106
f 3359/3760/3439 3360/3761/3440 3365/3766/3445 
s 107
f 3336/3737/3415 3361/3762/3441 3363/3764/3443 
s 108
f 3362/3763/3442 3366/3767/3446 3361/3762/3441 
s 109
f 3364/3765/3444 3367/3768/3447 3362/3763/3442 
s 110
f 3356/3757/3436 3368/3769/3448 3360/3761/3440 
s 111
f 3361/3762/3441 3366/3767/3446 3363/3764/3443 
s 112
f 3358/3759/3438 3369/3770/3449 3364/3765/3444 
s 113
f 3362/3763/3442 3367/3768/3447 3366/3767/3446 
s 114
f 3368/3769/3448 3370/3771/3450 3360/3761/3440 
s 115
f 3360/3761/3440 3370/3771/3450 3365/3766/3445 
s 116
f 3358/3759/3438 3371/3772/3451 3369/3770/3449 
s 117
f 3367/3768/3447 3372/3773/3452 3366/3767/3446 
s 118
f 3373/3774/3453 3368/3769/3448 3356/3757/3436 
s 119
f 3356/3757/3436 3363/3764/3443 3373/3774/3453 
s 120
f 3355/3756/3435 3371/3772/3451 3358/3759/3438 
s 121
f 3366/3767/3446 3372/3773/3452 3374/3775/3454 
s 122
f 3373/3774/3453 3375/3776/3455 3368/3769/3448 
s 123
f 3366/3767/3446 3374/3775/3454 3363/3764/3443 
s 124
f 3355/3756/3435 3376/3777/3456 3371/3772/3451 
s 125
f 3363/3764/3443 3374/3775/3454 3373/3774/3453 
s 126
f 3374/3775/3454 3375/3776/3455 3373/3774/3453 
s 127
f 3375/3776/3455 3377/3778/3457 3368/3769/3448 
s 128
f 3350/3751/3430 3376/3777/3456 3355/3756/3458 
s 129
f 3376/3777/3456 3378/3779/3459 3371/3772/3451 
s 130
f 3372/3773/3452 3379/3780/3460 3374/3775/3454 
s 131
f 3374/3775/3454 3379/3780/3460 3375/3776/3455 
s 132
f 3350/3751/3430 3352/3753/3432 3376/3777/3456 
s 133
f 3371/3772/3451 3378/3779/3459 3380/3781/3461 
s 134
f 3372/3773/3452 3381/3782/3462 3379/3780/3460 
s 135
f 3379/3780/3460 3382/3783/3463 3375/3776/3455 
s 136
f 3375/3776/3455 3382/3783/3463 3377/3778/3457 
s 137
f 3368/3769/3448 3377/3778/3457 3370/3771/3450 
s 138
f 3371/3772/3451 3380/3781/3461 3369/3770/3449 
s 139
f 3381/3782/3462 3383/3784/3464 3379/3780/3460 
s 140
f 3379/3780/3460 3383/3784/3464 3382/3783/3463 
s 141
f 3384/3785/3465 3381/3782/3462 3372/3773/3452 
s 142
f 3376/3777/3456 3385/3786/3466 3378/3779/3459 
s 143
f 3369/3770/3449 3380/3781/3461 3386/3787/3467 
s 144
f 3367/3768/3447 3384/3785/3465 3372/3773/3452 
s 145
f 3352/3753/3432 3385/3786/3466 3376/3777/3456 
s 146
f 3369/3770/3449 3386/3787/3467 3387/3788/3468 
s 147
f 3388/3789/3469 3384/3785/3465 3367/3768/3447 
s 148
f 3378/3779/3459 3389/3790/3470 3380/3781/3461 
s 149
f 3385/3786/3466 3389/3790/3470 3378/3779/3459 
s 150
f 3380/3781/3461 3389/3790/3470 3386/3787/3467 
s 151
f 3364/3765/3444 3369/3770/3449 3387/3788/3468 
s 152
f 3364/3765/3444 3388/3789/3469 3367/3768/3447 
s 153
f 3388/3789/3469 3390/3791/3471 3384/3785/3465 
s 154
f 3386/3787/3467 3389/3790/3470 3391/3792/3472 
s 155
f 3387/3788/3468 3388/3789/3469 3364/3765/3444 
s 156
f 3387/3788/3468 3386/3787/3467 3391/3792/3472 
s 157
f 3392/3793/3473 3390/3791/3471 3388/3789/3469 
s 158
f 3390/3791/3471 3393/3794/3474 3384/3785/3465 
s 159
f 3391/3792/3472 3389/3790/3470 3392/3793/3473 
s 160
f 3391/3792/3472 3392/3793/3473 3387/3788/3468 
s 161
f 3387/3788/3468 3392/3793/3473 3388/3789/3469 
s 162
f 3392/3793/3473 3389/3790/3470 3390/3791/3471 
s 163
f 3390/3791/3471 3389/3790/3470 3393/3794/3474 
s 164
f 3384/3785/3465 3393/3794/3474 3381/3782/3462 
s 165
f 3393/3794/3474 3389/3790/3470 3394/3795/3475 
s 166
f 3393/3794/3474 3394/3795/3475 3381/3782/3462 
s 167
f 3381/3782/3462 3394/3795/3475 3383/3784/3464 
s 168
f 3312/3713/3391 3317/3718/3396 3344/3745/3424 
s 169
f 3344/3745/3424 3317/3718/3396 3342/3743/3422 
s 170
f 3317/3718/3396 3327/3728/3406 3342/3743/3422 
s 171
f 3313/3714/3392 3327/3728/3406 3317/3718/3396 
s 172
f 3338/3739/3417 3361/3762/3441 3330/3731/3409 
s 173
f 3330/3731/3409 3361/3762/3441 3333/3734/3412 
s 174
f 3333/3734/3412 3361/3762/3441 3336/3737/3415 
s 175
f 3319/3720/3398 3300/3701/3378 3310/3711/3389 
s 176
f 3325/3726/3404 3300/3701/3378 3319/3720/3398 
# 176 faces

#
# object Mesh_0018
#

v  -0.6380 5.0928 6.0723
v  -0.5919 4.9259 6.2647
v  -0.5278 5.2091 6.3055
v  -0.7198 4.6849 5.7180
v  -0.5193 5.0884 6.3734
v  -0.7545 4.8671 5.6325
v  -0.5764 4.7271 6.2150
v  -0.7495 4.4552 5.2141
v  -0.6992 4.5275 5.7812
v  -0.7722 4.6203 5.1163
v  -0.7230 4.2966 5.3181
v  -0.5680 4.5210 6.1893
v  -0.6878 4.2712 4.8589
v  -0.6644 4.1263 4.9719
v  -0.6986 4.1486 5.4174
v  -0.6695 4.3520 5.8509
v  -0.7190 4.4275 4.7487
v  -0.5163 4.0048 4.7820
v  -0.5361 4.3059 6.1958
v  -0.5489 4.1507 4.6666
v  -0.6448 3.9736 5.0842
v  -0.6324 4.1690 5.9226
v  -0.5674 4.3097 4.5303
v  -0.4506 4.0729 6.2522
v  -0.6643 3.9651 5.5446
v  -0.4863 3.8531 4.9096
v  -0.5329 3.9334 6.0198
v  -0.6077 3.7959 5.2317
v  -0.5622 3.7534 5.6777
v  -0.3854 3.7343 6.1125
v  -0.4544 3.6715 5.0436
v  -0.4061 3.5636 5.7957
v  -0.5109 3.6047 5.3721
v  -0.3127 3.9119 6.3348
v  -0.3758 3.5133 5.2015
v  -0.1526 3.6228 6.1737
v  -0.1747 3.4537 5.8656
v  -0.3681 3.4563 5.4897
v  -0.0947 3.8054 6.3937
v  -0.2733 3.4197 5.3314
v  -0.1447 3.3371 5.5676
v  0.1152 3.5691 6.2035
v  -0.0946 3.4177 5.1096
v  0.1473 3.7611 6.4360
v  -0.0571 3.3356 5.3170
v  0.1022 3.3967 5.8951
v  0.3853 3.5494 6.2083
v  0.1650 3.3606 5.0872
v  0.3853 3.3788 5.9019
v  0.1215 3.2875 5.5838
v  0.1686 3.2859 5.3215
v  0.3853 3.7542 6.4571
v  0.6233 3.7611 6.4360
v  0.3853 3.3411 5.0784
v  0.3853 3.2661 5.5900
v  0.6554 3.5691 6.2035
v  0.3853 3.2672 5.3215
v  0.6684 3.3967 5.8951
v  0.8653 3.8054 6.3937
v  0.6020 3.2859 5.3215
v  0.6491 3.2875 5.5838
v  0.9232 3.6228 6.1737
v  1.0832 3.9119 6.3348
v  0.6056 3.3606 5.0872
v  0.9452 3.4537 5.8656
v  1.1560 3.7343 6.1125
v  0.9153 3.3371 5.5676
v  0.8277 3.3356 5.3170
v  1.1767 3.5636 5.7957
v  1.2212 4.0729 6.2522
v  0.8652 3.4177 5.1096
v  1.3035 3.9334 6.0198
v  1.0439 3.4197 5.3314
v  1.3328 3.7534 5.6777
v  1.4030 4.1690 5.9226
v  1.1464 3.5133 5.2015
v  1.1387 3.4563 5.4897
v  1.3067 4.3059 6.1958
v  1.2815 3.6047 5.3721
v  1.4401 4.3520 5.8509
v  1.2250 3.6715 5.0436
v  1.4348 3.9651 5.5446
v  1.3386 4.5210 6.1893
v  1.3783 3.7959 5.2317
v  1.4691 4.1486 5.4174
v  1.4698 4.5275 5.7812
v  1.2569 3.8531 4.9096
v  1.3470 4.7271 6.2150
v  1.4154 3.9736 5.0842
v  1.4904 4.6849 5.7180
v  1.2869 4.0048 4.7820
v  1.4936 4.2966 5.3181
v  1.3624 4.9259 6.2647
v  1.4350 4.1263 4.9719
v  1.4086 5.0928 6.0723
v  1.4584 4.2712 4.8589
v  1.5201 4.4552 5.2141
v  1.2984 5.2091 6.3055
v  1.3194 4.1507 4.6666
v  1.5251 4.8671 5.6325
v  1.2899 5.0884 6.3734
v  1.4896 4.4275 4.7487
v  1.5428 4.6203 5.1163
v  1.3380 4.3097 4.5303
# 104 vertices

vn -0.9207 0.1568 0.3573
vn -0.9521 0.0262 0.3048
vn -0.9169 0.1544 0.3681
vn -0.9732 -0.0046 0.2297
vn -0.9782 -0.0758 0.1932
vn -0.9116 0.1512 0.3822
vn -0.9739 -0.0874 0.2097
vn -0.9586 -0.0514 0.2802
vn -0.9504 -0.1094 0.2910
vn -0.9890 -0.1474 0.0108
vn -0.9775 -0.0672 0.1998
vn -0.9914 -0.1306 0.0098
vn -0.9929 -0.0907 0.0774
vn -0.9887 -0.1488 0.0190
vn -0.9496 -0.0765 0.3039
vn -0.9233 -0.3228 -0.2081
vn -0.9228 -0.3088 -0.2302
vn -0.9869 -0.1587 0.0288
vn -0.9373 -0.1035 0.3327
vn -0.9685 -0.0916 0.2317
vn -0.9243 -0.3237 -0.2022
vn -0.9762 -0.2149 -0.0286
vn -0.8190 -0.4417 -0.3663
vn -0.9120 -0.1557 0.3796
vn -0.8374 -0.4266 -0.3416
vn -0.9118 -0.3415 -0.2281
vn -0.9404 -0.1725 0.2930
vn -0.8382 -0.4079 -0.3618
vn -0.8321 -0.2870 0.4746
vn -0.9610 -0.2609 0.0914
vn -0.7972 -0.4657 -0.3843
vn -0.8676 -0.3333 0.3690
vn -0.8936 -0.4213 -0.1548
vn -0.8744 -0.4483 0.1858
vn -0.6608 -0.5701 0.4881
vn -0.7936 -0.5181 -0.3189
vn -0.6741 -0.6798 0.2889
vn -0.8020 -0.5958 -0.0423
vn -0.6169 -0.5058 0.6029
vn -0.6168 -0.7529 -0.2295
vn -0.3707 -0.7307 0.5733
vn -0.3627 -0.8464 0.3900
vn -0.6216 -0.7818 0.0493
vn -0.3440 -0.6813 0.6461
vn -0.4468 -0.8753 -0.1850
vn -0.3381 -0.9336 0.1191
vn -0.1500 -0.8082 0.5695
vn -0.3080 -0.8998 -0.3091
vn -0.1524 -0.7535 0.6395
vn -0.2735 -0.9428 -0.1907
vn -0.1448 -0.9010 0.4090
vn -0.2258 -0.8471 0.4811
vn 0.0000 -0.8257 0.5642
vn -0.1557 -0.9395 -0.3052
vn 0.0000 -0.9112 0.4120
vn -0.1401 -0.9785 0.1514
vn -0.1437 -0.9772 -0.1566
vn 0.0000 -0.7721 0.6355
vn 0.1524 -0.7535 0.6395
vn 0.0000 -0.9548 -0.2972
vn 0.0000 -0.9854 0.1703
vn 0.1500 -0.8082 0.5695
vn 0.0000 -0.9890 -0.1479
vn 0.1448 -0.9010 0.4090
vn 0.3440 -0.6813 0.6461
vn 0.1437 -0.9772 -0.1566
vn 0.1401 -0.9785 0.1514
vn 0.3549 -0.7456 0.5640
vn 0.6169 -0.5058 0.6029
vn 0.1557 -0.9395 -0.3052
vn 0.3627 -0.8464 0.3900
vn 0.6608 -0.5701 0.4881
vn 0.3381 -0.9336 0.1191
vn 0.2735 -0.9428 -0.1907
vn 0.6741 -0.6798 0.2889
vn 0.8321 -0.2870 0.4746
vn 0.3080 -0.8998 -0.3091
vn 0.8676 -0.3333 0.3690
vn 0.4468 -0.8753 -0.1850
vn 0.8581 -0.4587 0.2307
vn 0.9404 -0.1725 0.2930
vn 0.6168 -0.7529 -0.2295
vn 0.6216 -0.7818 0.0493
vn 0.9120 -0.1557 0.3796
vn 0.8020 -0.5958 -0.0423
vn 0.9685 -0.0916 0.2317
vn 0.7936 -0.5181 -0.3189
vn 0.9610 -0.2609 0.0914
vn 0.9437 -0.0900 0.3183
vn 0.8936 -0.4213 -0.1548
vn 0.9110 -0.4099 0.0464
vn 0.9869 -0.1587 0.0288
vn 0.9775 -0.0672 0.1998
vn 0.7972 -0.4657 -0.3843
vn 0.9504 -0.1094 0.2910
vn 0.9118 -0.3415 -0.2281
vn 0.9782 -0.0758 0.1932
vn 0.8190 -0.4417 -0.3663
vn 0.9887 -0.1488 0.0190
vn 0.9521 0.0262 0.3048
vn 0.9228 -0.3088 -0.2302
vn 0.9575 0.0489 0.2841
vn 0.9233 -0.3228 -0.2081
vn 0.9890 -0.1474 0.0108
vn 0.9169 0.1544 0.3681
vn 0.8374 -0.4266 -0.3416
vn 0.9767 -0.0878 0.1957
vn 0.9116 0.1512 0.3822
vn 0.9243 -0.3237 -0.2022
vn 0.9897 -0.1430 0.0041
vn 0.8382 -0.4079 -0.3618
# 111 vertex normals

vt -0.9756 0.9196 0.0000
vt -0.9170 0.9438 0.0000
vt -0.9761 0.9856 0.0000
vt -0.9302 0.7947 0.0000
vt -0.9385 0.9870 0.0000
vt -0.9751 0.7992 0.0000
vt -0.8838 0.9086 0.0000
vt -0.9385 0.6714 0.0000
vt -0.8921 0.7874 0.0000
vt -0.9805 0.6758 0.0000
vt -0.8955 0.6697 0.0000
vt -0.8384 0.8730 0.0000
vt -0.9414 0.5784 0.0000
vt -0.8984 0.5781 0.0000
vt -0.8555 0.6689 0.0000
vt -0.8496 0.7780 0.0000
vt -0.9858 0.5845 0.0000
vt -0.8926 0.5103 0.0000
vt -0.7988 0.8412 0.0000
vt -0.9375 0.5088 0.0000
vt -0.8530 0.5789 0.0000
vt -0.8062 0.7670 0.0000
vt -0.9927 0.5093 0.0000
vt -0.7471 0.8185 0.0000
vt -0.8052 0.6694 0.0000
vt -0.8398 0.5110 0.0000
vt -0.7471 0.7540 0.0000
vt -0.7979 0.5845 0.0000
vt -0.7456 0.6680 0.0000
vt -0.6885 0.7446 0.0000
vt -0.7778 0.5149 0.0000
vt -0.6860 0.6680 0.0000
vt -0.7368 0.5867 0.0000
vt -0.6914 0.8088 0.0000
vt -0.7129 0.5210 0.0000
vt -0.6279 0.7412 0.0000
vt -0.6279 0.6675 0.0000
vt -0.6826 0.5950 0.0000
vt -0.6235 0.8016 0.0000
vt -0.6680 0.5505 0.0000
vt -0.6226 0.5984 0.0000
vt -0.5640 0.7385 0.0000
vt -0.6299 0.4878 0.0000
vt -0.5615 0.7988 0.0000
vt -0.6099 0.5386 0.0000
vt -0.5645 0.6655 0.0000
vt -0.5000 0.7368 0.0000
vt -0.5596 0.4727 0.0000
vt -0.5000 0.6643 0.0000
vt -0.5610 0.5945 0.0000
vt -0.5532 0.5337 0.0000
vt -0.5000 0.8014 0.0000
vt -0.4387 0.7988 0.0000
vt -0.5000 0.4648 0.0000
vt -0.5000 0.5933 0.0000
vt -0.4360 0.7385 0.0000
vt -0.5000 0.5313 0.0000
vt -0.4355 0.6655 0.0000
vt -0.3762 0.8016 0.0000
vt -0.4470 0.5337 0.0000
vt -0.4392 0.5945 0.0000
vt -0.3721 0.7412 0.0000
vt -0.3086 0.8088 0.0000
vt -0.4404 0.4727 0.0000
vt -0.3718 0.6675 0.0000
vt -0.3115 0.7446 0.0000
vt -0.3774 0.5984 0.0000
vt -0.3901 0.5386 0.0000
vt -0.3137 0.6680 0.0000
vt -0.2532 0.8185 0.0000
vt -0.3701 0.4878 0.0000
vt -0.2529 0.7540 0.0000
vt -0.3320 0.5505 0.0000
vt -0.2544 0.6680 0.0000
vt -0.1938 0.7670 0.0000
vt -0.2871 0.5210 0.0000
vt -0.3174 0.5950 0.0000
vt -0.2012 0.8412 0.0000
vt -0.2629 0.5867 0.0000
vt -0.1505 0.7780 0.0000
vt -0.2223 0.5149 0.0000
vt -0.1948 0.6694 0.0000
vt -0.1615 0.8730 0.0000
vt -0.2021 0.5845 0.0000
vt -0.1448 0.6689 0.0000
vt -0.1081 0.7874 0.0000
vt -0.1603 0.5110 0.0000
vt -0.1160 0.9086 0.0000
vt -0.1469 0.5789 0.0000
vt -0.0699 0.7947 0.0000
vt -0.1074 0.5103 0.0000
vt -0.1044 0.6697 0.0000
vt -0.0833 0.9438 0.0000
vt -0.1015 0.5781 0.0000
vt -0.0243 0.9196 0.0000
vt -0.0584 0.5784 0.0000
vt -0.0618 0.6714 0.0000
vt -0.0239 0.9856 0.0000
vt -0.0623 0.5088 0.0000
vt -0.0247 0.7992 0.0000
vt -0.0615 0.9870 0.0000
vt -0.0141 0.5845 0.0000
vt -0.0193 0.6758 0.0000
vt -0.0072 0.5093 0.0000
# 104 texture coords

o Mesh_0018
g Mesh_0018
usemtl Bullsey_Material__47
s 1
f 3395/3796/3476 3396/3797/3477 3397/3798/3478 
s 2
f 3395/3796/3479 3398/3799/3480 3396/3797/3477 
s 3
f 3397/3798/3478 3396/3797/3477 3399/3800/3481 
s 4
f 3400/3801/3482 3398/3799/3480 3395/3796/3483 
s 5
f 3398/3799/3480 3401/3802/3484 3396/3797/3477 
s 6
f 3400/3801/3482 3402/3803/3485 3398/3799/3480 
s 7
f 3403/3804/3486 3401/3802/3484 3398/3799/3480 
s 8
f 3404/3805/3487 3402/3803/3485 3400/3801/3488 
s 9
f 3398/3799/3480 3405/3806/3489 3403/3804/3486 
s 10
f 3402/3803/3485 3405/3806/3489 3398/3799/3480 
s 11
f 3401/3802/3484 3403/3804/3486 3406/3807/3490 
s 12
f 3404/3805/3487 3407/3808/3491 3402/3803/3485 
s 13
f 3402/3803/3485 3408/3809/3492 3405/3806/3489 
s 14
f 3407/3808/3491 3408/3809/3492 3402/3803/3485 
s 15
f 3405/3806/3489 3409/3810/3493 3403/3804/3486 
s 16
f 3406/3807/3494 3403/3804/3486 3410/3811/3495 
s 17
f 3411/3812/3496 3407/3808/3491 3404/3805/3497 
s 18
f 3407/3808/3491 3412/3813/3498 3408/3809/3492 
s 19
f 3403/3804/3486 3409/3810/3493 3410/3811/3495 
s 20
f 3406/3807/3494 3410/3811/3495 3413/3814/3499 
s 21
f 3411/3812/3496 3414/3815/3500 3407/3808/3491 
s 22
f 3414/3815/3500 3412/3813/3498 3407/3808/3491 
s 23
f 3412/3813/3498 3415/3816/3501 3408/3809/3492 
s 24
f 3405/3806/3489 3415/3816/3501 3409/3810/3493 
s 25
f 3413/3814/3499 3410/3811/3495 3416/3817/3502 
s 26
f 3417/3818/3503 3414/3815/3500 3411/3812/3496 
s 27
f 3408/3809/3492 3415/3816/3501 3405/3806/3489 
s 28
f 3416/3817/3502 3418/3819/3504 3413/3814/3499 
s 29
f 3409/3810/3493 3419/3820/3505 3410/3811/3495 
s 30
f 3420/3821/3506 3415/3816/3501 3412/3813/3498 
s 31
f 3410/3811/3495 3419/3820/3505 3416/3817/3502 
s 32
f 3421/3822/3507 3418/3819/3504 3416/3817/3502 
s 33
f 3415/3816/3501 3422/3823/3508 3409/3810/3493 
s 34
f 3420/3821/3506 3422/3823/3508 3415/3816/3501 
s 35
f 3409/3810/3493 3422/3823/3508 3419/3820/3505 
s 36
f 3416/3817/3502 3423/3824/3509 3421/3822/3507 
s 37
f 3424/3825/3510 3418/3819/3504 3421/3822/3507 
s 38
f 3425/3826/3511 3422/3823/3508 3420/3821/3506 
s 39
f 3419/3820/3505 3423/3824/3509 3416/3817/3502 
s 40
f 3424/3825/3510 3421/3822/3507 3426/3827/3512 
s 41
f 3425/3826/3511 3427/3828/3513 3422/3823/3508 
s 42
f 3422/3823/3508 3427/3828/3513 3419/3820/3505 
s 43
f 3419/3820/3505 3427/3828/3513 3423/3824/3509 
s 44
f 3428/3829/3514 3418/3819/3504 3424/3825/3510 
s 45
f 3426/3827/3512 3421/3822/3507 3423/3824/3509 
s 46
f 3429/3830/3515 3427/3828/3513 3425/3826/3511 
s 47
f 3430/3831/3516 3428/3829/3514 3424/3825/3510 
s 48
f 3431/3832/3517 3424/3825/3510 3426/3827/3512 
s 49
f 3427/3828/3513 3432/3833/3518 3423/3824/3509 
s 50
f 3429/3830/3515 3432/3833/3518 3427/3828/3513 
s 51
f 3430/3831/3516 3424/3825/3510 3431/3832/3517 
s 52
f 3433/3834/3519 3428/3829/3514 3430/3831/3516 
s 53
f 3423/3824/3509 3432/3833/3518 3426/3827/3512 
s 54
f 3434/3835/3520 3432/3833/3518 3429/3830/3515 
s 55
f 3426/3827/3512 3435/3836/3521 3431/3832/3517 
s 56
f 3436/3837/3522 3433/3834/3519 3430/3831/3516 
s 57
f 3432/3833/3518 3434/3835/3520 3435/3836/3521 
s 58
f 3437/3838/3523 3434/3835/3520 3429/3830/3515 
s 59
f 3432/3833/3518 3435/3836/3521 3426/3827/3512 
s 60
f 3438/3839/3524 3433/3834/3519 3436/3837/3522 
s 61
f 3439/3840/3525 3434/3835/3520 3437/3838/3523 
s 62
f 3436/3837/3522 3430/3831/3516 3440/3841/3526 
s 63
f 3435/3836/3521 3434/3835/3520 3439/3840/3525 
s 64
f 3440/3841/3526 3430/3831/3527 3431/3832/3517 
s 65
f 3441/3842/3528 3438/3839/3524 3436/3837/3522 
s 66
f 3435/3836/3521 3440/3841/3526 3431/3832/3517 
s 67
f 3442/3843/3529 3439/3840/3525 3437/3838/3523 
s 68
f 3441/3842/3528 3436/3837/3522 3443/3844/3530 
s 69
f 3444/3845/3531 3440/3841/3526 3435/3836/3521 
s 70
f 3445/3846/3532 3439/3840/3525 3442/3843/3529 
s 71
f 3446/3847/3533 3438/3839/3524 3441/3842/3528 
s 72
f 3440/3841/3526 3444/3845/3531 3443/3844/3530 
s 73
f 3444/3845/3531 3439/3840/3525 3445/3846/3532 
s 74
f 3435/3836/3521 3439/3840/3525 3444/3845/3531 
s 75
f 3443/3844/3530 3436/3837/3522 3440/3841/3526 
s 76
f 3441/3842/3528 3447/3848/3534 3446/3847/3533 
s 77
f 3448/3849/3535 3445/3846/3532 3442/3843/3529 
s 78
f 3443/3844/3530 3444/3845/3531 3449/3850/3536 
s 79
f 3441/3842/3528 3443/3844/3530 3450/3851/3537 
s 80
f 3450/3851/3537 3447/3848/3534 3441/3842/3528 
s 81
f 3451/3852/3538 3445/3846/3532 3448/3849/3535 
s 82
f 3444/3845/3531 3445/3846/3532 3449/3850/3536 
s 83
f 3450/3851/3537 3443/3844/3530 3452/3853/3539 
s 84
f 3450/3851/3537 3453/3854/3540 3447/3848/3534 
s 85
f 3449/3850/3536 3445/3846/3532 3451/3852/3538 
s 86
f 3451/3852/3538 3448/3849/3535 3454/3855/3541 
s 87
f 3443/3844/3530 3455/3856/3542 3452/3853/3539 
s 88
f 3456/3857/3543 3453/3854/3540 3450/3851/3537 
s 89
f 3451/3852/3538 3454/3855/3541 3449/3850/3536 
s 90
f 3449/3850/3536 3455/3856/3542 3443/3844/3530 
s 91
f 3452/3853/3539 3456/3857/3543 3450/3851/3537 
s 92
f 3456/3857/3543 3457/3858/3544 3453/3854/3540 
s 93
f 3449/3850/3536 3454/3855/3541 3455/3856/3542 
s 94
f 3454/3855/3541 3448/3849/3535 3458/3859/3545 
s 95
f 3459/3860/3546 3456/3857/3543 3452/3853/3539 
s 96
f 3460/3861/3547 3457/3858/3544 3456/3857/3543 
s 97
f 3461/3862/3548 3452/3853/3539 3455/3856/3542 
s 98
f 3454/3855/3541 3462/3863/3549 3455/3856/3542 
s 99
f 3459/3860/3546 3460/3861/3547 3456/3857/3543 
s 100
f 3454/3855/3541 3458/3859/3545 3462/3863/3549 
s 101
f 3459/3860/3546 3452/3853/3539 3461/3862/3548 
s 102
f 3455/3856/3542 3462/3863/3549 3461/3862/3548 
s 103
f 3463/3864/3550 3460/3861/3547 3459/3860/3546 
s 104
f 3460/3861/3547 3464/3865/3551 3457/3858/3544 
s 105
f 3462/3863/3549 3458/3859/3545 3465/3866/3552 
s 106
f 3459/3860/3546 3461/3862/3548 3463/3864/3550 
s 107
f 3463/3864/3550 3466/3867/3553 3460/3861/3547 
s 108
f 3466/3867/3553 3464/3865/3551 3460/3861/3547 
s 109
f 3462/3863/3549 3465/3866/3552 3467/3868/3554 
s 110
f 3462/3863/3549 3467/3868/3554 3461/3862/3548 
s 111
f 3468/3869/3555 3466/3867/3553 3463/3864/3550 
s 112
f 3469/3870/3556 3464/3865/3551 3466/3867/3553 
s 113
f 3467/3868/3554 3465/3866/3552 3470/3871/3557 
s 114
f 3463/3864/3550 3461/3862/3548 3471/3872/3558 
s 115
f 3468/3869/3555 3469/3870/3556 3466/3867/3553 
s 116
f 3470/3871/3557 3471/3872/3558 3467/3868/3554 
s 117
f 3472/3873/3559 3464/3865/3551 3469/3870/3556 
s 118
f 3461/3862/3548 3467/3868/3554 3471/3872/3558 
s 119
f 3463/3864/3550 3471/3872/3558 3468/3869/3555 
s 120
f 3473/3874/3560 3471/3872/3558 3470/3871/3557 
s 121
f 3469/3870/3556 3474/3875/3561 3472/3873/3559 
s 122
f 3468/3869/3555 3471/3872/3558 3473/3874/3560 
s 123
f 3475/3876/3562 3473/3874/3560 3470/3871/3557 
s 124
f 3476/3877/3563 3469/3870/3556 3468/3869/3555 
s 125
f 3476/3877/3563 3474/3875/3561 3469/3870/3556 
s 126
f 3472/3873/3559 3474/3875/3561 3477/3878/3564 
s 127
f 3478/3879/3565 3473/3874/3560 3475/3876/3562 
s 128
f 3473/3874/3560 3476/3877/3563 3468/3869/3566 
s 129
f 3478/3879/3565 3476/3877/3563 3473/3874/3560 
s 130
f 3479/3880/3567 3474/3875/3561 3476/3877/3563 
s 131
f 3478/3879/3565 3479/3880/3567 3476/3877/3563 
s 132
f 3474/3875/3561 3480/3881/3568 3477/3878/3564 
s 133
f 3481/3882/3569 3478/3879/3565 3475/3876/3562 
s 134
f 3479/3880/3567 3480/3881/3568 3474/3875/3561 
s 135
f 3477/3878/3564 3480/3881/3568 3482/3883/3570 
s 136
f 3483/3884/3571 3478/3879/3565 3481/3882/3569 
s 137
f 3483/3884/3571 3479/3880/3567 3478/3879/3565 
s 138
f 3484/3885/3572 3482/3883/3570 3480/3881/3568 
s 139
f 3485/3886/3573 3483/3884/3571 3481/3882/3569 
s 140
f 3483/3884/3571 3486/3887/3574 3479/3880/3567 
s 141
f 3486/3887/3574 3484/3885/3572 3480/3881/3568 
s 142
f 3486/3887/3574 3480/3881/3568 3479/3880/3567 
s 143
f 3487/3888/3575 3482/3883/3570 3484/3885/3572 
s 144
f 3488/3889/3576 3483/3884/3571 3485/3886/3573 
s 145
f 3488/3889/3576 3486/3887/3574 3483/3884/3571 
s 146
f 3484/3885/3572 3489/3890/3577 3487/3888/3575 
s 147
f 3485/3886/3573 3490/3891/3578 3488/3889/3576 
s 148
f 3488/3889/3576 3491/3892/3579 3486/3887/3574 
s 149
f 3491/3892/3579 3484/3885/3572 3486/3887/3574 
s 150
f 3490/3891/3578 3491/3892/3579 3488/3889/3576 
s 151
f 3489/3890/3577 3492/3893/3580 3487/3888/3575 
s 152
f 3493/3894/3581 3490/3891/3578 3485/3886/3573 
s 153
f 3491/3892/3579 3494/3895/3582 3484/3885/3572 
s 154
f 3494/3895/3582 3489/3890/3577 3484/3885/3572 
s 155
f 3487/3888/3575 3492/3893/3580 3495/3896/3583 
s 156
f 3493/3894/3581 3496/3897/3584 3490/3891/3578 
s 157
f 3497/3898/3585 3494/3895/3582 3491/3892/3579 
s 158
f 3496/3897/3584 3497/3898/3585 3490/3891/3578 
s 159
f 3490/3891/3578 3497/3898/3585 3491/3892/3579 
s 160
f 3498/3899/3586 3496/3897/3584 3493/3894/3581 
# 160 faces

#
# object Mesh_0019
#

v  -0.2109 7.5821 5.4575
v  -0.2115 7.5584 5.6288
v  -0.1497 7.5833 5.4557
v  -0.3363 7.5390 5.5961
v  -0.0930 7.5608 5.6253
v  -0.2690 7.5701 5.4358
v  -0.0877 7.5715 5.4259
v  -0.2012 7.4732 5.7987
v  -0.4346 7.5012 5.5222
v  -0.1935 7.5408 5.2921
v  -0.0405 7.4786 5.7988
v  -0.3777 7.4457 5.7525
v  0.0129 7.5420 5.5777
v  -0.3199 7.5505 5.3976
v  0.1014 7.4545 5.7371
v  -0.5168 7.3922 5.6480
v  -0.3493 7.5244 5.3438
v  -0.1966 7.3370 5.9671
v  -0.4914 7.4507 5.4184
v  -0.3593 7.4977 5.2875
v  0.0021 7.3431 5.9658
v  -0.4128 7.3034 5.9105
v  -0.4981 7.3954 5.3004
v  0.1717 7.3148 5.8933
v  -0.5831 7.2379 5.7826
v  -0.3435 7.4730 5.2336
v  -0.1892 7.1566 6.1162
v  -0.5971 7.3209 5.5012
v  -0.4675 7.3477 5.1963
v  0.0255 7.1654 6.1197
v  -0.2975 7.4521 5.1855
v  -0.4304 7.1190 6.0531
v  0.2191 7.1326 6.0357
v  -0.3924 7.3114 5.1133
v  -0.6203 7.0459 5.9103
v  -0.1852 6.9458 6.2399
v  -0.6815 7.1505 5.6027
v  0.0386 6.9544 6.2424
v  -0.7300 6.9485 5.7097
v  -0.4349 6.9069 6.1745
v  0.2402 6.9201 6.1545
v  0.0403 6.7247 6.3257
v  0.2338 6.6919 6.2417
v  -0.6315 6.8312 6.0267
v  -0.6065 7.2426 5.3343
v  -0.4156 6.6783 6.2590
v  0.2002 6.4635 6.2912
v  -0.6055 6.6052 6.1163
v  -0.1744 6.7159 6.3222
v  -0.7451 6.7304 5.8191
v  -0.5701 7.1773 5.1920
v  0.0306 6.4917 6.3637
v  -0.7584 6.6196 5.5831
v  0.1417 6.2505 6.2999
v  -0.1681 6.4857 6.3651
v  -0.4718 7.1284 5.0803
v  -0.7153 6.5078 5.9157
v  -0.6464 6.9740 5.2227
v  -0.3844 6.4520 6.3085
v  -0.7281 6.4008 5.6878
v  -0.5303 6.9154 5.0889
v  -0.6530 6.2992 6.0007
v  -0.0003 6.2746 6.3616
v  -0.6930 7.0546 5.3984
v  -0.6645 6.2033 5.7963
v  -0.1609 6.2692 6.3615
v  -0.7428 6.8415 5.4818
v  -0.6180 6.1227 5.6206
v  -0.6831 6.3131 5.4968
v  0.0622 6.0675 6.2669
v  -0.5018 6.0641 5.4869
v  -0.0437 6.0862 6.3146
v  -0.7103 6.5283 5.3843
v  -0.0327 5.9268 6.1947
v  -0.5492 6.2463 5.3445
v  -0.1622 6.0839 6.3181
v  -0.6978 6.7537 5.2908
v  -0.5704 6.4588 5.2257
v  -0.0947 5.9387 6.2245
v  -0.5639 6.6870 5.1385
v  -0.1366 5.8381 6.0880
v  -0.3375 6.2417 6.3153
v  -0.1559 5.9375 6.2263
v  -0.2140 5.9254 6.2046
v  -0.2870 6.0644 6.2854
v  -0.5546 6.3865 6.1805
v  -0.2649 5.9058 6.1664
v  -0.4765 6.1882 6.2108
v  -0.3853 6.0266 6.2115
v  -0.2943 5.8797 6.1126
v  -0.3043 5.8530 6.0563
v  -0.5568 6.1169 6.0639
v  -0.4421 5.9762 6.1077
v  -0.2885 5.8284 6.0024
v  -0.5662 6.0386 5.8971
v  -0.4488 5.9208 5.9897
v  -0.2425 5.8074 5.9543
v  -0.4182 5.8732 5.8855
v  -0.5298 5.9733 5.7548
v  -0.3431 5.8369 5.8025
v  -0.4315 5.9244 5.6431
# 101 vertices

vn -0.0676 0.9951 -0.0728
vn -0.1196 0.9436 0.3089
vn 0.0608 0.9966 -0.0551
vn -0.3569 0.9004 0.2486
vn 0.1240 0.9566 0.2636
vn -0.2303 0.9688 -0.0920
vn -0.2342 0.9681 0.0892
vn 0.1435 0.9858 -0.0874
vn -0.1435 0.8281 0.5419
vn -0.5677 0.8184 0.0890
vn -0.1320 0.9289 -0.3461
vn 0.1580 0.8507 0.5013
vn -0.4247 0.7714 0.4738
vn 0.2588 0.9427 0.2104
vn -0.3347 0.9272 -0.1683
vn 0.3318 0.8338 0.4412
vn -0.6941 0.6650 0.2755
vn -0.3938 0.8757 -0.2793
vn -0.1515 0.6971 0.7008
vn -0.6909 0.7104 -0.1341
vn -0.4165 0.8138 -0.4052
vn 0.1846 0.7198 0.6692
vn -0.4598 0.6401 0.6155
vn -0.7046 0.6107 -0.3614
vn 0.3774 0.6996 0.6068
vn -0.7530 0.5252 0.3964
vn -0.3676 0.7528 -0.5460
vn -0.1609 0.5641 0.8099
vn -0.8474 0.5309 -0.0104
vn -0.6120 0.5378 -0.5798
vn 0.1917 0.5803 0.7916
vn -0.3149 0.7249 -0.6126
vn -0.4744 0.5060 0.7203
vn 0.4095 0.5514 0.7268
vn -0.5273 0.4954 -0.6903
vn -0.7813 0.3871 0.4897
vn -0.1608 0.4135 0.8962
vn -0.9223 0.3769 0.0856
vn 0.2037 0.4202 0.8843
vn -0.9590 0.2302 0.1650
vn -0.4773 0.3590 0.8021
vn 0.4186 0.4747 0.7743
vn 0.2029 0.2460 0.9478
vn 0.4240 0.3127 0.8500
vn 0.4204 0.2267 0.8786
vn -0.7873 0.2393 0.5683
vn -0.8631 0.4186 -0.2825
vn -0.4642 0.2024 0.8623
vn 0.3995 0.0382 0.9159
vn -0.7712 0.0848 0.6309
vn -0.1504 0.2510 0.9562
vn -0.9673 0.0801 0.2406
vn -0.7647 0.3257 -0.5560
vn 0.2066 0.0626 0.9764
vn -0.9962 -0.0618 -0.0610
vn 0.3656 -0.1772 0.9137
vn -0.1310 0.0829 0.9879
vn -0.6632 0.2676 -0.6989
vn -0.9489 -0.0734 0.3070
vn -0.8477 0.1323 -0.5137
vn -0.4396 0.0371 0.8974
vn -0.9757 -0.2186 0.0106
vn -0.7382 0.0648 -0.6715
vn -0.9021 -0.2261 0.3675
vn 0.1915 -0.1514 0.9697
vn -0.9466 0.2447 -0.2102
vn -0.9260 -0.3696 0.0770
vn -0.1117 -0.1223 0.9862
vn -0.9862 0.0945 -0.1358
vn -0.8258 -0.5249 -0.2065
vn -0.8810 -0.3707 -0.2940
vn 0.3046 -0.4277 0.8510
vn -0.7161 -0.5966 -0.3623
vn 0.1695 -0.4033 0.8992
vn -0.9007 -0.2083 -0.3812
vn 0.2607 -0.5688 0.7801
vn -0.7600 -0.4449 -0.4738
vn -0.0755 -0.3735 0.9245
vn -0.8921 -0.0365 -0.4503
vn -0.7772 -0.2876 -0.5597
vn 0.1168 -0.6766 0.7271
vn -0.7708 -0.1202 -0.6256
vn 0.1160 -0.8163 0.5659
vn -0.0719 -0.8669 0.4933
vn -0.3938 -0.1537 0.9063
vn -0.0439 -0.6739 0.7375
vn -0.1744 -0.7030 0.6895
vn -0.3133 -0.4052 0.8589
vn -0.7330 -0.0735 0.6762
vn -0.2789 -0.7407 0.6112
vn -0.6634 -0.2524 0.7044
vn -0.5240 -0.4866 0.6990
vn -0.3379 -0.7960 0.5022
vn -0.3607 -0.8542 0.3745
vn -0.8164 -0.3942 0.4220
vn -0.6473 -0.5952 0.4762
vn -0.3117 -0.9204 0.2361
vn -0.8313 -0.5318 0.1617
vn -0.6606 -0.7064 0.2542
vn -0.2589 -0.9507 0.1707
vn -0.5666 -0.8221 0.0559
vn -0.7312 -0.6765 -0.0875
vn -0.4815 -0.8750 -0.0497
vn -0.6294 -0.7434 -0.2263
# 104 vertex normals

vt 1.4443 0.8131 0.0000
vt 1.4717 0.7577 0.0000
vt 1.4639 0.8303 0.0000
vt 1.4355 0.7456 0.0000
vt 1.5078 0.7795 0.0000
vt 1.4219 0.8029 0.0000
vt 1.4795 0.8551 0.0000
vt 1.4902 0.7026 0.0000
vt 1.3994 0.7417 0.0000
vt 1.3984 0.8705 0.0000
vt 1.5400 0.7231 0.0000
vt 1.4443 0.6914 0.0000
vt 1.5439 0.8129 0.0000
vt 1.3994 0.7996 0.0000
vt 1.5957 0.7556 0.0000
vt 1.3994 0.6880 0.0000
vt 1.3770 0.8030 0.0000
vt 1.5039 0.6460 0.0000
vt 1.3643 0.7458 0.0000
vt 1.3564 0.8132 0.0000
vt 1.5635 0.6616 0.0000
vt 1.4502 0.6377 0.0000
vt 1.3281 0.7584 0.0000
vt 1.6328 0.6868 0.0000
vt 1.3984 0.6353 0.0000
vt 1.3369 0.8306 0.0000
vt 1.5117 0.5879 0.0000
vt 1.3545 0.6919 0.0000
vt 1.2930 0.7805 0.0000
vt 1.5781 0.5962 0.0000
vt 1.3223 0.8550 0.0000
vt 1.4531 0.5833 0.0000
vt 1.6563 0.6099 0.0000
vt 1.2578 0.8141 0.0000
vt 1.3984 0.5820 0.0000
vt 1.5146 0.5283 0.0000
vt 1.3477 0.6382 0.0000
vt 1.5820 0.5286 0.0000
vt 1.3438 0.5837 0.0000
vt 1.4541 0.5283 0.0000
vt 1.6641 0.5288 0.0000
vt 1.5771 0.4609 0.0000
vt 1.6553 0.4478 0.0000
vt 1.3975 0.5283 0.0000
vt 1.3086 0.7039 0.0000
vt 1.4521 0.4736 0.0000
vt 1.6318 0.3711 0.0000
vt 1.3975 0.4746 0.0000
vt 1.5117 0.4692 0.0000
vt 1.3418 0.5286 0.0000
vt 1.2598 0.7249 0.0000
vt 1.5635 0.3955 0.0000
vt 1.2813 0.5291 0.0000
vt 1.5947 0.3022 0.0000
vt 1.5029 0.4106 0.0000
vt 1.2061 0.7583 0.0000
vt 1.3428 0.4736 0.0000
vt 1.2344 0.6638 0.0000
vt 1.4492 0.4189 0.0000
vt 1.2832 0.4692 0.0000
vt 1.1660 0.6907 0.0000
vt 1.3457 0.4185 0.0000
vt 1.5400 0.3340 0.0000
vt 1.2939 0.6475 0.0000
vt 1.2910 0.4097 0.0000
vt 1.4902 0.3535 0.0000
vt 1.2852 0.5889 0.0000
vt 1.2295 0.3940 0.0000
vt 1.2158 0.4614 0.0000
vt 1.5449 0.2446 0.0000
vt 1.1582 0.3691 0.0000
vt 1.5078 0.2769 0.0000
vt 1.2119 0.5300 0.0000
vt 1.4824 0.2007 0.0000
vt 1.1357 0.4487 0.0000
vt 1.4707 0.2979 0.0000
vt 1.2188 0.5984 0.0000
vt 1.1299 0.5317 0.0000
vt 1.4648 0.2241 0.0000
vt 1.1396 0.6138 0.0000
vt 1.3984 0.1797 0.0000
vt 1.4424 0.3643 0.0000
vt 1.4443 0.2407 0.0000
vt 1.4219 0.2500 0.0000
vt 1.4336 0.3091 0.0000
vt 1.3975 0.4214 0.0000
vt 1.3984 0.2524 0.0000
vt 1.3975 0.3677 0.0000
vt 1.3975 0.3125 0.0000
vt 1.3750 0.2480 0.0000
vt 1.3525 0.2363 0.0000
vt 1.3516 0.3633 0.0000
vt 1.3613 0.3076 0.0000
vt 1.3330 0.2168 0.0000
vt 1.3037 0.3516 0.0000
vt 1.3242 0.2944 0.0000
vt 1.3174 0.1890 0.0000
vt 1.2861 0.2710 0.0000
vt 1.2529 0.3306 0.0000
vt 1.2480 0.2358 0.0000
vt 1.1953 0.2974 0.0000
# 101 texture coords

o Mesh_0019
g Mesh_0019
usemtl Bullsey_Material__48
s 1
f 3499/3900/3587 3500/3901/3588 3501/3902/3589 
s 2
f 3499/3900/3587 3502/3903/3590 3500/3901/3588 
s 3
f 3501/3902/3589 3500/3901/3588 3503/3904/3591 
s 4
f 3504/3905/3592 3502/3903/3590 3499/3900/3593 
s 5
f 3501/3902/3589 3503/3904/3591 3505/3906/3594 
s 6
f 3500/3901/3588 3506/3907/3595 3503/3904/3591 
s 7
f 3504/3905/3592 3507/3908/3596 3502/3903/3590 
s 8
f 3499/3900/3587 3501/3902/3589 3508/3909/3597 
s 9
f 3501/3902/3589 3505/3906/3594 3508/3909/3597 
s 10
f 3503/3904/3591 3506/3907/3595 3509/3910/3598 
s 11
f 3504/3905/3592 3499/3900/3587 3508/3909/3597 
s 12
f 3502/3903/3590 3510/3911/3599 3500/3901/3588 
s 13
f 3505/3906/3594 3503/3904/3591 3511/3912/3600 
s 14
f 3503/3904/3591 3509/3910/3598 3511/3912/3600 
s 15
f 3500/3901/3588 3510/3911/3599 3506/3907/3595 
s 16
f 3512/3913/3601 3504/3905/3592 3508/3909/3597 
s 17
f 3512/3913/3601 3507/3908/3596 3504/3905/3592 
s 18
f 3511/3912/3600 3509/3910/3598 3513/3914/3602 
s 19
f 3502/3903/3590 3514/3915/3603 3510/3911/3599 
s 20
f 3512/3913/3601 3515/3916/3604 3507/3908/3596 
s 21
f 3515/3916/3604 3512/3913/3601 3508/3909/3597 
s 22
f 3506/3907/3595 3516/3917/3605 3509/3910/3598 
s 23
f 3507/3908/3596 3514/3915/3603 3502/3903/3590 
s 24
f 3507/3908/3596 3515/3916/3604 3517/3918/3606 
s 25
f 3518/3919/3607 3515/3916/3604 3508/3909/3597 
s 26
f 3509/3910/3598 3516/3917/3605 3519/3920/3608 
s 27
f 3507/3908/3596 3517/3918/3606 3514/3915/3603 
s 28
f 3515/3916/3604 3518/3919/3607 3517/3918/3606 
s 29
f 3509/3910/3598 3519/3920/3608 3513/3914/3602 
s 30
f 3506/3907/3595 3520/3921/3609 3516/3917/3605 
s 31
f 3510/3911/3599 3520/3921/3609 3506/3907/3595 
s 32
f 3517/3918/3606 3518/3919/3607 3521/3922/3610 
s 33
f 3513/3914/3602 3519/3920/3608 3522/3923/3611 
s 34
f 3514/3915/3603 3523/3924/3612 3510/3911/3599 
s 35
f 3510/3911/3599 3523/3924/3612 3520/3921/3609 
s 36
f 3518/3919/3607 3524/3925/3613 3521/3922/3610 
s 37
f 3516/3917/3605 3525/3926/3614 3519/3920/3608 
s 38
f 3514/3915/3603 3517/3918/3606 3526/3927/3615 
s 39
f 3514/3915/3603 3526/3927/3615 3523/3924/3612 
s 40
f 3521/3922/3610 3524/3925/3613 3527/3928/3616 
s 41
f 3519/3920/3608 3525/3926/3614 3528/3929/3617 
s 42
f 3517/3918/3606 3521/3922/3610 3526/3927/3615 
s 43
f 3519/3920/3608 3528/3929/3617 3522/3923/3611 
s 44
f 3524/3925/3613 3529/3930/3618 3527/3928/3616 
s 45
f 3516/3917/3605 3530/3931/3619 3525/3926/3614 
s 46
f 3520/3921/3609 3530/3931/3619 3516/3917/3605 
s 47
f 3522/3923/3611 3528/3929/3617 3531/3932/3620 
s 48
f 3527/3928/3616 3529/3930/3618 3532/3933/3621 
s 49
f 3523/3924/3612 3533/3934/3622 3520/3921/3609 
s 50
f 3520/3921/3609 3533/3934/3622 3530/3931/3619 
s 51
f 3525/3926/3614 3534/3935/3623 3528/3929/3617 
s 52
f 3529/3930/3618 3524/3925/3613 3508/3909/3597 
s 53
f 3523/3924/3612 3535/3936/3624 3533/3934/3622 
s 54
f 3525/3926/3614 3530/3931/3619 3534/3935/3623 
s 55
f 3528/3929/3617 3534/3935/3623 3536/3937/3625 
s 56
f 3528/3929/3617 3536/3937/3625 3531/3932/3620 
s 57
f 3524/3925/3613 3518/3919/3607 3508/3909/3597 
s 58
f 3533/3934/3622 3535/3936/3624 3537/3938/3626 
s 59
f 3534/3935/3623 3530/3931/3619 3538/3939/3627 
s 60
f 3531/3932/3620 3536/3937/3625 3539/3940/3628 
s 61
f 3530/3931/3619 3533/3934/3622 3538/3939/3627 
s 62
f 3523/3924/3612 3526/3927/3615 3535/3936/3624 
s 63
f 3536/3937/3625 3534/3935/3623 3540/3941/3629 
s 64
f 3539/3940/3630 3536/3937/3625 3541/3942/3631 
s 65
f 3538/3939/3627 3533/3934/3622 3542/3943/3632 
s 66
f 3526/3927/3615 3543/3944/3633 3535/3936/3624 
s 67
f 3541/3942/3631 3536/3937/3625 3540/3941/3629 
s 68
f 3538/3939/3627 3544/3945/3634 3534/3935/3623 
s 69
f 3526/3927/3615 3521/3922/3610 3543/3944/3633 
s 70
f 3541/3942/3631 3540/3941/3629 3545/3946/3635 
s 71
f 3542/3943/3632 3546/3947/3636 3538/3939/3627 
s 72
f 3538/3939/3627 3546/3947/3636 3544/3945/3634 
s 73
f 3521/3922/3610 3527/3928/3616 3543/3944/3633 
s 74
f 3540/3941/3629 3534/3935/3623 3547/3948/3637 
s 75
f 3533/3934/3622 3548/3949/3638 3542/3943/3632 
s 76
f 3534/3935/3623 3544/3945/3634 3547/3948/3637 
s 77
f 3542/3943/3632 3548/3949/3638 3546/3947/3636 
s 78
f 3543/3944/3633 3527/3928/3616 3549/3950/3639 
s 79
f 3537/3938/3626 3548/3949/3638 3533/3934/3622 
s 80
f 3540/3941/3629 3547/3948/3637 3550/3951/3640 
s 81
f 3545/3946/3635 3540/3941/3629 3550/3951/3640 
s 82
f 3527/3928/3616 3532/3933/3621 3549/3950/3639 
s 83
f 3537/3938/3626 3551/3952/3641 3548/3949/3638 
s 84
f 3545/3946/3635 3550/3951/3640 3552/3953/3642 
s 85
f 3550/3951/3640 3547/3948/3637 3553/3954/3643 
s 86
f 3549/3950/3639 3532/3933/3621 3554/3955/3644 
s 87
f 3546/3947/3636 3548/3949/3638 3555/3956/3645 
s 88
f 3548/3949/3638 3551/3952/3641 3555/3956/3645 
s 89
f 3547/3948/3637 3544/3945/3634 3553/3954/3643 
s 90
f 3549/3950/3639 3554/3955/3644 3556/3957/3646 
s 91
f 3544/3945/3634 3546/3947/3636 3557/3958/3647 
s 92
f 3555/3956/3645 3551/3952/3641 3558/3959/3648 
s 93
f 3553/3954/3643 3544/3945/3634 3557/3958/3647 
s 94
f 3556/3957/3646 3554/3955/3644 3559/3960/3649 
s 95
f 3555/3956/3645 3560/3961/3650 3546/3947/3636 
s 96
f 3550/3951/3640 3553/3954/3643 3561/3962/3651 
s 97
f 3562/3963/3652 3549/3950/3639 3556/3957/3646 
s 98
f 3558/3959/3648 3563/3964/3653 3555/3956/3645 
s 99
f 3555/3956/3645 3563/3964/3653 3560/3961/3650 
s 100
f 3561/3962/3651 3553/3954/3643 3564/3965/3654 
s 101
f 3553/3954/3643 3557/3958/3647 3564/3965/3654 
s 102
f 3562/3963/3652 3556/3957/3646 3565/3966/3655 
s 103
f 3558/3959/3648 3566/3967/3656 3563/3964/3653 
s 104
f 3552/3953/3642 3550/3951/3640 3561/3962/3651 
s 105
f 3543/3944/3633 3549/3950/3639 3562/3963/3652 
s 106
f 3567/3968/3657 3566/3967/3656 3558/3959/3648 
s 107
f 3552/3953/3642 3561/3962/3651 3568/3969/3658 
s 108
f 3535/3936/3624 3543/3944/3633 3562/3963/3652 
s 109
f 3551/3952/3641 3567/3968/3657 3558/3959/3648 
s 110
f 3567/3968/3657 3569/3970/3659 3566/3967/3656 
s 111
f 3568/3969/3658 3561/3962/3651 3570/3971/3660 
s 112
f 3535/3936/3624 3562/3963/3652 3537/3938/3626 
s 113
f 3571/3972/3661 3567/3968/3657 3551/3952/3641 
s 114
f 3568/3969/3658 3570/3971/3660 3572/3973/3662 
s 115
f 3561/3962/3651 3564/3965/3654 3570/3971/3660 
s 116
f 3537/3938/3626 3562/3963/3652 3565/3966/3655 
s 117
f 3565/3966/3655 3551/3952/3641 3537/3938/3626 
s 118
f 3571/3972/3661 3573/3974/3663 3567/3968/3657 
s 119
f 3573/3974/3663 3569/3970/3659 3567/3968/3657 
s 120
f 3570/3971/3660 3564/3965/3654 3574/3975/3664 
s 121
f 3565/3966/3655 3575/3976/3665 3551/3952/3641 
s 122
f 3551/3952/3641 3575/3976/3665 3571/3972/3661 
s 123
f 3576/3977/3666 3573/3974/3663 3571/3972/3661 
s 124
f 3570/3971/3660 3574/3975/3664 3577/3978/3667 
s 125
f 3572/3973/3662 3570/3971/3660 3577/3978/3667 
s 126
f 3565/3966/3655 3556/3957/3646 3575/3976/3665 
s 127
f 3571/3972/3661 3578/3979/3668 3576/3977/3666 
s 128
f 3572/3973/3669 3577/3978/3667 3579/3980/3670 
s 129
f 3564/3965/3654 3580/3981/3671 3574/3975/3664 
s 130
f 3575/3976/3665 3578/3979/3668 3571/3972/3661 
s 131
f 3556/3957/3646 3559/3960/3649 3575/3976/3665 
s 132
f 3577/3978/3667 3581/3982/3672 3579/3980/3670 
s 133
f 3577/3978/3667 3574/3975/3664 3581/3982/3672 
s 134
f 3575/3976/3665 3559/3960/3649 3578/3979/3668 
s 135
f 3564/3965/3654 3557/3958/3647 3580/3981/3671 
s 136
f 3581/3982/3672 3582/3983/3673 3579/3980/3670 
s 137
f 3574/3975/3664 3580/3981/3671 3583/3984/3674 
s 138
f 3574/3975/3664 3583/3984/3674 3581/3982/3672 
s 139
f 3581/3982/3672 3583/3984/3674 3582/3983/3673 
s 140
f 3557/3958/3647 3584/3985/3675 3580/3981/3671 
s 141
f 3582/3983/3673 3585/3986/3676 3579/3980/3670 
s 142
f 3580/3981/3671 3586/3987/3677 3583/3984/3674 
s 143
f 3580/3981/3671 3584/3985/3675 3586/3987/3677 
s 144
f 3557/3958/3647 3546/3947/3636 3584/3985/3675 
s 145
f 3583/3984/3674 3587/3988/3678 3582/3983/3673 
s 146
f 3582/3983/3673 3587/3988/3678 3585/3986/3676 
s 147
f 3585/3986/3676 3588/3989/3679 3579/3980/3670 
s 148
f 3583/3984/3674 3586/3987/3677 3587/3988/3678 
s 149
f 3546/3947/3636 3560/3961/3650 3584/3985/3675 
s 150
f 3587/3988/3678 3588/3989/3679 3585/3986/3676 
s 151
f 3588/3989/3679 3589/3990/3680 3579/3980/3670 
s 152
f 3584/3985/3675 3590/3991/3681 3586/3987/3677 
s 153
f 3560/3961/3650 3590/3991/3681 3584/3985/3675 
s 154
f 3586/3987/3677 3591/3992/3682 3587/3988/3678 
s 155
f 3591/3992/3682 3588/3989/3679 3587/3988/3678 
s 156
f 3591/3992/3682 3589/3990/3680 3588/3989/3679 
s 157
f 3589/3990/3680 3592/3993/3683 3579/3980/3670 
s 158
f 3590/3991/3681 3591/3992/3682 3586/3987/3677 
s 159
f 3560/3961/3650 3593/3994/3684 3590/3991/3681 
s 160
f 3594/3995/3685 3589/3990/3680 3591/3992/3682 
s 161
f 3594/3995/3685 3592/3993/3683 3589/3990/3680 
s 162
f 3592/3993/3683 3595/3996/3686 3579/3980/3670 
s 163
f 3563/3964/3653 3593/3994/3684 3560/3961/3650 
s 164
f 3590/3991/3681 3594/3995/3685 3591/3992/3682 
s 165
f 3596/3997/3687 3592/3993/3683 3594/3995/3685 
s 166
f 3596/3997/3687 3595/3996/3686 3592/3993/3683 
s 167
f 3563/3964/3653 3597/3998/3688 3593/3994/3684 
s 168
f 3593/3994/3684 3594/3995/3685 3590/3991/3681 
s 169
f 3597/3998/3688 3596/3997/3687 3593/3994/3684 
s 170
f 3593/3994/3684 3596/3997/3687 3594/3995/3685 
s 171
f 3598/3999/3689 3595/3996/3686 3596/3997/3687 
s 172
f 3597/3998/3688 3598/3999/3689 3596/3997/3687 
s 173
f 3566/3967/3656 3597/3998/3688 3563/3964/3653 
s 174
f 3599/4000/3690 3598/3999/3689 3597/3998/3688 
s 175
f 3566/3967/3656 3599/4000/3690 3597/3998/3688 
s 176
f 3569/3970/3659 3599/4000/3690 3566/3967/3656 
# 176 faces

